Name,Sport,Date,Start time,Duration,Total distance (km),Average heart rate (bpm),Average speed (km/h),Max speed (km/h),Average pace (min/km),Max pace (min/km),Calories,Fat percentage of calories(%),Carbohydrate percentage of calories(%),Protein percentage of calories(%),Average cadence (rpm),Average stride length (cm),Running index,Training load,Ascent (m),Descent (m),Average power (W),Max power (W),Notes,Height (cm),Weight (kg),HR max,HR sit,VO2max
Александр Мартынов,RUNNING,2026-07-05,18:10:52,02:16:34,22.11,153,9.7,14.0,06:11,04:16,2052,39,57,4,80,,53,,97,80,264,424,,182.0,76.0,192,55,63
Sample rate,Time,HR (bpm),Speed (km/h),Pace (min/km),Cadence,Altitude (m),Stride length (m),Distances (m),Temperatures (C),Power (W)
1,00:00:00,126,0.0,00:00,0,88,,1.20,32.5,0
,00:00:01,127,0.0,00:00,0,88,,1.20,32.5,0
,00:00:02,128,0.0,00:00,0,88,,1.20,32.4,0
,00:00:03,128,3.5,17:03,0,88,,1.20,32.3,96
,00:00:04,129,8.2,07:18,0,88,,2.00,32.3,224
,00:00:05,130,9.8,06:06,40,87,,5.50,32.3,268
,00:00:06,130,10.4,05:45,60,87,,8.70,32.3,282
,00:00:07,130,10.6,05:38,70,87,,12.30,32.4,286
,00:00:08,130,10.8,05:32,77,87,,16.20,32.4,288
,00:00:09,131,11.1,05:25,79,87,,20.30,32.4,292
,00:00:10,131,11.2,05:21,79,87,,24.90,32.3,294
,00:00:11,132,11.2,05:21,79,87,,29.50,32.3,292
,00:00:12,132,11.0,05:27,79,87,,34.20,32.3,286
,00:00:13,132,10.9,05:30,79,87,,37.10,32.3,280
,00:00:14,133,10.9,05:30,79,87,,40.10,32.3,278
,00:00:15,133,10.9,05:30,79,86,,43.00,32.3,276
,00:00:16,133,10.9,05:30,79,86,,46.00,32.4,274
,00:00:17,133,10.9,05:29,79,86,,49.10,32.3,270
,00:00:18,134,10.9,05:29,79,86,,52.50,32.4,266
,00:00:19,134,10.9,05:29,79,85,,55.80,32.3,262
,00:00:20,134,10.9,05:29,79,85,,58.90,32.3,260
,00:00:21,135,10.9,05:29,79,85,,62.10,32.3,258
,00:00:22,135,10.8,05:32,79,85,,65.50,32.3,252
,00:00:23,135,10.5,05:44,79,85,,68.60,32.4,242
,00:00:24,136,9.9,06:04,79,85,,71.30,32.2,226
,00:00:25,136,9.3,06:27,79,85,,73.30,32.3,210
,00:00:26,136,8.2,07:20,79,85,,75.00,32.4,182
,00:00:27,136,7.5,08:01,79,85,,76.30,32.4,164
,00:00:28,136,7.8,07:42,80,85,,77.70,32.2,170
,00:00:29,136,8.2,07:17,80,85,,79.60,32.3,178
,00:00:30,136,8.6,06:58,80,85,,81.80,32.2,186
,00:00:31,136,8.8,06:48,80,85,,84.00,32.2,190
,00:00:32,135,9.1,06:36,80,85,,86.40,32.3,194
,00:00:33,136,9.4,06:23,80,85,,89.10,32.3,198
,00:00:34,135,9.6,06:14,80,85,,92.20,32.3,198
,00:00:35,135,9.8,06:06,81,85,,95.00,32.2,196
,00:00:36,135,10.0,06:00,81,85,,98.50,32.3,196
,00:00:37,135,10.1,05:56,81,82,,102.00,32.3,196
,00:00:38,135,10.2,05:52,81,82,,105.10,32.2,194
,00:00:39,135,10.3,05:49,81,82,,108.20,32.1,196
,00:00:40,135,10.4,05:46,81,82,,111.50,32.2,196
,00:00:41,135,10.5,05:44,81,82,,114.70,32.2,198
,00:00:42,135,10.5,05:42,81,82,,117.90,32.2,202
,00:00:43,135,10.6,05:40,81,81,,121.20,32.2,204
,00:00:44,136,10.6,05:38,81,81,,124.80,32.1,208
,00:00:45,136,10.7,05:36,81,81,,127.90,32.1,212
,00:00:46,136,10.8,05:35,81,81,,131.10,32.2,216
,00:00:47,135,10.8,05:33,81,81,,134.40,32.2,220
,00:00:48,136,10.8,05:32,81,81,,137.50,32.2,226
,00:00:49,136,10.9,05:31,80,81,,140.50,32.2,232
,00:00:50,135,10.9,05:30,80,81,,143.40,32.1,236
,00:00:51,136,10.9,05:30,80,81,,146.50,32.2,242
,00:00:52,136,10.9,05:30,80,81,,149.30,32.1,248
,00:00:53,136,10.9,05:31,80,81,,152.00,32.1,252
,00:00:54,136,10.9,05:31,80,81,,154.80,32.0,258
,00:00:55,136,10.9,05:31,80,81,,157.50,32.1,262
,00:00:56,136,10.8,05:32,80,81,,160.30,32.0,266
,00:00:57,136,10.8,05:32,81,81,,162.90,32.1,268
,00:00:58,136,10.8,05:33,81,81,,165.60,32.0,270
,00:00:59,136,10.8,05:34,81,81,,168.40,32.0,272
,00:01:00,136,10.8,05:34,80,81,,171.20,32.1,274
,00:01:01,136,10.8,05:35,80,81,,173.90,32.0,276
,00:01:02,136,10.7,05:35,80,81,,176.60,32.0,276
,00:01:03,136,10.7,05:37,81,81,,179.20,32.0,276
,00:01:04,135,10.7,05:38,81,81,,181.90,32.1,274
,00:01:05,136,10.6,05:38,81,81,,184.50,32.0,274
,00:01:06,136,10.6,05:39,81,81,,187.20,32.0,272
,00:01:07,136,10.6,05:40,81,80,,189.90,32.0,270
,00:01:08,136,10.6,05:41,81,80,,192.80,32.0,268
,00:01:09,136,10.5,05:42,81,80,,195.70,32.0,266
,00:01:10,136,10.6,05:41,81,80,,198.90,32.0,266
,00:01:11,136,10.6,05:39,80,80,,202.30,32.0,268
,00:01:12,135,10.6,05:39,80,80,,205.50,31.9,268
,00:01:13,136,10.6,05:39,80,80,,208.70,32.0,268
,00:01:14,135,10.6,05:40,80,80,,212.00,31.9,266
,00:01:15,135,10.6,05:41,81,80,,215.40,31.9,266
,00:01:16,135,10.6,05:41,81,80,,218.70,32.0,266
,00:01:17,134,10.5,05:41,80,80,,221.90,31.9,264
,00:01:18,134,10.5,05:41,81,80,,224.90,31.9,264
,00:01:19,134,10.5,05:42,80,80,,227.80,31.9,262
,00:01:20,134,10.5,05:43,80,80,,230.60,31.9,260
,00:01:21,133,10.5,05:44,80,79,,233.40,31.9,258
,00:01:22,133,10.4,05:45,81,79,,236.80,31.8,256
,00:01:23,133,10.4,05:45,81,79,,239.70,31.9,256
,00:01:24,132,10.4,05:46,81,79,,242.30,31.9,254
,00:01:25,132,10.4,05:46,81,79,,244.80,31.8,252
,00:01:26,132,10.4,05:47,80,79,,247.60,31.8,252
,00:01:27,131,10.4,05:47,81,79,,250.30,31.8,252
,00:01:28,130,10.4,05:47,81,79,,252.90,32.0,252
,00:01:29,130,10.4,05:48,80,79,,255.40,31.8,252
,00:01:30,130,10.4,05:48,81,79,,258.30,31.8,252
,00:01:31,130,10.3,05:48,80,79,,260.40,31.8,252
,00:01:32,130,10.3,05:48,80,78,,263.10,31.8,254
,00:01:33,131,10.3,05:48,80,78,,266.00,31.8,254
,00:01:34,131,10.3,05:48,80,78,,269.10,31.9,254
,00:01:35,131,10.3,05:48,80,78,,271.90,31.9,254
,00:01:36,132,10.3,05:48,80,78,,274.80,31.9,254
,00:01:37,132,10.3,05:48,80,78,,277.90,31.8,252
,00:01:38,131,10.3,05:48,80,78,,281.00,31.8,252
,00:01:39,131,10.3,05:48,80,78,,283.90,31.8,252
,00:01:40,131,10.3,05:48,80,78,,287.00,31.9,250
,00:01:41,131,10.3,05:48,80,78,,289.80,31.7,250
,00:01:42,131,10.3,05:49,80,78,,292.60,31.7,250
,00:01:43,131,10.3,05:49,81,78,,295.20,31.7,248
,00:01:44,131,10.3,05:50,81,78,,298.00,31.8,246
,00:01:45,131,10.3,05:51,81,78,,300.60,31.8,244
,00:01:46,131,10.3,05:51,81,78,,302.90,31.8,244
,00:01:47,131,10.2,05:52,81,78,,305.30,31.8,244
,00:01:48,131,10.2,05:52,81,78,,307.80,31.8,244
,00:01:49,131,10.2,05:52,81,77,,310.40,31.7,244
,00:01:50,131,10.2,05:52,81,77,,313.20,31.7,246
,00:01:51,131,10.2,05:52,81,77,,316.10,31.6,248
,00:01:52,132,10.2,05:52,81,77,,319.40,31.7,252
,00:01:53,132,10.2,05:52,81,77,,322.50,31.7,256
,00:01:54,132,10.3,05:51,80,77,,325.70,31.7,260
,00:01:55,132,10.3,05:51,80,77,,329.20,31.6,264
,00:01:56,132,10.3,05:50,80,77,,332.70,31.7,268
,00:01:57,133,10.3,05:51,80,77,,335.90,31.6,272
,00:01:58,133,10.3,05:51,81,77,,339.10,31.6,276
,00:01:59,133,10.3,05:51,81,77,,342.30,31.6,280
,00:02:00,133,10.3,05:51,81,77,,345.20,31.6,284
,00:02:01,133,10.3,05:50,81,77,,348.20,31.7,286
,00:02:02,133,10.3,05:50,81,77,,351.20,31.6,288
,00:02:03,134,10.3,05:50,80,77,,354.20,31.7,288
,00:02:04,134,10.3,05:49,81,77,,357.40,31.7,290
,00:02:05,134,10.3,05:49,81,77,,360.60,31.6,290
,00:02:06,134,10.4,05:48,81,77,,363.60,31.6,290
,00:02:07,134,10.4,05:46,81,77,,366.80,31.6,292
,00:02:08,135,10.5,05:43,80,77,,370.20,31.6,292
,00:02:09,135,10.7,05:38,80,77,,373.80,31.5,296
,00:02:10,135,10.9,05:31,80,77,,377.00,31.6,300
,00:02:11,135,10.9,05:30,80,77,,380.70,31.6,300
,00:02:12,135,10.9,05:32,80,77,,384.20,31.6,296
,00:02:13,135,10.8,05:33,80,77,,387.30,31.6,294
,00:02:14,135,10.8,05:34,80,77,,390.50,31.6,290
,00:02:15,135,10.7,05:35,81,77,,393.80,31.6,288
,00:02:16,135,10.7,05:36,80,77,,396.80,31.5,286
,00:02:17,134,10.7,05:37,81,77,,399.70,31.5,282
,00:02:18,134,10.6,05:38,81,77,,402.40,31.5,280
,00:02:19,134,10.6,05:39,81,77,,405.20,31.6,278
,00:02:20,134,10.6,05:40,81,77,,407.80,31.5,274
,00:02:21,135,10.6,05:41,81,77,,410.40,31.5,272
,00:02:22,135,10.6,05:41,81,77,,413.70,31.6,270
,00:02:23,135,10.6,05:40,81,77,,416.70,31.5,268
,00:02:24,135,10.6,05:39,81,77,,419.60,31.5,266
,00:02:25,135,10.6,05:39,81,77,,423.00,31.6,262
,00:02:26,135,10.6,05:39,81,77,,425.90,31.5,260
,00:02:27,135,10.6,05:39,81,76,,429.20,31.5,258
,00:02:28,134,10.6,05:39,81,76,,432.50,31.5,258
,00:02:29,134,10.6,05:39,81,76,,435.50,31.5,258
,00:02:30,134,10.6,05:38,80,76,,438.70,31.5,258
,00:02:31,134,10.6,05:38,81,76,,441.40,31.5,258
,00:02:32,134,10.6,05:38,81,76,,444.60,31.5,260
,00:02:33,134,10.6,05:38,81,76,,447.70,31.6,262
,00:02:34,134,10.6,05:38,81,76,,450.50,31.5,262
,00:02:35,134,10.6,05:38,81,76,,453.50,31.4,264
,00:02:36,135,10.6,05:38,81,76,,456.30,31.4,266
,00:02:37,135,10.6,05:38,81,76,,459.20,31.4,266
,00:02:38,135,10.6,05:38,81,76,,462.10,31.5,268
,00:02:39,135,10.7,05:38,81,76,,464.90,31.5,268
,00:02:40,135,10.7,05:38,81,76,,467.60,31.4,270
,00:02:41,135,10.7,05:38,81,76,,470.30,31.4,270
,00:02:42,135,10.7,05:38,81,76,,472.90,31.5,272
,00:02:43,134,10.7,05:38,81,76,,475.50,31.5,274
,00:02:44,135,10.7,05:38,81,76,,478.50,31.5,276
,00:02:45,134,10.7,05:38,81,76,,481.30,31.4,278
,00:02:46,135,10.7,05:37,81,76,,484.20,31.5,282
,00:02:47,135,10.7,05:37,81,76,,487.10,31.4,284
,00:02:48,135,10.7,05:37,81,76,,490.30,31.4,288
,00:02:49,135,10.7,05:37,81,76,,493.50,31.3,292
,00:02:50,135,10.7,05:36,81,76,,496.70,31.4,294
,00:02:51,135,10.7,05:36,81,76,,499.90,31.3,298
,00:02:52,136,10.7,05:36,81,76,,503.20,31.3,300
,00:02:53,136,10.7,05:36,81,76,,506.20,31.3,302
,00:02:54,137,10.7,05:36,80,76,,509.50,31.4,304
,00:02:55,137,10.7,05:36,81,76,,512.60,31.3,306
,00:02:56,137,10.7,05:36,81,76,,515.70,31.3,306
,00:02:57,137,10.7,05:36,81,76,,518.70,31.4,306
,00:02:58,138,10.7,05:36,81,76,,521.60,31.3,304
,00:02:59,137,10.7,05:36,81,76,,524.30,31.3,304
,00:03:00,138,10.7,05:36,81,76,,527.40,31.4,302
,00:03:01,138,10.7,05:36,81,76,,530.10,31.3,302
,00:03:02,138,10.7,05:36,81,76,,533.00,31.2,302
,00:03:03,139,10.7,05:36,81,76,,535.80,31.3,302
,00:03:04,139,10.7,05:36,81,76,,538.80,31.2,302
,00:03:05,140,10.7,05:36,81,76,,541.70,31.2,302
,00:03:06,140,10.7,05:36,81,76,,544.60,31.1,302
,00:03:07,140,10.7,05:36,81,76,,547.60,31.3,302
,00:03:08,140,10.7,05:36,81,76,,550.80,31.3,300
,00:03:09,141,10.7,05:36,81,76,,554.00,31.2,298
,00:03:10,140,10.7,05:36,81,76,,557.00,31.1,298
,00:03:11,140,10.7,05:36,81,76,,560.10,31.3,296
,00:03:12,141,10.7,05:36,81,76,,563.00,31.2,296
,00:03:13,141,10.7,05:36,81,76,,566.00,31.1,296
,00:03:14,141,10.7,05:36,81,76,,568.90,31.2,298
,00:03:15,141,10.7,05:36,81,76,,571.90,31.1,298
,00:03:16,141,10.7,05:36,81,76,,574.80,31.1,300
,00:03:17,141,10.7,05:36,81,76,,577.80,31.2,300
,00:03:18,141,10.7,05:36,81,76,,580.50,31.1,300
,00:03:19,141,10.7,05:36,81,76,,583.60,31.3,300
,00:03:20,141,10.7,05:36,81,76,,586.70,31.1,300
,00:03:21,141,10.7,05:36,81,76,,589.70,31.1,302
,00:03:22,140,10.7,05:36,81,76,,592.80,31.2,302
,00:03:23,140,10.7,05:36,81,76,,595.80,31.2,302
,00:03:24,141,10.7,05:36,81,76,,598.70,31.1,302
,00:03:25,140,10.7,05:36,81,76,,601.70,31.1,300
,00:03:26,140,10.7,05:36,81,76,,604.60,31.1,300
,00:03:27,140,10.7,05:36,80,76,,607.60,31.1,300
,00:03:28,139,10.7,05:36,81,76,,610.50,31.1,298
,00:03:29,139,10.7,05:36,81,76,,613.50,31.1,296
,00:03:30,139,10.7,05:36,81,76,,616.30,31.1,296
,00:03:31,139,10.7,05:36,81,76,,619.20,31.1,294
,00:03:32,139,10.7,05:36,81,76,,622.30,31.1,292
,00:03:33,139,10.7,05:36,81,76,,625.40,31.0,290
,00:03:34,139,10.7,05:36,81,76,,628.40,31.1,288
,00:03:35,139,10.7,05:36,81,76,,631.40,31.1,286
,00:03:36,139,10.7,05:36,81,76,,634.60,31.0,286
,00:03:37,139,10.7,05:36,81,76,,637.50,31.1,286
,00:03:38,139,10.7,05:36,81,76,,640.50,31.0,286
,00:03:39,139,10.7,05:36,81,76,,643.60,31.0,286
,00:03:40,139,10.7,05:36,81,76,,646.50,30.9,286
,00:03:41,139,10.7,05:36,81,76,,649.30,31.0,288
,00:03:42,140,10.7,05:36,81,76,,652.30,31.0,288
,00:03:43,140,10.7,05:36,81,76,,655.40,31.0,288
,00:03:44,139,10.7,05:36,81,76,,658.50,31.0,288
,00:03:45,139,10.7,05:36,81,76,,661.40,30.9,286
,00:03:46,139,10.7,05:36,81,76,,664.40,30.9,286
,00:03:47,139,10.7,05:36,81,76,,667.40,31.0,284
,00:03:48,139,10.7,05:36,81,76,,670.40,30.9,282
,00:03:49,138,10.7,05:36,81,76,,673.40,31.0,282
,00:03:50,138,10.7,05:36,81,76,,676.60,31.0,280
,00:03:51,138,10.7,05:36,81,76,,679.50,30.9,280
,00:03:52,138,10.7,05:36,81,76,,682.60,31.0,280
,00:03:53,138,10.7,05:36,81,76,,685.50,30.9,280
,00:03:54,138,10.7,05:36,81,76,,688.70,31.0,278
,00:03:55,139,10.7,05:36,81,76,,691.80,30.9,278
,00:03:56,139,10.7,05:36,81,76,,694.90,30.9,276
,00:03:57,139,10.7,05:36,81,76,,698.00,30.9,276
,00:03:58,139,10.7,05:36,81,76,,701.00,30.8,274
,00:03:59,139,10.7,05:36,81,76,,703.80,30.9,274
,00:04:00,139,10.7,05:36,81,76,,706.80,31.0,274
,00:04:01,139,10.7,05:36,81,75,,709.70,30.9,272
,00:04:02,139,10.7,05:36,81,75,,712.60,30.9,272
,00:04:03,139,10.7,05:36,81,75,,715.70,30.9,272
,00:04:04,139,10.7,05:36,81,75,,718.80,31.0,270
,00:04:05,139,10.7,05:36,81,75,,721.90,30.9,268
,00:04:06,139,10.7,05:36,81,75,,725.10,30.9,266
,00:04:07,139,10.7,05:36,81,75,,728.40,30.8,266
,00:04:08,139,10.7,05:36,81,75,,731.80,30.9,264
,00:04:09,138,10.7,05:36,81,75,,735.20,30.9,264
,00:04:10,139,10.7,05:36,81,75,,738.40,30.9,262
,00:04:11,138,10.7,05:36,81,75,,741.70,30.8,262
,00:04:12,138,10.7,05:36,81,75,,744.90,30.9,260
,00:04:13,138,10.7,05:36,81,75,,748.10,30.9,260
,00:04:14,139,10.7,05:36,81,75,,751.40,30.7,260
,00:04:15,139,10.7,05:36,81,75,,754.60,30.9,260
,00:04:16,139,10.7,05:36,81,75,,757.80,30.9,260
,00:04:17,139,10.7,05:35,81,75,,760.90,30.8,262
,00:04:18,140,10.7,05:35,81,75,,764.00,30.8,262
,00:04:19,140,10.7,05:35,82,75,,767.20,30.9,264
,00:04:20,140,10.7,05:35,83,75,,770.40,30.8,266
,00:04:21,141,10.7,05:35,82,75,,773.60,30.8,268
,00:04:22,141,10.8,05:35,82,75,,776.80,30.8,270
,00:04:23,141,10.8,05:35,82,75,,779.80,30.8,272
,00:04:24,142,10.8,05:33,82,75,,783.10,30.8,274
,00:04:25,142,10.8,05:32,82,75,,786.10,30.8,276
,00:04:26,142,10.9,05:31,82,75,,789.50,30.8,278
,00:04:27,142,10.9,05:30,82,75,,792.50,30.8,280
,00:04:28,142,10.9,05:29,82,75,,795.60,30.8,282
,00:04:29,142,10.9,05:29,82,75,,798.60,30.8,284
,00:04:30,142,11.0,05:28,82,75,,801.60,30.8,286
,00:04:31,142,11.0,05:28,82,75,,804.50,30.8,288
,00:04:32,142,11.0,05:28,82,75,,807.60,30.8,290
,00:04:33,142,11.0,05:28,82,75,,810.40,30.8,292
,00:04:34,142,11.0,05:27,82,75,,813.40,30.8,292
,00:04:35,142,11.0,05:27,82,74,,816.30,30.8,292
,00:04:36,142,11.0,05:27,82,74,,819.30,30.8,294
,00:04:37,142,11.0,05:27,82,74,,822.30,30.8,294
,00:04:38,142,11.0,05:27,82,74,,825.20,30.8,294
,00:04:39,142,11.0,05:26,82,74,,828.30,30.8,294
,00:04:40,142,11.0,05:26,82,74,,831.50,30.8,294
,00:04:41,143,11.1,05:25,82,74,,834.80,30.7,294
,00:04:42,143,11.1,05:24,82,74,,838.10,30.8,296
,00:04:43,143,11.2,05:22,82,74,,841.20,30.8,296
,00:04:44,143,11.2,05:21,82,74,,844.50,30.8,298
,00:04:45,143,11.2,05:21,82,74,,847.80,30.7,298
,00:04:46,143,11.3,05:20,82,74,,851.00,30.8,300
,00:04:47,143,11.3,05:19,82,74,,854.30,30.7,300
,00:04:48,143,11.3,05:19,82,74,,857.60,30.7,300
,00:04:49,143,11.3,05:19,82,74,,860.70,30.7,300
,00:04:50,143,11.3,05:18,82,74,,863.90,30.6,300
,00:04:51,142,11.3,05:18,82,74,,867.10,30.7,302
,00:04:52,143,11.3,05:18,82,74,,870.30,30.7,302
,00:04:53,143,11.3,05:18,82,74,,873.50,30.7,302
,00:04:54,143,11.3,05:17,82,74,,876.60,30.7,304
,00:04:55,143,11.3,05:17,82,74,,879.80,30.7,304
,00:04:56,143,11.3,05:17,82,74,,883.20,30.7,304
,00:04:57,143,11.3,05:17,82,74,,886.30,30.8,304
,00:04:58,143,11.4,05:17,82,74,,889.80,30.7,304
,00:04:59,143,11.4,05:17,82,74,,893.10,30.7,304
,00:05:00,143,11.4,05:17,83,74,,896.30,30.7,302
,00:05:01,143,11.4,05:17,82,74,,899.60,30.7,302
,00:05:02,143,11.4,05:17,83,74,,902.80,30.7,302
,00:05:03,143,11.4,05:17,83,74,,906.00,30.6,300
,00:05:04,142,11.4,05:17,82,74,,909.40,30.6,300
,00:05:05,142,11.4,05:17,82,74,,912.40,30.6,300
,00:05:06,142,11.4,05:17,82,74,,915.70,30.6,300
,00:05:07,142,11.4,05:17,82,74,,918.70,30.6,300
,00:05:08,142,11.4,05:17,82,74,,921.90,30.6,298
,00:05:09,142,11.4,05:17,82,73,,925.00,30.7,298
,00:05:10,142,11.4,05:17,82,73,,928.20,30.6,296
,00:05:11,142,11.4,05:17,82,73,,931.40,30.6,296
,00:05:12,142,11.4,05:17,82,73,,934.50,30.6,296
,00:05:13,142,11.4,05:17,82,73,,937.70,30.6,296
,00:05:14,142,11.4,05:17,82,73,,941.10,30.6,296
,00:05:15,142,11.4,05:17,82,73,,944.20,30.6,294
,00:05:16,142,11.4,05:17,82,73,,947.60,30.6,294
,00:05:17,143,11.4,05:17,83,73,,950.80,30.5,294
,00:05:18,143,11.4,05:17,82,73,,954.20,30.6,294
,00:05:19,143,11.4,05:17,82,73,,957.50,30.6,292
,00:05:20,143,11.4,05:17,82,73,,960.80,30.6,292
,00:05:21,143,11.4,05:17,82,73,,964.20,30.6,290
,00:05:22,143,11.4,05:17,82,73,,967.40,30.6,290
,00:05:23,143,11.4,05:17,82,73,,970.60,30.6,288
,00:05:24,144,11.4,05:17,82,73,,974.00,30.6,286
,00:05:25,144,11.4,05:17,82,72,,977.10,30.6,286
,00:05:26,144,11.4,05:17,82,72,,980.30,30.6,284
,00:05:27,144,11.4,05:17,82,72,,983.50,30.6,284
,00:05:28,144,11.4,05:17,82,72,,986.50,30.6,284
,00:05:29,144,11.4,05:17,83,72,,989.50,30.6,284
,00:05:30,144,11.4,05:17,83,72,,992.50,30.5,282
,00:05:31,144,11.4,05:17,82,72,,995.60,30.6,282
,00:05:32,144,11.4,05:17,82,72,,998.70,30.5,284
,00:05:33,144,11.4,05:17,82,72,,1001.90,30.5,284
,00:05:34,144,11.4,05:17,82,72,,1005.20,30.6,282
,00:05:35,144,11.4,05:17,82,72,,1008.60,30.6,282
,00:05:36,144,11.4,05:17,82,72,,1012.00,30.6,284
,00:05:37,144,11.4,05:17,82,72,,1015.50,30.5,284
,00:05:38,144,11.4,05:17,82,72,,1018.80,30.5,284
,00:05:39,144,11.4,05:17,82,72,,1022.10,30.5,286
,00:05:40,144,11.4,05:17,82,72,,1025.30,30.5,286
,00:05:41,144,11.4,05:17,82,72,,1028.50,30.4,286
,00:05:42,144,11.4,05:17,82,72,,1031.60,30.4,288
,00:05:43,144,11.4,05:17,81,72,,1034.60,30.5,286
,00:05:44,145,11.4,05:17,80,72,,1037.60,30.5,286
,00:05:45,145,11.4,05:17,81,72,,1040.50,30.5,284
,00:05:46,145,11.4,05:17,81,72,,1043.30,30.5,284
,00:05:47,145,11.3,05:18,81,72,,1046.10,30.5,282
,00:05:48,145,11.2,05:20,81,72,,1049.00,30.4,278
,00:05:49,145,11.2,05:23,81,71,,1051.80,30.5,276
,00:05:50,145,11.1,05:25,81,71,,1054.50,30.4,274
,00:05:51,146,11.0,05:26,81,71,,1057.30,30.5,272
,00:05:52,145,11.0,05:26,81,71,,1060.10,30.5,272
,00:05:53,145,11.1,05:24,81,71,,1062.80,30.6,272
,00:05:54,145,11.2,05:23,81,71,,1065.70,30.6,274
,00:05:55,145,11.2,05:22,80,71,,1068.80,30.4,276
,00:05:56,144,11.2,05:21,80,71,,1071.80,30.4,276
,00:05:57,144,11.2,05:20,81,71,,1074.70,30.6,278
,00:05:58,143,11.3,05:19,81,71,,1077.80,30.5,278
,00:05:59,143,11.3,05:19,81,70,,1080.80,30.6,278
,00:06:00,143,11.3,05:19,81,70,,1083.90,30.6,280
,00:06:01,143,11.3,05:18,81,70,,1087.10,30.5,280
,00:06:02,142,11.3,05:18,81,70,,1090.30,30.6,280
,00:06:03,142,11.3,05:18,81,70,,1093.30,30.6,280
,00:06:04,142,11.3,05:18,81,70,,1096.40,30.4,280
,00:06:05,142,11.3,05:18,80,70,,1099.30,30.6,280
,00:06:06,141,11.3,05:18,81,70,,1102.50,30.4,282
,00:06:07,141,11.3,05:18,81,70,,1105.50,30.4,282
,00:06:08,142,11.3,05:18,81,70,,1108.70,30.6,284
,00:06:09,141,11.3,05:17,81,70,,1111.70,30.4,284
,00:06:10,142,11.3,05:18,81,70,,1114.60,30.5,284
,00:06:11,142,11.3,05:19,81,70,,1117.50,30.4,284
,00:06:12,142,11.2,05:21,82,70,,1120.40,30.5,284
,00:06:13,141,11.2,05:22,82,70,,1123.30,30.5,286
,00:06:14,142,11.2,05:22,82,70,,1126.30,30.5,286
,00:06:15,141,11.1,05:23,82,70,,1129.30,30.4,286
,00:06:16,141,11.1,05:24,82,70,,1132.20,30.4,286
,00:06:17,142,11.1,05:24,82,70,,1135.10,30.5,288
,00:06:18,141,11.1,05:25,82,70,,1138.10,30.4,286
,00:06:19,142,11.0,05:27,82,70,,1140.90,30.4,286
,00:06:20,142,10.9,05:29,82,70,,1144.10,30.5,286
,00:06:21,142,10.9,05:30,82,69,,1147.00,30.4,284
,00:06:22,142,10.9,05:31,82,69,,1150.10,30.4,284
,00:06:23,142,10.8,05:32,82,69,,1153.00,30.4,282
,00:06:24,142,10.8,05:33,82,69,,1156.00,30.4,282
,00:06:25,142,10.8,05:34,82,69,,1159.00,30.4,282
,00:06:26,142,10.8,05:34,81,69,,1162.20,30.4,280
,00:06:27,142,10.8,05:34,81,69,,1165.40,30.4,280
,00:06:28,142,10.8,05:35,80,69,,1168.70,30.4,280
,00:06:29,143,10.8,05:35,81,69,,1171.60,30.4,282
,00:06:30,143,10.7,05:35,81,69,,1174.80,30.4,284
,00:06:31,143,10.7,05:35,81,69,,1177.90,30.3,286
,00:06:32,144,10.7,05:36,81,69,,1181.10,30.4,290
,00:06:33,143,10.7,05:36,81,69,,1184.40,30.4,292
,00:06:34,143,10.7,05:36,81,69,,1187.50,30.4,296
,00:06:35,143,10.7,05:36,81,69,,1190.60,30.3,298
,00:06:36,143,10.7,05:36,81,69,,1193.80,30.4,298
,00:06:37,143,10.7,05:36,81,69,,1196.80,30.3,300
,00:06:38,143,10.7,05:36,81,69,,1199.90,30.4,300
,00:06:39,143,10.7,05:36,81,69,,1203.20,30.4,300
,00:06:40,143,10.7,05:35,81,69,,1206.60,30.4,300
,00:06:41,143,10.8,05:35,81,69,,1209.90,30.3,300
,00:06:42,143,10.8,05:35,81,69,,1213.10,30.4,298
,00:06:43,143,10.7,05:35,81,69,,1216.30,30.3,298
,00:06:44,143,10.7,05:35,81,69,,1219.50,30.3,296
,00:06:45,143,10.7,05:36,81,69,,1222.70,30.3,296
,00:06:46,144,10.7,05:36,81,69,,1225.90,30.3,296
,00:06:47,143,10.7,05:36,81,69,,1229.00,30.3,296
,00:06:48,143,10.7,05:36,81,69,,1232.10,30.3,294
,00:06:49,143,10.7,05:36,81,69,,1235.20,30.3,294
,00:06:50,143,10.7,05:35,81,69,,1238.20,30.3,296
,00:06:51,143,10.8,05:33,81,69,,1241.30,30.3,296
,00:06:52,144,10.8,05:32,81,69,,1244.30,30.2,298
,00:06:53,144,10.9,05:31,81,69,,1247.40,30.3,298
,00:06:54,144,10.9,05:30,81,69,,1250.60,30.2,300
,00:06:55,144,10.9,05:29,81,69,,1253.60,30.3,302
,00:06:56,144,10.9,05:29,81,69,,1256.70,30.3,304
,00:06:57,144,11.0,05:28,81,69,,1259.80,30.3,304
,00:06:58,144,11.0,05:28,81,69,,1262.70,30.1,306
,00:06:59,144,11.0,05:28,81,69,,1265.70,30.3,306
,00:07:00,145,11.0,05:28,81,69,,1268.60,30.2,308
,00:07:01,144,11.0,05:27,81,69,,1271.70,30.3,310
,00:07:02,144,11.0,05:27,81,69,,1274.70,30.1,312
,00:07:03,144,11.0,05:27,81,69,,1277.70,30.2,312
,00:07:04,144,11.0,05:27,81,69,,1280.90,30.3,312
,00:07:05,144,11.0,05:27,83,69,,1283.90,30.3,312
,00:07:06,144,11.0,05:27,83,69,,1286.80,30.2,312
,00:07:07,144,11.0,05:27,83,69,,1289.90,30.2,312
,00:07:08,145,11.0,05:27,82,69,,1293.10,30.1,312
,00:07:09,145,11.0,05:27,82,69,,1296.30,30.3,312
,00:07:10,145,11.0,05:27,83,69,,1299.40,30.3,312
,00:07:11,145,11.0,05:27,82,70,,1302.60,30.2,312
,00:07:12,146,11.0,05:27,82,70,,1305.70,30.1,312
,00:07:13,146,11.0,05:27,82,70,,1308.70,30.2,312
,00:07:14,146,11.0,05:27,82,70,,1311.90,30.2,310
,00:07:15,146,11.0,05:27,82,70,,1315.10,30.2,310
,00:07:16,145,11.0,05:27,82,70,,1318.30,30.3,308
,00:07:17,145,11.0,05:26,82,70,,1321.30,30.2,306
,00:07:18,145,11.0,05:26,82,70,,1324.30,30.3,306
,00:07:19,145,11.0,05:26,82,70,,1327.10,30.2,304
,00:07:20,145,11.0,05:26,82,70,,1330.20,30.1,302
,00:07:21,145,11.0,05:26,82,70,,1333.50,30.2,302
,00:07:22,145,11.0,05:26,82,70,,1336.70,30.1,300
,00:07:23,145,11.0,05:26,82,70,,1339.80,30.2,300
,00:07:24,145,11.0,05:26,82,70,,1343.00,30.1,298
,00:07:25,145,11.1,05:25,82,70,,1346.10,30.1,298
,00:07:26,145,11.1,05:23,82,70,,1349.40,30.1,298
,00:07:27,145,11.2,05:22,82,70,,1352.70,30.0,298
,00:07:28,145,11.2,05:22,82,70,,1356.00,30.2,298
,00:07:29,145,11.2,05:22,82,70,,1359.10,30.1,296
,00:07:30,145,11.2,05:23,82,70,,1362.00,30.1,296
,00:07:31,145,11.2,05:23,82,70,,1365.00,30.1,296
,00:07:32,145,11.1,05:23,82,70,,1368.10,30.1,296
,00:07:33,145,11.1,05:23,82,70,,1371.00,30.1,294
,00:07:34,145,11.1,05:23,82,70,,1374.20,30.1,294
,00:07:35,145,11.1,05:23,82,70,,1377.30,30.1,294
,00:07:36,145,11.1,05:23,83,70,,1380.40,30.1,294
,00:07:37,145,11.1,05:24,82,70,,1383.50,30.0,294
,00:07:38,145,11.1,05:24,82,70,,1386.70,30.1,296
,00:07:39,145,11.1,05:24,82,70,,1390.00,30.1,296
,00:07:40,145,11.1,05:24,82,70,,1393.30,30.1,298
,00:07:41,145,11.1,05:24,82,70,,1396.40,30.1,298
,00:07:42,145,11.1,05:24,82,70,,1399.80,30.1,300
,00:07:43,145,11.1,05:24,82,70,,1402.90,30.1,302
,00:07:44,146,11.1,05:24,82,70,,1406.20,30.0,302
,00:07:45,145,11.1,05:24,82,70,,1409.40,30.1,304
,00:07:46,145,11.1,05:23,82,70,,1412.80,30.0,306
,00:07:47,145,11.2,05:22,82,70,,1416.00,30.2,308
,00:07:48,145,11.2,05:21,82,70,,1419.20,30.1,310
,00:07:49,145,11.2,05:20,82,70,,1422.40,30.1,312
,00:07:50,145,11.3,05:20,82,70,,1425.60,30.1,312
,00:07:51,145,11.3,05:19,82,70,,1428.70,30.1,312
,00:07:52,145,11.3,05:19,82,70,,1431.90,30.0,312
,00:07:53,145,11.3,05:19,82,70,,1435.00,30.1,312
,00:07:54,145,11.3,05:18,82,70,,1438.10,30.0,312
,00:07:55,145,11.3,05:18,82,70,,1441.10,30.1,312
,00:07:56,145,11.3,05:18,82,70,,1444.30,30.0,312
,00:07:57,145,11.3,05:18,82,70,,1447.40,30.0,314
,00:07:58,145,11.3,05:18,82,70,,1450.30,30.0,312
,00:07:59,145,11.3,05:18,82,70,,1453.50,30.1,312
,00:08:00,145,11.3,05:18,82,70,,1456.60,30.0,310
,00:08:01,145,11.3,05:18,82,70,,1459.60,30.0,310
,00:08:02,145,11.3,05:17,82,70,,1462.60,30.1,308
,00:08:03,145,11.3,05:17,82,70,,1465.90,30.1,306
,00:08:04,145,11.3,05:17,82,70,,1469.00,30.0,304
,00:08:05,145,11.3,05:17,82,69,,1472.00,30.0,302
,00:08:06,145,11.3,05:17,82,69,,1475.10,30.0,302
,00:08:07,146,11.3,05:17,82,69,,1478.20,30.1,300
,00:08:08,145,11.3,05:17,82,69,,1481.40,30.0,300
,00:08:09,146,11.3,05:17,82,69,,1484.40,30.0,300
,00:08:10,146,11.3,05:17,83,69,,1487.70,30.1,298
,00:08:11,146,11.3,05:17,82,69,,1490.70,30.0,298
,00:08:12,146,11.3,05:17,83,69,,1493.80,30.0,300
,00:08:13,146,11.3,05:17,82,69,,1496.90,30.1,300
,00:08:14,146,11.3,05:17,82,69,,1500.10,30.0,300
,00:08:15,146,11.3,05:17,82,69,,1503.20,30.0,300
,00:08:16,146,11.3,05:17,82,69,,1506.40,29.9,300
,00:08:17,146,11.4,05:17,82,69,,1509.60,30.0,298
,00:08:18,146,11.4,05:17,82,69,,1512.90,30.0,298
,00:08:19,146,11.4,05:17,82,69,,1516.00,29.9,298
,00:08:20,146,11.4,05:17,82,69,,1519.20,30.0,298
,00:08:21,146,11.4,05:17,82,69,,1522.40,30.0,298
,00:08:22,146,11.4,05:17,82,69,,1525.60,29.9,298
,00:08:23,146,11.4,05:17,82,69,,1528.80,30.0,298
,00:08:24,146,11.4,05:17,82,69,,1531.70,29.9,298
,00:08:25,146,11.4,05:17,82,69,,1534.70,30.1,296
,00:08:26,146,11.4,05:17,82,69,,1537.60,30.0,296
,00:08:27,146,11.4,05:17,82,69,,1540.60,30.1,296
,00:08:28,146,11.4,05:17,82,69,,1543.60,29.9,298
,00:08:29,146,11.4,05:17,82,69,,1546.70,30.0,298
,00:08:30,146,11.4,05:17,82,69,,1549.70,30.0,298
,00:08:31,146,11.4,05:17,82,69,,1552.70,29.9,298
,00:08:32,146,11.4,05:17,82,69,,1555.70,30.1,298
,00:08:33,146,11.4,05:17,82,69,,1558.80,29.9,296
,00:08:34,147,11.4,05:17,82,69,,1561.90,30.1,296
,00:08:35,147,11.4,05:17,83,69,,1565.00,30.0,296
,00:08:36,146,11.4,05:17,83,69,,1568.10,30.1,296
,00:08:37,147,11.4,05:17,83,69,,1571.00,29.9,296
,00:08:38,147,11.4,05:17,82,69,,1574.30,29.9,296
,00:08:39,147,11.3,05:18,82,69,,1577.40,29.9,296
,00:08:40,147,11.3,05:19,82,69,,1580.40,30.1,296
,00:08:41,147,11.3,05:20,82,69,,1583.40,29.9,294
,00:08:42,147,11.2,05:21,83,69,,1586.40,30.0,294
,00:08:43,147,11.2,05:21,83,69,,1589.40,30.0,294
,00:08:44,147,11.2,05:22,83,69,,1592.50,29.9,294
,00:08:45,147,11.2,05:23,83,69,,1595.40,30.0,296
,00:08:46,147,11.1,05:23,83,69,,1598.40,30.0,296
,00:08:47,147,11.1,05:24,82,69,,1601.40,29.9,298
,00:08:48,147,11.1,05:24,83,69,,1604.60,29.9,298
,00:08:49,147,11.1,05:24,82,69,,1607.50,29.9,300
,00:08:50,147,11.1,05:24,82,69,,1610.70,29.9,300
,00:08:51,147,11.1,05:25,82,69,,1613.90,29.9,300
,00:08:52,147,11.1,05:25,82,69,,1617.10,29.9,298
,00:08:53,147,11.1,05:25,82,69,,1620.30,29.9,298
,00:08:54,147,11.1,05:25,83,69,,1623.60,30.0,298
,00:08:55,147,11.1,05:25,82,69,,1626.80,29.9,296
,00:08:56,147,11.1,05:25,82,69,,1630.10,29.9,296
,00:08:57,148,11.1,05:25,82,69,,1633.20,30.0,294
,00:08:58,147,11.1,05:25,82,69,,1636.40,29.8,294
,00:08:59,147,11.1,05:25,82,69,,1639.60,29.8,294
,00:09:00,148,11.1,05:25,82,69,,1642.50,29.9,294
,00:09:01,147,11.1,05:25,82,69,,1645.40,29.9,294
,00:09:02,147,11.1,05:26,82,69,,1648.40,30.0,292
,00:09:03,147,11.1,05:26,82,69,,1651.30,30.0,294
,00:09:04,147,11.1,05:26,83,69,,1654.20,30.0,294
,00:09:05,146,11.1,05:26,82,69,,1657.20,29.9,294
,00:09:06,146,11.1,05:26,82,69,,1660.10,29.9,294
,00:09:07,146,11.1,05:26,82,69,,1663.00,30.0,296
,00:09:08,146,11.1,05:26,82,69,,1666.00,29.9,294
,00:09:09,146,11.0,05:26,83,69,,1669.20,30.0,294
,00:09:10,146,11.0,05:26,83,69,,1672.50,29.9,294
,00:09:11,146,11.0,05:26,83,69,,1675.90,29.9,294
,00:09:12,145,11.0,05:26,82,69,,1679.20,29.9,296
,00:09:13,145,11.0,05:26,82,69,,1682.40,29.8,296
,00:09:14,145,11.0,05:26,82,69,,1685.40,29.9,298
,00:09:15,146,11.0,05:26,83,69,,1688.60,29.9,298
,00:09:16,145,11.0,05:26,83,69,,1691.80,29.9,302
,00:09:17,146,11.0,05:26,83,69,,1694.80,29.8,304
,00:09:18,146,11.0,05:26,83,69,,1697.90,29.9,304
,00:09:19,146,11.0,05:26,83,69,,1700.90,29.9,306
,00:09:20,147,11.0,05:26,82,69,,1703.70,29.9,308
,00:09:21,147,11.0,05:26,82,69,,1706.70,30.1,308
,00:09:22,148,11.0,05:26,82,69,,1709.80,29.9,310
,00:09:23,148,11.0,05:26,82,69,,1713.10,29.9,312
,00:09:24,148,11.0,05:26,82,69,,1716.10,29.9,312
,00:09:25,149,11.0,05:26,82,69,,1719.20,29.9,312
,00:09:26,149,11.0,05:26,82,69,,1722.30,29.8,312
,00:09:27,149,11.0,05:26,82,69,,1725.40,29.9,312
,00:09:28,149,11.0,05:26,82,69,,1728.40,29.9,312
,00:09:29,149,11.0,05:26,83,69,,1731.40,29.9,312
,00:09:30,149,11.0,05:26,82,69,,1734.40,29.9,312
,00:09:31,149,11.0,05:26,82,69,,1737.60,29.9,312
,00:09:32,149,11.0,05:26,82,69,,1740.70,29.9,312
,00:09:33,150,11.0,05:26,82,69,,1743.90,29.8,310
,00:09:34,150,11.0,05:26,82,69,,1747.10,29.8,310
,00:09:35,150,11.0,05:26,82,69,,1750.20,29.9,308
,00:09:36,150,11.0,05:26,82,69,,1753.20,30.0,306
,00:09:37,150,11.0,05:26,82,69,,1756.20,29.9,306
,00:09:38,150,11.0,05:26,82,69,,1759.30,29.9,306
,00:09:39,151,11.0,05:26,82,69,,1762.20,29.8,306
,00:09:40,150,11.0,05:26,82,69,,1765.30,29.8,306
,00:09:41,150,11.0,05:26,82,69,,1768.30,29.9,306
,00:09:42,150,11.0,05:26,82,69,,1771.30,29.8,304
,00:09:43,150,11.0,05:26,82,69,,1774.30,29.8,302
,00:09:44,149,11.0,05:26,82,69,,1777.30,29.9,302
,00:09:45,149,11.0,05:26,82,69,,1780.40,29.9,302
,00:09:46,148,11.0,05:26,82,69,,1783.50,29.8,304
,00:09:47,148,11.0,05:26,82,69,,1786.60,29.9,304
,00:09:48,148,11.0,05:26,83,69,,1789.70,29.9,304
,00:09:49,147,11.0,05:26,82,69,,1792.80,29.8,304
,00:09:50,147,11.0,05:26,82,69,,1795.80,29.8,304
,00:09:51,147,11.0,05:26,82,69,,1799.00,29.9,302
,00:09:52,147,11.0,05:26,82,69,,1802.30,29.9,302
,00:09:53,147,11.0,05:26,82,69,,1805.50,29.9,302
,00:09:54,147,11.0,05:26,82,69,,1808.80,29.9,300
,00:09:55,147,11.0,05:26,82,69,,1811.80,29.9,300
,00:09:56,147,11.0,05:26,82,69,,1815.10,29.9,298
,00:09:57,147,11.0,05:26,82,69,,1818.10,29.8,298
,00:09:58,147,11.0,05:26,82,69,,1821.30,29.9,296
,00:09:59,147,11.0,05:26,82,69,,1824.40,29.9,294
,00:10:00,147,11.0,05:26,82,69,,1827.50,29.8,294
,00:10:01,146,11.0,05:26,82,69,,1830.40,29.9,294
,00:10:02,146,11.0,05:26,82,69,,1833.50,29.8,292
,00:10:03,146,11.0,05:26,82,69,,1836.70,29.8,292
,00:10:04,145,11.0,05:26,82,69,,1839.80,29.9,294
,00:10:05,145,11.0,05:26,82,69,,1843.00,29.8,294
,00:10:06,145,11.0,05:26,82,69,,1846.40,29.8,294
,00:10:07,145,11.0,05:26,82,69,,1849.40,29.8,294
,00:10:08,145,11.0,05:26,82,69,,1852.60,29.8,296
,00:10:09,145,11.0,05:26,82,69,,1855.60,29.8,298
,00:10:10,145,11.0,05:26,82,69,,1858.60,29.8,298
,00:10:11,145,11.0,05:26,82,69,,1861.70,29.9,300
,00:10:12,145,11.0,05:26,82,69,,1864.40,29.8,300
,00:10:13,145,11.0,05:26,82,69,,1867.40,29.9,302
,00:10:14,145,11.0,05:26,82,69,,1870.20,29.8,304
,00:10:15,145,11.0,05:26,82,69,,1872.90,29.9,304
,00:10:16,145,11.0,05:26,82,69,,1875.90,29.9,304
,00:10:17,145,11.0,05:26,82,69,,1878.70,29.8,304
,00:10:18,145,11.0,05:26,82,69,,1881.60,29.8,304
,00:10:19,145,11.0,05:26,82,69,,1884.70,29.9,302
,00:10:20,145,11.0,05:27,82,69,,1887.50,29.8,300
,00:10:21,145,11.0,05:27,82,69,,1890.50,29.8,298
,00:10:22,145,11.0,05:27,82,69,,1893.40,29.9,296
,00:10:23,145,11.0,05:27,82,69,,1896.40,29.8,294
,00:10:24,145,11.0,05:27,81,69,,1899.30,29.8,292
,00:10:25,145,11.0,05:27,81,69,,1902.10,29.9,290
,00:10:26,145,11.0,05:27,81,69,,1905.10,29.8,288
,00:10:27,145,11.0,05:27,81,68,,1907.90,29.8,288
,00:10:28,145,11.0,05:27,81,68,,1910.80,29.8,286
,00:10:29,145,11.0,05:29,81,68,,1913.80,29.9,284
,00:10:30,145,10.9,05:30,81,68,,1916.70,29.9,284
,00:10:31,145,10.9,05:31,81,68,,1919.70,29.8,282
,00:10:32,145,10.8,05:32,81,68,,1922.60,29.8,282
,00:10:33,144,10.8,05:33,81,68,,1925.60,29.9,282
,00:10:34,144,10.8,05:33,81,68,,1928.70,29.8,282
,00:10:35,144,10.8,05:34,82,68,,1931.70,29.9,284
,00:10:36,144,10.8,05:34,82,68,,1934.80,29.9,284
,00:10:37,145,10.8,05:35,82,68,,1937.90,29.8,288
,00:10:38,145,10.8,05:35,82,68,,1940.90,29.9,290
,00:10:39,144,10.7,05:35,82,68,,1943.90,29.9,292
,00:10:40,145,10.7,05:35,82,68,,1947.00,29.8,292
,00:10:41,145,10.7,05:35,82,68,,1950.20,29.8,294
,00:10:42,145,10.7,05:35,83,68,,1953.20,29.8,294
,00:10:43,145,10.7,05:35,82,68,,1956.30,29.9,296
,00:10:44,145,10.7,05:35,82,68,,1959.30,29.8,298
,00:10:45,145,10.7,05:35,82,68,,1962.20,29.8,300
,00:10:46,145,10.7,05:35,82,68,,1965.30,29.8,302
,00:10:47,145,10.7,05:35,82,68,,1968.30,29.9,304
,00:10:48,145,10.7,05:35,82,68,,1971.30,29.8,304
,00:10:49,145,10.7,05:35,82,68,,1974.40,29.8,306
,00:10:50,145,10.7,05:35,82,68,,1977.40,29.8,306
,00:10:51,145,10.7,05:35,82,68,,1980.60,29.8,306
,00:10:52,145,10.8,05:35,82,68,,1983.80,29.8,308
,00:10:53,145,10.8,05:35,82,68,,1986.80,29.9,308
,00:10:54,145,10.8,05:35,82,68,,1989.90,29.8,308
,00:10:55,145,10.8,05:35,82,68,,1993.00,29.7,308
,00:10:56,144,10.8,05:35,82,68,,1995.90,29.8,310
,00:10:57,145,10.8,05:35,82,69,,1998.90,29.8,310
,00:10:58,145,10.7,05:35,82,69,,2001.80,29.9,310
,00:10:59,144,10.7,05:35,82,69,,2004.60,29.8,310
,00:11:00,144,10.7,05:35,82,69,,2007.30,29.8,310
,00:11:01,145,10.7,05:36,82,69,,2010.10,29.8,310
,00:11:02,145,10.7,05:36,82,69,,2013.10,29.9,308
,00:11:03,145,10.7,05:36,83,69,,2016.10,29.8,308
,00:11:04,145,10.7,05:36,83,69,,2018.90,29.8,306
,00:11:05,146,10.7,05:36,83,69,,2021.90,29.8,304
,00:11:06,146,10.7,05:36,82,69,,2024.90,29.8,302
,00:11:07,146,10.7,05:36,82,69,,2028.00,29.8,298
,00:11:08,146,10.7,05:36,82,69,,2031.00,29.8,296
,00:11:09,147,10.7,05:36,82,69,,2034.10,29.8,292
,00:11:10,146,10.7,05:36,82,69,,2037.10,29.8,290
,00:11:11,146,10.7,05:36,82,69,,2040.00,29.8,288
,00:11:12,146,10.7,05:36,82,69,,2043.00,29.8,286
,00:11:13,146,10.7,05:36,82,69,,2046.10,29.8,284
,00:11:14,146,10.7,05:36,82,69,,2049.00,29.8,282
,00:11:15,146,10.7,05:36,82,69,,2052.00,29.8,282
,00:11:16,146,10.7,05:36,82,69,,2055.00,29.8,282
,00:11:17,145,10.7,05:36,82,69,,2058.20,29.8,282
,00:11:18,146,10.7,05:36,82,69,,2061.10,29.9,282
,00:11:19,146,10.7,05:36,82,69,,2063.90,29.8,282
,00:11:20,146,10.7,05:36,82,69,,2067.00,29.8,282
,00:11:21,146,10.7,05:36,82,69,,2070.00,29.8,282
,00:11:22,145,10.7,05:36,82,69,,2073.00,29.8,280
,00:11:23,145,10.7,05:36,82,68,,2076.10,29.8,280
,00:11:24,145,10.7,05:36,82,68,,2079.00,29.8,280
,00:11:25,145,10.7,05:36,82,68,,2082.10,29.8,278
,00:11:26,145,10.7,05:36,82,68,,2085.20,29.8,278
,00:11:27,145,10.7,05:36,82,68,,2088.40,29.8,276
,00:11:28,145,10.7,05:36,82,68,,2091.50,29.9,274
,00:11:29,145,10.7,05:36,82,68,,2094.60,29.8,274
,00:11:30,145,10.7,05:36,82,68,,2097.80,29.8,272
,00:11:31,145,10.7,05:36,82,68,,2101.00,29.8,270
,00:11:32,145,10.7,05:36,82,68,,2104.20,29.9,270
,00:11:33,145,10.7,05:36,82,68,,2107.30,29.8,268
,00:11:34,145,10.7,05:36,82,68,,2110.30,29.8,268
,00:11:35,144,10.7,05:36,82,67,,2113.40,29.8,268
,00:11:36,144,10.7,05:36,83,67,,2116.50,29.8,268
,00:11:37,145,10.7,05:36,82,67,,2119.50,29.8,268
,00:11:38,144,10.7,05:36,82,67,,2122.60,29.8,268
,00:11:39,145,10.7,05:36,82,67,,2125.60,30.0,268
,00:11:40,145,10.7,05:36,82,67,,2128.40,29.9,268
,00:11:41,145,10.7,05:36,82,67,,2131.50,29.8,268
,00:11:42,145,10.7,05:36,82,67,,2134.50,29.8,268
,00:11:43,145,10.7,05:36,82,67,,2137.40,29.8,270
,00:11:44,146,10.7,05:36,82,67,,2140.40,29.9,268
,00:11:45,146,10.7,05:36,82,67,,2143.10,29.8,268
,00:11:46,146,10.7,05:36,82,67,,2146.10,29.9,268
,00:11:47,146,10.7,05:36,82,67,,2148.90,29.8,268
,00:11:48,146,10.7,05:36,82,67,,2151.90,29.9,268
,00:11:49,146,10.7,05:36,82,67,,2154.90,29.8,268
,00:11:50,146,10.7,05:36,82,67,,2158.00,29.9,268
,00:11:51,146,10.7,05:36,82,67,,2161.20,29.9,270
,00:11:52,146,10.7,05:36,82,67,,2164.30,29.9,270
,00:11:53,145,10.7,05:36,82,66,,2167.40,29.8,270
,00:11:54,145,10.7,05:36,82,66,,2170.50,29.9,272
,00:11:55,145,10.7,05:36,82,66,,2173.60,29.8,274
,00:11:56,145,10.7,05:36,83,66,,2176.70,29.9,278
,00:11:57,144,10.7,05:36,82,66,,2179.80,29.9,280
,00:11:58,144,10.7,05:36,82,66,,2182.90,29.9,282
,00:11:59,145,10.7,05:36,82,66,,2185.80,29.9,284
,00:12:00,145,10.7,05:36,82,66,,2188.80,29.8,286
,00:12:01,145,10.7,05:36,82,66,,2191.90,29.9,288
,00:12:02,146,10.7,05:36,82,66,,2195.00,29.8,288
,00:12:03,146,10.7,05:36,82,66,,2198.00,29.8,288
,00:12:04,146,10.7,05:36,82,66,,2201.10,29.8,286
,00:12:05,146,10.7,05:36,82,66,,2204.00,30.0,286
,00:12:06,146,10.7,05:36,82,66,,2207.00,29.8,286
,00:12:07,146,10.7,05:36,82,66,,2209.90,29.9,284
,00:12:08,146,10.7,05:36,82,66,,2213.00,29.8,284
,00:12:09,147,10.7,05:36,83,66,,2216.20,29.8,284
,00:12:10,147,10.7,05:36,83,66,,2219.40,29.9,282
,00:12:11,147,10.7,05:36,83,66,,2222.70,29.9,280
,00:12:12,147,10.7,05:36,83,66,,2226.00,29.9,280
,00:12:13,147,10.7,05:36,82,66,,2229.30,29.9,278
,00:12:14,147,10.7,05:36,82,66,,2232.60,29.8,276
,00:12:15,148,10.7,05:36,82,66,,2235.80,29.9,276
,00:12:16,148,10.7,05:36,82,66,,2239.10,29.9,276
,00:12:17,148,10.7,05:36,82,66,,2242.20,29.8,274
,00:12:18,148,10.7,05:36,82,66,,2245.40,29.8,274
,00:12:19,148,10.7,05:36,82,66,,2248.50,29.8,274
,00:12:20,148,10.8,05:35,82,66,,2251.40,29.9,274
,00:12:21,148,10.8,05:33,82,65,,2254.60,29.9,276
,00:12:22,148,10.8,05:32,82,65,,2257.60,29.9,276
,00:12:23,148,10.9,05:31,82,65,,2260.70,29.9,278
,00:12:24,148,10.9,05:30,82,65,,2263.70,29.9,278
,00:12:25,149,10.9,05:30,82,65,,2266.80,29.8,280
,00:12:26,148,10.9,05:29,82,65,,2269.80,29.9,282
,00:12:27,148,11.0,05:29,82,65,,2272.70,29.8,282
,00:12:28,148,11.0,05:28,82,65,,2275.80,29.9,284
,00:12:29,148,11.0,05:28,82,65,,2278.80,29.9,286
,00:12:30,148,11.0,05:28,82,65,,2281.70,29.9,290
,00:12:31,148,11.0,05:28,82,65,,2284.90,29.9,290
,00:12:32,148,10.9,05:30,82,65,,2287.80,29.9,292
,00:12:33,149,10.9,05:31,83,65,,2290.70,30.0,292
,00:12:34,149,10.9,05:31,83,65,,2293.60,29.9,294
,00:12:35,149,10.8,05:32,83,65,,2296.50,29.9,294
,00:12:36,149,10.8,05:33,83,65,,2299.50,29.9,296
,00:12:37,149,10.8,05:33,82,65,,2302.40,29.8,296
,00:12:38,149,10.8,05:34,82,65,,2305.60,29.9,298
,00:12:39,149,10.8,05:34,82,65,,2308.70,29.9,300
,00:12:40,149,10.8,05:34,82,65,,2311.70,29.9,302
,00:12:41,149,10.8,05:33,82,65,,2314.80,29.8,304
,00:12:42,149,10.8,05:32,82,65,,2318.00,29.9,306
,00:12:43,149,10.9,05:31,82,65,,2321.10,29.9,308
,00:12:44,149,10.9,05:30,82,65,,2324.30,29.9,308
,00:12:45,149,10.9,05:30,82,65,,2327.70,29.9,308
,00:12:46,148,10.9,05:29,82,65,,2330.50,29.9,308
,00:12:47,148,11.0,05:28,82,65,,2333.60,30.0,306
,00:12:48,148,11.0,05:28,82,65,,2336.70,29.9,304
,00:12:49,148,11.0,05:28,82,65,,2339.70,29.9,304
,00:12:50,148,11.0,05:28,82,65,,2343.10,29.9,302
,00:12:51,148,11.0,05:27,82,65,,2345.70,29.9,300
,00:12:52,148,11.0,05:27,82,65,,2348.80,30.0,298
,00:12:53,148,11.0,05:27,82,65,,2352.20,30.0,296
,00:12:54,148,11.0,05:27,81,65,,2354.90,30.0,294
,00:12:55,147,11.0,05:27,81,65,,2357.90,29.9,294
,00:12:56,148,11.0,05:27,80,65,,2360.90,29.9,292
,00:12:57,147,11.0,05:27,83,65,,2364.20,30.0,292
,00:12:58,147,11.0,05:27,83,65,,2366.80,29.9,290
,00:12:59,148,11.0,05:27,83,65,,2369.30,29.9,290
,00:13:00,148,11.0,05:28,83,65,,2372.70,29.9,288
,00:13:01,148,11.0,05:28,82,65,,2375.60,30.0,286
,00:13:02,148,11.0,05:28,82,65,,2378.30,30.0,284
,00:13:03,148,11.0,05:28,82,65,,2382.00,29.9,284
,00:13:04,148,11.0,05:28,82,65,,2385.20,30.0,286
,00:13:05,148,11.0,05:28,82,65,,2388.30,29.9,286
,00:13:06,148,11.0,05:27,82,65,,2391.10,29.9,286
,00:13:07,148,11.0,05:27,82,65,,2394.40,29.9,284
,00:13:08,149,11.0,05:27,82,65,,2397.60,29.9,284
,00:13:09,149,11.0,05:27,82,65,,2400.50,29.9,282
,00:13:10,148,11.0,05:28,82,65,,2403.50,30.0,282
,00:13:11,149,11.0,05:28,82,65,,2406.30,30.0,282
,00:13:12,149,11.0,05:28,82,65,,2408.90,30.0,282
,00:13:13,149,11.0,05:28,82,65,,2412.20,29.9,282
,00:13:14,149,11.0,05:29,82,65,,2415.50,30.0,282
,00:13:15,149,11.0,05:29,83,65,,2418.40,30.0,284
,00:13:16,149,11.0,05:29,83,65,,2421.60,30.0,284
,00:13:17,149,11.0,05:29,82,65,,2424.90,30.0,286
,00:13:18,149,10.9,05:29,82,65,,2428.20,29.9,286
,00:13:19,149,10.9,05:29,82,65,,2431.60,30.0,288
,00:13:20,149,11.0,05:28,82,65,,2435.00,30.1,288
,00:13:21,149,11.0,05:27,82,65,,2438.50,30.0,290
,00:13:22,149,11.2,05:23,83,65,,2442.30,29.9,294
,00:13:23,149,11.3,05:19,82,65,,2445.00,30.0,298
,00:13:24,149,11.2,05:21,82,65,,2449.10,30.0,298
,00:13:25,149,11.2,05:23,82,65,,2452.10,29.9,296
,00:13:26,149,11.1,05:24,82,65,,2455.40,30.0,296
,00:13:27,149,11.1,05:25,82,65,,2458.70,30.0,296
,00:13:28,149,11.1,05:26,82,65,,2462.20,30.0,296
,00:13:29,150,11.0,05:26,82,65,,2465.30,29.9,298
,00:13:30,150,11.0,05:27,83,65,,2468.60,30.1,298
,00:13:31,150,11.0,05:27,82,65,,2471.60,30.1,298
,00:13:32,150,11.0,05:27,82,65,,2475.30,29.9,298
,00:13:33,151,11.0,05:27,81,65,,2478.30,30.0,298
,00:13:34,151,11.0,05:27,80,65,,2481.70,30.0,298
,00:13:35,151,11.0,05:27,81,65,,2485.00,30.1,296
,00:13:36,151,11.0,05:27,81,65,,2488.00,30.1,296
,00:13:37,151,11.0,05:27,82,65,,2490.50,30.0,294
,00:13:38,151,11.0,05:26,83,65,,2493.80,30.0,294
,00:13:39,151,11.0,05:26,83,65,,2496.90,29.9,292
,00:13:40,152,11.0,05:26,83,65,,2500.20,30.1,290
,00:13:41,152,11.1,05:26,82,65,,2503.10,30.1,290
,00:13:42,151,11.1,05:25,82,65,,2506.20,30.0,288
,00:13:43,151,11.1,05:24,82,65,,2509.50,30.0,288
,00:13:44,151,11.1,05:24,82,65,,2512.80,30.0,286
,00:13:45,151,11.1,05:23,82,64,,2516.20,30.0,286
,00:13:46,151,11.2,05:23,82,64,,2519.70,30.0,284
,00:13:47,151,11.2,05:22,82,64,,2523.30,30.1,284
,00:13:48,151,11.2,05:21,82,64,,2526.30,30.1,282
,00:13:49,151,11.2,05:21,82,64,,2529.20,30.1,282
,00:13:50,151,11.3,05:20,82,64,,2532.70,30.1,282
,00:13:51,151,11.3,05:19,82,64,,2535.90,29.9,282
,00:13:52,151,11.3,05:18,82,64,,2539.00,30.0,282
,00:13:53,151,11.3,05:18,82,64,,2542.00,30.0,282
,00:13:54,151,11.3,05:18,82,64,,2545.20,30.0,282
,00:13:55,151,11.3,05:18,82,64,,2548.20,30.1,282
,00:13:56,151,11.3,05:18,82,64,,2550.90,30.1,282
,00:13:57,151,11.3,05:18,82,63,,2554.20,30.0,284
,00:13:58,151,11.3,05:18,82,63,,2557.30,30.0,284
,00:13:59,151,11.3,05:18,82,63,,2560.20,30.0,284
,00:14:00,151,11.3,05:18,82,63,,2563.50,30.0,284
,00:14:01,151,11.3,05:18,82,63,,2566.30,30.1,284
,00:14:02,151,11.3,05:18,82,63,,2569.40,30.1,284
,00:14:03,151,11.3,05:18,82,63,,2572.50,30.1,284
,00:14:04,151,11.3,05:18,82,63,,2575.60,30.1,286
,00:14:05,151,11.3,05:17,82,63,,2578.80,30.1,286
,00:14:06,151,11.3,05:17,82,63,,2582.30,30.0,286
,00:14:07,150,11.3,05:17,82,63,,2585.00,30.1,288
,00:14:08,150,11.3,05:17,82,63,,2588.20,30.1,288
,00:14:09,150,11.3,05:17,82,63,,2591.00,30.1,288
,00:14:10,149,11.3,05:17,82,63,,2594.40,30.1,290
,00:14:11,150,11.3,05:17,82,63,,2597.50,30.2,292
,00:14:12,150,11.3,05:17,82,63,,2600.80,30.2,292
,00:14:13,150,11.3,05:17,82,63,,2603.40,30.2,294
,00:14:14,150,11.3,05:17,82,63,,2606.50,30.2,294
,00:14:15,150,11.3,05:17,82,63,,2609.10,30.1,296
,00:14:16,150,11.3,05:17,82,63,,2612.50,30.1,298
,00:14:17,150,11.3,05:17,82,63,,2615.80,30.0,300
,00:14:18,149,11.3,05:17,82,63,,2618.80,30.1,300
,00:14:19,150,11.3,05:17,82,63,,2621.50,30.1,302
,00:14:20,150,11.3,05:18,82,63,,2624.60,30.1,302
,00:14:21,150,11.3,05:18,82,63,,2627.70,30.2,304
,00:14:22,150,11.3,05:18,82,63,,2631.20,30.2,304
,00:14:23,150,11.3,05:18,82,63,,2634.40,30.1,304
,00:14:24,150,11.3,05:18,82,63,,2637.20,30.2,306
,00:14:25,150,11.3,05:19,82,63,,2640.40,30.1,306
,00:14:26,150,11.3,05:19,82,63,,2643.30,30.2,306
,00:14:27,150,11.3,05:19,82,63,,2646.50,30.1,308
,00:14:28,150,11.3,05:19,82,63,,2649.90,30.2,308
,00:14:29,151,11.3,05:19,82,63,,2653.30,30.1,308
,00:14:30,151,11.3,05:19,82,63,,2656.10,30.1,308
,00:14:31,151,11.3,05:19,82,63,,2658.90,30.1,310
,00:14:32,151,11.2,05:21,82,63,,2661.90,30.2,308
,00:14:33,150,11.1,05:23,82,63,,2665.70,30.1,306
,00:14:34,150,11.1,05:23,82,63,,2668.30,30.2,306
,00:14:35,150,11.1,05:23,82,63,,2671.20,30.2,306
,00:14:36,151,11.1,05:23,82,63,,2674.10,30.2,306
,00:14:37,151,11.1,05:23,82,63,,2677.40,30.3,304
,00:14:38,150,11.1,05:23,82,63,,2679.70,30.1,304
,00:14:39,151,11.1,05:25,82,63,,2682.90,30.2,302
,00:14:40,151,11.0,05:27,82,63,,2685.80,30.3,300
,00:14:41,151,11.0,05:26,82,63,,2688.70,30.1,302
,00:14:42,151,11.0,05:26,82,63,,2691.10,30.3,304
,00:14:43,151,11.0,05:26,82,63,,2694.30,30.2,304
,00:14:44,150,11.0,05:26,82,63,,2697.20,30.2,306
,00:14:45,150,11.0,05:26,82,63,,2700.00,30.2,306
,00:14:46,151,11.0,05:26,82,63,,2703.10,30.2,306
,00:14:47,151,11.0,05:26,82,63,,2706.40,30.1,306
,00:14:48,150,11.0,05:26,82,63,,2708.90,30.2,306
,00:14:49,150,11.0,05:27,82,63,,2712.40,30.3,304
,00:14:50,150,11.0,05:28,82,63,,2715.90,30.1,302
,00:14:51,150,11.0,05:28,82,63,,2718.70,30.1,302
,00:14:52,150,11.0,05:28,82,63,,2722.10,30.2,302
,00:14:53,150,11.0,05:28,82,63,,2724.80,30.2,300
,00:14:54,150,11.0,05:28,82,63,,2728.10,30.2,300
,00:14:55,150,11.0,05:28,82,63,,2730.30,30.1,300
,00:14:56,150,11.0,05:28,82,63,,2733.30,30.1,300
,00:14:57,150,11.0,05:28,82,63,,2736.60,30.1,300
,00:14:58,150,11.0,05:29,82,63,,2739.50,30.3,298
,00:14:59,150,11.0,05:29,82,63,,2742.10,30.3,298
,00:15:00,150,11.0,05:29,82,63,,2745.30,30.2,298
,00:15:01,150,11.0,05:29,82,63,,2748.10,30.2,298
,00:15:02,150,11.0,05:29,82,63,,2751.50,30.3,298
,00:15:03,150,11.0,05:29,82,63,,2754.60,30.2,298
,00:15:04,150,11.0,05:29,82,63,,2758.00,30.2,298
,00:15:05,150,11.0,05:29,82,63,,2760.80,30.2,300
,00:15:06,150,11.0,05:29,82,63,,2763.70,30.2,300
,00:15:07,150,11.0,05:29,82,63,,2766.70,30.1,302
,00:15:08,150,10.9,05:29,82,63,,2770.00,30.2,302
,00:15:09,150,10.9,05:29,82,63,,2772.80,30.2,300
,00:15:10,150,10.9,05:29,82,63,,2775.70,30.2,300
,00:15:11,150,10.9,05:29,82,63,,2779.00,30.3,300
,00:15:12,150,10.9,05:30,82,63,,2781.70,30.2,300
,00:15:13,151,10.9,05:30,83,63,,2784.50,30.3,298
,00:15:14,150,10.9,05:30,83,63,,2788.00,30.2,296
,00:15:15,150,10.9,05:30,83,63,,2791.40,30.1,296
,00:15:16,151,10.9,05:30,83,63,,2794.40,30.1,294
,00:15:17,151,10.9,05:31,83,63,,2797.20,30.2,292
,00:15:18,151,10.9,05:31,82,63,,2800.20,30.2,292
,00:15:19,151,10.9,05:31,83,62,,2803.20,30.1,290
,00:15:20,151,10.9,05:31,83,62,,2805.90,30.1,290
,00:15:21,151,10.9,05:31,82,62,,2808.90,30.2,288
,00:15:22,151,10.9,05:31,83,62,,2812.20,30.3,286
,00:15:23,151,10.9,05:31,82,62,,2815.50,30.1,284
,00:15:24,150,10.9,05:31,82,62,,2818.20,30.2,284
,00:15:25,150,10.8,05:32,82,62,,2820.90,30.3,282
,00:15:26,150,10.8,05:32,82,62,,2823.80,30.3,282
,00:15:27,149,10.8,05:33,82,62,,2827.00,30.2,282
,00:15:28,149,10.8,05:33,83,62,,2830.10,30.2,280
,00:15:29,149,10.8,05:34,82,62,,2833.10,30.2,280
,00:15:30,148,10.8,05:34,83,62,,2836.10,30.2,280
,00:15:31,148,10.8,05:34,83,62,,2839.30,30.2,280
,00:15:32,148,10.8,05:34,82,62,,2841.60,30.3,280
,00:15:33,147,10.8,05:34,82,62,,2845.10,30.2,280
,00:15:34,147,10.8,05:34,82,62,,2848.30,30.3,280
,00:15:35,147,10.8,05:34,82,62,,2851.30,30.2,280
,00:15:36,147,10.8,05:34,82,62,,2854.40,30.3,282
,00:15:37,147,10.8,05:34,82,62,,2857.60,30.2,284
,00:15:38,147,10.8,05:34,82,62,,2860.20,30.2,286
,00:15:39,147,10.8,05:34,82,62,,2863.10,30.2,288
,00:15:40,146,10.8,05:34,82,62,,2866.20,30.2,290
,00:15:41,146,10.8,05:34,82,62,,2869.40,30.2,290
,00:15:42,146,10.8,05:34,83,62,,2871.40,30.2,290
,00:15:43,146,10.8,05:34,83,62,,2874.50,30.3,290
,00:15:44,146,10.8,05:34,83,62,,2877.40,30.2,290
,00:15:45,146,10.8,05:34,82,62,,2880.70,30.1,290
,00:15:46,146,10.9,05:30,82,62,,2883.10,30.1,294
,00:15:47,145,11.0,05:27,82,62,,2886.60,30.3,296
,00:15:48,145,11.0,05:28,83,62,,2890.20,30.2,296
,00:15:49,145,10.9,05:29,83,62,,2892.60,30.2,294
,00:15:50,145,10.9,05:30,82,62,,2895.80,30.2,292
,00:15:51,144,10.9,05:31,82,62,,2899.30,30.2,292
,00:15:52,144,10.9,05:31,82,62,,2902.40,30.3,290
,00:15:53,145,10.9,05:32,82,62,,2905.40,30.2,290
,00:15:54,145,10.8,05:32,82,62,,2908.00,30.3,288
,00:15:55,145,10.8,05:32,82,62,,2911.30,30.2,286
,00:15:56,145,10.8,05:33,82,62,,2913.90,30.1,286
,00:15:57,145,10.8,05:33,83,62,,2916.40,30.3,284
,00:15:58,146,10.8,05:33,83,62,,2919.80,30.3,282
,00:15:59,147,10.8,05:33,83,62,,2922.70,30.3,282
,00:16:00,147,10.8,05:33,83,62,,2925.70,30.2,280
,00:16:01,147,10.8,05:33,82,62,,2928.50,30.3,282
,00:16:02,147,10.8,05:33,82,62,,2931.80,30.4,282
,00:16:03,148,10.8,05:33,82,62,,2935.00,30.2,284
,00:16:04,148,10.8,05:33,82,62,,2938.10,30.3,286
,00:16:05,148,10.8,05:33,82,62,,2941.60,30.3,286
,00:16:06,149,10.8,05:33,82,62,,2944.90,30.2,288
,00:16:07,149,10.8,05:33,82,62,,2948.40,30.3,290
,00:16:08,150,10.9,05:31,82,62,,2951.40,30.3,294
,00:16:09,150,10.9,05:29,82,62,,2954.60,30.3,296
,00:16:10,150,10.9,05:30,82,62,,2958.40,30.3,298
,00:16:11,151,11.0,05:29,82,62,,2961.10,30.3,300
,00:16:12,151,11.0,05:28,83,62,,2964.30,30.3,304
,00:16:13,151,11.0,05:28,83,62,,2967.80,30.3,304
,00:16:14,151,10.9,05:29,83,62,,2970.70,30.3,304
,00:16:15,152,10.9,05:29,82,62,,2974.00,30.2,306
,00:16:16,152,10.9,05:29,83,62,,2976.90,30.3,306
,00:16:17,152,10.9,05:30,82,62,,2980.30,30.2,308
,00:16:18,152,10.9,05:30,82,62,,2983.30,30.1,310
,00:16:19,152,10.9,05:30,82,62,,2985.40,30.4,310
,00:16:20,152,10.9,05:30,82,62,,2988.90,30.3,312
,00:16:21,152,10.9,05:30,82,62,,2992.40,30.3,312
,00:16:22,152,10.9,05:30,82,62,,2994.80,30.3,314
,00:16:23,153,10.9,05:30,82,62,,2998.00,30.3,316
,00:16:24,153,10.9,05:30,82,62,,3001.10,30.3,316
,00:16:25,152,10.9,05:29,82,62,,3004.60,30.3,316
,00:16:26,152,10.9,05:29,82,62,,3007.30,30.2,318
,00:16:27,152,11.0,05:28,82,62,,3010.60,30.3,318
,00:16:28,152,11.0,05:28,83,62,,3014.50,30.2,318
,00:16:29,152,11.0,05:28,82,62,,3018.20,30.3,316
,00:16:30,152,11.0,05:27,82,62,,3020.80,30.3,316
,00:16:31,152,11.0,05:27,82,62,,3024.30,30.3,316
,00:16:32,152,11.0,05:27,82,62,,3027.20,30.3,314
,00:16:33,152,11.0,05:27,82,62,,3030.20,30.3,314
,00:16:34,152,11.0,05:27,82,62,,3032.90,30.3,314
,00:16:35,151,11.0,05:27,82,62,,3036.40,30.2,314
,00:16:36,152,11.0,05:27,82,62,,3039.50,30.4,312
,00:16:37,151,11.0,05:27,82,62,,3042.20,30.3,312
,00:16:38,152,11.0,05:26,82,62,,3044.80,30.3,314
,00:16:39,152,11.0,05:26,82,62,,3048.20,30.3,314
,00:16:40,152,11.1,05:26,82,62,,3051.50,30.3,314
,00:16:41,152,11.1,05:26,82,62,,3054.90,30.5,314
,00:16:42,152,11.1,05:25,82,62,,3058.10,30.3,316
,00:16:43,152,11.1,05:25,82,62,,3061.60,30.3,316
,00:16:44,153,11.1,05:24,82,62,,3064.50,30.3,318
,00:16:45,153,11.1,05:24,83,62,,3067.70,30.4,318
,00:16:46,153,11.1,05:24,82,62,,3070.90,30.4,318
,00:16:47,152,11.1,05:24,82,62,,3074.40,30.3,318
,00:16:48,152,11.1,05:24,82,62,,3077.20,30.3,316
,00:16:49,152,11.1,05:23,82,62,,3080.20,30.3,316
,00:16:50,152,11.1,05:23,82,62,,3083.40,30.4,316
,00:16:51,152,11.1,05:23,82,62,,3086.20,30.3,316
,00:16:52,152,11.1,05:23,82,62,,3088.80,30.4,316
,00:16:53,152,11.1,05:23,82,62,,3092.10,30.3,316
,00:16:54,152,11.1,05:23,83,62,,3095.00,30.3,316
,00:16:55,152,11.1,05:23,83,62,,3098.00,30.3,318
,00:16:56,152,11.1,05:23,83,62,,3101.00,30.4,320
,00:16:57,152,11.2,05:23,83,63,,3104.20,30.4,324
,00:16:58,152,11.2,05:22,83,63,,3107.30,30.4,326
,00:16:59,152,11.2,05:22,83,63,,3110.70,30.3,326
,00:17:00,152,11.2,05:21,83,63,,3114.30,30.3,328
,00:17:01,152,11.2,05:21,83,63,,3117.50,30.3,328
,00:17:02,153,11.2,05:21,83,63,,3120.50,30.3,330
,00:17:03,153,11.2,05:20,83,63,,3123.70,30.4,330
,00:17:04,153,11.2,05:20,82,63,,3127.10,30.4,332
,00:17:05,153,11.2,05:20,82,63,,3130.10,30.3,336
,00:17:06,153,11.3,05:20,82,63,,3133.70,30.4,338
,00:17:07,153,11.3,05:18,82,64,,3137.00,30.3,346
,00:17:08,153,11.4,05:16,83,64,,3140.20,30.4,352
,00:17:09,153,11.4,05:16,82,64,,3143.90,30.3,356
,00:17:10,154,11.4,05:16,82,64,,3146.90,30.4,358
,00:17:11,154,11.4,05:16,82,64,,3150.50,30.4,356
,00:17:12,154,11.4,05:17,82,64,,3153.60,30.3,354
,00:17:13,154,11.3,05:18,82,64,,3156.50,30.3,352
,00:17:14,154,11.3,05:19,82,64,,3159.20,30.3,350
,00:17:15,155,11.2,05:20,82,64,,3161.90,30.2,350
,00:17:16,155,11.2,05:21,82,64,,3164.60,30.4,354
,00:17:17,155,11.2,05:22,82,65,,3167.10,30.5,360
,00:17:18,155,11.2,05:22,82,65,,3169.30,30.4,364
,00:17:19,155,11.2,05:23,82,65,,3172.60,30.3,368
,00:17:20,155,11.1,05:23,82,65,,3175.60,30.2,370
,00:17:21,155,11.1,05:23,82,65,,3178.60,30.3,370
,00:17:22,155,11.1,05:23,82,65,,3181.70,30.3,370
,00:17:23,155,11.1,05:24,82,66,,3184.90,30.3,370
,00:17:24,155,11.1,05:24,82,66,,3188.20,30.4,368
,00:17:25,155,11.1,05:24,82,66,,3191.40,30.3,366
,00:17:26,155,11.1,05:24,82,66,,3194.70,30.3,362
,00:17:27,154,11.1,05:24,82,66,,3197.90,30.3,358
,00:17:28,154,11.1,05:24,83,66,,3201.30,30.3,352
,00:17:29,155,11.1,05:24,82,66,,3204.60,30.4,348
,00:17:30,155,11.1,05:24,83,66,,3208.00,30.4,344
,00:17:31,155,11.1,05:24,82,66,,3211.50,30.4,340
,00:17:32,155,11.1,05:24,82,66,,3215.20,30.3,338
,00:17:33,154,11.1,05:24,82,66,,3218.40,30.3,334
,00:17:34,154,11.1,05:24,82,66,,3221.50,30.4,330
,00:17:35,154,11.1,05:24,82,66,,3224.80,30.3,326
,00:17:36,155,11.1,05:24,82,66,,3228.00,30.3,324
,00:17:37,155,11.1,05:24,82,66,,3230.90,30.3,322
,00:17:38,155,11.1,05:24,82,66,,3233.90,30.3,318
,00:17:39,155,11.1,05:24,83,66,,3237.10,30.3,316
,00:17:40,155,11.1,05:23,83,66,,3240.20,30.3,312
,00:17:41,155,11.1,05:23,82,66,,3243.20,30.3,310
,00:17:42,155,11.2,05:23,82,66,,3246.40,30.4,306
,00:17:43,155,11.2,05:23,82,66,,3249.80,30.4,304
,00:17:44,155,11.2,05:22,82,66,,3252.90,30.3,300
,00:17:45,156,11.2,05:22,82,66,,3256.20,30.4,298
,00:17:46,156,11.2,05:21,82,66,,3259.20,30.3,298
,00:17:47,156,11.2,05:21,82,66,,3262.60,30.3,298
,00:17:48,156,11.2,05:21,82,66,,3265.60,30.4,296
,00:17:49,156,11.2,05:21,82,66,,3268.80,30.3,296
,00:17:50,156,11.2,05:21,82,66,,3271.80,30.3,296
,00:17:51,156,11.2,05:21,82,66,,3274.90,30.3,296
,00:17:52,156,11.2,05:21,82,66,,3277.90,30.3,294
,00:17:53,156,11.2,05:21,82,66,,3280.90,30.4,294
,00:17:54,156,11.2,05:21,82,66,,3283.90,30.3,294
,00:17:55,156,11.2,05:21,82,66,,3286.90,30.4,294
,00:17:56,156,11.2,05:21,83,66,,3289.70,30.4,294
,00:17:57,156,11.2,05:21,82,66,,3292.90,30.4,294
,00:17:58,156,11.2,05:21,82,66,,3295.90,30.3,294
,00:17:59,156,11.2,05:22,82,66,,3298.90,30.3,294
,00:18:00,157,11.2,05:22,82,66,,3301.80,30.4,294
,00:18:01,157,11.2,05:22,82,66,,3304.80,30.3,294
,00:18:02,157,11.2,05:22,83,66,,3307.90,30.3,294
,00:18:03,157,11.2,05:22,82,66,,3310.90,30.3,294
,00:18:04,157,11.2,05:23,82,66,,3313.90,30.4,294
,00:18:05,157,11.1,05:23,82,66,,3317.00,30.3,294
,00:18:06,157,11.1,05:23,83,66,,3320.00,30.4,296
,00:18:07,156,11.1,05:24,83,66,,3322.90,30.4,296
,00:18:08,156,11.1,05:24,82,66,,3326.10,30.3,294
,00:18:09,156,11.1,05:25,82,65,,3329.30,30.3,294
,00:18:10,156,11.1,05:25,82,65,,3332.40,30.4,292
,00:18:11,156,11.1,05:26,82,65,,3335.30,30.4,292
,00:18:12,156,11.0,05:26,82,65,,3338.40,30.3,292
,00:18:13,156,11.0,05:26,82,65,,3341.20,30.4,294
,00:18:14,156,11.0,05:26,82,65,,3344.10,30.3,294
,00:18:15,156,11.0,05:27,83,65,,3347.00,30.3,296
,00:18:16,155,11.0,05:27,82,65,,3350.00,30.3,298
,00:18:17,155,11.0,05:27,83,65,,3352.90,30.5,298
,00:18:18,155,11.0,05:27,82,65,,3356.00,30.5,300
,00:18:19,156,11.0,05:27,83,65,,3358.90,30.4,300
,00:18:20,156,11.0,05:27,83,65,,3362.00,30.4,302
,00:18:21,156,11.0,05:27,82,65,,3365.10,30.4,302
,00:18:22,156,11.0,05:27,82,65,,3368.30,30.3,304
,00:18:23,156,11.0,05:27,82,65,,3371.50,30.4,306
,00:18:24,156,11.0,05:27,83,65,,3374.60,30.3,308
,00:18:25,156,11.0,05:27,82,65,,3377.80,30.3,308
,00:18:26,156,11.0,05:27,82,65,,3381.00,30.4,308
,00:18:27,156,11.0,05:27,82,65,,3384.10,30.4,308
,00:18:28,156,11.0,05:27,82,65,,3387.30,30.4,308
,00:18:29,156,11.0,05:27,82,65,,3390.60,30.3,308
,00:18:30,156,11.0,05:27,82,65,,3393.90,30.3,308
,00:18:31,156,11.0,05:27,82,65,,3397.00,30.4,306
,00:18:32,155,11.0,05:27,82,65,,3400.20,30.3,306
,00:18:33,155,11.0,05:27,81,65,,3403.50,30.4,306
,00:18:34,155,11.0,05:27,81,65,,3406.60,30.3,306
,00:18:35,154,11.0,05:27,81,65,,3409.80,30.4,304
,00:18:36,154,11.0,05:27,81,65,,3413.00,30.3,304
,00:18:37,154,11.0,05:27,81,65,,3416.20,30.3,304
,00:18:38,155,11.0,05:27,81,65,,3419.40,30.3,304
,00:18:39,155,11.0,05:27,81,65,,3422.40,30.4,302
,00:18:40,155,11.0,05:27,81,65,,3425.60,30.3,300
,00:18:41,155,11.0,05:27,81,65,,3428.50,30.3,298
,00:18:42,155,11.0,05:27,81,65,,3431.70,30.3,294
,00:18:43,155,11.0,05:27,81,65,,3434.70,30.4,290
,00:18:44,156,11.0,05:27,81,65,,3437.60,30.4,286
,00:18:45,156,11.0,05:27,81,65,,3440.70,30.4,282
,00:18:46,156,11.0,05:27,81,65,,3443.60,30.3,278
,00:18:47,156,11.0,05:27,81,65,,3446.50,30.4,276
,00:18:48,156,11.0,05:27,81,65,,3449.50,30.3,272
,00:18:49,156,11.0,05:28,81,65,,3452.40,30.4,270
,00:18:50,156,11.0,05:28,81,65,,3455.50,30.4,268
,00:18:51,155,11.0,05:28,81,65,,3458.40,30.4,266
,00:18:52,155,11.0,05:28,81,65,,3461.40,30.4,266
,00:18:53,154,11.0,05:28,81,65,,3464.60,30.3,264
,00:18:54,155,11.0,05:28,81,65,,3467.70,30.4,264
,00:18:55,154,11.0,05:28,81,65,,3470.70,30.4,264
,00:18:56,154,11.0,05:28,81,65,,3473.70,30.4,262
,00:18:57,155,11.0,05:28,81,64,,3476.80,30.4,262
,00:18:58,154,11.0,05:28,82,64,,3479.90,30.4,264
,00:18:59,155,11.0,05:28,82,64,,3483.00,30.4,264
,00:19:00,154,11.0,05:28,82,64,,3486.00,30.4,264
,00:19:01,154,11.0,05:28,82,64,,3489.20,30.3,264
,00:19:02,154,11.0,05:28,82,64,,3492.40,30.4,264
,00:19:03,154,11.0,05:28,81,64,,3495.70,30.4,264
,00:19:04,154,10.9,05:30,80,64,,3498.90,30.4,262
,00:19:05,155,10.6,05:40,81,64,,3501.30,30.5,254
,00:19:06,155,8.8,06:48,81,64,,3502.30,30.5,214
,00:19:07,156,8.8,06:48,81,64,,3502.30,30.5,214
,00:19:08,156,7.3,08:15,81,64,,3502.30,30.4,176
,00:19:09,156,8.6,06:59,81,64,,3503.50,30.4,208
,00:19:10,156,10.0,06:02,81,64,,3504.30,30.4,242
,00:19:11,156,10.2,05:53,81,63,,3504.60,30.4,250
,00:19:12,156,10.3,05:48,81,63,,3504.70,30.4,256
,00:19:13,155,10.5,05:44,81,63,,3508.50,30.4,262
,00:19:14,156,10.6,05:40,81,63,,3513.80,30.4,268
,00:19:15,156,10.7,05:37,81,63,,3518.40,30.4,272
,00:19:16,156,10.7,05:35,81,63,,3522.50,30.5,276
,00:19:17,156,10.8,05:33,81,63,,3526.10,30.4,280
,00:19:18,157,10.9,05:31,81,63,,3529.30,30.4,282
,00:19:19,157,10.9,05:30,81,63,,3532.70,30.4,284
,00:19:20,157,11.0,05:28,81,63,,3536.00,30.4,286
,00:19:21,157,11.0,05:27,81,63,,3539.30,30.4,288
,00:19:22,157,11.0,05:26,81,63,,3542.60,30.5,290
,00:19:23,156,11.1,05:25,81,63,,3546.10,30.5,294
,00:19:24,156,11.1,05:25,81,63,,3549.50,30.4,298
,00:19:25,156,11.1,05:24,81,63,,3552.90,30.4,302
,00:19:26,156,11.1,05:24,81,63,,3555.90,30.6,306
,00:19:27,157,11.1,05:23,81,63,,3559.60,30.5,310
,00:19:28,157,11.1,05:23,81,63,,3562.60,30.6,312
,00:19:29,157,11.2,05:23,81,63,,3565.70,30.6,312
,00:19:30,157,11.2,05:23,81,63,,3568.90,30.6,314
,00:19:31,157,11.2,05:22,81,63,,3572.10,30.6,314
,00:19:32,157,11.2,05:22,81,63,,3575.20,30.7,312
,00:19:33,156,11.2,05:22,81,63,,3578.30,30.6,312
,00:19:34,156,11.2,05:22,81,63,,3581.40,30.6,312
,00:19:35,156,11.2,05:22,81,63,,3584.50,30.7,312
,00:19:36,156,11.2,05:22,81,63,,3587.80,30.6,310
,00:19:37,156,11.2,05:22,80,63,,3591.10,30.6,308
,00:19:38,156,11.2,05:22,80,63,,3594.30,30.6,306
,00:19:39,156,11.2,05:22,80,63,,3597.60,30.7,306
,00:19:40,156,11.2,05:22,80,63,,3600.80,30.8,304
,00:19:41,156,11.2,05:22,80,63,,3603.70,30.8,302
,00:19:42,156,11.2,05:22,80,63,,3607.10,30.8,302
,00:19:43,157,11.2,05:22,80,63,,3610.20,30.7,302
,00:19:44,157,11.2,05:22,81,63,,3613.10,30.7,302
,00:19:45,157,11.2,05:22,81,63,,3616.00,30.9,302
,00:19:46,157,11.2,05:22,81,63,,3619.00,30.7,302
,00:19:47,156,11.2,05:22,81,63,,3621.80,30.8,302
,00:19:48,156,11.2,05:22,81,63,,3624.80,30.8,300
,00:19:49,156,11.1,05:25,80,63,,3627.60,30.8,296
,00:19:50,156,10.8,05:33,80,63,,3630.40,30.9,290
,00:19:51,156,10.5,05:42,80,63,,3632.70,30.8,280
,00:19:52,156,10.3,05:50,80,63,,3635.20,30.8,274
,00:19:53,156,10.3,05:50,80,63,,3637.40,30.9,272
,00:19:54,156,10.4,05:45,80,63,,3640.10,31.0,274
,00:19:55,156,10.6,05:40,80,63,,3642.90,30.9,276
,00:19:56,156,10.6,05:38,79,63,,3645.70,30.9,278
,00:19:57,155,10.6,05:40,79,63,,3648.30,30.9,280
,00:19:58,155,10.5,05:44,79,63,,3650.90,31.0,280
,00:19:59,155,10.3,05:50,79,63,,3653.30,30.9,280
,00:20:00,154,10.1,05:55,79,63,,3656.00,30.9,282
,00:20:01,153,10.0,06:00,79,63,,3658.70,30.9,284
,00:20:02,152,9.9,06:02,79,63,,3661.50,31.0,286
,00:20:03,152,10.0,06:01,79,63,,3663.80,31.0,292
,00:20:04,152,10.0,05:59,79,63,,3666.00,31.0,296
,00:20:05,152,10.2,05:55,79,64,,3668.60,31.0,302
,00:20:06,151,10.3,05:50,81,64,,3671.40,31.1,308
,00:20:07,151,10.4,05:47,81,64,,3674.30,31.1,310
,00:20:08,151,10.4,05:45,81,64,,3677.00,31.1,310
,00:20:09,150,10.4,05:46,81,64,,3679.90,31.1,308
,00:20:10,150,10.5,05:44,81,64,,3682.50,31.0,308
,00:20:11,150,10.6,05:41,81,64,,3685.40,31.0,308
,00:20:12,149,10.7,05:38,81,64,,3688.60,31.0,310
,00:20:13,149,10.9,05:32,81,64,,3692.20,31.0,312
,00:20:14,149,11.0,05:27,81,64,,3695.10,31.1,312
,00:20:15,149,11.0,05:27,81,64,,3698.70,31.1,310
,00:20:16,149,11.0,05:27,81,64,,3701.80,31.1,306
,00:20:17,149,11.0,05:27,81,64,,3705.00,31.0,304
,00:20:18,149,11.0,05:28,81,64,,3707.80,31.1,300
,00:20:19,149,11.0,05:29,81,64,,3711.10,31.1,298
,00:20:20,149,10.9,05:30,81,64,,3713.90,31.2,300
,00:20:21,149,10.9,05:31,81,64,,3716.60,31.1,302
,00:20:22,149,10.8,05:33,81,64,,3718.80,31.2,306
,00:20:23,149,10.8,05:34,81,64,,3721.70,31.2,310
,00:20:24,149,10.7,05:35,81,64,,3724.00,31.2,312
,00:20:25,149,10.7,05:37,81,64,,3726.80,31.1,314
,00:20:26,149,10.7,05:38,81,64,,3729.80,31.2,316
,00:20:27,149,10.6,05:38,81,65,,3733.10,31.3,316
,00:20:28,149,10.6,05:39,81,65,,3736.20,31.2,316
,00:20:29,149,10.6,05:40,81,65,,3739.10,31.2,316
,00:20:30,149,10.6,05:41,81,65,,3742.10,31.2,314
,00:20:31,149,10.5,05:42,81,65,,3744.90,31.3,310
,00:20:32,149,10.5,05:44,81,65,,3747.70,31.3,306
,00:20:33,149,10.4,05:45,81,65,,3750.60,31.2,302
,00:20:34,149,10.4,05:46,81,65,,3753.50,31.2,298
,00:20:35,149,10.4,05:47,81,65,,3756.40,31.2,292
,00:20:36,149,10.4,05:48,81,65,,3759.70,31.3,288
,00:20:37,149,10.3,05:48,81,65,,3762.70,31.3,286
,00:20:38,150,10.3,05:49,81,65,,3765.50,31.3,286
,00:20:39,150,10.3,05:49,81,65,,3768.50,31.3,286
,00:20:40,150,10.3,05:49,81,65,,3771.70,31.3,290
,00:20:41,150,10.3,05:50,81,65,,3775.40,31.3,292
,00:20:42,150,10.3,05:50,81,65,,3778.50,31.3,294
,00:20:43,150,10.3,05:50,81,65,,3781.30,31.3,294
,00:20:44,150,10.3,05:50,81,65,,3784.50,31.3,294
,00:20:45,150,10.3,05:50,81,65,,3787.20,31.3,294
,00:20:46,150,10.3,05:49,81,65,,3790.70,31.3,294
,00:20:47,151,10.4,05:48,81,65,,3793.70,31.3,294
,00:20:48,151,10.3,05:48,81,65,,3797.00,31.3,292
,00:20:49,151,10.3,05:49,81,65,,3800.10,31.3,290
,00:20:50,151,10.3,05:49,81,65,,3802.80,31.4,290
,00:20:51,151,10.3,05:49,81,65,,3805.80,31.4,290
,00:20:52,151,10.3,05:49,81,65,,3809.20,31.4,290
,00:20:53,151,10.3,05:48,81,65,,3811.90,31.5,288
,00:20:54,152,10.4,05:48,81,65,,3815.20,31.4,288
,00:20:55,151,10.4,05:47,81,65,,3817.50,31.3,288
,00:20:56,152,10.4,05:46,81,65,,3821.10,31.4,286
,00:20:57,152,10.4,05:46,81,65,,3823.80,31.5,286
,00:20:58,152,10.4,05:45,81,65,,3826.90,31.4,284
,00:20:59,153,10.4,05:45,81,65,,3829.90,31.5,282
,00:21:00,153,10.5,05:44,81,65,,3832.50,31.4,280
,00:21:01,153,10.5,05:44,81,65,,3835.60,31.5,276
,00:21:02,153,10.5,05:43,81,65,,3838.90,31.5,274
,00:21:03,154,10.5,05:43,81,64,,3841.50,31.4,272
,00:21:04,154,10.5,05:42,81,64,,3844.60,31.5,270
,00:21:05,154,10.5,05:42,81,64,,3847.70,31.6,270
,00:21:06,154,10.5,05:41,81,64,,3850.80,31.5,268
,00:21:07,154,10.5,05:41,81,64,,3853.50,31.5,266
,00:21:08,154,10.6,05:41,81,64,,3856.60,31.6,266
,00:21:09,154,10.6,05:41,81,64,,3860.10,31.6,266
,00:21:10,154,10.6,05:40,81,64,,3862.50,31.5,266
,00:21:11,155,10.6,05:40,81,64,,3865.30,31.5,266
,00:21:12,155,10.6,05:40,81,64,,3868.10,31.6,264
,00:21:13,156,10.6,05:40,81,64,,3871.80,31.5,264
,00:21:14,155,10.6,05:40,81,64,,3874.50,31.7,262
,00:21:15,156,10.6,05:40,81,64,,3877.20,31.6,262
,00:21:16,156,10.6,05:40,81,64,,3880.50,31.6,260
,00:21:17,156,10.6,05:40,81,63,,3883.90,31.6,260
,00:21:18,157,10.6,05:40,81,63,,3886.80,31.7,258
,00:21:19,157,10.6,05:40,81,63,,3889.90,31.7,258
,00:21:20,157,10.6,05:40,81,63,,3892.90,31.6,260
,00:21:21,157,10.6,05:40,82,63,,3896.10,31.7,260
,00:21:22,157,10.6,05:39,82,63,,3899.10,31.7,260
,00:21:23,157,10.6,05:39,82,63,,3901.60,31.6,262
,00:21:24,157,10.6,05:39,82,63,,3905.00,31.8,262
,00:21:25,157,10.6,05:39,82,63,,3908.10,31.7,262
,00:21:26,157,10.6,05:38,82,63,,3911.30,31.8,262
,00:21:27,157,10.6,05:38,83,63,,3914.50,31.7,262
,00:21:28,158,10.7,05:38,83,63,,3917.50,31.8,260
,00:21:29,158,10.7,05:38,82,62,,3920.70,31.7,260
,00:21:30,158,10.7,05:37,83,62,,3923.80,31.7,260
,00:21:31,158,10.7,05:37,82,62,,3926.70,31.7,262
,00:21:32,158,10.7,05:36,83,62,,3930.10,31.8,262
,00:21:33,158,10.7,05:35,83,62,,3933.20,31.9,264
,00:21:34,157,10.7,05:35,83,62,,3936.20,31.8,264
,00:21:35,157,10.8,05:35,83,62,,3938.90,31.8,264
,00:21:36,157,10.8,05:34,83,62,,3941.90,31.8,264
,00:21:37,157,10.8,05:34,83,62,,3945.60,31.9,264
,00:21:38,157,10.8,05:33,82,62,,3948.80,31.8,264
,00:21:39,158,10.8,05:33,83,62,,3952.00,32.0,264
,00:21:40,158,10.8,05:32,82,62,,3955.20,31.9,264
,00:21:41,158,10.9,05:32,82,61,,3958.20,31.9,264
,00:21:42,158,10.9,05:31,82,61,,3961.20,32.0,264
,00:21:43,158,10.9,05:31,83,61,,3964.20,32.0,266
,00:21:44,158,10.9,05:31,83,61,,3967.30,32.0,266
,00:21:45,158,10.9,05:31,83,61,,3970.40,31.9,268
,00:21:46,158,10.9,05:31,83,61,,3973.50,32.0,268
,00:21:47,158,10.9,05:31,83,61,,3976.50,32.0,270
,00:21:48,158,10.9,05:31,82,61,,3979.50,31.9,270
,00:21:49,158,10.9,05:31,82,61,,3982.70,32.1,270
,00:21:50,158,10.9,05:30,83,61,,3986.00,32.1,270
,00:21:51,158,10.9,05:30,82,61,,3989.30,32.0,272
,00:21:52,158,10.9,05:29,82,61,,3992.50,32.0,272
,00:21:53,158,10.9,05:29,83,61,,3995.70,32.1,272
,00:21:54,158,10.9,05:29,82,61,,3998.40,32.0,274
,00:21:55,158,10.9,05:29,83,61,,4001.40,32.1,276
,00:21:56,158,11.0,05:29,82,61,,4004.80,31.9,276
,00:21:57,158,11.0,05:29,82,61,,4008.00,32.0,278
,00:21:58,159,11.0,05:29,82,61,,4011.10,32.1,280
,00:21:59,159,11.0,05:28,82,61,,4014.40,32.1,282
,00:22:00,159,11.0,05:27,82,61,,4017.50,32.0,282
,00:22:01,158,11.0,05:27,82,61,,4020.80,32.0,284
,00:22:02,158,11.0,05:27,82,61,,4024.30,32.1,286
,00:22:03,158,11.0,05:26,82,61,,4028.00,32.0,286
,00:22:04,158,11.1,05:25,82,61,,4031.50,32.1,288
,00:22:05,158,11.1,05:25,82,61,,4034.40,32.1,288
,00:22:06,158,11.1,05:24,82,61,,4037.50,32.1,290
,00:22:07,158,11.1,05:24,82,61,,4040.70,32.1,290
,00:22:08,158,11.1,05:23,82,61,,4043.60,32.2,290
,00:22:09,158,11.1,05:23,82,61,,4046.60,32.2,292
,00:22:10,158,11.2,05:23,82,61,,4049.40,32.2,296
,00:22:11,157,11.2,05:23,82,61,,4052.30,32.1,298
,00:22:12,157,11.2,05:23,82,61,,4055.30,32.1,302
,00:22:13,157,11.2,05:23,82,61,,4058.00,32.2,306
,00:22:14,157,11.2,05:23,82,61,,4060.90,32.2,308
,00:22:15,157,11.2,05:23,82,61,,4063.80,32.2,310
,00:22:16,157,11.2,05:23,82,61,,4066.80,32.3,312
,00:22:17,156,11.1,05:23,82,61,,4069.90,32.3,312
,00:22:18,156,11.1,05:23,82,61,,4073.00,32.3,312
,00:22:19,156,11.1,05:23,82,61,,4076.00,32.3,310
,00:22:20,156,11.1,05:24,82,61,,4078.80,32.3,310
,00:22:21,155,11.1,05:24,82,61,,4081.80,32.3,310
,00:22:22,155,11.1,05:24,82,61,,4084.80,32.3,312
,00:22:23,154,11.1,05:24,82,61,,4087.50,32.2,314
,00:22:24,154,11.1,05:24,82,61,,4090.30,32.3,316
,00:22:25,152,11.1,05:24,82,61,,4093.00,32.3,318
,00:22:26,152,11.1,05:24,82,61,,4095.70,32.3,320
,00:22:27,153,11.1,05:25,82,61,,4098.40,32.3,320
,00:22:28,153,11.1,05:25,82,61,,4101.00,32.3,320
,00:22:29,152,11.0,05:26,82,61,,4103.80,32.4,320
,00:22:30,152,11.0,05:26,82,61,,4106.60,32.3,320
,00:22:31,152,11.0,05:27,82,61,,4109.40,32.4,322
,00:22:32,152,11.0,05:27,82,61,,4112.50,32.3,326
,00:22:33,151,11.0,05:27,83,61,,4115.40,32.3,328
,00:22:34,152,11.0,05:28,82,61,,4118.20,32.3,330
,00:22:35,152,11.0,05:28,82,61,,4121.00,32.4,330
,00:22:36,152,10.9,05:29,82,61,,4124.00,32.3,330
,00:22:37,152,10.9,05:30,82,61,,4126.90,32.3,330
,00:22:38,152,10.9,05:30,82,61,,4129.90,32.3,330
,00:22:39,153,10.9,05:31,82,62,,4132.90,32.4,330
,00:22:40,153,10.9,05:31,82,62,,4136.00,32.3,330
,00:22:41,153,10.9,05:32,82,62,,4139.10,32.3,330
,00:22:42,153,10.9,05:32,82,62,,4142.10,32.4,330
,00:22:43,154,10.8,05:32,82,62,,4145.20,32.3,330
,00:22:44,154,10.8,05:32,82,62,,4148.40,32.3,330
,00:22:45,154,10.8,05:32,82,62,,4151.40,32.4,328
,00:22:46,155,10.8,05:32,82,62,,4154.30,32.4,328
,00:22:47,155,10.8,05:32,82,62,,4157.30,32.3,326
,00:22:48,155,10.8,05:32,82,62,,4160.40,32.4,326
,00:22:49,155,10.8,05:33,82,62,,4163.40,32.3,324
,00:22:50,156,10.8,05:33,82,62,,4166.30,32.3,322
,00:22:51,156,10.8,05:33,82,62,,4169.40,32.3,322
,00:22:52,156,10.8,05:33,82,62,,4172.40,32.5,322
,00:22:53,157,10.8,05:33,82,62,,4175.50,32.5,320
,00:22:54,156,10.8,05:33,82,62,,4178.70,32.4,320
,00:22:55,157,10.8,05:33,82,63,,4181.90,32.3,320
,00:22:56,156,10.8,05:33,82,63,,4185.00,32.3,322
,00:22:57,156,10.8,05:33,82,63,,4188.30,32.3,322
,00:22:58,156,10.8,05:33,82,63,,4191.50,32.4,324
,00:22:59,156,10.8,05:33,82,63,,4194.60,32.2,326
,00:23:00,156,10.8,05:33,83,63,,4197.80,32.3,326
,00:23:01,157,10.8,05:33,83,63,,4200.90,32.3,328
,00:23:02,157,10.8,05:33,82,63,,4204.00,32.3,328
,00:23:03,157,10.8,05:33,82,63,,4207.10,32.4,326
,00:23:04,157,10.8,05:33,82,63,,4210.30,32.4,326
,00:23:05,157,10.8,05:33,82,64,,4213.50,32.4,328
,00:23:06,157,10.8,05:33,82,64,,4216.60,32.3,330
,00:23:07,157,10.8,05:33,82,64,,4219.80,32.3,334
,00:23:08,157,10.8,05:33,82,64,,4222.90,32.3,336
,00:23:09,157,10.8,05:33,82,64,,4226.20,32.4,340
,00:23:10,157,10.8,05:33,82,64,,4229.20,32.4,344
,00:23:11,158,10.8,05:32,82,65,,4232.30,32.3,348
,00:23:12,158,10.8,05:32,82,65,,4235.50,32.3,350
,00:23:13,158,10.9,05:32,82,65,,4238.50,32.3,352
,00:23:14,158,10.9,05:32,82,65,,4241.50,32.3,354
,00:23:15,157,10.9,05:32,83,65,,4244.50,32.3,358
,00:23:16,157,10.9,05:31,82,65,,4247.50,32.3,360
,00:23:17,157,10.9,05:31,82,65,,4250.50,32.3,364
,00:23:18,157,10.9,05:31,82,65,,4253.20,32.3,366
,00:23:19,157,10.9,05:31,82,65,,4256.40,32.4,368
,00:23:20,157,10.9,05:31,82,65,,4259.40,32.2,370
,00:23:21,157,10.9,05:31,82,65,,4262.20,32.3,370
,00:23:22,157,10.9,05:31,82,65,,4265.20,32.3,370
,00:23:23,157,10.9,05:31,82,66,,4268.30,32.3,372
,00:23:24,157,10.9,05:31,82,66,,4271.40,32.3,374
,00:23:25,157,10.9,05:31,82,66,,4274.40,32.3,378
,00:23:26,157,10.9,05:31,82,66,,4277.60,32.2,384
,00:23:27,157,10.9,05:31,82,67,,4280.90,32.3,388
,00:23:28,157,10.9,05:31,82,67,,4283.80,32.2,390
,00:23:29,156,10.9,05:31,82,67,,4286.80,32.2,392
,00:23:30,157,10.9,05:31,82,67,,4289.90,32.2,394
,00:23:31,157,10.9,05:31,82,68,,4293.00,32.2,394
,00:23:32,157,10.9,05:30,82,68,,4295.90,32.3,394
,00:23:33,157,10.9,05:30,82,68,,4298.90,32.2,394
,00:23:34,157,10.9,05:30,82,68,,4301.90,32.1,392
,00:23:35,157,10.9,05:30,82,68,,4304.80,32.1,392
,00:23:36,157,10.9,05:29,82,68,,4307.90,32.1,392
,00:23:37,157,10.9,05:29,82,69,,4310.90,32.2,390
,00:23:38,157,11.0,05:29,82,69,,4314.00,32.2,388
,00:23:39,157,11.0,05:29,83,69,,4317.10,32.1,388
,00:23:40,157,11.0,05:28,83,69,,4320.30,32.1,386
,00:23:41,157,11.0,05:28,83,69,,4323.50,32.2,384
,00:23:42,157,11.0,05:28,83,69,,4326.60,32.1,384
,00:23:43,158,11.0,05:28,83,70,,4329.90,32.1,382
,00:23:44,158,11.0,05:28,82,70,,4333.30,32.1,384
,00:23:45,158,11.0,05:27,82,70,,4336.60,32.0,384
,00:23:46,158,11.0,05:27,82,70,,4339.90,32.1,386
,00:23:47,158,11.0,05:27,82,71,,4343.30,32.1,388
,00:23:48,158,11.0,05:27,82,71,,4346.70,32.1,390
,00:23:49,158,11.0,05:26,82,71,,4350.30,32.1,392
,00:23:50,158,11.0,05:26,82,71,,4353.30,32.0,394
,00:23:51,158,11.1,05:26,82,71,,4356.50,32.1,396
,00:23:52,158,11.1,05:26,82,71,,4359.60,32.1,398
,00:23:53,159,11.1,05:25,82,71,,4362.60,32.1,398
,00:23:54,159,11.1,05:25,82,71,,4365.70,32.1,396
,00:23:55,159,11.1,05:25,82,71,,4368.70,32.1,396
,00:23:56,159,11.1,05:25,82,71,,4371.70,32.1,394
,00:23:57,160,11.1,05:25,82,72,,4374.50,32.1,388
,00:23:58,160,11.1,05:26,82,72,,4377.00,32.0,384
,00:23:59,160,11.1,05:26,82,72,,4380.30,32.0,378
,00:24:00,160,11.0,05:26,82,72,,4383.30,32.1,374
,00:24:01,160,11.0,05:26,82,72,,4386.30,32.1,368
,00:24:02,160,11.0,05:27,83,72,,4389.30,32.1,364
,00:24:03,160,11.0,05:27,83,72,,4392.60,32.1,358
,00:24:04,160,11.0,05:27,83,72,,4395.70,32.0,352
,00:24:05,159,11.0,05:27,82,72,,4399.50,32.1,346
,00:24:06,159,11.0,05:27,82,72,,4402.80,32.1,340
,00:24:07,159,11.0,05:27,82,72,,4406.20,32.1,334
,00:24:08,160,11.0,05:27,82,72,,4409.80,32.0,328
,00:24:09,160,11.0,05:27,82,72,,4413.50,32.0,322
,00:24:10,160,11.0,05:27,82,72,,4416.60,32.1,316
,00:24:11,160,11.0,05:27,82,72,,4419.80,32.1,310
,00:24:12,160,11.0,05:28,82,72,,4423.10,32.1,304
,00:24:13,161,11.0,05:28,83,72,,4425.90,32.0,298
,00:24:14,161,11.0,05:27,83,72,,4428.90,32.1,294
,00:24:15,161,11.0,05:27,83,71,,4432.10,32.0,288
,00:24:16,161,11.0,05:27,83,71,,4435.30,32.1,284
,00:24:17,161,11.0,05:26,83,71,,4438.00,32.1,282
,00:24:18,161,11.1,05:26,83,71,,4441.30,32.1,280
,00:24:19,161,11.1,05:25,83,71,,4444.90,32.0,276
,00:24:20,161,11.1,05:25,83,71,,4447.80,32.1,274
,00:24:21,161,11.1,05:25,82,71,,4450.80,32.0,272
,00:24:22,161,11.1,05:25,82,71,,4454.30,32.2,268
,00:24:23,162,11.1,05:25,82,70,,4457.20,32.1,264
,00:24:24,162,11.1,05:25,82,70,,4460.30,32.0,260
,00:24:25,162,11.1,05:25,82,70,,4463.20,32.1,258
,00:24:26,162,11.1,05:25,82,70,,4466.90,32.1,256
,00:24:27,162,11.1,05:24,83,70,,4469.60,32.2,254
,00:24:28,163,11.1,05:24,83,70,,4472.30,32.2,252
,00:24:29,163,11.1,05:26,83,69,,4475.60,32.1,250
,00:24:30,163,11.0,05:27,82,69,,4478.90,32.1,248
,00:24:31,163,11.0,05:27,82,69,,4481.60,32.1,246
,00:24:32,163,11.0,05:26,82,69,,4484.50,32.1,246
,00:24:33,162,11.1,05:26,82,69,,4487.40,32.1,246
,00:24:34,163,11.1,05:26,82,69,,4490.40,32.1,244
,00:24:35,162,11.1,05:25,82,69,,4493.40,32.3,246
,00:24:36,163,11.1,05:25,82,69,,4495.90,32.1,248
,00:24:37,162,11.1,05:25,82,69,,4499.10,32.1,250
,00:24:38,162,11.1,05:25,82,69,,4502.00,32.1,252
,00:24:39,162,11.1,05:25,82,69,,4505.00,32.1,254
,00:24:40,162,11.1,05:24,82,69,,4507.70,32.1,256
,00:24:41,161,11.0,05:27,82,69,,4510.90,32.1,258
,00:24:42,161,10.9,05:29,82,69,,4513.60,32.2,260
,00:24:43,161,10.9,05:30,82,69,,4516.50,32.3,260
,00:24:44,161,10.8,05:32,82,69,,4519.30,32.3,262
,00:24:45,161,10.9,05:31,82,69,,4522.30,32.1,264
,00:24:46,161,10.8,05:33,82,69,,4525.10,32.2,264
,00:24:47,161,10.8,05:34,82,69,,4528.30,32.2,264
,00:24:48,161,10.8,05:33,83,69,,4530.60,32.1,266
,00:24:49,161,10.9,05:31,82,69,,4533.90,32.3,268
,00:24:50,160,10.9,05:31,82,69,,4536.50,32.3,270
,00:24:51,160,10.9,05:30,82,69,,4539.70,32.2,272
,00:24:52,160,10.9,05:30,82,69,,4542.30,32.2,272
,00:24:53,160,10.9,05:31,82,69,,4544.90,32.3,272
,00:24:54,160,10.9,05:31,82,69,,4548.00,32.3,274
,00:24:55,160,10.8,05:32,82,69,,4551.20,32.3,274
,00:24:56,160,10.8,05:35,82,69,,4553.50,32.3,272
,00:24:57,160,10.6,05:39,82,69,,4556.70,32.3,270
,00:24:58,160,10.6,05:41,82,69,,4559.20,32.3,270
,00:24:59,160,10.6,05:40,83,69,,4562.30,32.3,272
,00:25:00,160,10.6,05:39,82,69,,4564.90,32.3,272
,00:25:01,160,10.6,05:39,82,68,,4568.20,32.5,272
,00:25:02,160,10.6,05:38,82,68,,4571.00,32.4,272
,00:25:03,160,10.6,05:38,82,68,,4574.10,32.4,272
,00:25:04,159,10.6,05:38,82,68,,4577.00,32.3,274
,00:25:05,159,10.7,05:38,83,68,,4580.40,32.4,274
,00:25:06,159,10.7,05:38,82,68,,4583.50,32.3,274
,00:25:07,158,10.7,05:37,82,68,,4586.90,32.3,272
,00:25:08,158,10.7,05:37,82,68,,4589.80,32.3,272
,00:25:09,158,10.7,05:37,82,68,,4593.30,32.4,274
,00:25:10,158,10.7,05:37,82,68,,4596.10,32.3,272
,00:25:11,158,10.7,05:37,82,68,,4599.30,32.5,272
,00:25:12,158,10.7,05:37,82,68,,4602.40,32.5,270
,00:25:13,158,10.7,05:37,83,67,,4605.50,32.4,270
,00:25:14,158,10.7,05:37,82,67,,4608.70,32.5,268
,00:25:15,157,10.7,05:37,82,67,,4611.90,32.3,268
,00:25:16,157,10.7,05:37,82,67,,4615.00,32.4,268
,00:25:17,157,10.7,05:37,82,67,,4618.40,32.3,268
,00:25:18,156,10.7,05:37,83,67,,4621.10,32.4,268
,00:25:19,156,10.7,05:37,82,67,,4624.70,32.5,268
,00:25:20,156,10.7,05:37,82,67,,4627.90,32.4,268
,00:25:21,157,10.7,05:37,82,67,,4631.20,32.4,268
,00:25:22,157,10.7,05:37,82,67,,4634.50,32.5,270
,00:25:23,157,10.7,05:37,82,67,,4637.70,32.4,270
,00:25:24,157,10.7,05:37,82,67,,4640.90,32.5,268
,00:25:25,157,10.7,05:37,82,67,,4644.10,32.5,268
,00:25:26,157,10.7,05:37,82,67,,4647.10,32.5,268
,00:25:27,157,10.7,05:37,82,66,,4650.30,32.5,268
,00:25:28,157,10.7,05:37,82,66,,4653.20,32.5,270
,00:25:29,157,10.7,05:37,82,66,,4656.10,32.6,272
,00:25:30,157,10.7,05:37,82,66,,4658.90,32.5,272
,00:25:31,157,10.7,05:37,82,66,,4661.70,32.6,274
,00:25:32,157,10.7,05:37,82,66,,4664.60,32.5,274
,00:25:33,157,10.7,05:36,82,66,,4667.60,32.6,272
,00:25:34,157,10.7,05:36,82,66,,4670.70,32.6,272
,00:25:35,157,10.7,05:36,82,66,,4673.70,32.6,272
,00:25:36,157,10.7,05:35,82,66,,4676.70,32.5,272
,00:25:37,157,10.8,05:35,82,66,,4679.70,32.6,272
,00:25:38,157,10.8,05:35,81,66,,4682.90,32.6,272
,00:25:39,157,10.8,05:34,81,66,,4686.30,32.6,272
,00:25:40,157,10.8,05:34,81,66,,4689.30,32.6,272
,00:25:41,157,10.8,05:34,81,66,,4692.20,32.6,270
,00:25:42,157,10.8,05:34,80,66,,4694.70,32.6,270
,00:25:43,157,10.8,05:34,80,65,,4697.50,32.6,270
,00:25:44,157,10.8,05:34,80,65,,4700.30,32.6,268
,00:25:45,157,10.8,05:34,80,65,,4702.90,32.7,158
,00:25:46,157,10.8,05:34,81,65,,4705.50,32.7,284
,00:25:47,156,10.8,05:34,81,34,,4708.00,32.7,352
,00:25:48,157,10.8,05:34,81,34,,4710.30,32.6,322
,00:25:49,157,10.8,05:34,81,48,,4713.20,32.7,250
,00:25:50,157,10.8,05:34,81,48,,4716.10,32.6,186
,00:25:51,157,10.8,05:34,81,48,,4719.30,32.8,154
,00:25:52,157,10.8,05:34,81,55,,4722.10,32.8,152
,00:25:53,157,10.8,05:34,81,58,,4725.10,32.7,176
,00:25:54,157,10.8,05:34,81,58,,4728.30,32.7,214
,00:25:55,157,10.8,05:34,81,58,,4731.30,32.8,256
,00:25:56,157,10.8,05:34,81,58,,4734.40,32.7,294
,00:25:57,156,10.8,05:34,80,58,,4737.30,32.7,326
,00:25:58,156,10.8,05:34,80,58,,4740.20,32.8,350
,00:25:59,156,10.8,05:34,81,60,,4743.00,32.8,364
,00:26:00,156,10.8,05:34,81,60,,4745.90,32.8,372
,00:26:01,156,10.8,05:34,81,60,,4748.80,32.8,374
,00:26:02,155,10.8,05:34,81,60,,4751.60,32.8,370
,00:26:03,155,10.8,05:34,81,60,,4754.20,32.7,362
,00:26:04,155,10.8,05:34,81,60,,4756.90,32.7,352
,00:26:05,156,10.8,05:34,81,60,,4759.70,32.8,340
,00:26:06,156,10.8,05:34,81,60,,4762.30,32.8,328
,00:26:07,156,10.8,05:34,81,60,,4765.20,32.8,316
,00:26:08,157,10.8,05:34,81,60,,4768.10,32.7,304
,00:26:09,157,10.8,05:35,81,59,,4771.10,32.7,294
,00:26:10,157,10.8,05:35,81,59,,4774.20,32.7,284
,00:26:11,157,10.8,05:33,81,59,,4777.50,32.6,276
,00:26:12,157,10.9,05:30,81,59,,4780.90,32.8,272
,00:26:13,157,11.0,05:28,81,59,,4784.40,32.8,268
,00:26:14,157,11.0,05:28,81,59,,4788.00,32.8,262
,00:26:15,157,10.9,05:29,81,59,,4791.60,32.8,258
,00:26:16,157,10.9,05:30,81,59,,4794.90,32.8,254
,00:26:17,158,10.9,05:31,81,59,,4798.20,32.7,250
,00:26:18,158,10.9,05:31,81,58,,4801.30,32.8,248
,00:26:19,158,10.8,05:32,81,58,,4804.50,32.8,246
,00:26:20,158,10.8,05:32,81,58,,4807.50,32.9,244
,00:26:21,159,10.8,05:33,81,58,,4810.50,32.8,244
,00:26:22,159,10.8,05:33,81,58,,4813.60,32.9,244
,00:26:23,159,10.8,05:33,81,58,,4816.50,32.9,244
,00:26:24,159,10.8,05:33,81,58,,4819.60,32.8,244
,00:26:25,159,10.8,05:34,81,58,,4822.60,32.8,246
,00:26:26,159,10.8,05:34,81,58,,4825.60,32.9,248
,00:26:27,158,10.8,05:34,81,58,,4828.80,32.9,250
,00:26:28,158,10.8,05:34,81,58,,4831.90,32.9,254
,00:26:29,158,10.8,05:34,81,58,,4835.10,32.8,258
,00:26:30,158,10.8,05:34,81,58,,4838.20,32.9,262
,00:26:31,158,10.8,05:34,81,58,,4841.30,32.9,266
,00:26:32,159,10.8,05:34,80,58,,4844.50,33.0,270
,00:26:33,159,10.8,05:34,80,58,,4847.60,32.9,274
,00:26:34,159,10.8,05:34,80,58,,4850.80,32.9,278
,00:26:35,159,10.8,05:34,80,58,,4853.90,32.9,282
,00:26:36,159,10.8,05:34,80,58,,4856.90,32.9,286
,00:26:37,159,10.8,05:35,80,58,,4859.90,32.9,292
,00:26:38,159,10.8,05:35,80,57,,4862.60,33.0,294
,00:26:39,159,10.7,05:35,81,57,,4865.30,33.0,298
,00:26:40,159,10.7,05:35,81,57,,4868.00,33.0,302
,00:26:41,158,10.7,05:36,81,57,,4870.80,33.0,304
,00:26:42,158,10.7,05:36,81,57,,4873.30,33.1,304
,00:26:43,158,10.7,05:36,81,57,,4876.00,33.1,302
,00:26:44,158,10.7,05:36,81,57,,4878.70,33.0,302
,00:26:45,158,10.7,05:36,81,57,,4881.30,33.1,302
,00:26:46,158,10.7,05:36,81,56,,4883.80,33.2,304
,00:26:47,157,10.7,05:36,80,56,,4886.60,33.0,304
,00:26:48,157,10.7,05:36,80,56,,4889.50,33.2,304
,00:26:49,157,10.6,05:40,80,56,,4892.00,33.1,302
,00:26:50,156,10.3,05:48,81,56,,4895.30,33.2,298
,00:26:51,156,10.3,05:50,81,56,,4897.80,33.1,298
,00:26:52,156,10.4,05:48,81,57,,4900.60,33.3,304
,00:26:53,155,10.4,05:46,81,57,,4903.40,33.2,310
,00:26:54,154,10.4,05:46,81,57,,4906.20,33.2,316
,00:26:55,154,10.4,05:46,80,57,,4909.10,33.4,320
,00:26:56,154,10.4,05:46,80,57,,4911.90,33.2,322
,00:26:57,154,10.4,05:46,81,57,,4914.70,33.3,324
,00:26:58,154,10.4,05:47,81,57,,4917.80,33.3,326
,00:26:59,154,10.4,05:47,81,57,,4920.20,33.3,326
,00:27:00,154,10.4,05:47,81,57,,4923.00,33.3,328
,00:27:01,155,10.4,05:47,80,58,,4925.90,33.4,328
,00:27:02,154,10.4,05:47,81,58,,4928.60,33.3,328
,00:27:03,155,10.4,05:47,81,58,,4931.40,33.3,326
,00:27:04,154,10.4,05:47,81,58,,4934.00,33.4,326
,00:27:05,154,10.4,05:47,81,58,,4936.90,33.4,326
,00:27:06,154,10.4,05:46,81,58,,4940.10,33.4,326
,00:27:07,154,10.5,05:44,81,58,,4942.70,33.3,326
,00:27:08,154,10.5,05:44,81,58,,4945.60,33.3,326
,00:27:09,154,10.5,05:44,81,59,,4948.60,33.3,324
,00:27:10,154,10.4,05:45,81,59,,4951.50,33.4,322
,00:27:11,154,10.4,05:45,81,59,,4954.50,33.3,320
,00:27:12,154,10.4,05:46,81,59,,4957.70,33.3,320
,00:27:13,154,10.4,05:46,81,59,,4960.40,33.4,320
,00:27:14,154,10.4,05:46,81,59,,4963.30,33.3,320
,00:27:15,154,10.4,05:46,81,59,,4966.10,33.5,320
,00:27:16,154,10.4,05:47,81,59,,4969.20,33.3,320
,00:27:17,154,10.4,05:47,81,59,,4971.70,33.4,320
,00:27:18,155,10.4,05:48,81,59,,4974.80,33.2,320
,00:27:19,154,10.3,05:49,81,59,,4977.80,33.3,318
,00:27:20,155,10.3,05:51,81,59,,4980.50,33.4,318
,00:27:21,155,10.2,05:52,81,59,,4983.10,33.4,316
,00:27:22,154,10.2,05:53,81,59,,4986.20,33.5,314
,00:27:23,155,10.2,05:54,80,59,,4989.00,33.4,314
,00:27:24,155,10.1,05:55,80,59,,4991.90,33.3,312
,00:27:25,155,10.1,05:56,81,59,,4994.70,33.4,312
,00:27:26,155,10.1,05:56,81,59,,4997.50,33.5,310
,00:27:27,156,10.1,05:56,81,59,,5000.90,33.3,308
,00:27:28,156,10.1,05:57,81,59,,5003.90,33.3,308
,00:27:29,156,10.1,05:57,81,59,,5006.80,33.4,308
,00:27:30,156,10.1,05:58,81,59,,5009.50,33.4,310
,00:27:31,156,10.1,05:58,81,60,,5012.80,33.4,312
,00:27:32,156,10.1,05:58,81,60,,5015.50,33.5,316
,00:27:33,156,10.1,05:58,81,60,,5018.50,33.5,318
,00:27:34,156,10.2,05:54,81,60,,5021.40,33.4,324
,00:27:35,156,10.3,05:50,81,60,,5024.40,33.4,328
,00:27:36,156,10.2,05:52,81,60,,5027.20,33.4,328
,00:27:37,156,10.2,05:53,81,60,,5030.00,33.4,326
,00:27:38,156,10.2,05:54,81,60,,5032.60,33.5,324
,00:27:39,156,10.1,05:55,81,61,,5035.80,33.5,322
,00:27:40,156,10.1,05:56,82,61,,5038.40,33.5,322
,00:27:41,156,10.1,05:56,82,61,,5042.00,33.5,320
,00:27:42,155,10.1,05:57,82,61,,5044.30,33.4,320
,00:27:43,155,10.1,05:57,82,61,,5047.60,33.3,318
,00:27:44,155,10.1,05:56,82,61,,5050.40,33.5,318
,00:27:45,155,10.2,05:54,82,61,,5053.00,33.5,318
,00:27:46,155,10.2,05:53,82,61,,5055.90,33.5,316
,00:27:47,156,10.2,05:52,82,61,,5059.10,33.5,316
,00:27:48,156,10.2,05:51,82,61,,5062.00,33.5,316
,00:27:49,156,10.3,05:51,82,61,,5065.30,33.6,316
,00:27:50,156,10.3,05:50,81,61,,5067.70,33.5,316
,00:27:51,156,10.3,05:50,80,61,,5070.80,33.6,314
,00:27:52,156,10.3,05:49,80,61,,5073.70,33.5,314
,00:27:53,156,10.3,05:49,80,61,,5076.70,33.5,312
,00:27:54,156,10.3,05:49,80,61,,5079.60,33.6,310
,00:27:55,156,10.3,05:49,80,61,,5082.60,33.5,310
,00:27:56,156,10.3,05:48,81,61,,5085.60,33.6,306
,00:27:57,156,10.3,05:48,81,61,,5088.50,33.5,304
,00:27:58,156,10.3,05:48,81,61,,5091.00,33.6,302
,00:27:59,156,10.3,05:48,81,61,,5094.20,33.5,298
,00:28:00,156,10.3,05:48,80,61,,5097.40,33.6,296
,00:28:01,156,10.3,05:48,81,61,,5100.10,33.6,294
,00:28:02,156,10.3,05:48,81,61,,5102.80,33.8,290
,00:28:03,156,10.3,05:48,81,61,,5105.60,33.6,288
,00:28:04,156,10.4,05:47,81,61,,5108.90,33.5,286
,00:28:05,156,10.4,05:47,81,61,,5111.50,33.7,282
,00:28:06,156,10.4,05:47,81,61,,5114.20,33.6,280
,00:28:07,156,10.4,05:47,81,61,,5116.90,33.6,278
,00:28:08,156,10.4,05:47,81,61,,5119.90,33.7,276
,00:28:09,156,10.4,05:47,81,61,,5122.60,33.6,276
,00:28:10,156,10.4,05:47,81,61,,5125.90,33.7,274
,00:28:11,156,10.4,05:47,81,61,,5128.80,33.7,272
,00:28:12,156,10.4,05:47,81,61,,5131.70,33.6,272
,00:28:13,157,10.4,05:47,81,61,,5134.20,33.6,270
,00:28:14,157,10.4,05:47,81,61,,5137.30,33.8,270
,00:28:15,157,10.4,05:47,81,61,,5140.20,33.8,270
,00:28:16,157,10.4,05:47,80,61,,5143.40,33.7,270
,00:28:17,157,10.4,05:47,80,61,,5145.90,33.7,272
,00:28:18,157,10.4,05:47,80,61,,5148.80,33.7,274
,00:28:19,156,10.4,05:47,80,61,,5151.60,33.8,276
,00:28:20,156,10.4,05:47,80,61,,5154.60,33.7,280
,00:28:21,156,10.4,05:47,81,61,,5157.40,33.7,284
,00:28:22,156,10.4,05:47,81,61,,5160.20,33.7,290
,00:28:23,156,10.4,05:47,81,61,,5163.10,33.7,294
,00:28:24,156,10.4,05:47,81,61,,5166.00,33.7,300
,00:28:25,156,10.4,05:47,80,62,,5168.80,33.8,304
,00:28:26,156,10.4,05:47,81,62,,5172.20,33.8,308
,00:28:27,156,10.4,05:47,81,62,,5174.80,33.7,310
,00:28:28,156,10.4,05:47,81,62,,5177.80,33.9,312
,00:28:29,157,10.4,05:47,81,62,,5180.80,33.8,314
,00:28:30,157,10.4,05:47,81,62,,5183.80,33.9,314
,00:28:31,157,10.4,05:47,80,62,,5187.20,33.8,312
,00:28:32,157,10.4,05:45,81,62,,5190.00,33.9,312
,00:28:33,157,10.5,05:43,81,62,,5193.00,33.9,312
,00:28:34,157,10.5,05:44,81,62,,5196.40,33.8,308
,00:28:35,156,10.5,05:44,81,62,,5198.50,33.9,304
,00:28:36,156,10.4,05:45,80,62,,5201.70,33.8,302
,00:28:37,156,10.4,05:45,81,62,,5204.50,33.9,302
,00:28:38,156,10.4,05:46,81,62,,5207.30,33.9,302
,00:28:39,155,10.4,05:46,81,62,,5210.20,33.9,302
,00:28:40,155,10.4,05:46,81,62,,5213.10,33.9,302
,00:28:41,155,10.4,05:46,81,62,,5216.00,33.9,302
,00:28:42,155,10.4,05:47,81,62,,5218.90,33.9,304
,00:28:43,155,10.4,05:47,80,62,,5221.50,33.8,306
,00:28:44,155,10.4,05:47,80,62,,5224.60,33.9,308
,00:28:45,156,10.4,05:47,80,63,,5227.70,33.9,312
,00:28:46,156,10.4,05:47,80,63,,5230.90,33.9,314
,00:28:47,156,10.4,05:47,81,63,,5233.20,33.9,316
,00:28:48,156,10.4,05:47,81,63,,5236.30,34.0,316
,00:28:49,156,10.4,05:47,80,63,,5238.80,33.8,318
,00:28:50,156,10.4,05:47,80,63,,5241.80,33.9,316
,00:28:51,156,10.4,05:47,80,63,,5244.70,33.9,316
,00:28:52,155,10.4,05:47,80,63,,5247.40,33.9,314
,00:28:53,155,10.4,05:47,80,63,,5250.40,34.0,312
,00:28:54,155,10.4,05:47,80,63,,5253.20,33.9,310
,00:28:55,155,10.4,05:47,80,63,,5255.60,33.9,308
,00:28:56,155,10.4,05:47,81,63,,5259.20,33.9,308
,00:28:57,155,10.4,05:47,81,63,,5262.10,33.9,306
,00:28:58,155,10.4,05:47,81,63,,5264.60,34.0,306
,00:28:59,155,10.4,05:47,81,63,,5267.60,33.8,304
,00:29:00,155,10.4,05:47,81,63,,5270.30,33.9,300
,00:29:01,155,10.4,05:47,81,63,,5273.60,33.9,298
,00:29:02,155,10.4,05:47,81,63,,5276.20,33.9,296
,00:29:03,155,10.4,05:47,81,63,,5279.00,33.9,296
,00:29:04,155,10.4,05:47,81,63,,5282.10,33.9,296
,00:29:05,155,10.4,05:47,81,63,,5285.20,33.8,294
,00:29:06,155,10.4,05:47,81,63,,5287.60,33.9,294
,00:29:07,155,10.4,05:47,81,63,,5290.90,33.9,294
,00:29:08,155,10.4,05:47,81,63,,5293.80,33.9,294
,00:29:09,155,10.4,05:47,81,63,,5296.80,33.9,294
,00:29:10,155,10.4,05:47,81,63,,5299.50,34.0,294
,00:29:11,155,10.4,05:47,81,63,,5302.80,34.0,294
,00:29:12,156,10.4,05:47,81,63,,5305.80,34.0,294
,00:29:13,156,10.4,05:47,81,64,,5308.60,34.0,294
,00:29:14,156,10.4,05:47,81,64,,5311.30,33.9,294
,00:29:15,156,10.4,05:47,81,64,,5314.40,34.0,294
,00:29:16,156,10.4,05:47,81,64,,5317.50,33.9,292
,00:29:17,156,10.4,05:47,81,64,,5320.70,33.9,292
,00:29:18,156,10.4,05:47,81,64,,5323.30,34.0,290
,00:29:19,157,10.4,05:47,81,64,,5326.10,33.8,288
,00:29:20,157,10.4,05:47,81,64,,5328.80,34.0,286
,00:29:21,157,10.4,05:47,81,64,,5331.80,33.9,284
,00:29:22,157,10.4,05:47,81,64,,5334.30,33.9,284
,00:29:23,157,10.4,05:47,81,64,,5337.10,34.0,282
,00:29:24,157,10.4,05:47,81,64,,5339.90,33.9,282
,00:29:25,158,10.4,05:47,81,64,,5342.50,34.0,282
,00:29:26,158,10.4,05:47,81,64,,5345.20,34.0,284
,00:29:27,158,10.4,05:47,81,64,,5347.90,34.0,284
,00:29:28,157,10.3,05:50,81,64,,5350.70,34.0,282
,00:29:29,157,10.2,05:52,81,64,,5354.10,34.0,280
,00:29:30,158,10.3,05:51,81,64,,5356.40,33.9,280
,00:29:31,158,10.3,05:50,81,64,,5359.60,34.0,280
,00:29:32,158,10.3,05:50,81,64,,5362.40,34.0,282
,00:29:33,158,10.3,05:49,81,64,,5365.00,34.0,280
,00:29:34,158,10.3,05:49,81,64,,5367.80,34.0,280
,00:29:35,158,10.3,05:49,81,64,,5370.30,33.9,280
,00:29:36,158,10.3,05:49,81,64,,5373.50,34.0,278
,00:29:37,158,10.3,05:49,81,64,,5376.50,34.0,278
,00:29:38,158,10.3,05:49,81,64,,5378.70,34.1,278
,00:29:39,157,10.3,05:48,81,64,,5381.30,34.0,276
,00:29:40,157,10.3,05:48,81,64,,5383.90,34.0,276
,00:29:41,157,10.3,05:48,81,64,,5386.80,34.1,274
,00:29:42,156,10.3,05:48,81,64,,5389.70,34.0,272
,00:29:43,156,10.3,05:48,81,64,,5392.40,34.1,272
,00:29:44,156,10.3,05:48,81,64,,5395.10,34.1,270
,00:29:45,155,10.4,05:48,81,64,,5398.00,34.0,270
,00:29:46,155,10.4,05:48,81,64,,5400.30,34.1,270
,00:29:47,155,10.4,05:48,81,63,,5403.30,34.1,268
,00:29:48,155,10.3,05:49,81,63,,5406.40,34.1,268
,00:29:49,155,10.3,05:50,81,63,,5409.30,34.1,266
,00:29:50,155,10.2,05:52,81,63,,5411.90,34.2,264
,00:29:51,155,10.2,05:53,81,63,,5415.00,34.3,262
,00:29:52,155,10.2,05:54,81,63,,5417.50,34.1,260
,00:29:53,155,10.1,05:55,81,63,,5420.20,34.2,260
,00:29:54,155,10.1,05:56,81,63,,5422.80,34.2,260
,00:29:55,155,10.1,05:56,81,63,,5426.10,34.2,258
,00:29:56,155,10.1,05:57,81,63,,5428.50,34.3,260
,00:29:57,155,10.1,05:57,82,63,,5431.10,34.2,260
,00:29:58,155,10.1,05:57,82,63,,5434.10,34.2,262
,00:29:59,155,10.1,05:58,83,63,,5436.90,34.2,262
,00:30:00,155,10.1,05:58,83,63,,5439.10,34.2,262
,00:30:01,155,10.1,05:58,82,63,,5442.00,34.2,260
,00:30:02,155,10.1,05:58,82,63,,5445.10,34.4,260
,00:30:03,155,10.1,05:58,82,63,,5447.90,34.3,260
,00:30:04,155,10.1,05:58,82,63,,5450.10,34.2,258
,00:30:05,155,10.0,05:58,82,63,,5453.10,34.2,258
,00:30:06,154,10.0,05:58,82,63,,5456.30,34.3,258
,00:30:07,154,10.0,05:58,82,63,,5459.10,34.4,258
,00:30:08,153,10.0,05:58,82,63,,5461.60,34.3,260
,00:30:09,152,10.0,05:58,82,63,,5464.90,34.2,260
,00:30:10,152,10.0,05:58,83,63,,5468.20,34.2,262
,00:30:11,152,10.0,05:59,83,63,,5470.80,34.3,262
,00:30:12,152,10.0,05:59,83,63,,5473.90,34.2,264
,00:30:13,152,10.0,05:59,82,63,,5477.30,34.2,264
,00:30:14,153,10.0,05:59,82,63,,5480.30,34.3,262
,00:30:15,153,10.1,05:56,82,62,,5483.10,34.3,264
,00:30:16,153,10.2,05:51,82,62,,5486.30,34.3,266
,00:30:17,154,10.4,05:48,82,62,,5489.80,34.3,270
,00:30:18,153,10.4,05:45,82,62,,5492.80,34.3,272
,00:30:19,153,10.4,05:45,82,62,,5495.70,34.2,272
,00:30:20,153,10.4,05:47,82,62,,5499.50,34.1,270
,00:30:21,154,10.3,05:49,82,62,,5502.20,34.3,268
,00:30:22,155,10.3,05:51,82,62,,5505.30,34.3,266
,00:30:23,155,10.2,05:52,82,62,,5508.20,34.2,266
,00:30:24,155,10.2,05:53,82,62,,5511.00,34.2,264
,00:30:25,155,10.2,05:54,82,62,,5513.70,34.3,264
,00:30:26,155,10.1,05:55,82,62,,5516.60,34.3,262
,00:30:27,155,10.1,05:56,83,62,,5519.80,34.4,262
,00:30:28,156,10.1,05:56,82,62,,5522.60,34.3,262
,00:30:29,156,10.1,05:57,82,62,,5524.90,34.2,262
,00:30:30,157,10.1,05:57,82,62,,5528.10,34.3,262
,00:30:31,157,10.1,05:57,82,62,,5531.00,34.3,264
,00:30:32,157,10.1,05:57,82,62,,5533.80,34.4,264
,00:30:33,157,10.1,05:57,83,62,,5536.70,34.3,266
,00:30:34,157,10.1,05:57,82,62,,5539.50,34.4,266
,00:30:35,157,10.1,05:57,82,62,,5542.30,34.3,268
,00:30:36,157,10.1,05:57,82,62,,5544.70,34.3,270
,00:30:37,157,10.1,05:57,82,62,,5547.40,34.4,270
,00:30:38,158,10.1,05:57,83,62,,5550.40,34.3,272
,00:30:39,158,10.1,05:57,82,62,,5553.20,34.4,272
,00:30:40,158,10.1,05:56,83,62,,5555.90,34.3,274
,00:30:41,158,10.2,05:55,83,62,,5558.90,34.2,274
,00:30:42,158,10.2,05:53,83,62,,5561.80,34.4,276
,00:30:43,158,10.2,05:52,83,62,,5564.80,34.3,276
,00:30:44,158,10.2,05:51,82,62,,5568.20,34.3,278
,00:30:45,158,10.3,05:51,83,62,,5570.90,34.4,278
,00:30:46,159,10.3,05:50,82,62,,5574.10,34.4,280
,00:30:47,159,10.3,05:50,82,62,,5577.20,34.3,280
,00:30:48,159,10.3,05:49,82,62,,5580.40,34.3,280
,00:30:49,159,10.3,05:49,82,62,,5583.40,34.3,282
,00:30:50,159,10.3,05:49,82,62,,5586.50,34.3,282
,00:30:51,159,10.3,05:48,82,62,,5589.40,34.3,282
,00:30:52,159,10.3,05:48,81,62,,5592.30,34.4,282
,00:30:53,158,10.3,05:48,81,62,,5594.70,34.4,282
,00:30:54,158,10.3,05:48,81,62,,5597.70,34.4,282
,00:30:55,158,10.3,05:48,81,62,,5600.40,34.4,280
,00:30:56,158,10.3,05:48,81,62,,5603.00,34.3,276
,00:30:57,158,10.4,05:48,81,61,,5605.60,34.4,272
,00:30:58,158,10.4,05:48,81,61,,5608.20,34.5,270
,00:30:59,158,10.4,05:48,81,61,,5610.70,34.4,266
,00:31:00,158,10.4,05:48,81,61,,5613.50,34.4,262
,00:31:01,158,10.4,05:48,83,61,,5616.10,34.4,258
,00:31:02,159,10.4,05:48,83,61,,5619.00,34.5,256
,00:31:03,159,10.4,05:48,83,61,,5621.80,34.5,254
,00:31:04,158,10.4,05:48,82,61,,5624.70,34.4,254
,00:31:05,158,10.4,05:48,83,61,,5627.50,34.4,252
,00:31:06,158,10.4,05:48,82,61,,5630.20,34.4,252
,00:31:07,158,10.4,05:48,82,61,,5633.10,34.4,254
,00:31:08,157,10.4,05:48,82,61,,5635.80,34.4,256
,00:31:09,157,10.4,05:48,82,61,,5638.50,34.4,258
,00:31:10,157,10.4,05:48,82,61,,5641.50,34.5,260
,00:31:11,157,10.4,05:48,82,61,,5644.30,34.4,262
,00:31:12,157,10.4,05:48,82,61,,5647.10,34.5,264
,00:31:13,157,10.4,05:48,82,61,,5649.90,34.4,268
,00:31:14,157,10.3,05:48,82,61,,5652.60,34.4,270
,00:31:15,157,10.3,05:49,82,61,,5655.40,34.4,270
,00:31:16,157,10.3,05:51,82,61,,5658.10,34.5,272
,00:31:17,157,10.2,05:52,82,61,,5660.90,34.4,274
,00:31:18,156,10.2,05:53,82,61,,5663.80,34.5,274
,00:31:19,156,10.2,05:54,82,61,,5666.50,34.5,276
,00:31:20,156,10.1,05:55,83,61,,5669.30,34.4,278
,00:31:21,156,10.1,05:56,82,61,,5672.20,34.5,280
,00:31:22,156,10.1,05:56,83,61,,5675.20,34.5,284
,00:31:23,156,10.1,05:56,83,61,,5678.20,34.4,286
,00:31:24,157,10.1,05:56,82,61,,5681.00,34.5,290
,00:31:25,156,10.1,05:57,83,62,,5684.40,34.5,294
,00:31:26,157,10.1,05:57,83,62,,5687.50,34.5,296
,00:31:27,157,10.1,05:57,83,62,,5690.60,34.4,298
,00:31:28,157,10.1,05:57,83,62,,5693.50,34.4,298
,00:31:29,158,10.1,05:57,83,62,,5696.60,34.5,300
,00:31:30,158,10.1,05:58,82,62,,5699.60,34.4,300
,00:31:31,159,10.1,05:58,82,62,,5702.40,34.4,302
,00:31:32,159,10.1,05:58,82,62,,5705.50,34.5,302
,00:31:33,159,10.1,05:58,82,62,,5708.70,34.4,302
,00:31:34,159,10.1,05:58,82,62,,5711.40,34.4,300
,00:31:35,160,10.1,05:58,83,62,,5714.50,34.4,300
,00:31:36,160,10.1,05:58,83,62,,5717.50,34.4,298
,00:31:37,160,10.1,05:58,83,62,,5720.60,34.4,298
,00:31:38,160,10.1,05:56,81,62,,5723.60,34.5,298
,00:31:39,160,10.1,05:55,81,62,,5726.70,34.4,298
,00:31:40,160,10.3,05:51,81,62,,5729.90,34.5,300
,00:31:41,161,10.5,05:44,81,62,,5733.20,34.5,306
,00:31:42,161,10.7,05:36,82,62,,5736.70,34.5,310
,00:31:43,161,10.9,05:30,83,62,,5740.10,34.4,312
,00:31:44,161,11.0,05:28,83,62,,5743.40,34.4,310
,00:31:45,161,10.9,05:29,82,62,,5746.70,34.4,304
,00:31:46,160,10.8,05:32,82,62,,5750.10,34.4,294
,00:31:47,160,10.8,05:35,83,62,,5753.40,34.5,286
,00:31:48,160,10.7,05:37,82,62,,5756.60,34.5,276
,00:31:49,160,10.6,05:39,83,62,,5759.70,34.4,270
,00:31:50,160,10.6,05:40,83,62,,5762.80,34.5,268
,00:31:51,160,10.6,05:40,82,62,,5765.70,34.4,268
,00:31:52,160,10.6,05:40,83,62,,5768.90,34.4,270
,00:31:53,160,10.6,05:39,83,62,,5771.40,34.3,272
,00:31:54,160,10.6,05:41,83,62,,5774.40,34.5,274
,00:31:55,160,10.5,05:42,83,62,,5777.60,34.5,276
,00:31:56,160,10.6,05:41,84,62,,5780.00,34.4,278
,00:31:57,160,10.4,05:46,84,62,,5782.80,34.5,276
,00:31:58,160,10.2,05:52,84,62,,5785.40,34.4,274
,00:31:59,160,10.2,05:53,84,62,,5787.70,34.4,272
,00:32:00,160,10.2,05:55,83,62,,5790.20,34.4,270
,00:32:01,160,10.2,05:53,82,62,,5792.40,34.5,270
,00:32:02,160,10.3,05:50,81,62,,5795.30,34.4,270
,00:32:03,160,10.4,05:48,80,62,,5797.90,34.5,272
,00:32:04,160,10.4,05:46,81,62,,5800.30,34.5,272
,00:32:05,160,10.5,05:44,81,61,,5803.40,34.5,272
,00:32:06,159,10.5,05:43,81,61,,5805.90,34.5,270
,00:32:07,159,10.5,05:42,81,61,,5808.30,34.5,268
,00:32:08,158,10.5,05:43,81,61,,5811.60,34.5,264
,00:32:09,158,10.5,05:44,81,61,,5814.50,34.5,260
,00:32:10,158,10.5,05:42,81,61,,5816.90,34.5,256
,00:32:11,157,10.5,05:44,82,60,,5819.50,34.5,252
,00:32:12,157,10.5,05:44,82,60,,5822.20,34.5,248
,00:32:13,157,10.5,05:43,82,60,,5824.80,34.7,246
,00:32:14,157,10.5,05:44,82,60,,5827.70,34.5,242
,00:32:15,157,10.3,05:48,82,59,,5830.00,34.6,236
,00:32:16,157,10.2,05:54,82,59,,5832.90,34.5,230
,00:32:17,157,10.1,05:57,82,59,,5835.10,34.6,226
,00:32:18,157,10.1,05:58,82,59,,5837.30,34.6,224
,00:32:19,157,10.0,05:58,82,59,,5840.20,34.6,224
,00:32:20,156,10.1,05:57,83,59,,5842.80,34.5,228
,00:32:21,155,10.2,05:53,83,59,,5845.50,34.7,232
,00:32:22,155,10.3,05:50,82,59,,5848.20,34.6,236
,00:32:23,154,10.4,05:47,82,59,,5850.70,34.5,240
,00:32:24,154,10.4,05:45,82,59,,5853.80,34.6,246
,00:32:25,154,10.5,05:44,82,59,,5856.60,34.6,250
,00:32:26,153,10.5,05:43,82,59,,5859.80,34.6,254
,00:32:27,153,10.5,05:44,82,59,,5862.40,34.6,258
,00:32:28,152,10.4,05:45,82,59,,5865.20,34.6,260
,00:32:29,152,10.4,05:48,82,59,,5868.10,34.6,262
,00:32:30,151,10.3,05:50,82,59,,5871.00,34.7,262
,00:32:31,151,10.2,05:51,82,59,,5873.80,34.6,264
,00:32:32,151,10.2,05:53,82,59,,5876.50,34.7,266
,00:32:33,151,10.2,05:54,82,59,,5879.40,34.7,268
,00:32:34,150,10.2,05:55,82,59,,5882.00,34.6,270
,00:32:35,150,10.1,05:55,82,59,,5884.60,34.6,274
,00:32:36,150,10.1,05:56,82,59,,5887.80,34.7,276
,00:32:37,150,10.1,05:56,82,59,,5890.20,34.6,280
,00:32:38,151,10.0,06:02,82,59,,5893.10,34.7,280
,00:32:39,151,9.8,06:06,82,59,,5895.50,34.6,280
,00:32:40,151,9.9,06:05,82,59,,5897.80,34.7,284
,00:32:41,151,9.9,06:04,82,59,,5900.80,34.6,288
,00:32:42,151,9.9,06:03,82,59,,5903.50,34.7,290
,00:32:43,152,9.9,06:02,82,59,,5905.90,34.5,290
,00:32:44,152,10.0,06:01,82,59,,5908.60,34.6,290
,00:32:45,152,10.0,06:01,82,59,,5911.10,34.6,290
,00:32:46,153,10.0,06:01,82,59,,5914.40,34.6,288
,00:32:47,153,10.0,06:00,82,59,,5916.90,34.6,288
,00:32:48,153,10.0,06:00,82,59,,5919.40,34.7,288
,00:32:49,153,9.9,06:03,82,59,,5922.40,34.5,286
,00:32:50,154,9.9,06:05,82,59,,5925.10,34.5,282
,00:32:51,154,9.9,06:04,82,59,,5927.40,34.5,282
,00:32:52,154,9.9,06:03,82,59,,5930.80,34.7,282
,00:32:53,154,9.9,06:02,82,59,,5933.50,34.6,280
,00:32:54,155,10.0,06:02,82,59,,5936.20,34.6,280
,00:32:55,155,10.0,06:01,82,59,,5938.80,34.6,278
,00:32:56,155,10.0,06:01,82,59,,5941.30,34.6,276
,00:32:57,155,10.0,06:01,82,59,,5944.80,34.5,274
,00:32:58,155,10.0,06:00,83,59,,5947.40,34.6,274
,00:32:59,154,10.0,06:00,83,59,,5950.20,34.6,274
,00:33:00,154,10.0,06:00,83,59,,5953.40,34.6,272
,00:33:01,154,10.0,06:00,83,59,,5956.00,34.5,272
,00:33:02,154,10.0,06:00,83,59,,5958.50,34.5,274
,00:33:03,154,10.0,06:00,83,59,,5961.90,34.6,274
,00:33:04,155,10.0,06:00,82,59,,5964.50,34.6,274
,00:33:05,155,10.0,06:00,83,59,,5968.00,34.5,276
,00:33:06,155,10.1,05:57,82,59,,5970.30,34.6,280
,00:33:07,155,10.2,05:54,82,59,,5973.90,34.6,284
,00:33:08,155,10.1,05:55,82,59,,5976.80,34.5,286
,00:33:09,155,10.1,05:56,82,59,,5979.80,34.6,286
,00:33:10,155,10.1,05:56,82,59,,5982.40,34.6,288
,00:33:11,155,10.1,05:57,83,60,,5986.10,34.6,288
,00:33:12,155,10.1,05:57,82,60,,5988.40,34.7,290
,00:33:13,155,10.1,05:57,82,60,,5991.70,34.6,292
,00:33:14,155,10.1,05:57,82,60,,5994.10,34.7,294
,00:33:15,155,10.1,05:58,82,60,,5997.50,34.7,296
,00:33:16,155,10.1,05:58,83,60,,6000.20,34.6,298
,00:33:17,155,10.0,05:58,82,60,,6003.00,34.7,300
,00:33:18,155,10.0,05:58,83,60,,6005.40,34.6,300
,00:33:19,156,10.0,05:58,83,60,,6008.80,34.6,302
,00:33:20,155,10.1,05:58,82,60,,6011.30,34.6,304
,00:33:21,156,10.1,05:57,82,61,,6014.50,34.6,306
,00:33:22,155,10.1,05:57,82,61,,6017.60,34.6,306
,00:33:23,156,10.1,05:56,82,61,,6020.40,34.6,308
,00:33:24,156,10.1,05:56,82,61,,6023.30,34.7,308
,00:33:25,156,10.1,05:56,82,61,,6026.20,34.7,308
,00:33:26,155,10.1,05:57,82,61,,6029.00,34.6,306
,00:33:27,156,10.1,05:57,82,61,,6031.80,34.6,306
,00:33:28,156,10.1,05:58,82,61,,6034.30,34.5,304
,00:33:29,155,10.1,05:58,82,61,,6036.80,34.5,300
,00:33:30,155,10.1,05:58,82,61,,6039.40,34.7,300
,00:33:31,155,10.1,05:58,82,61,,6041.60,34.7,300
,00:33:32,155,10.1,05:58,82,61,,6044.70,34.6,300
,00:33:33,155,10.0,05:58,82,61,,6047.20,34.5,300
,00:33:34,156,10.0,05:58,82,61,,6049.80,34.7,300
,00:33:35,155,10.0,05:58,82,61,,6052.10,34.6,300
,00:33:36,155,10.0,05:58,83,61,,6055.10,34.6,298
,00:33:37,155,10.0,05:59,83,61,,6058.00,34.6,296
,00:33:38,155,10.0,05:59,83,61,,6060.80,34.6,294
,00:33:39,155,10.0,05:59,83,61,,6063.40,34.6,292
,00:33:40,155,10.0,05:59,83,61,,6066.70,34.6,292
,00:33:41,154,10.0,05:59,82,62,,6069.50,34.7,290
,00:33:42,154,10.0,05:59,82,62,,6072.20,34.7,290
,00:33:43,154,10.0,05:59,82,62,,6074.90,34.6,290
,00:33:44,154,10.0,05:59,82,62,,6078.40,34.7,290
,00:33:45,154,10.0,05:59,82,62,,6081.40,34.7,290
,00:33:46,154,10.0,05:59,82,62,,6083.90,34.5,288
,00:33:47,154,10.0,05:59,82,62,,6086.50,34.7,286
,00:33:48,154,10.0,05:59,82,62,,6089.80,34.6,286
,00:33:49,155,10.0,05:59,82,62,,6092.40,34.7,284
,00:33:50,155,10.0,05:59,82,62,,6095.50,34.7,284
,00:33:51,155,10.0,05:59,82,62,,6098.50,34.5,284
,00:33:52,155,10.0,05:58,82,62,,6101.30,34.7,284
,00:33:53,155,10.0,05:58,82,62,,6104.40,34.7,282
,00:33:54,155,10.0,05:58,82,62,,6107.30,34.7,282
,00:33:55,155,10.0,05:58,82,62,,6110.10,34.6,280
,00:33:56,155,10.1,05:58,82,62,,6113.10,34.7,278
,00:33:57,155,10.1,05:58,83,62,,6115.80,34.7,278
,00:33:58,155,10.1,05:58,82,62,,6118.60,34.7,276
,00:33:59,155,10.1,05:58,82,62,,6121.30,34.7,274
,00:34:00,155,10.1,05:58,82,62,,6124.30,34.7,272
,00:34:01,155,10.1,05:58,82,62,,6127.50,34.6,270
,00:34:02,155,10.1,05:58,82,62,,6129.90,34.6,270
,00:34:03,155,10.1,05:58,81,62,,6133.00,34.7,268
,00:34:04,156,10.1,05:58,81,62,,6135.90,34.7,266
,00:34:05,156,10.1,05:58,81,62,,6139.00,34.7,264
,00:34:06,156,10.1,05:58,80,62,,6141.80,34.6,262
,00:34:07,155,10.1,05:58,81,62,,6144.40,34.6,260
,00:34:08,155,10.1,05:58,81,62,,6147.00,34.7,258
,00:34:09,155,10.1,05:58,81,61,,6149.60,34.7,256
,00:34:10,155,10.1,05:58,81,61,,6152.40,34.7,254
,00:34:11,155,10.0,05:58,81,61,,6154.90,34.7,252
,00:34:12,156,10.0,05:58,81,61,,6157.20,34.8,252
,00:34:13,156,10.0,05:58,81,61,,6160.10,34.7,250
,00:34:14,156,10.0,05:58,81,61,,6162.80,34.8,250
,00:34:15,156,10.0,05:58,81,61,,6165.50,34.7,250
,00:34:16,156,10.0,05:58,81,61,,6168.00,34.7,252
,00:34:17,156,10.0,05:59,81,61,,6171.30,34.7,254
,00:34:18,156,10.0,05:59,81,61,,6173.80,34.7,256
,00:34:19,156,10.0,05:59,81,61,,6176.30,34.5,258
,00:34:20,156,10.0,05:59,81,61,,6179.30,34.7,260
,00:34:21,157,10.0,05:59,81,61,,6182.50,34.6,262
,00:34:22,156,10.0,05:59,81,61,,6185.00,34.7,262
,00:34:23,156,10.0,05:59,81,61,,6187.60,34.6,264
,00:34:24,156,10.0,05:59,81,61,,6190.50,34.7,266
,00:34:25,156,10.0,05:59,81,61,,6193.60,34.7,266
,00:34:26,156,10.0,05:59,81,61,,6196.40,34.8,268
,00:34:27,156,10.0,05:59,81,61,,6199.00,34.7,270
,00:34:28,156,10.0,05:59,81,61,,6202.50,34.7,270
,00:34:29,156,10.0,05:59,81,61,,6205.20,34.8,272
,00:34:30,156,10.0,05:59,81,61,,6208.10,34.6,272
,00:34:31,156,10.0,05:59,81,61,,6211.00,34.7,272
,00:34:32,156,10.0,05:59,81,61,,6213.60,34.7,272
,00:34:33,156,10.0,05:59,81,61,,6216.40,34.8,270
,00:34:34,156,10.0,05:59,81,61,,6219.50,34.7,270
,00:34:35,156,10.0,05:59,81,61,,6222.00,34.8,270
,00:34:36,156,10.0,05:59,81,61,,6224.80,34.7,272
,00:34:37,156,10.0,05:59,81,61,,6227.20,34.8,274
,00:34:38,156,10.0,05:59,81,61,,6230.30,34.7,276
,00:34:39,157,10.0,05:59,81,61,,6233.10,34.9,278
,00:34:40,156,10.0,05:59,81,61,,6235.60,34.7,278
,00:34:41,156,10.0,05:59,81,61,,6238.80,34.7,276
,00:34:42,156,10.0,05:59,82,61,,6241.80,34.8,274
,00:34:43,156,10.0,05:59,83,61,,6244.00,34.8,272
,00:34:44,156,10.0,05:59,83,61,,6247.10,34.7,270
,00:34:45,156,10.1,05:56,83,61,,6249.90,34.8,270
,00:34:46,156,10.2,05:54,83,61,,6252.90,34.8,270
,00:34:47,156,10.1,05:55,83,61,,6255.70,34.9,268
,00:34:48,156,10.1,05:56,83,61,,6258.30,34.8,266
,00:34:49,155,10.1,05:56,82,61,,6261.30,34.8,266
,00:34:50,155,10.1,05:57,82,61,,6264.10,34.8,264
,00:34:51,155,10.1,05:57,82,61,,6266.70,34.8,264
,00:34:52,156,10.1,05:57,82,61,,6270.10,34.7,262
,00:34:53,156,10.1,05:58,82,60,,6272.40,34.8,262
,00:34:54,156,10.1,05:58,82,60,,6275.50,34.9,262
,00:34:55,156,10.1,05:58,82,60,,6278.70,34.9,262
,00:34:56,156,10.1,05:58,82,60,,6280.90,34.8,262
,00:34:57,156,10.1,05:58,82,60,,6284.10,34.8,260
,00:34:58,156,10.0,05:59,82,60,,6287.00,34.8,260
,00:34:59,156,10.0,05:59,82,60,,6290.10,34.9,260
,00:35:00,155,10.0,05:59,82,60,,6292.50,34.8,262
,00:35:01,156,10.0,05:59,83,60,,6295.00,34.8,262
,00:35:02,156,10.0,05:59,83,60,,6298.00,34.9,262
,00:35:03,156,10.0,05:59,83,60,,6300.80,34.9,264
,00:35:04,156,10.0,05:59,83,60,,6303.10,34.9,264
,00:35:05,156,10.0,05:59,83,60,,6306.10,34.9,264
,00:35:06,156,10.0,05:59,83,60,,6308.90,34.8,264
,00:35:07,155,10.0,05:59,82,60,,6311.50,34.8,264
,00:35:08,156,10.0,05:59,82,60,,6314.10,34.8,266
,00:35:09,156,10.0,05:59,83,60,,6317.30,34.9,268
,00:35:10,156,10.0,05:59,82,60,,6320.20,34.9,268
,00:35:11,156,10.0,05:59,82,60,,6323.50,34.8,270
,00:35:12,156,10.0,05:59,83,60,,6326.20,34.7,270
,00:35:13,156,10.0,05:59,83,60,,6329.00,34.9,272
,00:35:14,156,10.0,05:59,83,60,,6331.90,34.8,274
,00:35:15,156,10.0,05:59,83,60,,6334.90,34.9,274
,00:35:16,156,10.0,05:59,83,60,,6337.80,34.9,276
,00:35:17,156,10.0,05:59,83,60,,6341.10,34.8,276
,00:35:18,156,10.1,05:56,83,60,,6343.80,34.9,278
,00:35:19,156,10.2,05:54,82,60,,6347.00,34.9,280
,00:35:20,156,10.1,05:55,82,60,,6349.80,34.9,280
,00:35:21,156,10.1,05:56,82,60,,6353.10,34.8,278
,00:35:22,155,10.1,05:56,82,60,,6355.70,34.9,278
,00:35:23,156,10.1,05:56,82,60,,6358.60,34.9,278
,00:35:24,156,10.1,05:57,82,60,,6361.70,34.8,278
,00:35:25,156,10.1,05:57,82,60,,6364.20,34.9,276
,00:35:26,156,10.1,05:57,82,60,,6366.80,34.9,274
,00:35:27,156,10.1,05:57,83,60,,6369.40,34.8,274
,00:35:28,156,10.1,05:58,83,60,,6372.30,34.8,272
,00:35:29,156,10.1,05:58,83,60,,6374.80,35.0,270
,00:35:30,156,10.1,05:58,83,60,,6377.60,34.9,268
,00:35:31,156,10.1,05:58,83,60,,6380.40,34.9,268
,00:35:32,156,10.1,05:58,83,60,,6383.20,34.9,266
,00:35:33,157,10.1,05:58,83,60,,6385.70,34.9,266
,00:35:34,156,10.0,05:58,82,60,,6388.70,34.9,264
,00:35:35,157,10.0,05:58,83,60,,6391.40,34.9,264
,00:35:36,156,10.0,05:58,83,60,,6394.50,34.9,262
,00:35:37,157,10.0,05:58,83,60,,6397.20,34.9,260
,00:35:38,157,10.0,05:58,83,60,,6400.10,35.0,260
,00:35:39,157,10.0,05:58,83,59,,6403.00,35.0,260
,00:35:40,157,10.0,05:58,83,59,,6406.20,34.9,260
,00:35:41,157,10.1,05:58,83,59,,6409.40,34.9,260
,00:35:42,157,10.1,05:57,83,59,,6412.30,35.0,260
,00:35:43,157,10.1,05:57,82,59,,6415.50,35.0,258
,00:35:44,157,10.1,05:56,82,59,,6418.40,34.9,258
,00:35:45,158,10.1,05:56,82,59,,6421.50,34.9,258
,00:35:46,158,10.1,05:56,82,59,,6424.70,34.9,258
,00:35:47,157,10.1,05:55,83,59,,6427.30,35.0,258
,00:35:48,158,10.1,05:55,82,59,,6430.00,34.9,258
,00:35:49,158,10.1,05:55,83,59,,6432.90,34.9,258
,00:35:50,158,10.1,05:55,83,59,,6436.00,34.9,258
,00:35:51,158,10.1,05:55,82,59,,6438.80,34.9,258
,00:35:52,157,10.2,05:55,82,59,,6441.40,35.0,258
,00:35:53,157,10.2,05:55,82,59,,6444.60,34.9,258
,00:35:54,157,10.2,05:55,82,59,,6447.60,34.9,258
,00:35:55,157,10.2,05:55,82,59,,6450.40,34.9,258
,00:35:56,157,10.2,05:54,83,59,,6453.40,35.0,260
,00:35:57,157,10.2,05:53,83,58,,6456.40,34.9,260
,00:35:58,157,10.2,05:52,83,58,,6459.40,34.9,262
,00:35:59,157,10.3,05:51,83,58,,6461.90,35.0,262
,00:36:00,157,10.3,05:50,82,58,,6464.90,34.9,264
,00:36:01,157,10.3,05:50,82,58,,6468.20,35.0,264
,00:36:02,156,10.3,05:49,83,58,,6471.00,35.0,264
,00:36:03,156,10.3,05:49,82,58,,6474.00,35.1,262
,00:36:04,156,10.3,05:49,82,58,,6476.90,35.0,262
,00:36:05,157,10.3,05:48,83,58,,6480.20,35.0,260
,00:36:06,157,10.3,05:48,83,58,,6483.10,35.1,260
,00:36:07,157,10.3,05:48,83,58,,6486.00,35.1,260
,00:36:08,157,10.3,05:48,83,58,,6488.90,35.0,260
,00:36:09,157,10.4,05:47,83,58,,6491.80,35.0,258
,00:36:10,156,10.4,05:47,83,58,,6494.70,35.0,256
,00:36:11,157,10.4,05:47,83,58,,6497.40,35.0,254
,00:36:12,157,10.4,05:47,83,58,,6500.40,35.1,254
,00:36:13,157,10.4,05:46,82,58,,6503.40,34.9,254
,00:36:14,158,10.4,05:46,82,58,,6506.20,35.2,254
,00:36:15,158,10.4,05:46,82,58,,6509.10,35.1,256
,00:36:16,158,10.4,05:46,82,58,,6512.00,35.0,260
,00:36:17,158,10.4,05:46,82,58,,6515.00,35.1,266
,00:36:18,158,10.4,05:46,82,58,,6518.20,35.1,276
,00:36:19,158,10.4,05:46,82,58,,6520.80,35.2,284
,00:36:20,158,10.4,05:45,83,58,,6523.60,35.0,294
,00:36:21,158,10.4,05:45,82,58,,6526.50,35.1,304
,00:36:22,158,10.4,05:45,82,58,,6529.60,35.1,310
,00:36:23,158,10.4,05:45,83,58,,6532.30,35.1,316
,00:36:24,158,10.4,05:45,83,58,,6535.20,35.1,320
,00:36:25,159,10.4,05:45,82,58,,6538.30,35.1,322
,00:36:26,159,10.4,05:45,82,58,,6541.70,35.1,322
,00:36:27,159,10.4,05:45,82,58,,6544.50,35.0,320
,00:36:28,158,10.5,05:44,82,58,,6547.60,35.1,318
,00:36:29,158,10.5,05:44,82,58,,6550.80,35.2,316
,00:36:30,158,10.5,05:44,82,58,,6553.90,35.0,314
,00:36:31,158,10.5,05:44,82,58,,6556.70,35.1,314
,00:36:32,158,10.6,05:40,82,58,,6560.60,35.1,314
,00:36:33,158,10.7,05:36,82,58,,6563.70,35.1,316
,00:36:34,158,10.7,05:37,82,58,,6567.20,35.0,312
,00:36:35,158,10.7,05:37,82,58,,6569.70,35.1,308
,00:36:36,158,10.7,05:36,82,58,,6573.10,35.1,306
,00:36:37,158,10.7,05:36,82,58,,6576.60,35.1,302
,00:36:38,159,10.7,05:36,83,58,,6579.70,35.2,298
,00:36:39,159,10.7,05:36,82,58,,6582.70,35.2,296
,00:36:40,159,10.7,05:36,82,58,,6585.90,35.2,294
,00:36:41,159,10.7,05:36,82,58,,6588.10,35.1,294
,00:36:42,159,10.7,05:36,82,58,,6591.40,35.2,292
,00:36:43,159,10.7,05:36,82,58,,6593.70,35.2,292
,00:36:44,158,10.7,05:37,82,58,,6597.10,35.1,292
,00:36:45,158,10.6,05:38,82,58,,6599.40,35.2,294
,00:36:46,158,10.6,05:39,83,58,,6602.20,35.2,296
,00:36:47,158,10.6,05:39,83,59,,6604.90,35.2,298
,00:36:48,159,10.6,05:39,83,59,,6607.90,35.1,302
,00:36:49,159,10.6,05:39,83,59,,6610.60,35.2,306
,00:36:50,159,10.6,05:39,83,59,,6613.70,35.2,308
,00:36:51,159,10.6,05:39,83,59,,6616.40,35.2,310
,00:36:52,159,10.6,05:39,83,59,,6619.80,35.2,312
,00:36:53,160,10.7,05:38,83,59,,6622.60,35.1,312
,00:36:54,160,10.7,05:38,83,59,,6626.10,35.3,312
,00:36:55,160,10.7,05:37,83,59,,6629.40,35.2,312
,00:36:56,160,10.7,05:37,83,59,,6632.80,35.2,314
,00:36:57,160,10.7,05:37,82,59,,6636.10,35.2,312
,00:36:58,160,10.7,05:37,82,59,,6639.50,35.1,312
,00:36:59,160,10.7,05:36,82,59,,6642.90,35.2,312
,00:37:00,160,10.7,05:36,82,59,,6646.20,35.3,314
,00:37:01,160,10.7,05:36,82,60,,6649.90,35.2,312
,00:37:02,160,10.7,05:36,82,60,,6653.30,35.3,310
,00:37:03,160,10.7,05:36,82,60,,6656.50,35.2,308
,00:37:04,161,10.7,05:36,82,60,,6659.70,35.2,304
,00:37:05,161,10.7,05:36,82,60,,6662.70,35.3,300
,00:37:06,161,10.7,05:35,82,60,,6665.70,35.3,298
,00:37:07,161,10.7,05:35,82,60,,6668.30,35.2,294
,00:37:08,160,10.7,05:35,82,60,,6671.50,35.4,294
,00:37:09,160,10.7,05:35,82,60,,6674.40,35.1,294
,00:37:10,160,10.7,05:35,83,60,,6677.00,35.2,294
,00:37:11,159,10.8,05:35,83,60,,6679.90,35.2,294
,00:37:12,159,10.8,05:35,83,60,,6682.80,35.3,294
,00:37:13,159,10.8,05:34,83,60,,6685.80,35.3,294
,00:37:14,159,10.8,05:34,82,60,,6688.80,35.2,296
,00:37:15,159,10.8,05:34,83,60,,6691.60,35.2,296
,00:37:16,159,10.8,05:34,82,60,,6695.40,35.3,298
,00:37:17,159,10.8,05:34,83,60,,6698.10,35.2,300
,00:37:18,159,10.8,05:33,83,60,,6701.20,35.2,302
,00:37:19,160,10.8,05:33,83,60,,6704.00,35.3,304
,00:37:20,160,10.8,05:33,83,60,,6707.60,35.4,308
,00:37:21,160,10.8,05:33,83,60,,6710.90,35.2,310
,00:37:22,160,10.8,05:32,83,60,,6714.20,35.1,312
,00:37:23,160,10.8,05:32,83,60,,6717.50,35.2,316
,00:37:24,160,10.8,05:32,83,60,,6721.00,35.2,318
,00:37:25,161,10.9,05:31,83,60,,6723.70,35.3,320
,00:37:26,161,10.9,05:31,82,60,,6726.90,35.3,320
,00:37:27,161,10.9,05:31,82,60,,6729.50,35.3,320
,00:37:28,161,10.9,05:31,82,60,,6733.00,35.2,322
,00:37:29,161,10.9,05:31,82,60,,6735.50,35.2,322
,00:37:30,161,10.9,05:31,82,60,,6738.20,35.3,322
,00:37:31,162,10.9,05:31,83,60,,6740.70,35.2,320
,00:37:32,162,10.9,05:31,82,60,,6743.40,35.3,320
,00:37:33,162,10.9,05:31,82,61,,6746.20,35.3,320
,00:37:34,162,10.8,05:32,82,61,,6749.30,35.2,322
,00:37:35,162,10.8,05:32,82,61,,6751.80,35.2,320
,00:37:36,162,10.8,05:33,82,61,,6754.90,35.3,320
,00:37:37,162,10.8,05:33,82,61,,6757.70,35.2,318
,00:37:38,162,10.8,05:33,82,61,,6760.50,35.2,318
,00:37:39,162,10.8,05:33,82,61,,6763.40,35.2,318
,00:37:40,162,10.8,05:34,83,61,,6766.20,35.2,320
,00:37:41,162,10.8,05:34,83,61,,6768.80,35.2,322
,00:37:42,162,10.8,05:34,83,61,,6771.80,35.2,322
,00:37:43,162,10.8,05:34,83,61,,6774.30,35.3,322
,00:37:44,162,10.8,05:34,82,61,,6777.00,35.3,320
,00:37:45,162,10.7,05:38,82,61,,6780.10,35.3,318
,00:37:46,162,10.6,05:40,82,61,,6782.80,35.2,314
,00:37:47,162,10.6,05:39,83,61,,6785.20,35.2,314
,00:37:48,162,10.6,05:38,83,61,,6788.10,35.2,312
,00:37:49,162,10.7,05:38,83,61,,6791.40,35.2,310
,00:37:50,162,10.7,05:37,82,61,,6794.70,35.2,308
,00:37:51,162,10.7,05:37,83,61,,6797.00,35.2,306
,00:37:52,161,10.7,05:37,83,61,,6799.90,35.3,304
,00:37:53,161,10.7,05:37,83,61,,6803.30,35.2,302
,00:37:54,161,10.7,05:37,83,61,,6805.90,35.1,300
,00:37:55,161,10.6,05:38,82,61,,6808.30,35.2,298
,00:37:56,161,10.6,05:39,82,61,,6811.30,35.2,298
,00:37:57,161,10.6,05:39,82,61,,6814.00,35.2,298
,00:37:58,161,10.6,05:40,82,61,,6816.50,35.2,298
,00:37:59,161,10.6,05:40,83,61,,6818.80,35.1,300
,00:38:00,161,10.6,05:41,83,61,,6821.80,35.2,302
,00:38:01,161,10.6,05:41,82,61,,6824.80,35.3,302
,00:38:02,160,10.5,05:41,82,61,,6827.60,35.2,304
,00:38:03,160,10.5,05:42,82,61,,6830.40,35.2,304
,00:38:04,159,10.5,05:42,82,61,,6833.60,35.2,302
,00:38:05,159,10.5,05:42,82,61,,6836.40,35.1,300
,00:38:06,159,10.5,05:44,82,61,,6839.40,35.1,296
,00:38:07,158,10.4,05:45,82,61,,6842.30,35.2,294
,00:38:08,158,10.4,05:45,82,61,,6844.90,35.1,292
,00:38:09,157,10.4,05:45,82,61,,6847.70,35.2,290
,00:38:10,157,10.4,05:45,82,61,,6850.50,35.2,288
,00:38:11,157,10.4,05:45,83,61,,6853.10,35.1,286
,00:38:12,157,10.4,05:45,83,61,,6855.60,35.2,286
,00:38:13,157,10.4,05:46,82,61,,6858.30,35.2,284
,00:38:14,157,10.4,05:47,82,61,,6861.70,35.2,286
,00:38:15,157,10.4,05:47,82,61,,6864.30,35.1,286
,00:38:16,157,10.4,05:48,82,61,,6866.80,35.1,286
,00:38:17,157,10.3,05:49,82,61,,6869.90,35.2,288
,00:38:18,157,10.3,05:51,82,61,,6873.00,35.1,290
,00:38:19,157,10.3,05:51,82,61,,6875.10,35.1,292
,00:38:20,157,10.3,05:51,82,61,,6878.00,35.1,294
,00:38:21,157,10.3,05:51,82,61,,6881.20,35.1,296
,00:38:22,157,10.3,05:51,83,61,,6884.30,35.2,296
,00:38:23,157,10.3,05:51,83,61,,6886.90,35.1,296
,00:38:24,157,10.3,05:51,82,61,,6889.30,35.2,294
,00:38:25,158,10.3,05:51,82,61,,6892.40,35.1,292
,00:38:26,158,10.3,05:51,82,61,,6895.20,35.2,290
,00:38:27,158,10.2,05:51,82,61,,6898.00,35.1,288
,00:38:28,158,10.2,05:51,82,61,,6901.00,35.1,286
,00:38:29,158,10.2,05:51,82,61,,6903.80,35.0,286
,00:38:30,158,10.2,05:51,82,61,,6906.60,35.2,286
,00:38:31,158,10.2,05:52,82,61,,6909.30,35.0,286
,00:38:32,158,10.2,05:52,82,61,,6912.30,35.2,286
,00:38:33,158,10.2,05:52,81,61,,6915.50,35.2,286
,00:38:34,158,10.2,05:52,81,61,,6918.30,35.1,286
,00:38:35,157,10.1,05:56,81,61,,6921.20,35.1,282
,00:38:36,156,9.7,06:11,79,61,,6922.70,35.1,268
,00:38:37,157,7.3,08:16,79,61,,6924.40,35.1,200
,00:38:38,156,4.3,13:54,79,61,,6925.00,35.0,118
,00:38:39,156,3.7,16:06,79,61,,6925.00,35.1,100
,00:38:40,157,3.8,15:40,76,61,,6925.10,35.0,102
,00:38:41,157,3.7,16:05,64,61,,6925.40,35.0,98
,00:38:42,158,3.7,16:13,58,61,,6925.50,35.1,96
,00:38:43,158,3.7,16:02,58,61,,6925.50,35.0,96
,00:38:44,158,4.0,14:55,52,61,,6925.60,35.0,102
,00:38:45,158,4.4,13:31,52,61,,6926.60,35.1,112
,00:38:46,159,4.8,12:28,52,61,,6928.00,35.0,124
,00:38:47,159,5.1,11:48,52,61,,6929.80,35.0,132
,00:38:48,159,5.3,11:25,52,61,,6931.60,35.1,138
,00:38:49,159,5.4,11:10,52,61,,6933.40,35.0,144
,00:38:50,159,5.6,10:43,52,61,,6935.10,35.1,154
,00:38:51,160,5.9,10:09,52,62,,6937.40,35.1,168
,00:38:52,161,7.0,08:32,55,62,,6939.70,35.1,206
,00:38:53,161,8.3,07:13,73,62,,6942.40,35.0,254
,00:38:54,161,8.7,06:54,77,62,,6945.30,35.0,278
,00:38:55,161,8.9,06:45,78,62,,6948.40,35.1,294
,00:38:56,162,9.1,06:37,81,62,,6951.20,35.1,310
,00:38:57,162,9.2,06:31,81,62,,6953.90,35.0,322
,00:38:58,162,9.3,06:27,81,62,,6957.20,35.1,332
,00:38:59,162,9.4,06:23,81,64,,6960.40,35.1,340
,00:39:00,162,9.5,06:20,81,64,,6963.30,35.1,348
,00:39:01,162,9.5,06:18,81,64,,6966.80,35.1,354
,00:39:02,162,9.6,06:16,81,64,,6969.40,35.1,356
,00:39:03,162,9.6,06:14,81,64,,6972.20,35.1,358
,00:39:04,162,9.6,06:13,81,64,,6974.70,35.1,358
,00:39:05,161,9.7,06:12,81,65,,6977.60,35.1,358
,00:39:06,161,9.7,06:11,81,65,,6980.60,35.1,356
,00:39:07,160,9.7,06:11,80,65,,6983.50,35.1,354
,00:39:08,160,9.7,06:10,80,65,,6986.50,35.1,352
,00:39:09,160,9.7,06:10,80,65,,6989.30,35.0,348
,00:39:10,160,9.7,06:10,80,65,,6991.60,35.0,346
,00:39:11,159,9.6,06:13,80,65,,6994.20,35.1,338
,00:39:12,159,9.4,06:23,80,65,,6996.80,35.0,326
,00:39:13,159,9.2,06:33,80,65,,6999.00,35.1,314
,00:39:14,158,9.0,06:42,81,65,,7001.30,35.0,304
,00:39:15,158,8.9,06:44,81,65,,7003.30,35.1,298
,00:39:16,158,9.1,06:37,81,65,,7006.40,35.0,298
,00:39:17,158,9.1,06:37,81,65,,7009.00,35.1,266
,00:39:18,157,10.2,05:52,81,65,,7011.70,35.0,200
,00:39:19,157,10.2,05:53,81,65,,7011.70,35.2,156
,00:39:20,158,10.2,05:52,81,65,,7011.70,35.0,140
,00:39:21,158,10.2,05:51,81,65,,7011.70,35.0,136
,00:39:22,158,10.3,05:50,81,65,,7014.50,35.1,134
,00:39:23,158,10.3,05:49,80,65,,7017.40,35.0,130
,00:39:24,158,10.4,05:47,81,65,,7020.30,35.1,128
,00:39:25,158,10.4,05:45,81,65,,7023.20,35.0,126
,00:39:26,158,4.4,13:31,81,65,,7026.00,35.0,124
,00:39:27,158,4.4,13:31,82,65,,7027.60,35.1,122
,00:39:28,158,4.4,13:31,82,65,,7027.60,35.1,120
,00:39:29,158,4.4,13:31,83,65,,7027.60,35.1,118
,00:39:30,158,4.4,13:31,82,65,,7027.60,35.0,116
,00:39:31,158,4.4,13:31,82,65,,7034.20,34.9,116
,00:39:32,158,4.4,13:31,82,65,,7045.60,35.0,114
,00:39:33,158,5.9,10:12,82,65,,7047.00,35.1,150
,00:39:34,159,8.9,06:45,82,65,,7051.70,35.0,224
,00:39:35,159,10.7,05:35,82,65,,7056.60,34.9,270
,00:39:36,159,11.2,05:23,82,65,,7061.00,35.1,282
,00:39:37,160,11.4,05:16,82,65,,7061.00,35.1,288
,00:39:38,160,11.5,05:12,82,65,,7061.10,35.1,294
,00:39:39,161,11.6,05:10,82,65,,7061.50,34.9,300
,00:39:40,161,11.7,05:09,82,65,,7065.00,35.0,304
,00:39:41,161,11.7,05:08,82,65,,7067.80,35.0,308
,00:39:42,161,11.7,05:07,82,65,,7071.90,34.9,314
,00:39:43,162,11.8,05:06,82,65,,7075.40,35.0,318
,00:39:44,162,11.7,05:07,82,65,,7078.50,34.9,320
,00:39:45,162,11.5,05:12,82,65,,7081.60,35.1,318
,00:39:46,162,11.3,05:18,81,65,,7084.10,34.9,314
,00:39:47,162,11.2,05:21,80,65,,7086.90,34.9,312
,00:39:48,162,11.1,05:25,80,65,,7089.80,35.0,310
,00:39:49,162,11.0,05:27,80,65,,7092.50,34.9,308
,00:39:50,162,10.8,05:34,87,65,,7095.20,34.9,302
,00:39:51,162,10.2,05:52,97,65,,7097.30,34.9,286
,00:39:52,162,8.8,06:47,99,65,,7099.00,34.9,246
,00:39:53,162,7.5,08:00,88,65,,7100.60,34.9,210
,00:39:54,162,7.2,08:19,84,65,,7101.80,34.8,202
,00:39:55,162,7.4,08:09,82,65,,7103.90,35.1,206
,00:39:56,161,7.8,07:42,81,65,,7106.20,34.9,216
,00:39:57,161,8.3,07:13,80,65,,7108.40,34.9,230
,00:39:58,161,8.7,06:53,80,65,,7110.80,34.9,240
,00:39:59,161,9.1,06:37,81,65,,7113.10,34.9,244
,00:40:00,161,9.3,06:25,81,65,,7116.20,35.0,246
,00:40:01,161,9.6,06:16,81,64,,7119.40,35.0,242
,00:40:02,161,9.8,06:09,80,64,,7122.50,35.0,238
,00:40:03,161,9.9,06:03,80,63,,7125.70,34.9,232
,00:40:04,161,10.0,05:59,80,63,,7128.70,34.8,228
,00:40:05,162,10.1,05:55,80,63,,7131.40,35.0,226
,00:40:06,161,10.2,05:52,80,63,,7134.10,34.9,224
,00:40:07,161,10.3,05:50,81,63,,7136.90,34.9,222
,00:40:08,161,10.3,05:48,81,63,,7139.60,35.0,222
,00:40:09,161,10.4,05:46,80,62,,7142.30,34.9,224
,00:40:10,161,10.4,05:45,81,62,,7145.00,34.9,224
,00:40:11,161,10.5,05:44,81,62,,7148.00,34.9,226
,00:40:12,160,10.5,05:43,81,62,,7151.10,34.9,228
,00:40:13,160,10.5,05:43,81,62,,7153.60,35.0,232
,00:40:14,160,10.5,05:42,81,62,,7156.50,34.8,234
,00:40:15,160,10.5,05:42,81,62,,7159.30,34.9,238
,00:40:16,159,10.6,05:41,81,62,,7162.20,34.8,242
,00:40:17,159,10.6,05:41,81,62,,7165.10,34.7,246
,00:40:18,159,10.6,05:41,81,62,,7168.00,34.9,248
,00:40:19,159,10.5,05:42,81,62,,7170.90,34.9,252
,00:40:20,159,10.5,05:42,81,62,,7173.70,34.8,254
,00:40:21,158,10.5,05:43,81,62,,7176.40,34.9,256
,00:40:22,158,10.5,05:44,81,62,,7179.40,34.9,256
,00:40:23,158,10.5,05:44,81,62,,7182.30,34.9,258
,00:40:24,158,10.4,05:45,81,62,,7185.20,34.9,260
,00:40:25,158,10.4,05:45,81,62,,7188.10,34.9,262
,00:40:26,157,10.4,05:46,81,62,,7191.00,34.8,262
,00:40:27,157,10.4,05:46,81,62,,7194.30,34.9,264
,00:40:28,157,10.4,05:46,81,62,,7197.30,34.8,266
,00:40:29,156,10.4,05:46,81,62,,7200.50,34.9,268
,00:40:30,156,10.4,05:47,81,62,,7203.50,34.8,270
,00:40:31,157,10.4,05:47,81,62,,7206.30,34.9,270
,00:40:32,157,10.4,05:47,81,62,,7209.20,34.9,270
,00:40:33,157,10.4,05:47,81,62,,7212.20,34.9,272
,00:40:34,157,10.4,05:47,81,62,,7215.20,34.9,272
,00:40:35,158,10.4,05:48,81,62,,7217.90,34.8,272
,00:40:36,158,10.3,05:48,81,62,,7220.40,34.9,272
,00:40:37,158,10.3,05:49,81,62,,7223.20,34.9,272
,00:40:38,158,10.3,05:49,81,62,,7226.00,34.9,272
,00:40:39,158,10.3,05:49,81,62,,7228.80,34.9,272
,00:40:40,158,10.3,05:50,81,62,,7232.00,34.8,272
,00:40:41,158,10.3,05:50,81,62,,7234.70,34.8,272
,00:40:42,158,10.3,05:50,81,62,,7237.50,34.7,272
,00:40:43,158,10.3,05:51,81,62,,7240.20,34.8,274
,00:40:44,158,10.3,05:51,81,62,,7243.20,34.8,274
,00:40:45,158,10.3,05:51,81,62,,7246.30,34.8,276
,00:40:46,158,10.3,05:51,81,62,,7249.30,34.8,276
,00:40:47,158,10.3,05:51,81,62,,7252.20,34.8,276
,00:40:48,158,10.3,05:51,81,62,,7255.10,34.7,278
,00:40:49,158,10.2,05:51,82,62,,7258.10,34.8,278
,00:40:50,158,10.2,05:51,83,62,,7261.20,34.7,280
,00:40:51,158,10.2,05:51,83,62,,7264.30,34.7,280
,00:40:52,158,10.2,05:51,82,62,,7267.30,34.8,282
,00:40:53,158,10.2,05:51,82,62,,7270.50,34.7,284
,00:40:54,158,10.2,05:51,82,62,,7273.00,34.8,284
,00:40:55,158,10.2,05:51,82,62,,7276.20,34.7,286
,00:40:56,157,10.2,05:51,82,62,,7278.80,34.7,286
,00:40:57,157,10.2,05:51,82,62,,7282.00,34.7,284
,00:40:58,158,10.2,05:51,82,62,,7285.00,34.8,284
,00:40:59,158,10.3,05:51,82,62,,7287.70,34.7,284
,00:41:00,158,10.3,05:51,82,62,,7290.10,34.9,284
,00:41:01,158,10.3,05:51,82,62,,7292.80,34.7,284
,00:41:02,158,10.3,05:51,82,62,,7295.60,34.7,282
,00:41:03,158,10.3,05:51,83,62,,7298.60,34.7,282
,00:41:04,158,10.3,05:51,83,62,,7300.80,34.7,280
,00:41:05,158,10.3,05:51,83,62,,7303.90,34.6,282
,00:41:06,158,10.3,05:51,83,62,,7306.70,34.8,284
,00:41:07,158,10.3,05:50,82,62,,7309.90,34.6,288
,00:41:08,158,10.3,05:50,82,62,,7312.90,34.7,290
,00:41:09,158,10.3,05:49,82,62,,7315.90,34.7,294
,00:41:10,158,10.3,05:49,82,62,,7319.40,34.8,296
,00:41:11,158,10.3,05:48,82,62,,7322.30,34.7,298
,00:41:12,158,10.3,05:48,82,62,,7325.00,34.6,298
,00:41:13,158,10.4,05:48,82,62,,7328.30,34.7,298
,00:41:14,158,10.4,05:48,82,62,,7331.50,34.7,298
,00:41:15,158,10.4,05:47,82,62,,7334.10,34.7,298
,00:41:16,158,10.4,05:47,83,62,,7336.80,34.7,298
,00:41:17,158,10.4,05:47,83,62,,7339.90,34.7,298
,00:41:18,158,10.4,05:47,82,62,,7343.60,34.7,300
,00:41:19,157,10.4,05:46,83,62,,7346.40,34.6,300
,00:41:20,158,10.4,05:46,82,62,,7349.20,34.6,300
,00:41:21,158,10.4,05:46,82,62,,7352.50,34.7,300
,00:41:22,158,10.4,05:46,82,62,,7355.90,34.6,300
,00:41:23,158,10.4,05:46,82,62,,7358.60,34.7,302
,00:41:24,158,10.4,05:46,82,62,,7361.70,34.6,302
,00:41:25,158,10.4,05:46,83,62,,7364.30,34.8,300
,00:41:26,158,10.4,05:46,82,62,,7367.10,34.7,302
,00:41:27,158,10.4,05:45,82,62,,7370.00,34.7,302
,00:41:28,158,10.5,05:44,82,62,,7372.80,34.7,304
,00:41:29,158,10.5,05:44,82,63,,7376.30,34.6,306
,00:41:30,158,10.5,05:44,82,63,,7379.00,34.7,308
,00:41:31,158,10.5,05:43,82,63,,7382.10,34.7,308
,00:41:32,158,10.5,05:43,82,63,,7385.20,34.7,310
,00:41:33,158,10.5,05:44,82,63,,7388.20,34.7,310
,00:41:34,159,10.5,05:44,82,63,,7391.10,34.7,310
,00:41:35,159,10.5,05:44,82,63,,7394.40,34.6,310
,00:41:36,159,10.5,05:44,82,63,,7397.00,34.8,308
,00:41:37,159,10.5,05:44,83,63,,7399.80,34.7,308
,00:41:38,159,10.5,05:44,82,63,,7402.50,34.7,306
,00:41:39,159,10.5,05:44,82,63,,7406.10,34.7,304
,00:41:40,159,10.5,05:44,82,63,,7408.80,34.7,302
,00:41:41,160,10.5,05:44,82,63,,7411.90,34.7,300
,00:41:42,160,10.5,05:44,82,63,,7415.00,34.7,300
,00:41:43,160,10.5,05:44,82,63,,7417.90,34.7,298
,00:41:44,160,10.5,05:44,82,63,,7420.70,34.8,298
,00:41:45,161,10.5,05:43,82,63,,7423.60,34.8,300
,00:41:46,161,10.5,05:43,82,63,,7426.90,34.7,298
,00:41:47,161,10.5,05:43,83,63,,7430.00,34.7,298
,00:41:48,161,10.5,05:43,83,63,,7432.30,34.7,296
,00:41:49,161,10.5,05:42,83,63,,7435.20,34.7,296
,00:41:50,162,10.6,05:41,82,63,,7438.20,34.7,294
,00:41:51,162,10.6,05:40,83,63,,7441.60,34.8,294
,00:41:52,162,10.6,05:40,82,63,,7445.00,34.7,294
,00:41:53,162,10.6,05:39,82,63,,7447.90,34.7,294
,00:41:54,162,10.6,05:39,82,63,,7450.90,34.7,296
,00:41:55,162,10.6,05:38,82,63,,7454.00,34.7,298
,00:41:56,162,10.6,05:38,82,63,,7456.90,34.7,302
,00:41:57,163,10.7,05:38,82,64,,7460.30,34.7,306
,00:41:58,162,10.7,05:38,82,64,,7463.30,34.8,310
,00:41:59,162,10.7,05:37,82,64,,7466.50,34.7,314
,00:42:00,162,10.7,05:37,82,64,,7469.10,34.7,318
,00:42:01,162,10.7,05:37,82,64,,7472.10,34.6,322
,00:42:02,162,10.7,05:37,82,64,,7475.60,34.7,324
,00:42:03,162,10.7,05:37,82,64,,7478.80,34.7,326
,00:42:04,162,10.7,05:37,82,64,,7481.50,34.8,326
,00:42:05,162,10.7,05:37,82,64,,7484.30,34.6,326
,00:42:06,162,10.7,05:36,82,64,,7487.20,34.7,324
,00:42:07,162,10.7,05:36,82,64,,7490.10,34.8,322
,00:42:08,162,10.7,05:36,82,64,,7492.90,34.6,320
,00:42:09,163,10.7,05:36,83,64,,7495.60,34.6,316
,00:42:10,162,10.7,05:36,82,64,,7498.50,34.6,312
,00:42:11,163,10.7,05:36,82,64,,7501.40,34.7,310
,00:42:12,163,10.7,05:36,82,64,,7504.00,34.7,306
,00:42:13,163,10.7,05:36,82,64,,7507.20,34.7,304
,00:42:14,163,10.7,05:36,83,64,,7510.10,34.6,304
,00:42:15,162,10.7,05:36,82,64,,7512.90,34.7,302
,00:42:16,162,10.7,05:37,82,64,,7515.60,34.7,302
,00:42:17,162,10.7,05:37,83,65,,7518.70,34.8,302
,00:42:18,162,10.7,05:37,83,65,,7521.60,34.7,304
,00:42:19,161,10.7,05:37,82,65,,7524.30,34.6,304
,00:42:20,161,10.7,05:37,82,65,,7526.80,34.7,304
,00:42:21,161,10.7,05:37,82,65,,7529.90,34.7,302
,00:42:22,161,10.7,05:38,82,65,,7532.70,34.7,300
,00:42:23,161,10.6,05:38,82,65,,7535.60,34.7,298
,00:42:24,161,10.6,05:39,82,65,,7538.40,34.7,296
,00:42:25,160,10.6,05:39,82,65,,7541.30,34.7,294
,00:42:26,160,10.6,05:39,82,65,,7544.00,34.7,292
,00:42:27,160,10.6,05:40,82,65,,7546.70,34.7,290
,00:42:28,160,10.6,05:40,82,65,,7549.70,34.7,288
,00:42:29,159,10.6,05:41,82,65,,7552.80,34.6,286
,00:42:30,159,10.6,05:41,82,65,,7555.70,34.6,284
,00:42:31,159,10.5,05:41,82,65,,7558.70,34.7,284
,00:42:32,159,10.5,05:41,82,65,,7561.90,34.6,282
,00:42:33,159,10.5,05:42,82,65,,7564.60,34.7,280
,00:42:34,159,10.5,05:42,82,65,,7567.40,34.7,280
,00:42:35,159,10.5,05:42,82,65,,7570.40,34.7,278
,00:42:36,159,10.5,05:42,82,65,,7573.40,34.7,276
,00:42:37,159,10.5,05:42,82,65,,7576.40,34.7,276
,00:42:38,159,10.5,05:42,82,65,,7579.40,34.6,274
,00:42:39,159,10.5,05:42,82,65,,7582.20,34.6,274
,00:42:40,159,10.5,05:43,82,65,,7585.00,34.7,274
,00:42:41,159,10.5,05:43,81,64,,7587.60,34.7,272
,00:42:42,159,10.5,05:44,81,64,,7590.60,34.7,272
,00:42:43,159,10.5,05:44,81,64,,7593.30,34.7,272
,00:42:44,159,10.4,05:45,81,64,,7596.00,34.7,272
,00:42:45,159,10.4,05:46,81,64,,7599.10,34.7,272
,00:42:46,159,10.4,05:46,81,64,,7601.40,34.7,272
,00:42:47,160,10.4,05:46,81,64,,7604.10,34.6,274
,00:42:48,160,10.4,05:46,81,64,,7607.20,34.7,276
,00:42:49,160,10.4,05:46,81,64,,7610.00,34.7,278
,00:42:50,160,10.4,05:46,81,64,,7612.40,34.7,280
,00:42:51,160,10.4,05:46,81,64,,7615.30,34.7,282
,00:42:52,159,10.4,05:46,81,64,,7618.70,34.7,282
,00:42:53,159,10.4,05:46,81,64,,7621.60,34.7,284
,00:42:54,159,10.4,05:46,81,64,,7623.70,34.7,288
,00:42:55,159,10.4,05:46,81,64,,7627.20,34.6,290
,00:42:56,160,10.4,05:47,81,64,,7630.20,34.7,294
,00:42:57,159,10.4,05:47,81,64,,7632.90,34.7,298
,00:42:58,160,10.4,05:47,81,64,,7636.10,34.7,298
,00:42:59,160,10.4,05:47,81,64,,7639.50,34.7,300
,00:43:00,160,10.4,05:47,81,64,,7642.60,34.6,298
,00:43:01,159,10.4,05:47,81,64,,7645.40,34.7,300
,00:43:02,159,10.4,05:47,81,64,,7648.40,34.7,300
,00:43:03,159,10.4,05:47,81,65,,7651.40,34.6,302
,00:43:04,160,10.4,05:47,81,65,,7654.20,34.6,306
,00:43:05,160,10.4,05:47,81,65,,7657.20,34.6,308
,00:43:06,160,10.4,05:47,81,65,,7660.50,34.7,312
,00:43:07,161,10.5,05:42,81,65,,7663.50,34.7,318
,00:43:08,161,10.7,05:38,81,65,,7666.20,34.8,324
,00:43:09,161,10.6,05:39,80,65,,7669.60,34.5,322
,00:43:10,162,10.6,05:41,80,65,,7672.30,34.7,320
,00:43:11,162,10.5,05:42,80,65,,7675.50,34.7,318
,00:43:12,163,10.5,05:44,80,65,,7678.60,34.6,314
,00:43:13,163,10.5,05:44,79,65,,7681.30,34.7,310
,00:43:14,163,10.4,05:45,79,65,,7684.20,34.7,306
,00:43:15,162,10.4,05:45,77,65,,7686.50,34.7,300
,00:43:16,162,10.4,05:47,77,65,,7689.00,34.8,296
,00:43:17,162,10.2,05:53,77,65,,7691.30,34.7,284
,00:43:18,162,9.8,06:07,75,65,,7692.40,34.6,270
,00:43:19,162,7.7,07:48,75,65,,7694.10,34.7,208
,00:43:20,162,5.2,11:30,73,65,,7694.50,34.7,138
,00:43:21,162,4.5,13:13,64,65,,7694.60,34.7,118
,00:43:22,162,4.5,13:13,55,65,,7694.90,34.7,116
,00:43:23,162,4.8,12:25,55,65,,7695.70,34.7,120
,00:43:24,162,5.2,11:36,60,65,,7697.10,34.7,126
,00:43:25,162,6.9,08:39,60,64,,7699.10,34.7,166
,00:43:26,162,8.8,06:48,60,64,,7701.30,34.7,210
,00:43:27,162,9.2,06:32,73,64,,7704.50,34.6,216
,00:43:28,162,9.4,06:24,76,64,,7707.50,34.7,222
,00:43:29,162,9.5,06:17,79,64,,7710.90,34.7,226
,00:43:30,162,9.7,06:12,81,64,,7714.40,34.7,232
,00:43:31,162,9.8,06:09,80,64,,7717.80,34.7,236
,00:43:32,162,9.8,06:06,80,64,,7721.20,34.7,238
,00:43:33,162,9.9,06:04,80,64,,7724.60,34.7,240
,00:43:34,161,9.9,06:03,80,64,,7727.20,34.6,242
,00:43:35,161,9.9,06:02,80,64,,7730.10,34.7,244
,00:43:36,161,10.0,06:02,80,64,,7732.40,34.7,244
,00:43:37,160,10.0,06:01,80,64,,7735.10,34.7,244
,00:43:38,160,10.0,06:01,80,64,,7737.80,34.7,244
,00:43:39,159,10.0,06:02,81,64,,7740.50,34.7,244
,00:43:40,159,9.9,06:02,81,64,,7743.10,34.7,244
,00:43:41,159,9.9,06:03,81,63,,7745.60,34.7,244
,00:43:42,158,9.9,06:03,81,63,,7748.20,34.7,242
,00:43:43,158,9.9,06:03,81,63,,7751.00,34.7,242
,00:43:44,158,9.9,06:04,81,63,,7753.80,34.7,240
,00:43:45,158,9.9,06:03,81,63,,7756.80,34.6,240
,00:43:46,158,9.9,06:02,81,63,,7759.60,34.6,242
,00:43:47,158,10.0,06:02,81,63,,7762.90,34.7,244
,00:43:48,159,10.1,05:55,81,63,,7765.70,34.6,250
,00:43:49,159,10.3,05:50,81,63,,7769.10,34.7,258
,00:43:50,159,10.2,05:52,81,63,,7772.50,34.6,260
,00:43:51,160,10.2,05:53,81,63,,7775.60,34.6,264
,00:43:52,160,10.2,05:54,81,63,,7778.40,34.7,266
,00:43:53,160,10.0,05:59,80,63,,7780.70,34.7,266
,00:43:54,160,9.7,06:10,81,63,,7782.90,34.7,262
,00:43:55,161,9.4,06:23,81,63,,7784.90,34.7,256
,00:43:56,161,9.1,06:35,81,63,,7785.90,34.7,252
,00:43:57,161,8.9,06:47,81,63,,7787.40,34.6,248
,00:43:58,161,8.6,06:57,81,63,,7788.00,34.7,244
,00:43:59,161,8.5,07:04,81,63,,7788.90,34.6,242
,00:44:00,161,8.5,07:05,81,63,,7790.40,34.6,242
,00:44:01,161,8.6,06:58,81,63,,7792.00,34.8,248
,00:44:02,162,8.8,06:49,81,63,,7794.40,34.7,256
,00:44:03,162,9.0,06:42,81,63,,7796.90,34.6,262
,00:44:04,162,9.1,06:36,80,63,,7800.10,34.6,272
,00:44:05,162,9.2,06:31,81,64,,7802.50,34.6,282
,00:44:06,163,9.2,06:30,81,64,,7805.40,34.7,290
,00:44:07,163,9.3,06:28,81,65,,7808.60,34.7,300
,00:44:08,163,9.4,06:24,81,65,,7811.30,34.5,312
,00:44:09,163,9.7,06:12,80,65,,7814.00,34.6,328
,00:44:10,164,10.2,05:54,80,65,,7817.60,34.5,352
,00:44:11,164,10.6,05:39,80,66,,7821.40,34.5,374
,00:44:12,164,11.0,05:28,80,66,,7824.80,34.6,392
,00:44:13,164,11.1,05:24,80,66,,7827.90,34.5,398
,00:44:14,164,11.0,05:27,79,66,,7832.00,34.5,396
,00:44:15,164,10.9,05:31,79,66,,7834.70,34.5,390
,00:44:16,163,10.7,05:38,79,66,,7837.20,34.5,382
,00:44:17,163,10.2,05:53,79,66,,7840.00,34.4,364
,00:44:18,162,9.5,06:19,79,66,,7841.90,34.5,338
,00:44:19,161,8.0,07:29,79,67,,7842.90,34.4,284
,00:44:20,161,6.6,09:07,79,67,,7843.60,34.4,232
,00:44:21,161,6.3,09:32,79,67,,7844.40,34.4,222
,00:44:22,161,6.4,09:20,79,67,,7845.60,34.4,226
,00:44:23,162,6.7,08:57,79,67,,7847.00,34.4,234
,00:44:24,162,7.1,08:25,79,67,,7849.20,34.4,248
,00:44:25,162,7.6,07:55,79,67,,7851.80,34.4,262
,00:44:26,162,8.1,07:24,79,67,,7854.60,34.4,278
,00:44:27,161,8.6,07:00,79,67,,7857.60,34.4,292
,00:44:28,161,8.8,06:49,79,67,,7861.20,34.4,298
,00:44:29,161,8.9,06:42,79,67,,7864.60,34.4,300
,00:44:30,161,9.1,06:37,79,67,,7868.00,34.4,304
,00:44:31,160,9.1,06:35,79,68,,7871.00,34.4,308
,00:44:32,160,9.1,06:36,81,68,,7873.80,34.3,308
,00:44:33,159,9.0,06:39,80,68,,7876.50,34.3,308
,00:44:34,159,9.0,06:42,80,68,,7878.70,34.4,308
,00:44:35,159,9.0,06:40,80,69,,7880.30,34.4,308
,00:44:36,158,9.1,06:36,80,69,,7882.70,34.2,310
,00:44:37,158,9.1,06:34,80,69,,7884.70,34.4,310
,00:44:38,157,9.2,06:32,81,69,,7887.00,34.3,308
,00:44:39,157,9.2,06:30,81,69,,7889.70,34.2,306
,00:44:40,157,9.2,06:29,81,69,,7892.20,34.2,302
,00:44:41,156,9.3,06:28,81,69,,7894.90,34.2,300
,00:44:42,157,9.3,06:28,80,69,,7897.80,34.3,296
,00:44:43,157,9.3,06:27,80,69,,7900.60,34.2,294
,00:44:44,157,9.3,06:27,81,69,,7903.80,34.3,290
,00:44:45,157,9.3,06:26,80,69,,7906.70,34.2,288
,00:44:46,157,9.4,06:23,80,69,,7909.50,34.2,286
,00:44:47,157,9.5,06:21,80,69,,7912.40,34.2,284
,00:44:48,158,9.4,06:21,80,69,,7915.10,34.3,280
,00:44:49,158,9.3,06:27,80,69,,7917.50,34.2,272
,00:44:50,158,9.1,06:37,80,69,,7919.90,34.2,262
,00:44:51,158,8.9,06:45,81,69,,7922.00,34.3,254
,00:44:52,159,8.7,06:54,81,69,,7924.00,34.2,246
,00:44:53,159,8.5,07:03,81,69,,7925.50,34.2,240
,00:44:54,159,8.3,07:12,81,69,,7927.00,34.2,232
,00:44:55,159,8.3,07:15,81,69,,7928.30,34.2,228
,00:44:56,159,8.5,07:05,81,69,,7930.20,34.1,234
,00:44:57,159,8.8,06:48,81,69,,7932.50,34.2,244
,00:44:58,159,9.2,06:33,81,69,,7935.50,34.1,254
,00:44:59,158,9.3,06:28,81,69,,7938.40,34.2,258
,00:45:00,158,9.3,06:29,81,69,,7941.00,34.2,258
,00:45:01,158,9.2,06:30,81,69,,7944.10,34.0,258
,00:45:02,158,9.2,06:31,81,69,,7947.20,34.1,260
,00:45:03,158,9.2,06:32,81,69,,7950.00,34.1,260
,00:45:04,158,9.1,06:34,81,69,,7953.20,33.9,262
,00:45:05,158,9.0,06:39,81,69,,7955.50,34.0,260
,00:45:06,158,8.9,06:46,81,69,,7957.10,34.2,258
,00:45:07,158,8.8,06:48,81,69,,7959.00,34.1,258
,00:45:08,158,8.9,06:46,81,69,,7961.00,34.0,260
,00:45:09,159,8.9,06:44,81,69,,7964.10,34.0,262
,00:45:10,159,9.0,06:42,81,69,,7966.90,34.0,264
,00:45:11,159,9.0,06:39,79,69,,7969.30,33.9,266
,00:45:12,159,9.1,06:37,73,69,,7972.00,34.0,266
,00:45:13,159,9.1,06:35,73,69,,7975.10,34.0,266
,00:45:14,159,9.1,06:35,70,69,,7978.30,33.9,264
,00:45:15,159,9.0,06:38,72,69,,7981.20,34.0,258
,00:45:16,158,8.9,06:47,76,69,,7983.60,33.9,250
,00:45:17,158,8.6,06:59,80,69,,7986.10,34.0,240
,00:45:18,158,8.3,07:12,81,69,,7987.70,34.0,234
,00:45:19,157,8.1,07:27,81,69,,7989.20,33.9,228
,00:45:20,157,7.8,07:41,80,69,,7990.80,33.9,224
,00:45:21,157,7.7,07:47,80,70,,7992.30,33.7,228
,00:45:22,157,7.7,07:45,80,70,,7993.60,33.9,234
,00:45:23,156,7.9,07:35,80,70,,7995.20,33.9,246
,00:45:24,157,8.1,07:24,81,70,,7997.60,33.9,258
,00:45:25,157,8.3,07:15,81,71,,7999.90,33.9,270
,00:45:26,157,8.4,07:08,81,71,,8002.40,33.9,278
,00:45:27,157,8.5,07:02,81,71,,8004.80,34.0,282
,00:45:28,157,8.6,06:58,81,71,,8007.60,33.9,286
,00:45:29,157,8.7,06:54,81,71,,8010.50,33.8,286
,00:45:30,157,8.8,06:51,81,71,,8013.50,33.8,286
,00:45:31,157,8.8,06:49,81,71,,8016.30,33.8,286
,00:45:32,157,8.8,06:47,81,71,,8018.90,33.9,284
,00:45:33,157,8.9,06:46,81,71,,8021.20,33.9,282
,00:45:34,156,9.1,06:36,81,71,,8023.90,33.8,284
,00:45:35,157,9.7,06:13,81,71,,8027.20,33.9,296
,00:45:36,156,11.3,05:19,81,71,,8030.90,33.9,342
,00:45:37,156,13.0,04:38,81,71,,8034.80,33.7,386
,00:45:38,156,13.5,04:27,81,71,,8039.00,33.7,396
,00:45:39,157,13.6,04:24,81,71,,8043.20,33.7,398
,00:45:40,157,13.4,04:29,81,71,,8047.40,33.6,386
,00:45:41,158,13.0,04:38,81,71,,8051.30,33.8,372
,00:45:42,158,12.6,04:46,81,71,,8055.30,33.7,358
,00:45:43,158,12.4,04:51,81,71,,8059.30,33.8,350
,00:45:44,158,12.5,04:48,81,71,,8062.80,33.7,352
,00:45:45,158,12.5,04:48,81,71,,8066.30,33.7,350
,00:45:46,158,12.5,04:48,81,71,,8069.10,33.7,348
,00:45:47,159,12.3,04:52,81,71,,8072.10,33.7,344
,00:45:48,158,12.2,04:55,81,71,,8075.10,33.7,340
,00:45:49,159,12.2,04:55,80,71,,8078.10,33.7,340
,00:45:50,159,12.7,04:44,80,71,,8081.60,33.6,352
,00:45:51,158,13.2,04:33,80,71,,8085.20,33.6,364
,00:45:52,158,13.3,04:32,80,71,,8089.10,33.7,366
,00:45:53,159,12.6,04:46,80,71,,8092.30,33.7,346
,00:45:54,159,11.7,05:07,80,71,,8095.10,33.5,324
,00:45:55,159,11.3,05:17,79,71,,8098.50,33.6,314
,00:45:56,159,11.3,05:18,78,71,,8101.70,33.5,316
,00:45:57,159,11.5,05:12,79,71,,8105.20,33.6,322
,00:45:58,159,11.8,05:05,79,71,,8108.90,33.7,332
,00:45:59,159,12.1,04:58,79,71,,8112.40,33.6,340
,00:46:00,158,12.3,04:53,79,71,,8116.00,33.5,344
,00:46:01,158,12.3,04:52,81,71,,8119.50,33.7,342
,00:46:02,158,12.2,04:55,81,71,,8122.50,33.5,336
,00:46:03,158,12.0,04:59,80,71,,8125.60,33.5,326
,00:46:04,158,11.9,05:02,81,71,,8129.30,33.5,320
,00:46:05,158,12.0,05:00,80,71,,8133.30,33.6,316
,00:46:06,158,11.9,05:02,80,71,,8136.80,33.5,310
,00:46:07,158,11.8,05:05,80,70,,8139.80,33.6,304
,00:46:08,158,11.7,05:07,80,70,,8142.60,33.6,300
,00:46:09,158,11.7,05:09,80,70,,8145.20,33.6,294
,00:46:10,159,11.6,05:12,80,70,,8148.10,33.5,290
,00:46:11,159,11.5,05:13,80,70,,8151.00,33.4,288
,00:46:12,159,11.5,05:14,80,70,,8154.20,33.5,286
,00:46:13,158,11.5,05:14,80,70,,8157.00,33.6,288
,00:46:14,158,11.4,05:14,81,70,,8160.30,33.5,288
,00:46:15,158,11.4,05:15,80,70,,8162.90,33.5,288
,00:46:16,158,11.4,05:16,80,70,,8165.80,33.5,288
,00:46:17,158,11.3,05:18,80,70,,8168.80,33.5,288
,00:46:18,159,11.3,05:19,80,70,,8171.90,33.5,286
,00:46:19,159,11.1,05:23,80,70,,8174.90,33.5,284
,00:46:20,159,10.8,05:32,80,70,,8177.70,33.5,276
,00:46:21,159,10.5,05:43,80,70,,8180.00,33.5,268
,00:46:22,160,10.2,05:54,80,70,,8182.20,33.4,260
,00:46:23,160,10.1,05:55,80,70,,8184.10,33.5,258
,00:46:24,160,10.3,05:49,80,70,,8187.40,33.5,264
,00:46:25,160,10.4,05:45,81,70,,8190.50,33.5,268
,00:46:26,160,10.4,05:45,81,70,,8193.20,33.4,268
,00:46:27,161,10.3,05:49,81,70,,8196.00,33.5,266
,00:46:28,161,10.2,05:53,80,70,,8198.80,33.5,264
,00:46:29,161,10.1,05:57,81,69,,8201.50,33.3,262
,00:46:30,161,10.1,05:55,81,69,,8204.90,33.5,266
,00:46:31,162,10.3,05:50,81,69,,8208.00,33.5,274
,00:46:32,162,10.4,05:46,81,69,,8211.40,33.4,282
,00:46:33,162,10.6,05:41,81,69,,8214.10,33.5,290
,00:46:34,162,10.8,05:34,81,69,,8216.50,33.5,302
,00:46:35,162,11.0,05:26,80,70,,8220.10,33.5,314
,00:46:36,163,11.3,05:19,81,70,,8223.90,33.4,324
,00:46:37,162,11.4,05:15,81,70,,8227.90,33.4,330
,00:46:38,163,11.4,05:15,81,70,,8231.40,33.4,332
,00:46:39,163,11.4,05:16,81,70,,8234.20,33.4,332
,00:46:40,163,11.3,05:18,81,70,,8237.40,33.4,330
,00:46:41,163,11.2,05:21,81,70,,8240.30,33.3,326
,00:46:42,163,11.0,05:26,87,70,,8242.70,33.4,324
,00:46:43,164,10.9,05:31,89,70,,8245.20,33.3,320
,00:46:44,164,10.8,05:32,86,70,,8247.00,33.3,322
,00:46:45,164,10.9,05:30,85,70,,8249.60,33.3,326
,00:46:46,164,10.9,05:30,83,70,,8252.00,33.3,330
,00:46:47,165,10.9,05:30,82,71,,8254.90,33.3,332
,00:46:48,165,10.9,05:31,82,71,,8257.30,33.3,334
,00:46:49,165,10.9,05:31,82,71,,8260.40,33.3,336
,00:46:50,166,10.8,05:32,82,71,,8263.10,33.3,334
,00:46:51,166,10.8,05:33,82,71,,8265.90,33.2,334
,00:46:52,166,10.6,05:41,82,71,,8268.20,33.2,326
,00:46:53,166,10.2,05:53,82,71,,8270.90,33.3,314
,00:46:54,167,10.0,05:59,82,71,,8272.30,33.2,308
,00:46:55,167,10.1,05:57,82,71,,8274.60,33.2,308
,00:46:56,167,10.1,05:55,82,71,,8277.00,33.3,306
,00:46:57,167,10.2,05:54,82,71,,8279.90,33.2,304
,00:46:58,167,10.2,05:53,82,71,,8282.30,33.3,300
,00:46:59,166,10.2,05:52,82,71,,8285.10,33.3,296
,00:47:00,166,10.3,05:51,82,71,,8288.00,33.3,294
,00:47:01,166,10.3,05:51,82,71,,8291.20,33.2,290
,00:47:02,166,10.3,05:50,82,71,,8294.30,33.3,290
,00:47:03,166,10.3,05:50,82,71,,8297.80,33.2,288
,00:47:04,167,10.3,05:50,82,71,,8300.80,33.3,290
,00:47:05,167,10.3,05:49,82,71,,8303.90,33.3,292
,00:47:06,167,10.3,05:49,82,71,,8306.90,33.2,294
,00:47:07,168,10.3,05:49,83,71,,8310.00,33.2,296
,00:47:08,168,10.3,05:49,83,71,,8313.00,33.2,298
,00:47:09,168,10.5,05:44,83,72,,8316.40,33.3,304
,00:47:10,169,10.5,05:41,83,72,,8319.20,33.2,308
,00:47:11,169,10.5,05:42,83,72,,8322.70,33.3,308
,00:47:12,169,10.5,05:41,83,72,,8325.50,33.3,308
,00:47:13,169,10.6,05:40,83,72,,8328.70,33.3,314
,00:47:14,169,10.7,05:36,83,72,,8332.00,33.3,322
,00:47:15,169,10.9,05:29,83,72,,8335.30,33.3,334
,00:47:16,169,11.2,05:21,83,72,,8338.80,33.2,346
,00:47:17,169,11.6,05:11,83,72,,8342.40,33.2,356
,00:47:18,168,11.9,05:03,83,72,,8345.90,33.3,366
,00:47:19,169,12.1,04:57,83,72,,8350.50,33.3,372
,00:47:20,169,12.3,04:52,83,72,,8354.20,33.3,376
,00:47:21,169,12.5,04:48,83,72,,8358.50,33.2,380
,00:47:22,170,12.6,04:46,83,72,,8362.10,33.3,380
,00:47:23,170,12.4,04:50,83,72,,8366.20,33.2,372
,00:47:24,170,12.3,04:53,83,72,,8370.00,33.2,364
,00:47:25,171,12.3,04:52,83,72,,8373.20,33.2,364
,00:47:26,171,12.4,04:51,83,72,,8376.60,33.3,364
,00:47:27,171,12.5,04:49,83,72,,8380.20,33.3,368
,00:47:28,171,12.6,04:46,83,72,,8383.30,33.3,370
,00:47:29,171,12.7,04:44,82,72,,8386.60,33.2,372
,00:47:30,171,12.7,04:44,82,72,,8390.10,33.3,374
,00:47:31,171,12.5,04:48,82,72,,8393.20,33.3,368
,00:47:32,171,12.1,04:57,85,72,,8396.00,33.2,358
,00:47:33,171,11.6,05:12,85,72,,8398.50,33.3,342
,00:47:34,171,10.8,05:34,87,72,,8400.50,33.2,320
,00:47:35,171,9.1,06:38,84,73,,8401.90,33.3,270
,00:47:36,171,9.1,06:38,82,73,,8402.80,33.3,272
,00:47:37,171,7.8,07:40,82,73,,8404.70,33.2,236
,00:47:38,171,8.2,07:18,82,73,,8406.50,33.2,250
,00:47:39,172,8.6,06:57,82,73,,8408.20,33.3,262
,00:47:40,172,9.0,06:41,82,73,,8410.90,33.2,268
,00:47:41,172,9.3,06:29,82,73,,8413.20,33.3,270
,00:47:42,171,9.5,06:19,82,73,,8415.80,33.4,268
,00:47:43,171,9.7,06:11,82,72,,8419.40,33.3,264
,00:47:44,171,9.9,06:05,82,72,,8423.30,33.2,258
,00:47:45,170,10.0,06:00,82,72,,8426.90,33.2,250
,00:47:46,170,10.1,05:55,82,72,,8429.50,33.2,246
,00:47:47,171,10.2,05:52,82,72,,8432.90,33.2,242
,00:47:48,171,10.3,05:48,82,72,,8436.10,33.1,240
,00:47:49,171,10.4,05:46,82,72,,8439.10,33.1,240
,00:47:50,170,10.5,05:43,82,72,,8442.20,33.3,238
,00:47:51,169,10.5,05:41,82,72,,8445.30,33.2,238
,00:47:52,169,10.6,05:40,82,72,,8448.10,33.2,238
,00:47:53,170,10.6,05:39,82,71,,8450.70,33.2,238
,00:47:54,170,10.7,05:38,82,71,,8453.70,33.2,238
,00:47:55,170,10.7,05:37,82,71,,8457.10,33.2,238
,00:47:56,169,10.7,05:36,82,71,,8460.00,33.2,240
,00:47:57,168,10.7,05:36,82,71,,8462.90,33.1,242
,00:47:58,168,10.7,05:35,82,71,,8465.90,33.2,244
,00:47:59,168,10.8,05:35,82,71,,8468.70,33.2,246
,00:48:00,168,10.8,05:34,82,71,,8471.80,33.1,248
,00:48:01,168,10.8,05:34,82,71,,8475.00,33.2,250
,00:48:02,168,10.8,05:34,82,71,,8478.00,33.2,250
,00:48:03,168,10.8,05:33,82,70,,8481.20,33.1,252
,00:48:04,167,10.8,05:33,82,70,,8483.80,33.2,252
,00:48:05,166,10.8,05:33,82,70,,8486.80,33.2,252
,00:48:06,165,10.8,05:33,82,70,,8489.80,33.2,252
,00:48:07,165,10.8,05:33,82,70,,8492.80,33.2,252
,00:48:08,164,10.8,05:33,82,70,,8496.00,33.1,252
,00:48:09,163,10.8,05:33,81,69,,8498.90,33.1,250
,00:48:10,163,10.8,05:33,81,69,,8501.80,33.1,250
,00:48:11,164,10.8,05:33,81,69,,8505.10,33.2,250
,00:48:12,164,10.8,05:32,80,69,,8508.20,33.1,252
,00:48:13,164,10.8,05:32,80,69,,8511.30,33.1,252
,00:48:14,164,10.8,05:32,81,69,,8514.30,33.2,252
,00:48:15,164,10.8,05:32,81,69,,8517.10,33.1,254
,00:48:16,164,10.8,05:32,81,69,,8519.90,33.1,256
,00:48:17,164,10.8,05:32,81,69,,8523.10,33.0,258
,00:48:18,164,10.8,05:32,81,69,,8525.70,33.2,258
,00:48:19,164,10.8,05:32,80,69,,8528.60,33.1,258
,00:48:20,164,10.8,05:32,81,69,,8531.20,33.1,260
,00:48:21,164,10.8,05:32,81,68,,8533.70,33.2,260
,00:48:22,163,10.8,05:33,81,68,,8536.80,33.1,262
,00:48:23,163,10.8,05:33,81,68,,8539.80,33.0,262
,00:48:24,163,10.8,05:34,81,68,,8542.30,33.0,262
,00:48:25,163,10.8,05:34,81,68,,8545.20,33.0,264
,00:48:26,162,10.8,05:35,81,68,,8547.60,33.0,266
,00:48:27,162,10.7,05:35,81,68,,8550.70,33.0,270
,00:48:28,162,10.7,05:36,80,68,,8553.70,33.0,274
,00:48:29,162,10.7,05:36,80,68,,8556.30,33.0,276
,00:48:30,162,10.6,05:40,80,68,,8559.10,33.0,276
,00:48:31,162,10.5,05:44,80,68,,8562.10,33.0,276
,00:48:32,162,10.5,05:43,81,68,,8564.30,33.0,280
,00:48:33,162,10.4,05:45,80,68,,8567.60,33.0,280
,00:48:34,163,10.4,05:47,80,68,,8569.90,33.0,280
,00:48:35,163,10.4,05:47,80,68,,8572.50,33.0,282
,00:48:36,162,10.3,05:49,80,68,,8575.00,33.1,286
,00:48:37,162,10.2,05:52,80,68,,8577.10,32.9,286
,00:48:38,162,10.1,05:55,80,68,,8579.70,33.0,286
,00:48:39,162,10.0,06:01,80,68,,8581.90,32.9,284
,00:48:40,162,9.8,06:08,80,68,,8584.20,33.0,280
,00:48:41,162,9.8,06:08,80,68,,8586.40,32.9,280
,00:48:42,161,9.9,06:03,81,68,,8588.30,32.9,282
,00:48:43,161,10.0,05:59,80,68,,8590.70,32.9,286
,00:48:44,161,10.1,05:56,81,68,,8593.10,32.9,288
,00:48:45,161,10.1,05:56,81,68,,8595.20,32.9,288
,00:48:46,161,10.0,05:59,81,68,,8597.80,33.0,286
,00:48:47,161,10.0,05:59,81,68,,8600.20,33.0,288
,00:48:48,161,10.1,05:57,81,68,,8603.10,33.0,292
,00:48:49,161,10.1,05:55,81,69,,8605.70,32.8,294
,00:48:50,161,10.2,05:55,81,69,,8609.00,33.0,296
,00:48:51,160,10.2,05:54,80,69,,8611.70,32.9,298
,00:48:52,160,10.2,05:54,80,69,,8614.50,33.0,300
,00:48:53,160,10.2,05:54,80,69,,8617.10,33.1,302
,00:48:54,160,10.2,05:54,80,69,,8620.10,33.0,304
,00:48:55,160,10.2,05:54,80,69,,8622.90,32.8,306
,00:48:56,160,10.2,05:54,80,69,,8626.00,32.8,308
,00:48:57,160,10.2,05:54,81,69,,8629.10,32.8,308
,00:48:58,160,10.2,05:54,81,69,,8631.60,32.8,310
,00:48:59,160,10.1,05:55,80,70,,8634.30,32.8,312
,00:49:00,160,10.1,05:55,80,70,,8636.90,32.9,316
,00:49:01,160,10.1,05:56,80,70,,8639.60,32.9,318
,00:49:02,160,10.1,05:56,80,70,,8642.20,32.8,320
,00:49:03,160,10.1,05:57,80,70,,8644.90,32.9,324
,00:49:04,160,10.1,05:57,80,70,,8647.60,32.9,326
,00:49:05,161,10.1,05:58,81,71,,8650.30,32.8,328
,00:49:06,160,10.0,05:59,81,71,,8652.50,32.8,330
,00:49:07,161,10.0,05:59,80,71,,8655.40,32.8,332
,00:49:08,162,10.0,06:00,80,71,,8658.00,32.8,336
,00:49:09,162,10.0,06:01,80,71,,8660.70,32.9,338
,00:49:10,162,10.0,06:01,80,71,,8663.40,32.7,342
,00:49:11,163,9.9,06:02,80,72,,8665.90,32.8,344
,00:49:12,163,9.9,06:03,81,72,,8668.60,32.8,348
,00:49:13,163,9.9,06:03,81,72,,8671.30,32.8,350
,00:49:14,163,9.9,06:03,81,72,,8674.10,32.7,352
,00:49:15,163,9.9,06:04,81,72,,8677.00,32.9,354
,00:49:16,164,9.9,06:04,81,72,,8680.00,32.7,356
,00:49:17,164,9.9,06:04,81,73,,8683.30,32.8,356
,00:49:18,163,9.9,06:04,81,73,,8685.90,32.8,356
,00:49:19,163,9.9,06:04,81,73,,8688.80,32.7,352
,00:49:20,163,9.9,06:04,81,73,,8691.90,32.8,348
,00:49:21,163,9.9,06:04,81,73,,8694.90,32.8,344
,00:49:22,163,9.9,06:04,81,73,,8697.80,32.7,338
,00:49:23,163,9.9,06:04,81,73,,8700.60,32.8,330
,00:49:24,163,9.9,06:04,81,73,,8703.50,32.6,324
,00:49:25,163,9.9,06:04,81,73,,8706.20,32.7,318
,00:49:26,163,9.9,06:04,80,73,,8708.80,32.7,314
,00:49:27,163,9.9,06:04,81,73,,8711.90,32.8,308
,00:49:28,163,9.9,06:05,81,73,,8714.80,32.7,304
,00:49:29,163,9.9,06:05,81,73,,8717.50,32.7,300
,00:49:30,163,9.9,06:05,81,73,,8720.30,32.7,296
,00:49:31,163,9.9,06:05,81,73,,8723.20,32.6,292
,00:49:32,162,9.9,06:05,81,73,,8726.00,32.6,290
,00:49:33,162,9.9,06:05,81,73,,8728.80,32.6,294
,00:49:34,162,9.9,06:05,80,73,,8731.70,32.7,298
,00:49:35,162,9.9,06:05,80,74,,8734.90,32.7,304
,00:49:36,163,9.9,06:04,80,74,,8737.50,32.6,308
,00:49:37,163,9.9,06:04,81,74,,8740.50,32.6,308
,00:49:38,164,9.9,06:03,81,74,,8743.40,32.7,308
,00:49:39,164,9.9,06:03,81,74,,8745.70,32.6,304
,00:49:40,164,9.9,06:03,81,74,,8748.50,32.6,302
,00:49:41,164,9.9,06:02,81,74,,8750.90,32.7,298
,00:49:42,164,10.0,06:01,81,74,,8753.60,32.6,294
,00:49:43,164,10.0,06:01,81,74,,8756.20,32.6,292
,00:49:44,164,10.0,06:00,81,74,,8758.60,32.6,288
,00:49:45,164,10.0,06:00,81,74,,8761.60,32.6,288
,00:49:46,164,10.0,06:00,81,74,,8764.30,32.6,286
,00:49:47,164,10.0,05:59,80,74,,8767.30,32.6,284
,00:49:48,164,10.0,05:59,80,74,,8770.70,32.7,282
,00:49:49,163,10.0,05:58,80,74,,8773.20,32.6,282
,00:49:50,163,10.0,05:58,80,74,,8776.30,32.6,280
,00:49:51,162,10.1,05:58,80,74,,8779.40,32.6,276
,00:49:52,162,10.1,05:58,80,74,,8781.80,32.6,272
,00:49:53,162,10.1,05:57,81,73,,8784.50,32.6,268
,00:49:54,162,10.1,05:57,81,73,,8787.30,32.6,264
,00:49:55,162,10.1,05:57,81,73,,8790.10,32.5,260
,00:49:56,163,10.1,05:57,81,73,,8792.90,32.5,256
,00:49:57,163,10.1,05:57,81,73,,8795.50,32.5,254
,00:49:58,163,10.1,05:56,81,73,,8798.70,32.5,250
,00:49:59,163,10.1,05:56,81,73,,8801.60,32.6,248
,00:50:00,163,10.1,05:56,81,73,,8804.30,32.5,246
,00:50:01,163,10.1,05:56,80,73,,8807.70,32.6,246
,00:50:02,163,10.1,05:55,80,73,,8810.60,32.7,244
,00:50:03,163,10.1,05:55,81,73,,8813.70,32.6,242
,00:50:04,163,10.2,05:55,80,73,,8816.60,32.6,242
,00:50:05,163,10.2,05:55,81,73,,8819.00,32.6,240
,00:50:06,163,10.2,05:55,81,73,,8821.80,32.5,238
,00:50:07,162,10.1,05:57,81,72,,8824.40,32.6,238
,00:50:08,162,10.0,05:59,81,72,,8827.40,32.5,236
,00:50:09,162,10.1,05:58,81,72,,8829.90,32.4,238
,00:50:10,162,10.1,05:57,81,72,,8832.90,32.6,240
,00:50:11,162,10.1,05:56,81,72,,8835.80,32.6,242
,00:50:12,161,10.1,05:56,80,72,,8838.40,32.5,246
,00:50:13,161,10.1,05:55,81,72,,8841.20,32.5,248
,00:50:14,161,10.1,05:55,80,72,,8844.00,32.5,250
,00:50:15,161,10.2,05:55,81,72,,8847.10,32.5,252
,00:50:16,161,10.2,05:55,80,72,,8850.00,32.4,254
,00:50:17,161,10.2,05:55,80,72,,8852.50,32.5,254
,00:50:18,161,10.2,05:55,80,72,,8855.40,32.5,258
,00:50:19,161,10.2,05:55,80,72,,8857.90,32.5,260
,00:50:20,161,10.2,05:55,80,72,,8860.70,32.6,264
,00:50:21,161,10.2,05:55,80,72,,8863.40,32.4,268
,00:50:22,162,10.2,05:55,80,72,,8866.20,32.5,270
,00:50:23,162,10.1,05:55,80,72,,8868.90,32.5,274
,00:50:24,163,10.1,05:55,81,72,,8871.50,32.3,276
,00:50:25,163,10.1,05:55,81,72,,8874.00,32.4,276
,00:50:26,163,10.1,05:55,81,72,,8876.50,32.4,278
,00:50:27,163,10.1,05:56,81,72,,8879.20,32.3,278
,00:50:28,163,10.1,05:56,81,72,,8881.70,32.4,278
,00:50:29,163,10.1,05:56,80,72,,8884.20,32.5,276
,00:50:30,163,10.1,05:57,80,72,,8886.80,32.5,274
,00:50:31,163,10.1,05:57,80,72,,8889.40,32.4,274
,00:50:32,163,10.1,05:58,81,72,,8892.00,32.4,272
,00:50:33,163,10.1,05:58,81,72,,8894.70,32.4,270
,00:50:34,162,10.0,05:58,81,72,,8897.40,32.3,270
,00:50:35,162,10.0,05:59,81,72,,8900.10,32.4,268
,00:50:36,162,10.0,05:59,80,72,,8902.60,32.4,268
,00:50:37,162,10.0,06:00,80,72,,8905.30,32.3,266
,00:50:38,161,10.0,06:00,80,72,,8908.00,32.4,264
,00:50:39,161,10.0,06:00,80,72,,8910.70,32.5,264
,00:50:40,160,10.0,06:00,80,72,,8913.50,32.3,264
,00:50:41,160,10.0,06:00,81,72,,8916.30,32.4,264
,00:50:42,160,10.0,06:01,80,72,,8918.90,32.3,266
,00:50:43,160,10.0,06:01,81,72,,8921.60,32.4,266
,00:50:44,160,10.0,06:01,81,72,,8924.30,32.5,264
,00:50:45,160,9.9,06:02,81,72,,8927.10,32.4,266
,00:50:46,160,9.9,06:02,81,72,,8929.70,32.4,266
,00:50:47,160,9.9,06:03,81,72,,8932.20,32.4,268
,00:50:48,161,9.9,06:04,81,72,,8934.80,32.4,270
,00:50:49,160,9.9,06:04,81,72,,8937.40,32.4,272
,00:50:50,161,9.9,06:05,80,72,,8940.00,32.4,272
,00:50:51,161,9.8,06:06,80,72,,8942.70,32.4,274
,00:50:52,161,9.8,06:06,80,72,,8945.40,32.3,274
,00:50:53,160,9.8,06:06,80,72,,8948.10,32.4,276
,00:50:54,161,9.8,06:07,80,72,,8950.80,32.5,280
,00:50:55,161,9.8,06:07,80,72,,8953.50,32.3,282
,00:50:56,161,9.8,06:07,80,72,,8956.30,32.4,286
,00:50:57,162,9.8,06:07,80,72,,8959.00,32.3,290
,00:50:58,162,9.8,06:08,80,72,,8961.70,32.4,292
,00:50:59,162,9.8,06:08,80,73,,8964.40,32.4,294
,00:51:00,162,9.8,06:09,80,73,,8967.00,32.4,294
,00:51:01,162,9.7,06:09,80,73,,8969.50,32.4,294
,00:51:02,162,9.6,06:15,79,73,,8971.90,32.3,290
,00:51:03,161,9.2,06:30,79,73,,8974.00,32.4,278
,00:51:04,161,8.7,06:55,77,73,,8975.60,32.4,260
,00:51:05,161,7.4,08:04,71,73,,8976.80,32.4,222
,00:51:06,160,7.4,08:04,66,73,,8977.70,32.4,222
,00:51:07,160,6.5,09:15,63,73,,8978.80,32.4,194
,00:51:08,160,6.6,09:05,65,73,,8979.50,32.4,196
,00:51:09,160,6.8,08:50,71,73,,8980.50,32.4,202
,00:51:10,159,7.1,08:30,77,73,,8981.80,32.5,206
,00:51:11,159,7.4,08:07,78,73,,8983.50,32.4,214
,00:51:12,159,7.8,07:43,79,73,,8985.50,32.3,222
,00:51:13,159,8.1,07:23,79,73,,8987.60,32.3,230
,00:51:14,159,8.5,07:05,79,73,,8991.30,32.4,238
,00:51:15,159,8.8,06:49,79,73,,8995.10,32.5,246
,00:51:16,159,9.0,06:40,79,73,,8998.30,32.4,250
,00:51:17,159,9.1,06:36,79,73,,9001.70,32.4,250
,00:51:18,160,9.1,06:37,79,73,,9004.70,32.4,246
,00:51:19,160,8.9,06:43,79,73,,9007.50,32.4,240
,00:51:20,160,8.9,06:45,79,73,,9010.10,32.4,238
,00:51:21,160,8.9,06:43,79,73,,9012.50,32.4,236
,00:51:22,160,9.0,06:40,79,73,,9015.00,32.4,236
,00:51:23,160,9.1,06:38,79,73,,9016.30,32.5,234
,00:51:24,159,9.1,06:37,79,73,,9017.70,32.5,232
,00:51:25,159,9.1,06:35,79,72,,9019.50,32.4,230
,00:51:26,159,9.2,06:33,79,72,,9021.80,32.3,228
,00:51:27,158,9.2,06:31,79,72,,9024.40,32.4,226
,00:51:28,158,9.2,06:30,79,72,,9027.00,32.4,224
,00:51:29,158,9.3,06:29,79,72,,9029.50,32.4,222
,00:51:30,157,9.2,06:30,79,72,,9031.70,32.2,218
,00:51:31,157,9.2,06:33,79,71,,9034.10,32.3,214
,00:51:32,156,9.0,06:40,79,71,,9036.40,32.5,208
,00:51:33,156,8.8,06:50,79,71,,9038.50,32.5,200
,00:51:34,155,8.5,07:03,79,71,,9040.50,32.5,194
,00:51:35,155,8.4,07:10,79,71,,9042.50,32.5,188
,00:51:36,154,8.4,07:08,79,71,,9044.40,32.5,188
,00:51:37,154,8.5,07:03,79,70,,9046.30,32.5,188
,00:51:38,154,8.6,06:59,79,70,,9048.40,32.5,190
,00:51:39,154,8.7,06:56,79,70,,9050.60,32.5,190
,00:51:40,154,8.7,06:54,80,70,,9052.70,32.4,192
,00:51:41,154,8.7,06:54,80,70,,9055.10,32.5,190
,00:51:42,154,8.7,06:54,80,70,,9057.50,32.5,190
,00:51:43,154,8.7,06:53,80,69,,9060.20,32.6,190
,00:51:44,155,8.7,06:53,80,69,,9062.90,32.5,188
,00:51:45,154,8.7,06:53,80,69,,9065.40,32.5,188
,00:51:46,154,8.7,06:53,80,69,,9068.30,32.4,186
,00:51:47,154,8.7,06:53,81,69,,9070.90,32.5,186
,00:51:48,154,8.7,06:53,80,69,,9073.50,32.5,186
,00:51:49,154,8.7,06:53,81,69,,9076.00,32.5,184
,00:51:50,154,8.7,06:53,80,69,,9078.50,32.5,184
,00:51:51,154,8.7,06:52,80,69,,9081.20,32.4,184
,00:51:52,154,8.7,06:52,80,69,,9083.50,32.5,184
,00:51:53,155,8.7,06:52,80,68,,9086.00,32.5,184
,00:51:54,154,8.7,06:52,80,68,,9088.50,32.5,184
,00:51:55,154,8.7,06:52,80,68,,9090.80,32.5,186
,00:51:56,154,8.7,06:52,80,68,,9093.50,32.5,186
,00:51:57,153,8.7,06:52,81,68,,9095.60,32.5,188
,00:51:58,153,8.7,06:53,80,68,,9097.90,32.5,192
,00:51:59,153,8.7,06:54,81,68,,9100.30,32.5,194
,00:52:00,153,8.7,06:56,80,68,,9102.80,32.5,198
,00:52:01,153,8.6,06:57,80,68,,9105.30,32.4,202
,00:52:02,153,8.6,06:58,81,68,,9107.50,32.5,206
,00:52:03,153,8.6,06:58,81,68,,9110.10,32.4,210
,00:52:04,153,8.6,06:58,81,68,,9112.60,32.5,214
,00:52:05,154,8.8,06:50,81,68,,9114.90,32.5,222
,00:52:06,154,9.2,06:32,81,68,,9117.90,32.4,236
,00:52:07,154,9.6,06:14,81,68,,9121.20,32.4,250
,00:52:08,154,9.7,06:09,81,68,,9124.50,32.5,254
,00:52:09,154,9.5,06:20,80,68,,9127.20,32.5,248
,00:52:10,154,9.2,06:33,80,68,,9129.20,32.4,240
,00:52:11,154,9.0,06:40,80,68,,9131.00,32.5,236
,00:52:12,154,8.9,06:42,80,68,,9133.40,32.3,236
,00:52:13,154,9.0,06:39,80,68,,9136.20,32.4,240
,00:52:14,155,9.2,06:31,80,68,,9138.90,32.4,246
,00:52:15,155,9.3,06:29,80,68,,9140.90,32.5,248
,00:52:16,155,9.2,06:33,80,68,,9142.80,32.3,248
,00:52:17,155,9.1,06:36,81,68,,9145.20,32.3,248
,00:52:18,155,9.0,06:38,81,68,,9147.90,32.5,246
,00:52:19,155,9.0,06:40,80,68,,9150.60,32.4,246
,00:52:20,155,9.0,06:41,80,68,,9153.70,32.4,246
,00:52:21,155,9.0,06:42,80,68,,9156.40,32.5,246
,00:52:22,155,9.0,06:42,80,68,,9158.80,32.4,246
,00:52:23,155,9.0,06:42,80,68,,9161.00,32.5,246
,00:52:24,155,9.0,06:42,80,68,,9163.50,32.4,248
,00:52:25,155,8.9,06:44,80,68,,9166.20,32.3,248
,00:52:26,155,8.9,06:46,80,68,,9168.50,32.3,248
,00:52:27,155,8.8,06:49,80,68,,9170.30,32.3,246
,00:52:28,155,8.8,06:51,80,68,,9172.50,32.3,246
,00:52:29,155,8.8,06:50,80,68,,9174.60,32.4,248
,00:52:30,155,8.8,06:47,80,68,,9177.10,32.5,250
,00:52:31,155,8.9,06:43,80,68,,9179.30,32.4,252
,00:52:32,155,9.0,06:41,80,68,,9181.70,32.3,254
,00:52:33,156,9.0,06:41,80,69,,9184.20,32.3,256
,00:52:34,156,9.0,06:40,80,69,,9187.00,32.3,258
,00:52:35,156,9.0,06:40,80,69,,9190.00,32.3,262
,00:52:36,156,9.0,06:39,80,69,,9193.00,32.3,264
,00:52:37,156,9.0,06:39,80,69,,9195.90,32.3,266
,00:52:38,157,9.0,06:38,80,69,,9198.80,32.3,268
,00:52:39,157,9.1,06:38,80,69,,9201.40,32.3,270
,00:52:40,157,9.1,06:37,80,69,,9203.90,32.3,272
,00:52:41,157,9.1,06:35,80,69,,9206.60,32.3,276
,00:52:42,158,9.2,06:33,80,69,,9209.50,32.3,278
,00:52:43,157,9.2,06:30,81,69,,9212.30,32.3,280
,00:52:44,157,9.4,06:23,81,69,,9215.00,32.3,284
,00:52:45,157,9.7,06:10,81,69,,9218.30,32.3,294
,00:52:46,157,10.1,05:56,81,69,,9221.50,32.3,304
,00:52:47,157,10.4,05:45,81,69,,9225.30,32.3,312
,00:52:48,157,10.7,05:38,81,69,,9228.90,32.3,318
,00:52:49,157,10.8,05:33,81,69,,9232.30,32.3,318
,00:52:50,156,10.8,05:34,81,69,,9235.70,32.3,316
,00:52:51,156,10.6,05:40,81,69,,9238.90,32.2,314
,00:52:52,156,10.4,05:47,81,69,,9242.00,32.3,312
,00:52:53,156,10.2,05:53,81,69,,9245.20,32.2,314
,00:52:54,156,10.1,05:57,81,69,,9247.80,32.3,314
,00:52:55,156,10.0,06:01,81,70,,9250.50,32.2,314
,00:52:56,156,9.9,06:04,81,70,,9252.70,32.2,314
,00:52:57,156,9.8,06:06,81,70,,9255.30,32.2,314
,00:52:58,156,9.8,06:08,81,70,,9257.90,32.2,310
,00:52:59,156,9.8,06:09,81,70,,9260.40,32.3,308
,00:53:00,157,9.7,06:10,81,70,,9263.20,32.2,306
,00:53:01,156,9.7,06:10,81,70,,9266.00,32.2,304
,00:53:02,156,9.7,06:10,80,70,,9268.90,32.3,302
,00:53:03,156,9.7,06:10,80,70,,9271.60,32.2,300
,00:53:04,156,9.8,06:09,80,70,,9274.30,32.3,298
,00:53:05,156,9.8,06:08,80,70,,9277.20,32.3,298
,00:53:06,156,9.8,06:07,80,70,,9280.00,32.3,296
,00:53:07,156,9.8,06:07,80,70,,9282.90,32.2,296
,00:53:08,156,9.8,06:07,80,70,,9285.70,32.1,294
,00:53:09,156,9.8,06:07,81,70,,9288.50,32.1,294
,00:53:10,156,9.8,06:06,81,70,,9291.30,32.1,294
,00:53:11,156,9.8,06:06,81,70,,9294.00,32.1,292
,00:53:12,156,9.8,06:06,81,70,,9296.90,32.3,292
,00:53:13,156,9.8,06:06,81,70,,9299.70,32.1,290
,00:53:14,156,9.8,06:06,80,70,,9302.20,32.1,288
,00:53:15,155,9.8,06:06,80,70,,9304.70,32.1,286
,00:53:16,155,9.9,06:05,80,70,,9307.20,32.1,282
,00:53:17,155,9.9,06:05,80,70,,9310.00,32.1,278
,00:53:18,154,9.9,06:05,80,70,,9312.60,32.2,274
,00:53:19,154,9.9,06:05,80,70,,9315.20,32.2,272
,00:53:20,154,9.9,06:05,80,70,,9317.90,32.1,272
,00:53:21,154,9.9,06:05,80,70,,9320.60,32.1,270
,00:53:22,154,9.9,06:05,81,70,,9323.50,32.1,268
,00:53:23,154,9.9,06:04,81,70,,9326.20,32.1,266
,00:53:24,154,9.9,06:04,80,70,,9329.00,32.1,266
,00:53:25,154,9.9,06:04,80,70,,9331.70,32.1,266
,00:53:26,154,9.9,06:04,79,70,,9334.20,32.1,264
,00:53:27,154,9.8,06:07,78,70,,9336.90,31.9,260
,00:53:28,154,9.6,06:14,78,70,,9339.20,32.1,256
,00:53:29,154,9.4,06:22,78,70,,9341.30,32.1,254
,00:53:30,154,9.2,06:31,78,70,,9343.30,32.0,250
,00:53:31,155,9.0,06:40,79,70,,9345.40,32.0,248
,00:53:32,155,8.8,06:48,79,70,,9347.30,32.0,246
,00:53:33,155,8.6,06:56,79,71,,9349.30,32.0,244
,00:53:34,155,8.5,07:01,79,71,,9351.30,32.0,242
,00:53:35,155,8.6,06:57,79,71,,9353.50,32.0,248
,00:53:36,155,8.8,06:47,79,71,,9355.70,32.0,256
,00:53:37,155,9.0,06:39,79,71,,9358.10,32.0,264
,00:53:38,155,9.2,06:32,79,71,,9360.80,32.0,270
,00:53:39,155,9.3,06:27,79,71,,9363.50,32.0,276
,00:53:40,155,9.4,06:25,79,71,,9366.20,31.9,278
,00:53:41,155,9.3,06:26,79,71,,9368.70,32.0,278
,00:53:42,155,9.2,06:33,79,71,,9371.20,32.1,274
,00:53:43,155,8.9,06:43,79,71,,9373.50,31.9,266
,00:53:44,155,8.7,06:52,79,71,,9375.50,32.0,260
,00:53:45,154,8.5,07:02,79,71,,9377.50,31.9,254
,00:53:46,154,8.4,07:10,79,71,,9379.40,32.0,248
,00:53:47,155,8.3,07:15,79,71,,9380.90,32.0,244
,00:53:48,155,8.2,07:21,79,71,,9382.70,32.0,238
,00:53:49,155,8.1,07:26,79,71,,9384.50,32.0,234
,00:53:50,155,8.1,07:24,79,71,,9386.60,32.0,234
,00:53:51,156,8.3,07:15,79,71,,9389.00,32.0,236
,00:53:52,156,8.5,07:04,79,71,,9391.20,31.9,240
,00:53:53,156,8.6,06:56,79,71,,9393.80,31.9,244
,00:53:54,156,8.8,06:51,79,71,,9396.40,31.9,246
,00:53:55,156,8.9,06:46,79,71,,9398.80,31.8,248
,00:53:56,156,8.9,06:45,79,71,,9401.30,31.8,248
,00:53:57,156,8.9,06:44,79,71,,9404.00,31.8,248
,00:53:58,156,9.0,06:41,79,71,,9406.30,31.9,250
,00:53:59,156,9.0,06:39,79,71,,9409.20,31.8,250
,00:54:00,155,9.1,06:37,79,71,,9412.00,31.8,252
,00:54:01,155,9.1,06:36,79,71,,9414.60,31.9,252
,00:54:02,155,9.1,06:37,79,71,,9417.20,31.8,252
,00:54:03,154,8.9,06:46,79,71,,9419.30,31.7,246
,00:54:04,154,8.6,06:58,79,71,,9421.30,31.9,238
,00:54:05,154,8.4,07:10,79,71,,9423.20,31.8,232
,00:54:06,154,8.1,07:23,79,71,,9424.80,31.8,224
,00:54:07,154,7.9,07:37,79,71,,9426.70,31.8,216
,00:54:08,154,7.7,07:50,79,71,,9428.00,31.8,210
,00:54:09,154,7.5,07:59,79,71,,9429.30,31.8,206
,00:54:10,154,7.4,08:04,79,71,,9430.90,31.8,204
,00:54:11,154,7.5,07:57,79,71,,9432.30,31.8,206
,00:54:12,154,7.7,07:45,79,71,,9434.60,31.9,210
,00:54:13,155,7.9,07:37,79,71,,9437.20,31.9,212
,00:54:14,155,7.8,07:41,79,71,,9439.50,31.8,208
,00:54:15,155,7.6,07:56,79,71,,9441.20,31.8,200
,00:54:16,155,7.3,08:11,79,71,,9443.10,31.9,192
,00:54:17,155,7.2,08:17,79,71,,9444.80,31.6,188
,00:54:18,155,7.4,08:09,79,71,,9446.70,31.8,190
,00:54:19,155,7.5,07:59,79,71,,9448.50,31.8,194
,00:54:20,156,7.7,07:47,79,71,,9450.90,31.8,196
,00:54:21,156,8.0,07:32,79,71,,9452.70,31.8,202
,00:54:22,156,8.2,07:18,79,71,,9454.90,31.8,206
,00:54:23,156,8.4,07:07,79,71,,9457.70,31.8,210
,00:54:24,156,8.6,06:58,79,71,,9461.00,31.8,214
,00:54:25,156,8.6,06:57,79,71,,9464.20,31.8,216
,00:54:26,156,8.6,07:01,79,71,,9467.00,31.8,214
,00:54:27,156,8.5,07:04,79,71,,9469.80,31.9,214
,00:54:28,156,8.5,07:06,79,71,,9472.40,31.8,214
,00:54:29,156,8.4,07:08,79,71,,9474.70,31.7,214
,00:54:30,157,8.4,07:10,79,71,,9477.00,31.8,216
,00:54:31,156,8.4,07:10,79,71,,9479.30,31.7,216
,00:54:32,156,8.4,07:10,79,71,,9481.60,31.8,218
,00:54:33,156,8.4,07:09,79,71,,9483.90,31.7,220
,00:54:34,157,8.4,07:08,79,71,,9486.10,31.7,222
,00:54:35,156,8.4,07:06,79,71,,9488.70,31.7,226
,00:54:36,156,8.5,07:04,79,71,,9491.30,31.8,230
,00:54:37,157,8.5,07:02,79,71,,9493.90,31.8,236
,00:54:38,157,8.6,07:01,80,71,,9496.50,31.8,242
,00:54:39,157,8.6,07:00,80,71,,9499.20,31.7,248
,00:54:40,157,8.6,06:59,80,71,,9501.90,31.8,254
,00:54:41,157,8.6,06:58,80,71,,9504.70,31.8,258
,00:54:42,157,8.6,06:57,80,71,,9507.40,31.8,264
,00:54:43,157,8.6,06:57,80,72,,9510.00,31.8,272
,00:54:44,157,8.6,06:56,80,72,,9512.40,31.8,278
,00:54:45,157,8.7,06:56,80,72,,9514.90,31.7,286
,00:54:46,157,8.7,06:54,80,72,,9517.50,31.7,296
,00:54:47,158,8.7,06:52,80,73,,9520.20,31.7,304
,00:54:48,158,8.8,06:50,80,73,,9522.70,31.8,312
,00:54:49,158,8.8,06:50,80,73,,9525.40,31.7,316
,00:54:50,158,8.8,06:50,79,73,,9528.10,31.7,320
,00:54:51,158,8.8,06:49,79,73,,9530.80,31.7,320
,00:54:52,158,8.8,06:49,79,73,,9533.40,31.7,320
,00:54:53,158,8.8,06:48,79,73,,9536.10,31.7,320
,00:54:54,158,8.8,06:48,79,73,,9538.60,31.8,318
,00:54:55,158,8.8,06:48,79,73,,9540.70,31.7,314
,00:54:56,157,8.8,06:49,79,73,,9543.20,31.8,310
,00:54:57,157,8.8,06:49,79,73,,9545.60,31.7,306
,00:54:58,157,8.8,06:49,79,73,,9547.70,31.7,302
,00:54:59,156,8.8,06:50,79,74,,9549.90,31.8,300
,00:55:00,156,8.8,06:50,79,74,,9552.10,31.8,296
,00:55:01,155,8.8,06:51,79,74,,9554.50,31.7,292
,00:55:02,155,8.8,06:51,79,74,,9557.00,31.7,290
,00:55:03,155,8.7,06:52,79,74,,9559.10,31.7,288
,00:55:04,155,8.7,06:52,79,74,,9561.70,31.7,286
,00:55:05,155,8.7,06:53,79,74,,9563.80,31.7,284
,00:55:06,155,8.7,06:53,79,74,,9566.00,31.7,282
,00:55:07,155,8.7,06:53,79,74,,9568.20,31.8,282
,00:55:08,155,8.7,06:53,79,74,,9570.40,31.7,282
,00:55:09,156,8.7,06:53,79,75,,9572.60,31.8,284
,00:55:10,156,8.7,06:54,79,75,,9574.80,31.7,286
,00:55:11,156,8.7,06:54,79,75,,9576.90,31.7,290
,00:55:12,156,8.7,06:54,79,75,,9579.60,31.8,292
,00:55:13,157,8.7,06:54,79,75,,9581.90,31.7,294
,00:55:14,157,8.7,06:54,79,75,,9584.20,31.8,294
,00:55:15,157,8.7,06:54,79,76,,9586.70,31.7,296
,00:55:16,157,8.7,06:54,79,76,,9589.30,31.8,296
,00:55:17,158,8.7,06:54,79,76,,9591.70,31.8,296
,00:55:18,158,8.7,06:54,79,76,,9594.30,31.8,296
,00:55:19,158,8.7,06:53,79,76,,9596.90,31.7,294
,00:55:20,159,8.7,06:52,79,76,,9599.40,31.8,294
,00:55:21,159,8.7,06:52,79,76,,9601.90,31.6,294
,00:55:22,159,8.7,06:52,79,76,,9604.40,31.8,294
,00:55:23,159,8.7,06:52,79,76,,9606.80,31.7,292
,00:55:24,159,8.7,06:52,79,76,,9609.20,31.7,290
,00:55:25,159,8.7,06:52,79,76,,9611.60,31.7,288
,00:55:26,159,8.7,06:52,79,76,,9614.10,31.7,286
,00:55:27,159,8.7,06:52,79,77,,9616.50,31.7,282
,00:55:28,159,8.7,06:52,79,77,,9619.00,31.7,280
,00:55:29,159,8.7,06:52,79,77,,9621.50,31.7,278
,00:55:30,159,8.7,06:52,80,77,,9623.90,31.7,278
,00:55:31,159,8.8,06:51,81,77,,9626.40,31.6,278
,00:55:32,159,8.8,06:51,80,77,,9629.10,31.7,278
,00:55:33,159,8.8,06:51,80,77,,9631.70,31.7,278
,00:55:34,159,8.8,06:50,80,77,,9634.10,31.7,278
,00:55:35,159,8.8,06:50,80,77,,9636.30,31.7,276
,00:55:36,159,8.8,06:50,78,77,,9638.40,31.7,276
,00:55:37,159,8.8,06:50,78,77,,9640.70,31.7,276
,00:55:38,158,8.8,06:51,79,77,,9642.90,31.7,276
,00:55:39,158,8.7,06:51,79,78,,9645.00,31.7,276
,00:55:40,158,8.7,06:52,79,78,,9647.20,31.7,276
,00:55:41,158,8.7,06:52,79,78,,9649.40,31.6,274
,00:55:42,159,8.7,06:53,78,78,,9651.60,31.7,274
,00:55:43,159,8.7,06:53,79,78,,9654.20,31.8,270
,00:55:44,159,8.7,06:53,79,78,,9656.40,31.7,268
,00:55:45,159,8.7,06:53,79,78,,9659.00,31.6,264
,00:55:46,159,8.7,06:52,79,78,,9661.70,31.6,262
,00:55:47,159,8.8,06:48,79,78,,9664.30,31.6,260
,00:55:48,160,8.8,06:48,79,78,,9667.10,31.6,256
,00:55:49,160,8.8,06:49,78,78,,9669.50,31.8,252
,00:55:50,160,8.8,06:50,78,78,,9672.10,31.7,248
,00:55:51,159,8.8,06:51,79,78,,9675.00,31.7,244
,00:55:52,159,8.7,06:52,79,78,,9677.80,31.7,240
,00:55:53,159,8.7,06:52,79,78,,9680.50,31.7,236
,00:55:54,159,8.7,06:52,79,78,,9683.20,31.7,234
,00:55:55,159,8.7,06:53,79,77,,9685.50,31.8,232
,00:55:56,159,8.7,06:53,79,77,,9688.00,31.7,230
,00:55:57,159,8.7,06:53,79,77,,9690.50,31.8,228
,00:55:58,159,8.7,06:53,79,77,,9693.10,31.8,226
,00:55:59,158,8.7,06:53,79,77,,9695.70,31.8,224
,00:56:00,158,8.7,06:52,79,77,,9698.10,31.8,224
,00:56:01,158,8.7,06:52,79,77,,9700.60,31.6,222
,00:56:02,158,8.8,06:51,79,77,,9703.20,31.7,222
,00:56:03,158,8.8,06:50,79,77,,9705.70,31.8,222
,00:56:04,158,8.8,06:49,79,77,,9708.40,31.7,220
,00:56:05,157,8.8,06:48,79,76,,9710.70,31.7,218
,00:56:06,158,8.8,06:47,79,76,,9713.20,31.7,216
,00:56:07,158,8.9,06:46,79,76,,9715.80,31.7,214
,00:56:08,158,8.9,06:46,79,76,,9717.90,31.9,214
,00:56:09,158,8.9,06:45,79,76,,9720.40,31.6,212
,00:56:10,157,8.9,06:44,80,76,,9723.00,31.8,214
,00:56:11,157,8.9,06:43,80,76,,9725.40,31.8,216
,00:56:12,157,9.0,06:40,80,76,,9728.20,31.8,220
,00:56:13,157,9.2,06:31,80,76,,9731.00,31.8,226
,00:56:14,157,9.4,06:25,80,76,,9734.10,31.8,232
,00:56:15,157,9.4,06:25,81,76,,9737.30,31.8,234
,00:56:16,157,9.3,06:27,81,76,,9739.80,31.8,234
,00:56:17,157,9.3,06:28,81,76,,9743.00,31.8,234
,00:56:18,157,9.2,06:29,81,76,,9745.70,31.8,232
,00:56:19,156,9.2,06:30,81,76,,9748.40,31.8,232
,00:56:20,156,9.2,06:31,81,76,,9751.10,31.8,230
,00:56:21,157,9.3,06:28,81,76,,9753.70,31.8,230
,00:56:22,157,9.4,06:23,81,76,,9756.50,31.8,232
,00:56:23,157,9.6,06:17,81,75,,9759.40,31.8,234
,00:56:24,157,9.7,06:11,81,75,,9762.00,31.7,234
,00:56:25,157,9.8,06:08,81,75,,9765.50,31.8,234
,00:56:26,158,10.0,06:01,81,75,,9768.30,31.8,236
,00:56:27,158,10.2,05:55,81,75,,9771.70,31.9,240
,00:56:28,158,10.3,05:49,81,75,,9775.00,31.7,244
,00:56:29,158,10.4,05:47,81,74,,9778.40,31.9,246
,00:56:30,158,10.4,05:47,81,74,,9781.30,31.7,248
,00:56:31,158,10.4,05:48,81,74,,9784.20,31.8,248
,00:56:32,158,10.3,05:49,81,74,,9787.20,31.8,250
,00:56:33,158,10.3,05:51,80,74,,9790.60,31.8,250
,00:56:34,158,10.2,05:55,81,74,,9792.90,31.7,250
,00:56:35,158,10.0,05:59,81,74,,9795.90,31.8,250
,00:56:36,158,9.9,06:02,81,74,,9798.60,31.8,250
,00:56:37,158,9.9,06:05,81,74,,9801.40,31.7,252
,00:56:38,158,9.8,06:07,81,74,,9803.90,31.8,252
,00:56:39,159,9.7,06:10,81,74,,9807.00,31.7,254
,00:56:40,159,9.7,06:11,82,74,,9809.90,31.7,254
,00:56:41,159,9.7,06:13,82,74,,9812.70,31.8,256
,00:56:42,159,9.7,06:13,83,74,,9815.10,31.7,258
,00:56:43,159,9.7,06:13,83,74,,9817.90,31.7,258
,00:56:44,159,9.6,06:14,82,74,,9820.60,31.6,260
,00:56:45,159,9.6,06:14,82,74,,9823.20,31.7,260
,00:56:46,160,9.6,06:14,82,74,,9826.00,31.6,260
,00:56:47,160,9.7,06:13,82,74,,9828.70,31.7,262
,00:56:48,160,9.7,06:12,82,74,,9831.40,31.8,266
,00:56:49,160,9.7,06:11,82,74,,9834.00,31.7,270
,00:56:50,160,9.7,06:10,82,74,,9836.90,31.7,276
,00:56:51,160,9.8,06:08,82,75,,9839.90,31.8,282
,00:56:52,160,9.8,06:06,83,75,,9843.00,31.7,288
,00:56:53,160,9.9,06:03,83,75,,9846.30,31.8,292
,00:56:54,160,10.0,06:00,82,75,,9849.30,31.6,294
,00:56:55,160,10.1,05:57,82,75,,9852.40,31.7,298
,00:56:56,160,10.2,05:52,82,75,,9855.60,31.6,304
,00:56:57,160,10.4,05:47,81,75,,9858.90,31.8,310
,00:56:58,160,10.5,05:44,80,75,,9862.60,31.8,312
,00:56:59,160,10.5,05:44,81,75,,9865.30,31.8,308
,00:57:00,160,10.4,05:46,81,75,,9868.50,31.7,304
,00:57:01,160,10.4,05:47,81,75,,9871.60,31.8,300
,00:57:02,160,10.4,05:47,81,75,,9874.50,31.7,296
,00:57:03,160,10.4,05:47,81,75,,9877.40,31.8,290
,00:57:04,159,10.4,05:47,81,75,,9880.10,31.7,284
,00:57:05,159,10.4,05:48,81,75,,9882.70,31.8,278
,00:57:06,159,10.2,05:53,81,75,,9885.10,31.8,268
,00:57:07,159,9.9,06:03,81,75,,9887.10,31.8,256
,00:57:08,159,9.7,06:12,81,75,,9889.80,31.7,246
,00:57:09,159,9.6,06:14,81,75,,9891.90,31.8,242
,00:57:10,159,9.7,06:10,81,75,,9894.20,31.8,242
,00:57:11,159,9.8,06:06,81,75,,9896.60,31.7,242
,00:57:12,159,9.9,06:02,80,75,,9899.20,31.8,244
,00:57:13,159,10.0,06:00,80,75,,9902.00,31.8,246
,00:57:14,159,10.1,05:57,80,75,,9904.70,31.7,248
,00:57:15,159,10.1,05:56,80,75,,9907.60,31.7,250
,00:57:16,159,10.2,05:54,80,75,,9910.70,31.8,252
,00:57:17,159,10.2,05:53,81,75,,9913.80,31.8,254
,00:57:18,159,10.2,05:52,81,75,,9916.90,31.8,256
,00:57:19,159,10.3,05:51,81,75,,9919.80,31.7,256
,00:57:20,160,10.3,05:50,81,75,,9923.10,31.8,258
,00:57:21,160,10.3,05:50,81,75,,9925.80,31.7,260
,00:57:22,160,10.3,05:49,81,75,,9928.60,31.7,260
,00:57:23,160,10.3,05:49,82,75,,9931.60,31.8,262
,00:57:24,161,10.3,05:49,83,75,,9934.70,31.8,262
,00:57:25,161,10.3,05:49,83,75,,9938.10,31.8,264
,00:57:26,161,10.3,05:49,83,75,,9941.20,31.7,264
,00:57:27,161,10.3,05:48,83,75,,9944.30,31.8,266
,00:57:28,161,10.3,05:48,82,75,,9947.30,31.8,268
,00:57:29,162,10.3,05:48,82,75,,9950.00,31.8,270
,00:57:30,162,10.3,05:49,82,75,,9952.90,31.7,270
,00:57:31,162,10.3,05:49,82,75,,9955.80,31.8,272
,00:57:32,162,10.3,05:49,83,75,,9958.40,31.8,274
,00:57:33,162,10.3,05:50,82,75,,9961.10,31.8,276
,00:57:34,162,10.3,05:50,83,75,,9963.40,31.8,278
,00:57:35,162,10.3,05:50,83,75,,9966.60,31.8,280
,00:57:36,162,10.3,05:50,83,75,,9969.10,31.8,282
,00:57:37,162,10.3,05:50,83,75,,9972.10,31.8,284
,00:57:38,162,10.3,05:50,83,75,,9975.00,31.7,286
,00:57:39,162,10.3,05:50,83,75,,9978.20,31.7,288
,00:57:40,162,10.3,05:50,83,75,,9981.40,31.8,290
,00:57:41,162,10.3,05:50,83,75,,9984.60,31.8,290
,00:57:42,162,10.3,05:50,82,75,,9987.70,31.8,292
,00:57:43,162,10.3,05:50,82,75,,9990.90,31.7,292
,00:57:44,162,10.3,05:50,82,75,,9993.60,31.8,292
,00:57:45,162,10.3,05:49,82,75,,9996.80,31.6,292
,00:57:46,162,10.5,05:44,83,75,,10000.30,31.8,298
,00:57:47,162,10.7,05:36,83,75,,10003.70,31.7,304
,00:57:48,162,10.9,05:31,82,75,,10007.20,31.7,310
,00:57:49,163,10.9,05:29,82,75,,10010.50,31.8,310
,00:57:50,163,10.9,05:31,82,75,,10013.80,31.8,306
,00:57:51,163,10.8,05:34,82,75,,10016.90,31.7,306
,00:57:52,163,10.7,05:36,82,75,,10019.90,31.8,306
,00:57:53,163,10.7,05:38,82,75,,10022.90,31.8,306
,00:57:54,163,10.6,05:39,82,75,,10026.00,31.8,308
,00:57:55,163,10.6,05:41,82,75,,10028.60,31.8,310
,00:57:56,163,10.5,05:42,82,75,,10031.20,31.8,310
,00:57:57,162,10.5,05:43,82,75,,10033.60,31.7,310
,00:57:58,162,10.5,05:44,82,75,,10036.20,31.8,312
,00:57:59,162,10.4,05:45,82,75,,10038.90,31.9,314
,00:58:00,163,10.4,05:46,82,75,,10041.70,31.7,314
,00:58:01,163,10.4,05:47,82,75,,10044.30,31.8,316
,00:58:02,162,10.4,05:47,81,75,,10047.10,31.8,316
,00:58:03,162,10.3,05:48,81,75,,10049.90,31.8,314
,00:58:04,162,10.3,05:49,80,75,,10052.60,31.7,314
,00:58:05,162,10.3,05:50,81,75,,10055.30,31.8,310
,00:58:06,161,10.3,05:50,81,75,,10058.20,31.8,308
,00:58:07,161,10.3,05:51,81,75,,10060.90,31.8,306
,00:58:08,161,10.3,05:51,81,75,,10063.60,31.7,304
,00:58:09,160,10.3,05:51,81,75,,10066.30,31.7,300
,00:58:10,160,10.2,05:51,81,75,,10069.10,31.8,298
,00:58:11,159,10.2,05:51,81,75,,10071.80,31.8,298
,00:58:12,159,10.2,05:52,81,75,,10074.60,31.7,298
,00:58:13,159,10.2,05:52,81,75,,10077.00,31.8,298
,00:58:14,159,10.2,05:52,80,75,,10079.60,31.7,298
,00:58:15,159,10.2,05:52,80,75,,10082.10,31.7,298
,00:58:16,158,10.2,05:52,79,75,,10084.50,31.8,298
,00:58:17,157,10.2,05:52,78,75,,10087.20,31.7,298
,00:58:18,158,10.2,05:52,79,75,,10089.80,31.7,298
,00:58:19,157,10.2,05:53,79,76,,10092.50,31.8,298
,00:58:20,157,10.2,05:53,79,76,,10095.00,31.8,298
,00:58:21,156,10.1,05:55,79,76,,10097.10,31.7,298
,00:58:22,156,10.1,05:56,79,76,,10099.70,31.6,298
,00:58:23,156,10.1,05:57,79,76,,10102.10,31.7,296
,00:58:24,156,10.1,05:58,79,76,,10104.70,31.8,292
,00:58:25,156,10.0,05:59,79,76,,10106.70,31.8,290
,00:58:26,156,10.0,05:59,81,76,,10108.80,31.7,286
,00:58:27,156,10.0,05:59,81,76,,10111.20,31.7,282
,00:58:28,157,10.0,06:01,80,76,,10113.90,31.8,278
,00:58:29,157,9.9,06:04,80,76,,10116.40,31.7,274
,00:58:30,157,9.7,06:10,80,76,,10118.60,31.7,268
,00:58:31,157,9.7,06:13,80,76,,10121.20,31.8,266
,00:58:32,157,9.7,06:11,80,76,,10123.50,31.7,266
,00:58:33,157,9.8,06:09,80,76,,10126.00,31.8,268
,00:58:34,157,9.8,06:08,80,76,,10128.90,31.8,266
,00:58:35,157,9.8,06:07,80,76,,10131.40,31.8,262
,00:58:36,157,9.8,06:06,81,76,,10134.00,31.8,260
,00:58:37,157,9.9,06:05,80,75,,10136.80,31.7,256
,00:58:38,157,9.9,06:05,80,75,,10139.60,31.6,254
,00:58:39,157,9.9,06:05,80,75,,10142.60,31.8,252
,00:58:40,157,9.9,06:05,81,75,,10145.10,31.7,250
,00:58:41,157,9.8,06:06,81,75,,10147.80,31.7,248
,00:58:42,157,9.8,06:06,80,75,,10150.40,31.8,246
,00:58:43,157,9.8,06:07,81,75,,10152.90,31.7,244
,00:58:44,157,9.8,06:08,81,75,,10155.40,31.7,242
,00:58:45,157,9.7,06:09,81,75,,10157.80,31.6,240
,00:58:46,157,9.7,06:10,81,75,,10160.20,31.6,240
,00:58:47,157,9.7,06:12,81,75,,10162.80,31.6,240
,00:58:48,157,9.6,06:14,81,75,,10165.20,31.7,240
,00:58:49,157,9.5,06:19,81,75,,10167.70,31.6,236
,00:58:50,158,9.3,06:29,81,75,,10169.90,31.6,232
,00:58:51,158,9.0,06:41,81,75,,10172.10,31.7,226
,00:58:52,158,8.7,06:53,81,75,,10174.00,31.6,222
,00:58:53,157,8.5,07:02,81,75,,10176.10,31.6,218
,00:58:54,157,8.5,07:01,81,75,,10178.20,31.6,220
,00:58:55,157,8.7,06:54,81,75,,10180.40,31.6,228
,00:58:56,157,8.8,06:48,81,75,,10182.80,31.6,240
,00:58:57,157,8.9,06:44,81,75,,10185.30,31.5,254
,00:58:58,157,9.0,06:40,80,75,,10187.60,31.6,266
,00:58:59,158,9.1,06:35,81,76,,10190.50,31.6,278
,00:59:00,158,9.4,06:25,81,76,,10193.60,31.6,294
,00:59:01,158,9.7,06:11,81,76,,10197.10,31.5,312
,00:59:02,158,10.0,05:58,81,76,,10200.70,31.6,328
,00:59:03,158,10.3,05:48,81,76,,10204.10,31.6,340
,00:59:04,158,10.6,05:40,81,76,,10207.60,31.6,350
,00:59:05,159,10.6,05:40,81,76,,10210.40,31.5,348
,00:59:06,158,10.2,05:54,81,76,,10213.70,31.5,334
,00:59:07,159,9.6,06:15,81,76,,10216.10,31.6,314
,00:59:08,158,9.1,06:37,80,76,,10218.20,31.6,296
,00:59:09,158,8.6,06:59,81,76,,10219.90,31.5,278
,00:59:10,158,8.2,07:17,80,76,,10221.50,31.5,264
,00:59:11,158,8.1,07:26,80,76,,10223.00,31.5,258
,00:59:12,158,8.1,07:27,81,76,,10224.50,31.5,254
,00:59:13,158,8.0,07:27,81,76,,10226.00,31.6,252
,00:59:14,158,7.9,07:36,81,76,,10228.00,31.5,246
,00:59:15,158,7.8,07:43,81,77,,10229.30,31.6,240
,00:59:16,158,7.9,07:36,80,77,,10231.60,31.5,242
,00:59:17,158,8.1,07:25,80,77,,10234.20,31.5,246
,00:59:18,158,8.2,07:22,81,77,,10236.80,31.5,246
,00:59:19,158,8.0,07:29,81,77,,10239.10,31.6,240
,00:59:20,158,7.8,07:41,81,77,,10241.10,31.6,232
,00:59:21,157,7.6,07:51,81,77,,10243.10,31.5,224
,00:59:22,157,7.6,07:55,81,77,,10245.10,31.5,220
,00:59:23,157,7.7,07:47,81,77,,10247.10,31.5,222
,00:59:24,157,7.9,07:33,81,77,,10249.70,31.6,226
,00:59:25,157,8.1,07:22,80,77,,10252.00,31.5,230
,00:59:26,157,8.3,07:14,81,77,,10254.00,31.5,234
,00:59:27,157,8.4,07:07,81,77,,10256.60,31.5,238
,00:59:28,157,8.6,06:57,81,77,,10259.50,31.6,246
,00:59:29,157,9.0,06:42,81,77,,10262.20,31.5,258
,00:59:30,157,9.3,06:28,81,77,,10265.40,31.6,270
,00:59:31,157,9.5,06:17,80,77,,10268.80,31.6,280
,00:59:32,157,9.7,06:09,81,77,,10271.90,31.5,290
,00:59:33,157,10.0,06:02,81,77,,10274.90,31.6,298
,00:59:34,157,10.2,05:52,80,77,,10278.20,31.6,306
,00:59:35,157,10.5,05:43,80,77,,10282.20,31.5,316
,00:59:36,157,10.7,05:38,80,77,,10285.60,31.5,320
,00:59:37,157,10.5,05:42,80,78,,10288.60,31.5,316
,00:59:38,157,10.3,05:51,80,78,,10291.30,31.6,308
,00:59:39,157,10.0,05:59,80,78,,10293.80,31.6,300
,00:59:40,157,9.9,06:05,81,78,,10296.30,31.5,292
,00:59:41,156,9.7,06:11,81,78,,10298.40,31.6,286
,00:59:42,156,9.6,06:16,81,78,,10300.50,31.5,282
,00:59:43,156,9.5,06:20,81,78,,10302.30,31.5,280
,00:59:44,156,9.4,06:23,81,78,,10304.00,31.5,278
,00:59:45,157,9.3,06:26,81,78,,10306.40,31.5,274
,00:59:46,157,9.3,06:28,81,78,,10309.20,31.5,272
,00:59:47,157,9.2,06:30,80,78,,10311.90,31.5,272
,00:59:48,157,9.2,06:31,80,78,,10314.50,31.5,272
,00:59:49,157,9.2,06:32,80,78,,10317.30,31.5,276
,00:59:50,157,9.2,06:33,80,78,,10320.00,31.5,282
,00:59:51,157,9.2,06:33,80,79,,10322.70,31.5,288
,00:59:52,157,9.2,06:32,80,79,,10325.30,31.4,296
,00:59:53,157,9.2,06:31,80,79,,10328.30,31.4,302
,00:59:54,157,9.2,06:31,80,79,,10331.10,31.4,304
,00:59:55,157,9.1,06:34,80,79,,10333.50,31.4,304
,00:59:56,156,8.9,06:45,80,79,,10335.50,31.5,294
,00:59:57,156,8.6,06:58,80,79,,10337.20,31.5,284
,00:59:58,156,8.4,07:09,80,79,,10338.70,31.5,272
,00:59:59,156,8.2,07:19,80,79,,10340.90,31.3,262
,01:00:00,156,7.9,07:36,80,79,,10342.60,31.5,246
,01:00:01,156,7.4,08:06,80,79,,10343.60,31.3,224
,01:00:02,156,6.9,08:39,80,79,,10344.10,31.5,204
,01:00:03,156,6.7,09:01,80,79,,10344.70,31.4,190
,01:00:04,156,6.7,08:57,80,79,,10346.10,31.4,188
,01:00:05,155,6.9,08:40,80,79,,10348.30,31.3,190
,01:00:06,155,7.1,08:27,79,79,,10351.00,31.4,192
,01:00:07,155,7.1,08:27,78,79,,10353.30,31.4,190
,01:00:08,154,7.1,08:29,78,79,,10355.20,31.3,186
,01:00:09,154,7.1,08:26,79,79,,10357.30,31.3,186
,01:00:10,154,7.1,08:26,79,79,,10359.90,31.3,186
,01:00:11,154,7.1,08:29,79,79,,10362.30,31.3,184
,01:00:12,154,7.0,08:32,79,79,,10364.60,31.4,182
,01:00:13,153,6.9,08:43,79,79,,10366.70,31.3,178
,01:00:14,153,6.6,09:03,79,79,,10367.80,31.3,172
,01:00:15,153,6.4,09:20,79,79,,10368.40,31.3,168
,01:00:16,153,6.4,09:20,80,79,,10369.50,31.3,168
,01:00:17,152,6.7,08:58,80,79,,10371.20,31.4,176
,01:00:18,152,7.0,08:32,80,79,,10373.60,31.3,186
,01:00:19,151,7.3,08:13,80,79,,10375.80,31.3,194
,01:00:20,151,7.5,08:03,81,79,,10378.30,31.3,198
,01:00:21,151,7.7,07:50,81,79,,10381.00,31.3,204
,01:00:22,151,7.9,07:35,81,79,,10383.70,31.2,212
,01:00:23,151,8.1,07:24,81,79,,10387.00,31.3,218
,01:00:24,151,8.3,07:15,81,79,,10389.90,31.3,222
,01:00:25,151,8.4,07:08,81,79,,10392.50,31.3,224
,01:00:26,151,8.5,07:02,81,79,,10395.00,31.2,226
,01:00:27,151,8.6,06:58,81,78,,10397.10,31.3,230
,01:00:28,151,8.7,06:55,81,78,,10399.60,31.2,234
,01:00:29,151,8.7,06:52,81,78,,10402.00,31.2,238
,01:00:30,151,8.8,06:50,81,78,,10404.50,31.3,244
,01:00:31,151,8.8,06:48,81,79,,10407.60,31.2,252
,01:00:32,151,8.8,06:47,81,79,,10410.20,31.2,260
,01:00:33,151,8.9,06:46,81,79,,10413.00,31.3,268
,01:00:34,151,8.9,06:45,81,79,,10415.80,31.3,274
,01:00:35,151,8.9,06:45,81,80,,10418.80,31.3,280
,01:00:36,151,8.9,06:44,80,80,,10421.30,31.2,284
,01:00:37,152,9.0,06:42,81,80,,10424.00,31.2,288
,01:00:38,151,9.1,06:34,81,80,,10426.80,31.4,296
,01:00:39,151,9.4,06:23,81,80,,10429.70,31.2,304
,01:00:40,151,9.6,06:15,81,80,,10432.50,31.1,306
,01:00:41,151,9.7,06:13,80,80,,10435.40,31.1,306
,01:00:42,151,9.6,06:15,80,80,,10438.50,31.3,300
,01:00:43,151,9.6,06:15,80,80,,10441.50,31.1,298
,01:00:44,151,9.6,06:15,80,80,,10444.50,31.2,296
,01:00:45,152,9.5,06:18,80,80,,10448.30,31.1,290
,01:00:46,151,9.5,06:20,79,80,,10451.20,31.2,286
,01:00:47,151,9.3,06:26,79,80,,10453.60,31.2,278
,01:00:48,151,9.0,06:38,78,80,,10455.60,31.2,266
,01:00:49,151,8.7,06:55,67,80,,10457.10,31.3,252
,01:00:50,151,8.3,07:14,67,80,,10458.50,31.3,238
,01:00:51,152,7.9,07:37,56,80,,10459.10,31.3,222
,01:00:52,153,7.5,08:03,56,80,,10459.60,31.1,206
,01:00:53,153,7.1,08:30,56,80,,10459.80,31.2,192
,01:00:54,153,6.7,08:56,62,80,,10459.80,31.2,178
,01:00:55,153,6.4,09:20,68,79,,10459.80,31.2,168
,01:00:56,153,6.2,09:37,72,79,,10459.80,31.2,162
,01:00:57,152,6.2,09:45,76,79,,10460.40,31.2,158
,01:00:58,152,6.3,09:30,77,79,,10462.20,31.2,164
,01:00:59,152,6.6,09:02,77,79,,10464.30,31.2,172
,01:01:00,152,6.9,08:41,78,79,,10466.70,31.3,178
,01:01:01,152,7.1,08:24,78,79,,10469.20,31.1,184
,01:01:02,152,7.4,08:10,78,79,,10472.10,31.2,190
,01:01:03,152,7.5,07:59,79,79,,10474.90,31.3,194
,01:01:04,152,7.7,07:50,79,79,,10477.90,31.3,196
,01:01:05,152,7.8,07:43,79,79,,10480.70,31.2,198
,01:01:06,152,7.9,07:38,79,79,,10483.30,31.3,198
,01:01:07,152,7.9,07:34,79,79,,10486.10,31.2,200
,01:01:08,152,8.0,07:29,79,79,,10488.60,31.3,200
,01:01:09,152,8.1,07:24,79,79,,10490.90,31.3,202
,01:01:10,153,8.2,07:19,79,79,,10493.40,31.2,204
,01:01:11,153,8.3,07:14,80,79,,10496.10,31.3,206
,01:01:12,153,8.4,07:11,80,79,,10498.50,31.4,206
,01:01:13,153,8.5,07:06,81,79,,10500.70,31.3,208
,01:01:14,152,8.7,06:53,81,79,,10503.50,31.3,216
,01:01:15,152,9.2,06:31,80,79,,10507.00,31.2,228
,01:01:16,152,9.8,06:09,81,79,,10510.70,31.3,242
,01:01:17,153,10.1,05:55,81,79,,10513.70,31.3,252
,01:01:18,153,10.3,05:50,81,79,,10517.80,31.3,256
,01:01:19,153,10.2,05:55,81,79,,10521.30,31.3,252
,01:01:20,153,9.9,06:03,81,79,,10523.80,31.2,246
,01:01:21,153,9.7,06:10,81,79,,10526.00,31.2,242
,01:01:22,153,9.6,06:16,80,79,,10528.80,31.2,236
,01:01:23,152,9.5,06:20,81,79,,10531.50,31.2,232
,01:01:24,152,9.4,06:22,81,79,,10533.40,31.3,232
,01:01:25,152,9.4,06:21,81,79,,10534.60,31.3,234
,01:01:26,152,9.7,06:13,81,79,,10536.10,31.3,242
,01:01:27,152,9.8,06:08,81,79,,10538.20,31.3,248
,01:01:28,152,9.8,06:06,81,79,,10542.10,31.3,250
,01:01:29,152,10.0,05:59,81,79,,10545.60,31.3,256
,01:01:30,152,10.1,05:55,81,79,,10549.10,31.3,260
,01:01:31,152,10.3,05:51,81,79,,10552.40,31.3,264
,01:01:32,152,10.5,05:44,80,79,,10555.60,31.2,266
,01:01:33,152,10.7,05:37,80,78,,10559.10,31.3,270
,01:01:34,152,10.9,05:29,80,78,,10562.30,31.2,274
,01:01:35,152,11.0,05:26,80,78,,10565.90,31.3,274
,01:01:36,152,11.1,05:26,80,78,,10569.10,31.2,272
,01:01:37,152,10.9,05:30,81,78,,10571.90,31.3,264
,01:01:38,152,10.6,05:39,80,78,,10575.50,31.3,254
,01:01:39,152,10.4,05:45,80,77,,10578.10,31.3,246
,01:01:40,152,10.3,05:49,80,77,,10581.10,31.3,238
,01:01:41,152,10.2,05:53,80,77,,10584.10,31.3,232
,01:01:42,152,10.2,05:53,81,77,,10586.70,31.3,230
,01:01:43,152,10.3,05:49,81,76,,10589.40,31.3,230
,01:01:44,152,10.5,05:44,81,76,,10592.30,31.3,230
,01:01:45,152,10.6,05:41,81,76,,10595.50,31.3,230
,01:01:46,152,10.6,05:41,80,76,,10598.60,31.3,230
,01:01:47,153,10.4,05:45,80,76,,10601.20,31.3,226
,01:01:48,153,10.3,05:49,80,76,,10604.50,31.3,222
,01:01:49,153,10.2,05:52,80,75,,10607.50,31.3,220
,01:01:50,153,10.2,05:54,81,75,,10610.50,31.4,218
,01:01:51,153,10.1,05:55,81,75,,10613.40,31.3,218
,01:01:52,153,10.1,05:55,81,75,,10616.70,31.3,218
,01:01:53,153,10.1,05:56,80,75,,10619.10,31.4,220
,01:01:54,153,10.1,05:56,80,75,,10621.80,31.3,222
,01:01:55,152,10.1,05:57,80,75,,10624.50,31.3,226
,01:01:56,152,10.1,05:57,80,75,,10627.30,31.2,230
,01:01:57,152,10.1,05:57,80,75,,10630.20,31.3,232
,01:01:58,151,10.1,05:56,80,75,,10633.00,31.3,238
,01:01:59,151,10.1,05:55,81,75,,10635.70,31.3,242
,01:02:00,151,10.1,05:55,81,75,,10638.30,31.3,246
,01:02:01,151,10.2,05:54,80,75,,10640.70,31.3,252
,01:02:02,151,10.2,05:53,80,75,,10644.00,31.2,256
,01:02:03,151,10.2,05:52,80,75,,10647.10,31.3,260
,01:02:04,151,10.2,05:52,80,75,,10650.00,31.3,264
,01:02:05,151,10.3,05:51,80,75,,10652.90,31.2,266
,01:02:06,151,10.3,05:51,80,75,,10655.80,31.3,270
,01:02:07,151,10.3,05:50,80,75,,10658.60,31.4,272
,01:02:08,152,10.3,05:50,80,75,,10661.70,31.3,276
,01:02:09,152,10.3,05:49,81,75,,10665.10,31.4,276
,01:02:10,152,10.1,05:57,81,75,,10667.70,31.4,272
,01:02:11,152,9.7,06:12,81,75,,10669.90,31.2,260
,01:02:12,152,9.5,06:20,81,75,,10672.10,31.3,254
,01:02:13,152,9.5,06:18,81,75,,10674.50,31.3,256
,01:02:14,152,9.7,06:12,81,75,,10677.20,31.3,260
,01:02:15,152,9.8,06:07,81,75,,10679.80,31.3,262
,01:02:16,152,9.9,06:03,81,75,,10682.20,31.3,262
,01:02:17,153,10.0,06:01,80,75,,10684.30,31.4,262
,01:02:18,153,10.0,05:58,81,75,,10686.40,31.2,264
,01:02:19,153,10.1,05:57,80,75,,10689.80,31.3,268
,01:02:20,153,10.3,05:51,81,75,,10693.00,31.3,274
,01:02:21,154,10.4,05:46,81,75,,10696.30,31.3,280
,01:02:22,153,10.4,05:46,81,75,,10699.80,31.3,284
,01:02:23,153,10.4,05:46,81,75,,10702.50,31.3,286
,01:02:24,153,10.4,05:45,81,75,,10705.50,31.3,286
,01:02:25,154,10.4,05:45,81,75,,10708.50,31.4,288
,01:02:26,154,10.4,05:45,81,75,,10712.50,31.3,290
,01:02:27,154,10.4,05:45,81,75,,10715.20,31.4,290
,01:02:28,154,10.4,05:45,81,75,,10717.80,31.3,290
,01:02:29,154,10.4,05:46,81,75,,10720.40,31.3,290
,01:02:30,153,10.4,05:46,81,75,,10723.10,31.2,288
,01:02:31,153,10.4,05:47,81,75,,10725.50,31.3,288
,01:02:32,153,10.4,05:47,81,75,,10728.60,31.3,286
,01:02:33,153,10.4,05:47,81,75,,10731.30,31.3,286
,01:02:34,153,10.3,05:48,81,75,,10734.10,31.4,284
,01:02:35,154,10.3,05:49,81,75,,10736.50,31.3,280
,01:02:36,154,10.3,05:51,81,75,,10739.40,31.3,278
,01:02:37,154,10.2,05:52,81,75,,10742.00,31.1,274
,01:02:38,154,10.2,05:53,80,75,,10744.80,31.3,272
,01:02:39,155,10.2,05:53,80,75,,10747.80,31.2,270
,01:02:40,155,10.2,05:52,80,75,,10751.00,31.3,268
,01:02:41,155,10.2,05:52,79,75,,10754.00,31.2,266
,01:02:42,155,10.2,05:53,78,75,,10756.90,31.2,262
,01:02:43,155,10.0,05:58,78,74,,10759.60,31.3,258
,01:02:44,155,9.8,06:07,78,74,,10761.60,31.3,250
,01:02:45,155,9.6,06:15,77,74,,10763.80,31.3,242
,01:02:46,155,9.4,06:22,75,74,,10766.10,31.3,234
,01:02:47,155,9.2,06:30,73,74,,10768.10,31.3,228
,01:02:48,155,8.9,06:44,66,74,,10769.20,31.3,218
,01:02:49,155,8.5,07:02,66,74,,10770.00,31.3,206
,01:02:50,155,8.3,07:13,63,74,,10771.20,31.2,198
,01:02:51,155,8.3,07:15,65,73,,10773.20,31.3,196
,01:02:52,156,8.3,07:13,72,73,,10775.40,31.2,194
,01:02:53,156,8.5,07:04,78,73,,10777.50,31.2,196
,01:02:54,156,8.9,06:45,79,73,,10780.30,31.1,202
,01:02:55,156,9.4,06:24,79,73,,10783.20,31.4,212
,01:02:56,156,9.6,06:14,80,73,,10786.50,31.2,216
,01:02:57,156,9.7,06:11,81,72,,10789.80,31.3,216
,01:02:58,156,9.7,06:10,81,72,,10793.30,31.3,218
,01:02:59,156,9.8,06:09,80,72,,10796.60,31.2,218
,01:03:00,156,9.8,06:08,81,72,,10799.60,31.3,218
,01:03:01,156,9.8,06:08,81,72,,10802.50,31.3,218
,01:03:02,156,9.8,06:08,81,72,,10805.40,31.2,220
,01:03:03,156,9.8,06:08,81,72,,10807.60,31.3,220
,01:03:04,156,9.8,06:08,81,72,,10810.00,31.3,220
,01:03:05,156,9.8,06:08,81,72,,10812.30,31.3,218
,01:03:06,156,9.8,06:09,81,72,,10814.90,31.4,218
,01:03:07,157,9.7,06:10,81,72,,10817.70,31.2,218
,01:03:08,157,9.8,06:08,81,72,,10820.60,31.3,220
,01:03:09,157,9.9,06:05,81,72,,10823.70,31.3,222
,01:03:10,157,9.9,06:03,81,72,,10826.80,31.3,226
,01:03:11,157,10.0,06:00,80,72,,10829.90,31.3,228
,01:03:12,157,10.2,05:53,80,72,,10833.10,31.3,234
,01:03:13,158,10.4,05:46,80,72,,10836.60,31.3,240
,01:03:14,158,10.6,05:40,80,72,,10839.90,31.4,244
,01:03:15,157,10.7,05:37,80,71,,10843.30,31.3,248
,01:03:16,158,10.6,05:39,79,71,,10846.50,31.4,246
,01:03:17,157,10.5,05:43,78,71,,10849.60,31.3,244
,01:03:18,157,10.4,05:46,79,71,,10852.40,31.3,242
,01:03:19,157,10.3,05:49,79,71,,10855.20,31.3,240
,01:03:20,157,10.2,05:52,79,71,,10857.80,31.2,240
,01:03:21,157,10.2,05:54,79,71,,10859.90,31.2,238
,01:03:22,157,10.1,05:56,79,71,,10862.10,31.4,236
,01:03:23,157,10.1,05:58,79,70,,10864.50,31.5,234
,01:03:24,157,10.0,06:00,79,70,,10866.50,31.3,234
,01:03:25,158,10.0,06:01,79,70,,10868.60,31.4,232
,01:03:26,157,10.0,06:01,79,70,,10871.00,31.3,230
,01:03:27,157,9.9,06:02,79,70,,10874.00,31.4,226
,01:03:28,157,9.9,06:02,79,70,,10877.10,31.4,224
,01:03:29,157,9.9,06:02,79,69,,10880.20,31.4,224
,01:03:30,157,9.9,06:02,79,69,,10883.20,31.4,222
,01:03:31,157,9.9,06:02,79,69,,10886.10,31.3,222
,01:03:32,157,9.9,06:02,79,69,,10888.80,31.3,222
,01:03:33,156,10.0,06:02,79,69,,10891.70,31.3,222
,01:03:34,156,10.0,06:02,79,69,,10894.60,31.4,224
,01:03:35,156,10.0,06:02,79,69,,10897.50,31.3,226
,01:03:36,156,10.0,06:01,79,69,,10900.30,31.4,228
,01:03:37,156,10.0,06:01,79,69,,10902.70,31.4,230
,01:03:38,156,10.0,06:01,80,69,,10905.10,31.5,234
,01:03:39,156,10.0,06:01,81,69,,10907.40,31.5,236
,01:03:40,156,9.9,06:02,81,69,,10910.10,31.3,238
,01:03:41,156,9.9,06:02,81,69,,10912.80,31.4,240
,01:03:42,156,9.9,06:03,80,69,,10915.20,31.6,242
,01:03:43,155,9.9,06:03,80,69,,10917.70,31.5,242
,01:03:44,155,9.9,06:04,80,69,,10920.50,31.4,244
,01:03:45,155,9.8,06:07,80,68,,10922.90,31.5,242
,01:03:46,155,9.7,06:11,81,68,,10925.50,31.4,240
,01:03:47,155,9.7,06:13,81,68,,10928.10,31.5,240
,01:03:48,155,9.7,06:12,81,68,,10930.90,31.5,242
,01:03:49,155,9.7,06:10,81,68,,10933.50,31.5,244
,01:03:50,155,9.7,06:10,81,68,,10935.70,31.4,244
,01:03:51,155,9.8,06:09,81,68,,10938.30,31.5,246
,01:03:52,155,9.8,06:08,80,68,,10941.40,31.5,246
,01:03:53,156,9.8,06:08,80,68,,10943.90,31.5,248
,01:03:54,155,9.7,06:10,80,68,,10946.40,31.5,246
,01:03:55,155,9.6,06:16,78,68,,10949.10,31.5,244
,01:03:56,155,9.4,06:24,78,68,,10951.50,31.5,238
,01:03:57,139,1.5,38:53,0,64,,10952.00,31.7,42
,01:03:58,139,4.9,12:15,0,64,,10952.30,31.8,134
,01:03:59,139,7.7,07:49,52,64,,10954.30,31.9,210
,01:04:00,139,9.0,06:38,67,64,,10957.00,31.8,250
,01:04:01,139,9.6,06:14,74,64,,10960.30,31.8,266
,01:04:02,138,9.4,06:24,80,64,,10964.00,31.8,260
,01:04:03,137,9.2,06:32,81,64,,10968.20,31.8,256
,01:04:04,136,9.5,06:17,81,64,,10973.00,31.9,268
,01:04:05,135,9.8,06:08,81,64,,10978.00,31.9,276
,01:04:06,135,9.9,06:03,81,64,,10983.30,31.9,280
,01:04:07,135,10.0,05:59,81,64,,10988.70,31.9,284
,01:04:08,135,10.2,05:53,81,64,,10992.40,31.9,290
,01:04:09,135,10.4,05:47,82,64,,10995.70,31.9,292
,01:04:10,136,10.6,05:41,83,64,,10998.90,31.8,296
,01:04:11,136,10.7,05:35,82,64,,11002.10,31.9,298
,01:04:12,137,10.9,05:31,83,64,,11005.50,31.9,298
,01:04:13,137,10.9,05:29,83,64,,11008.50,32.0,296
,01:04:14,137,11.0,05:26,83,64,,11011.20,31.9,296
,01:04:15,138,11.1,05:24,83,64,,11014.30,31.9,296
,01:04:16,138,11.1,05:24,82,64,,11017.20,32.0,294
,01:04:17,138,11.1,05:23,82,64,,11020.40,31.9,292
,01:04:18,139,11.2,05:23,83,64,,11023.40,31.9,290
,01:04:19,139,11.2,05:23,83,64,,11026.70,32.0,290
,01:04:20,140,11.1,05:24,83,64,,11029.60,32.0,288
,01:04:21,140,11.1,05:25,83,64,,11032.20,32.1,288
,01:04:22,140,11.0,05:28,83,64,,11035.60,32.1,286
,01:04:23,141,11.0,05:29,83,64,,11038.60,32.0,286
,01:04:24,142,11.1,05:24,82,64,,11041.90,32.1,290
,01:04:25,142,11.2,05:21,82,64,,11044.90,32.1,294
,01:04:26,143,11.2,05:22,83,64,,11048.10,32.1,294
,01:04:27,143,11.1,05:23,83,64,,11051.20,32.0,292
,01:04:28,144,11.0,05:27,82,64,,11054.20,32.0,290
,01:04:29,145,10.8,05:32,82,64,,11057.20,32.1,286
,01:04:30,145,10.8,05:35,82,64,,11060.20,32.2,282
,01:04:31,146,10.7,05:36,82,64,,11063.10,32.1,282
,01:04:32,147,10.7,05:36,82,64,,11066.20,32.1,280
,01:04:33,147,10.7,05:37,82,64,,11068.70,32.1,280
,01:04:34,147,10.7,05:37,82,64,,11071.60,32.2,278
,01:04:35,148,10.7,05:37,82,64,,11074.60,32.1,278
,01:04:36,148,10.7,05:37,82,64,,11077.60,32.1,278
,01:04:37,148,10.7,05:36,82,64,,11080.60,32.2,278
,01:04:38,149,10.8,05:35,82,64,,11083.80,32.1,278
,01:04:39,149,10.8,05:34,82,64,,11087.10,32.2,278
,01:04:40,150,10.8,05:33,82,64,,11089.80,32.2,278
,01:04:41,150,10.8,05:33,82,64,,11093.10,32.1,280
,01:04:42,151,10.8,05:32,82,64,,11096.00,32.1,278
,01:04:43,151,10.9,05:31,82,64,,11098.80,32.1,278
,01:04:44,151,10.9,05:31,82,64,,11101.40,32.1,280
,01:04:45,152,10.9,05:31,82,64,,11104.00,32.2,280
,01:04:46,153,10.9,05:31,82,64,,11106.40,32.1,282
,01:04:47,153,10.9,05:30,82,64,,11108.90,32.1,282
,01:04:48,154,10.9,05:30,82,64,,11111.50,32.2,286
,01:04:49,154,10.9,05:30,82,64,,11114.60,32.2,288
,01:04:50,154,10.9,05:30,82,64,,11117.50,32.1,290
,01:04:51,155,11.0,05:27,82,64,,11120.40,32.2,296
,01:04:52,155,11.1,05:24,82,64,,11124.00,32.2,302
,01:04:53,156,11.1,05:25,82,64,,11127.60,32.3,304
,01:04:54,156,11.1,05:26,82,64,,11131.00,32.1,308
,01:04:55,156,11.0,05:26,82,64,,11134.30,32.2,310
,01:04:56,156,11.0,05:26,82,64,,11137.50,32.2,314
,01:04:57,156,11.0,05:26,82,64,,11140.80,32.1,318
,01:04:58,156,11.0,05:26,82,64,,11143.60,32.2,320
,01:04:59,157,11.1,05:25,82,64,,11146.20,32.2,322
,01:05:00,157,11.1,05:25,82,64,,11149.80,32.3,324
,01:05:01,157,11.1,05:25,82,64,,11152.30,32.1,326
,01:05:02,157,11.1,05:25,82,64,,11154.90,32.2,326
,01:05:03,157,11.1,05:25,81,64,,11157.30,32.2,326
,01:05:04,157,11.0,05:26,81,64,,11160.40,32.1,328
,01:05:05,157,11.0,05:27,80,64,,11163.00,32.1,330
,01:05:06,158,11.0,05:27,80,64,,11166.20,32.2,334
,01:05:07,158,10.9,05:31,80,64,,11168.40,32.2,334
,01:05:08,158,10.6,05:39,80,64,,11171.30,32.2,328
,01:05:09,157,10.3,05:49,80,65,,11173.60,32.1,322
,01:05:10,158,10.1,05:57,80,65,,11176.00,32.1,314
,01:05:11,158,9.9,06:03,80,65,,11178.90,32.1,310
,01:05:12,158,9.9,06:05,80,65,,11181.20,32.2,308
,01:05:13,158,10.0,06:01,80,65,,11183.50,32.1,312
,01:05:14,158,9.9,06:05,80,65,,11186.00,32.0,308
,01:05:15,158,9.8,06:08,80,65,,11187.70,32.1,304
,01:05:16,159,9.8,06:06,80,65,,11190.40,32.1,304
,01:05:17,159,9.8,06:06,80,65,,11193.10,32.1,302
,01:05:18,158,9.9,06:05,80,65,,11195.60,32.1,302
,01:05:19,158,9.8,06:07,81,65,,11198.10,32.1,298
,01:05:20,158,9.7,06:11,81,65,,11200.20,32.1,292
,01:05:21,159,9.7,06:12,81,65,,11203.20,32.1,290
,01:05:22,159,9.8,06:08,81,65,,11205.60,32.1,292
,01:05:23,159,9.9,06:03,81,65,,11208.30,32.1,294
,01:05:24,159,10.0,05:59,81,65,,11211.20,32.1,296
,01:05:25,159,10.1,05:57,80,65,,11213.80,32.1,296
,01:05:26,159,10.1,05:56,80,65,,11216.40,32.1,294
,01:05:27,159,10.2,05:54,80,65,,11218.80,32.2,294
,01:05:28,160,10.2,05:53,80,65,,11221.70,32.1,294
,01:05:29,159,10.2,05:54,80,65,,11224.40,32.2,292
,01:05:30,159,10.1,05:55,80,65,,11226.90,32.2,290
,01:05:31,159,10.1,05:56,81,65,,11229.10,32.2,288
,01:05:32,159,10.1,05:57,81,65,,11231.60,32.2,288
,01:05:33,159,10.1,05:58,81,65,,11234.20,32.2,286
,01:05:34,158,10.0,05:58,81,65,,11236.70,32.2,286
,01:05:35,158,10.0,05:59,81,65,,11239.10,32.3,286
,01:05:36,158,10.0,06:00,81,65,,11241.90,32.1,286
,01:05:37,157,10.0,06:01,81,65,,11244.20,32.1,284
,01:05:38,157,9.9,06:03,81,65,,11246.90,32.1,282
,01:05:39,157,9.9,06:04,81,65,,11249.70,32.1,280
,01:05:40,157,9.8,06:06,81,65,,11252.70,32.2,278
,01:05:41,157,9.8,06:07,81,65,,11255.40,32.2,276
,01:05:42,157,9.8,06:07,81,65,,11258.20,32.2,274
,01:05:43,157,9.8,06:08,81,65,,11261.10,32.2,274
,01:05:44,157,9.8,06:09,81,65,,11263.90,32.1,272
,01:05:45,157,9.8,06:09,81,65,,11266.80,32.1,272
,01:05:46,157,9.8,06:09,81,65,,11269.70,32.1,270
,01:05:47,157,9.7,06:10,81,65,,11272.70,32.2,270
,01:05:48,157,9.7,06:10,81,65,,11275.40,32.3,268
,01:05:49,157,9.7,06:10,81,65,,11278.30,32.1,268
,01:05:50,157,9.7,06:10,81,65,,11280.90,32.1,266
,01:05:51,157,9.7,06:10,81,65,,11284.00,32.2,266
,01:05:52,157,9.7,06:10,81,65,,11286.80,32.2,266
,01:05:53,157,9.9,06:05,81,65,,11290.00,32.3,268
,01:05:54,156,9.9,06:02,81,65,,11293.00,32.1,270
,01:05:55,156,9.9,06:03,81,65,,11296.00,32.2,270
,01:05:56,156,9.9,06:04,81,65,,11298.60,32.1,268
,01:05:57,156,9.8,06:06,81,65,,11301.70,32.1,268
,01:05:58,156,9.8,06:07,81,65,,11304.60,32.2,268
,01:05:59,156,9.8,06:07,81,65,,11307.80,32.3,268
,01:06:00,156,9.8,06:08,81,65,,11310.40,32.0,268
,01:06:01,156,9.8,06:09,81,65,,11313.40,32.0,270
,01:06:02,157,9.8,06:09,81,65,,11316.30,32.1,270
,01:06:03,157,9.8,06:07,81,65,,11319.10,32.1,272
,01:06:04,157,9.8,06:07,81,65,,11322.10,32.1,272
,01:06:05,156,9.8,06:07,81,65,,11325.20,32.1,272
,01:06:06,156,9.8,06:08,81,65,,11328.20,32.1,270
,01:06:07,156,9.8,06:09,81,65,,11331.30,32.1,268
,01:06:08,156,9.8,06:09,81,65,,11334.00,32.0,268
,01:06:09,156,9.8,06:09,81,65,,11336.80,32.0,266
,01:06:10,157,9.7,06:10,81,65,,11339.70,32.0,266
,01:06:11,157,9.7,06:10,81,65,,11342.50,32.0,266
,01:06:12,158,9.8,06:08,81,65,,11345.20,31.9,268
,01:06:13,158,9.8,06:08,81,66,,11348.40,32.0,270
,01:06:14,158,9.8,06:07,81,66,,11351.00,31.9,272
,01:06:15,158,9.8,06:07,81,66,,11353.50,32.0,274
,01:06:16,158,9.8,06:06,81,66,,11356.50,32.0,276
,01:06:17,158,9.9,06:05,81,66,,11359.50,31.9,278
,01:06:18,158,9.9,06:05,81,66,,11362.30,32.0,280
,01:06:19,158,9.9,06:04,81,66,,11364.90,31.9,282
,01:06:20,158,9.9,06:04,81,66,,11367.30,31.9,284
,01:06:21,158,9.9,06:03,81,66,,11370.40,31.9,286
,01:06:22,158,10.0,06:02,80,66,,11373.00,32.0,288
,01:06:23,159,10.0,06:01,80,66,,11375.50,31.8,288
,01:06:24,159,10.0,06:00,80,66,,11378.60,31.8,290
,01:06:25,159,10.0,05:59,81,66,,11381.30,32.0,292
,01:06:26,159,10.0,05:58,81,66,,11384.10,31.9,294
,01:06:27,158,10.1,05:58,81,67,,11386.60,31.8,294
,01:06:28,158,10.1,05:57,81,67,,11389.30,31.7,296
,01:06:29,158,10.1,05:57,81,67,,11392.80,31.8,298
,01:06:30,159,10.1,05:58,81,67,,11395.10,31.9,298
,01:06:31,159,10.1,05:57,81,67,,11397.90,31.8,298
,01:06:32,159,10.1,05:56,81,67,,11401.10,32.0,298
,01:06:33,159,10.1,05:56,81,67,,11403.90,31.9,298
,01:06:34,159,10.1,05:55,81,67,,11406.50,31.9,298
,01:06:35,159,10.1,05:55,81,67,,11409.30,31.8,298
,01:06:36,158,10.2,05:54,81,67,,11412.60,31.8,298
,01:06:37,158,10.2,05:54,81,67,,11415.60,31.8,298
,01:06:38,157,10.2,05:54,81,67,,11418.10,31.8,298
,01:06:39,157,10.2,05:54,80,67,,11421.00,31.8,296
,01:06:40,157,10.2,05:54,80,67,,11423.70,32.0,296
,01:06:41,156,10.2,05:54,81,67,,11426.30,31.9,298
,01:06:42,156,10.2,05:54,80,67,,11428.80,31.8,298
,01:06:43,155,10.2,05:54,81,67,,11431.40,31.8,300
,01:06:44,155,10.2,05:53,81,67,,11434.10,31.8,302
,01:06:45,154,10.2,05:53,81,67,,11436.50,31.9,302
,01:06:46,154,10.2,05:53,81,67,,11439.10,31.8,304
,01:06:47,154,10.2,05:53,81,67,,11441.80,31.8,302
,01:06:48,154,10.2,05:53,81,67,,11444.60,31.7,302
,01:06:49,154,10.2,05:53,81,67,,11447.50,31.9,300
,01:06:50,154,10.2,05:53,81,67,,11450.30,32.0,300
,01:06:51,154,10.2,05:53,81,67,,11453.20,31.8,298
,01:06:52,154,10.2,05:53,81,67,,11456.10,31.8,298
,01:06:53,154,10.2,05:53,81,67,,11458.90,31.8,298
,01:06:54,154,10.2,05:53,81,67,,11461.80,31.8,298
,01:06:55,154,10.2,05:54,81,67,,11464.80,31.9,296
,01:06:56,155,10.2,05:54,81,67,,11467.50,31.8,294
,01:06:57,155,10.2,05:54,81,67,,11470.30,31.7,292
,01:06:58,155,10.2,05:54,81,67,,11473.00,31.7,290
,01:06:59,155,10.2,05:54,81,67,,11475.70,31.8,288
,01:07:00,155,10.2,05:55,81,67,,11478.60,31.8,288
,01:07:01,155,10.2,05:55,81,67,,11481.40,31.8,286
,01:07:02,155,10.2,05:55,81,67,,11484.30,31.9,282
,01:07:03,155,10.2,05:55,81,67,,11487.10,31.7,280
,01:07:04,155,10.2,05:55,81,67,,11489.90,31.8,278
,01:07:05,155,10.1,05:55,81,67,,11492.90,31.7,276
,01:07:06,156,10.1,05:55,81,67,,11495.80,31.8,274
,01:07:07,156,10.1,05:55,81,67,,11498.80,31.7,272
,01:07:08,156,10.1,05:55,81,67,,11501.80,31.7,270
,01:07:09,157,10.1,05:55,80,67,,11504.80,31.8,268
,01:07:10,157,10.1,05:55,81,67,,11507.80,31.8,264
,01:07:11,157,10.1,05:55,81,67,,11510.80,31.7,262
,01:07:12,157,10.1,05:55,81,67,,11513.50,31.7,260
,01:07:13,157,10.1,05:55,81,67,,11516.30,31.6,260
,01:07:14,157,10.0,05:59,81,67,,11518.80,31.8,260
,01:07:15,157,9.8,06:06,81,67,,11520.90,31.8,258
,01:07:16,157,9.6,06:13,81,67,,11523.10,31.7,258
,01:07:17,157,9.6,06:15,81,67,,11525.60,31.6,264
,01:07:18,157,9.7,06:11,81,67,,11528.20,31.6,272
,01:07:19,157,9.8,06:08,81,67,,11530.60,31.7,282
,01:07:20,157,9.9,06:04,81,67,,11533.70,31.7,292
,01:07:21,157,10.0,06:01,81,67,,11536.90,31.7,304
,01:07:22,158,10.2,05:53,81,67,,11540.00,31.7,318
,01:07:23,158,10.5,05:42,81,67,,11544.00,31.6,334
,01:07:24,158,10.6,05:39,81,67,,11547.90,31.6,342
,01:07:25,158,10.6,05:40,80,69,,11551.20,31.6,346
,01:07:26,158,10.5,05:44,80,69,,11554.00,31.6,348
,01:07:27,158,10.4,05:47,80,69,,11556.80,31.6,350
,01:07:28,158,10.3,05:48,80,69,,11560.20,31.5,352
,01:07:29,158,10.3,05:48,80,69,,11562.80,31.5,352
,01:07:30,158,10.3,05:48,80,69,,11565.40,31.5,352
,01:07:31,158,10.3,05:50,81,69,,11568.00,31.6,352
,01:07:32,158,10.3,05:50,81,69,,11569.80,31.6,350
,01:07:33,158,10.3,05:51,80,70,,11572.10,31.5,348
,01:07:34,158,10.3,05:51,80,70,,11575.20,31.5,346
,01:07:35,158,10.2,05:52,80,70,,11577.80,31.6,344
,01:07:36,158,10.2,05:53,80,70,,11580.60,31.6,340
,01:07:37,158,10.2,05:53,80,70,,11583.00,31.6,334
,01:07:38,157,10.2,05:54,80,70,,11585.70,31.6,326
,01:07:39,157,10.2,05:54,80,70,,11588.10,31.6,320
,01:07:40,157,10.2,05:54,80,70,,11591.10,31.6,312
,01:07:41,157,10.1,05:55,80,70,,11593.90,31.6,304
,01:07:42,157,10.1,05:55,80,70,,11597.20,31.5,296
,01:07:43,157,10.1,05:55,80,70,,11599.50,31.6,290
,01:07:44,156,10.2,05:54,80,70,,11602.30,31.7,284
,01:07:45,156,10.2,05:54,80,69,,11605.30,31.5,280
,01:07:46,156,10.2,05:54,80,69,,11608.00,31.6,276
,01:07:47,156,10.2,05:54,80,69,,11610.40,31.6,272
,01:07:48,156,10.2,05:54,80,69,,11613.50,31.6,270
,01:07:49,156,10.2,05:53,80,69,,11615.80,31.6,266
,01:07:50,156,10.2,05:53,80,69,,11618.80,31.6,266
,01:07:51,156,10.2,05:53,80,69,,11621.10,31.6,264
,01:07:52,156,10.2,05:53,80,69,,11624.30,31.6,262
,01:07:53,156,10.2,05:53,80,69,,11627.20,31.6,262
,01:07:54,156,10.2,05:53,79,69,,11629.70,31.6,260
,01:07:55,156,10.2,05:53,78,69,,11632.60,31.6,260
,01:07:56,156,10.2,05:53,78,69,,11635.60,31.6,260
,01:07:57,156,10.2,05:53,78,69,,11638.40,31.6,262
,01:07:58,156,10.2,05:53,78,69,,11641.30,31.5,264
,01:07:59,156,10.2,05:53,78,69,,11644.20,31.6,266
,01:08:00,156,10.2,05:53,78,69,,11647.00,31.6,268
,01:08:01,156,10.2,05:53,77,69,,11649.40,31.5,270
,01:08:02,156,10.2,05:54,77,69,,11651.70,31.6,272
,01:08:03,156,10.1,05:57,77,69,,11654.20,31.6,272
,01:08:04,156,10.0,05:59,77,69,,11656.80,31.6,272
,01:08:05,157,10.0,05:59,77,69,,11659.50,31.6,274
,01:08:06,157,10.0,05:59,78,69,,11662.00,31.6,274
,01:08:07,156,10.0,05:59,79,69,,11664.40,31.6,274
,01:08:08,156,10.0,06:00,78,69,,11667.00,31.6,274
,01:08:09,156,9.9,06:05,77,69,,11669.30,31.5,272
,01:08:10,156,9.5,06:18,77,69,,11671.20,31.6,264
,01:08:11,156,9.2,06:31,77,69,,11673.10,31.5,254
,01:08:12,155,9.0,06:41,76,69,,11674.90,31.6,248
,01:08:13,156,8.7,06:53,77,69,,11676.50,31.5,242
,01:08:14,155,8.6,07:01,77,69,,11678.50,31.5,238
,01:08:15,156,8.5,07:02,77,69,,11680.20,31.5,236
,01:08:16,156,8.4,07:07,77,69,,11681.80,31.5,232
,01:08:17,156,8.2,07:17,75,69,,11682.70,31.5,226
,01:08:18,156,8.0,07:28,69,69,,11684.30,31.5,218
,01:08:19,155,7.8,07:40,66,69,,11686.80,31.5,212
,01:08:20,155,7.6,07:54,66,69,,11688.70,31.6,206
,01:08:21,155,7.4,08:08,64,69,,11690.80,31.5,198
,01:08:22,155,7.1,08:27,59,69,,11691.80,31.5,192
,01:08:23,155,6.0,10:03,57,69,,11693.00,31.4,162
,01:08:24,154,6.0,10:03,56,69,,11693.70,31.5,162
,01:08:25,154,4.7,12:42,56,69,,11694.30,31.6,126
,01:08:26,154,4.2,14:11,56,69,,11695.00,31.6,112
,01:08:27,154,3.7,16:22,56,69,,11695.80,31.5,96
,01:08:28,154,3.6,16:36,56,69,,11696.40,31.5,94
,01:08:29,154,3.9,15:28,56,69,,11697.20,31.5,100
,01:08:30,154,4.1,14:35,58,69,,11697.80,31.5,104
,01:08:31,153,4.0,15:09,58,69,,11698.60,31.4,100
,01:08:32,153,3.7,16:19,58,69,,11699.50,31.5,92
,01:08:33,153,4.0,15:03,59,69,,11700.90,31.5,98
,01:08:34,153,4.4,13:43,70,69,,11702.60,31.4,106
,01:08:35,153,4.4,13:40,74,69,,11703.80,31.4,106
,01:08:36,153,4.5,13:23,77,69,,11705.00,31.6,108
,01:08:37,153,4.5,13:12,77,69,,11706.30,31.4,110
,01:08:38,153,4.5,13:18,78,69,,11707.50,31.5,110
,01:08:39,153,4.5,13:20,79,69,,11708.80,31.4,112
,01:08:40,153,4.5,13:22,79,69,,11709.70,31.5,112
,01:08:41,153,4.5,13:22,79,69,,11710.80,31.6,112
,01:08:42,153,4.5,13:25,79,69,,11711.80,31.4,114
,01:08:43,154,4.6,13:11,79,69,,11712.80,31.5,116
,01:08:44,154,4.8,12:38,79,69,,11713.90,31.5,122
,01:08:45,154,5.1,11:53,79,69,,11715.80,31.5,130
,01:08:46,154,5.5,10:54,79,69,,11719.00,31.5,142
,01:08:47,154,6.0,09:58,79,69,,11722.10,31.4,156
,01:08:48,155,6.5,09:16,79,69,,11724.40,31.4,168
,01:08:49,155,6.7,08:59,79,69,,11726.90,31.5,174
,01:08:50,155,6.7,09:01,79,69,,11730.30,31.5,174
,01:08:51,155,6.6,09:03,79,69,,11733.60,31.6,174
,01:08:52,154,6.6,09:05,79,69,,11736.30,31.5,172
,01:08:53,153,6.6,09:05,79,69,,11738.50,31.4,172
,01:08:54,153,6.6,09:05,79,69,,11740.00,31.5,172
,01:08:55,152,6.6,09:04,79,69,,11741.60,31.5,172
,01:08:56,152,6.6,09:04,79,69,,11743.90,31.4,172
,01:08:57,151,6.8,08:49,79,69,,11746.20,31.4,176
,01:08:58,151,7.0,08:33,79,69,,11748.80,31.5,182
,01:08:59,151,7.1,08:28,79,69,,11751.60,31.5,182
,01:09:00,151,7.1,08:26,79,69,,11754.70,31.5,182
,01:09:01,151,7.1,08:25,79,69,,11757.70,31.5,182
,01:09:02,151,7.2,08:21,79,69,,11760.60,31.4,184
,01:09:03,150,7.3,08:15,79,69,,11764.10,31.5,186
,01:09:04,150,7.4,08:09,79,69,,11767.10,31.4,186
,01:09:05,150,7.4,08:05,79,68,,11769.60,31.5,188
,01:09:06,149,7.5,08:02,79,68,,11772.40,31.4,188
,01:09:07,148,7.5,07:58,79,68,,11775.10,31.4,190
,01:09:08,148,7.6,07:55,79,68,,11778.00,31.4,190
,01:09:09,148,7.8,07:39,79,68,,11781.50,31.4,198
,01:09:10,148,8.3,07:11,79,68,,11785.30,31.5,210
,01:09:11,148,8.9,06:46,79,68,,11789.40,31.5,224
,01:09:12,147,9.3,06:25,79,68,,11793.10,31.3,238
,01:09:13,147,9.8,06:09,79,68,,11797.10,31.5,248
,01:09:14,147,10.1,05:58,79,68,,11801.10,31.4,258
,01:09:15,148,10.0,05:58,79,68,,11804.70,31.3,260
,01:09:16,148,9.8,06:07,79,68,,11808.20,31.4,256
,01:09:17,149,9.6,06:15,79,68,,11811.00,31.5,252
,01:09:18,149,9.4,06:21,79,68,,11813.70,31.5,250
,01:09:19,149,9.4,06:23,79,68,,11816.10,31.5,250
,01:09:20,149,9.4,06:24,79,68,,11818.20,31.5,252
,01:09:21,149,9.3,06:26,79,68,,11820.70,31.3,252
,01:09:22,150,9.3,06:25,79,68,,11823.70,31.5,254
,01:09:23,150,9.4,06:23,79,68,,11827.20,31.5,256
,01:09:24,150,9.4,06:21,79,68,,11831.00,31.4,260
,01:09:25,150,9.5,06:20,79,68,,11834.30,31.4,262
,01:09:26,150,9.5,06:19,79,68,,11837.70,31.4,264
,01:09:27,150,9.5,06:18,79,68,,11840.90,31.5,264
,01:09:28,151,9.5,06:17,79,68,,11844.10,31.3,266
,01:09:29,151,9.6,06:16,79,68,,11847.20,31.3,268
,01:09:30,152,9.6,06:15,79,68,,11850.10,31.4,270
,01:09:31,152,9.6,06:15,79,68,,11852.40,31.5,270
,01:09:32,152,9.6,06:15,79,68,,11854.30,31.5,270
,01:09:33,152,9.6,06:14,79,68,,11856.70,31.4,270
,01:09:34,153,9.6,06:15,79,68,,11859.70,31.4,268
,01:09:35,153,9.6,06:16,79,68,,11862.50,31.4,266
,01:09:36,153,9.5,06:18,79,68,,11865.50,31.4,262
,01:09:37,153,9.5,06:20,79,68,,11868.50,31.4,260
,01:09:38,153,9.4,06:23,78,68,,11871.00,31.3,256
,01:09:39,153,9.3,06:26,79,68,,11873.60,31.4,254
,01:09:40,153,9.3,06:28,79,68,,11875.60,31.4,252
,01:09:41,153,9.2,06:29,79,68,,11877.90,31.5,252
,01:09:42,154,9.1,06:35,79,68,,11879.50,31.4,248
,01:09:43,154,9.0,06:40,79,68,,11881.00,31.4,244
,01:09:44,154,9.0,06:41,79,68,,11882.40,31.4,242
,01:09:45,154,9.0,06:42,79,68,,11884.30,31.5,242
,01:09:46,155,9.0,06:42,79,68,,11886.20,31.3,240
,01:09:47,155,9.0,06:42,79,68,,11888.70,31.3,240
,01:09:48,155,9.0,06:41,79,68,,11891.20,31.4,238
,01:09:49,155,9.0,06:40,79,68,,11893.80,31.4,236
,01:09:50,154,9.0,06:40,79,68,,11896.50,31.3,234
,01:09:51,155,9.0,06:39,79,68,,11899.40,31.4,232
,01:09:52,155,9.0,06:39,79,68,,11902.20,31.3,230
,01:09:53,155,9.0,06:39,79,68,,11904.90,31.3,230
,01:09:54,155,9.1,06:37,79,68,,11907.40,31.4,230
,01:09:55,155,9.1,06:36,79,68,,11909.70,31.4,230
,01:09:56,155,9.1,06:34,79,68,,11912.20,31.4,230
,01:09:57,155,9.2,06:33,79,68,,11914.90,31.5,230
,01:09:58,155,9.1,06:34,79,68,,11917.70,31.3,230
,01:09:59,155,9.1,06:36,79,67,,11920.30,31.3,230
,01:10:00,155,9.1,06:37,79,67,,11923.10,31.4,230
,01:10:01,155,9.1,06:37,79,67,,11925.70,31.3,232
,01:10:02,156,9.1,06:37,79,67,,11928.10,31.3,234
,01:10:03,156,9.1,06:37,79,67,,11930.20,31.4,236
,01:10:04,156,9.1,06:37,79,67,,11932.70,31.5,240
,01:10:05,157,9.1,06:37,79,67,,11934.60,31.3,242
,01:10:06,157,9.0,06:40,78,67,,11936.10,31.3,242
,01:10:07,157,8.9,06:45,78,67,,11937.80,31.3,242
,01:10:08,157,8.8,06:50,78,67,,11939.80,31.3,242
,01:10:09,157,8.7,06:54,78,68,,11941.70,31.4,242
,01:10:10,158,8.6,06:57,78,68,,11944.00,31.3,242
,01:10:11,158,8.6,07:00,78,68,,11946.90,31.4,244
,01:10:12,157,8.5,07:02,79,68,,11950.40,31.4,246
,01:10:13,157,8.5,07:04,79,68,,11953.60,31.4,248
,01:10:14,157,8.5,07:05,79,68,,11956.70,31.3,250
,01:10:15,157,8.4,07:07,79,68,,11960.20,31.3,250
,01:10:16,157,8.5,07:06,79,68,,11963.70,31.2,254
,01:10:17,157,8.5,07:04,79,68,,11967.20,31.4,256
,01:10:18,157,8.6,06:59,79,68,,11970.50,31.3,258
,01:10:19,157,8.7,06:52,79,68,,11973.30,31.3,262
,01:10:20,157,8.9,06:46,79,68,,11976.10,31.3,266
,01:10:21,157,9.0,06:41,79,68,,11978.40,31.3,266
,01:10:22,157,9.1,06:36,79,68,,11980.90,31.3,268
,01:10:23,157,9.2,06:32,78,68,,11983.70,31.3,268
,01:10:24,156,9.5,06:21,79,68,,11987.30,31.4,274
,01:10:25,156,10.0,06:00,79,68,,11990.90,31.3,288
,01:10:26,156,10.6,05:41,79,68,,11994.10,31.3,300
,01:10:27,156,10.9,05:30,79,68,,11997.40,31.2,308
,01:10:28,156,11.0,05:28,79,68,,12000.60,31.3,308
,01:10:29,156,10.9,05:32,79,68,,12003.60,31.3,302
,01:10:30,156,10.6,05:39,79,68,,12006.10,31.3,294
,01:10:31,156,10.4,05:45,79,68,,12009.00,31.3,288
,01:10:32,156,10.3,05:50,79,68,,12011.90,31.3,282
,01:10:33,156,10.2,05:54,79,68,,12014.10,31.5,278
,01:10:34,155,10.1,05:58,79,68,,12016.20,31.3,274
,01:10:35,155,9.9,06:04,79,68,,12018.50,31.4,268
,01:10:36,155,9.7,06:12,79,68,,12021.20,31.4,262
,01:10:37,155,9.5,06:17,79,68,,12023.60,31.4,256
,01:10:38,155,9.4,06:22,79,68,,12026.20,31.4,252
,01:10:39,155,9.3,06:25,79,68,,12029.00,31.3,250
,01:10:40,155,9.3,06:26,79,68,,12031.70,31.3,250
,01:10:41,155,9.4,06:25,79,68,,12034.30,31.3,250
,01:10:42,155,9.4,06:23,79,68,,12036.90,31.3,250
,01:10:43,155,9.4,06:22,79,68,,12039.30,31.3,250
,01:10:44,155,9.4,06:21,79,68,,12041.70,31.3,250
,01:10:45,155,9.5,06:21,79,68,,12044.20,31.3,250
,01:10:46,155,9.5,06:20,79,68,,12046.70,31.3,248
,01:10:47,155,9.5,06:19,79,68,,12049.50,31.4,248
,01:10:48,155,9.5,06:19,79,68,,12052.30,31.3,248
,01:10:49,155,9.5,06:19,78,68,,12055.10,31.3,246
,01:10:50,155,9.5,06:18,79,68,,12058.20,31.3,246
,01:10:51,155,9.5,06:17,79,68,,12060.90,31.3,246
,01:10:52,155,9.5,06:17,79,68,,12063.40,31.4,246
,01:10:53,155,9.5,06:18,79,68,,12065.70,31.4,244
,01:10:54,155,9.4,06:22,79,68,,12068.20,31.4,240
,01:10:55,155,9.3,06:25,79,68,,12070.70,31.3,238
,01:10:56,155,9.4,06:25,79,68,,12072.80,31.4,240
,01:10:57,156,9.4,06:24,79,68,,12075.20,31.4,242
,01:10:58,156,9.4,06:23,79,68,,12077.60,31.3,244
,01:10:59,156,9.4,06:22,79,68,,12079.90,31.3,246
,01:11:00,156,9.5,06:20,79,68,,12082.90,31.3,250
,01:11:01,156,9.5,06:19,79,68,,12085.90,31.4,254
,01:11:02,156,9.6,06:17,79,68,,12089.20,31.3,258
,01:11:03,156,9.6,06:16,79,68,,12092.10,31.3,262
,01:11:04,156,9.6,06:14,80,68,,12095.20,31.3,264
,01:11:05,156,9.7,06:13,81,68,,12098.10,31.3,266
,01:11:06,156,9.7,06:12,81,68,,12101.20,31.4,268
,01:11:07,156,9.7,06:10,80,68,,12104.30,31.3,268
,01:11:08,156,9.7,06:09,80,68,,12107.10,31.3,270
,01:11:09,156,9.8,06:08,80,68,,12109.70,31.3,270
,01:11:10,157,9.8,06:07,80,68,,12112.40,31.3,270
,01:11:11,157,9.8,06:07,81,68,,12114.90,31.4,270
,01:11:12,157,9.8,06:06,81,68,,12117.40,31.4,268
,01:11:13,157,9.8,06:06,81,68,,12120.00,31.3,268
,01:11:14,157,9.8,06:06,81,68,,12122.70,31.5,266
,01:11:15,157,9.8,06:07,81,68,,12125.30,31.2,266
,01:11:16,157,9.8,06:08,81,68,,12127.80,31.3,264
,01:11:17,158,9.7,06:11,81,68,,12130.60,31.3,262
,01:11:18,157,9.7,06:12,81,68,,12133.30,31.3,262
,01:11:19,158,9.7,06:12,80,68,,12136.50,31.4,264
,01:11:20,158,9.7,06:11,80,68,,12139.40,31.3,266
,01:11:21,158,9.8,06:09,80,68,,12142.50,31.2,268
,01:11:22,158,9.8,06:07,80,68,,12145.20,31.3,270
,01:11:23,158,9.7,06:10,81,68,,12148.10,31.3,270
,01:11:24,159,9.7,06:12,80,68,,12150.50,31.4,272
,01:11:25,159,9.7,06:10,80,68,,12153.00,31.3,276
,01:11:26,159,9.8,06:08,81,68,,12155.00,31.4,278
,01:11:27,159,9.8,06:08,81,68,,12157.20,31.3,280
,01:11:28,159,9.7,06:10,81,68,,12159.50,31.3,280
,01:11:29,159,9.6,06:13,81,68,,12162.10,31.3,280
,01:11:30,160,9.5,06:17,81,68,,12164.60,31.3,278
,01:11:31,160,9.4,06:22,80,68,,12167.20,31.3,276
,01:11:32,160,9.3,06:26,80,68,,12169.30,31.3,272
,01:11:33,160,9.2,06:29,80,68,,12172.10,31.3,270
,01:11:34,160,9.2,06:32,80,68,,12174.70,31.3,268
,01:11:35,160,9.1,06:34,80,68,,12177.40,31.3,266
,01:11:36,160,9.1,06:36,80,68,,12180.20,31.2,264
,01:11:37,160,9.0,06:38,81,68,,12182.70,31.4,260
,01:11:38,160,9.0,06:39,80,68,,12185.40,31.3,258
,01:11:39,160,9.0,06:40,80,68,,12188.10,31.4,256
,01:11:40,160,9.1,06:37,80,68,,12191.00,31.4,254
,01:11:41,160,9.2,06:31,80,68,,12194.20,31.3,256
,01:11:42,161,9.4,06:25,80,68,,12197.60,31.3,258
,01:11:43,161,9.5,06:19,81,68,,12201.40,31.4,260
,01:11:44,161,9.6,06:14,81,68,,12205.40,31.4,260
,01:11:45,161,9.8,06:09,81,68,,12209.30,31.4,262
,01:11:46,162,9.9,06:04,81,68,,12213.10,31.5,262
,01:11:47,162,10.0,05:59,81,68,,12217.00,31.3,262
,01:11:48,162,10.1,05:56,81,68,,12220.90,31.4,262
,01:11:49,162,10.2,05:53,80,68,,12224.70,31.3,262
,01:11:50,162,10.3,05:51,80,68,,12228.30,31.5,262
,01:11:51,161,10.3,05:49,80,68,,12231.80,31.4,264
,01:11:52,161,10.4,05:47,81,68,,12234.90,31.4,264
,01:11:53,161,10.4,05:46,81,68,,12237.60,31.4,266
,01:11:54,161,10.5,05:44,81,68,,12240.70,31.5,268
,01:11:55,161,10.5,05:42,81,68,,12244.10,31.4,270
,01:11:56,161,10.6,05:40,81,68,,12247.50,31.5,272
,01:11:57,161,10.6,05:38,81,68,,12250.70,31.4,274
,01:11:58,161,10.7,05:36,81,68,,12254.20,31.5,278
,01:11:59,161,10.8,05:32,81,67,,12257.60,31.4,280
,01:12:00,161,10.9,05:30,81,67,,12261.20,31.4,284
,01:12:01,161,11.0,05:28,81,67,,12264.50,31.4,286
,01:12:02,161,11.0,05:26,81,67,,12268.00,31.4,288
,01:12:03,161,11.1,05:25,81,67,,12271.30,31.4,288
,01:12:04,161,11.1,05:23,81,67,,12274.40,31.5,290
,01:12:05,161,11.2,05:22,80,67,,12277.40,31.5,290
,01:12:06,162,11.2,05:21,80,67,,12280.60,31.4,292
,01:12:07,162,11.3,05:20,81,67,,12283.80,31.3,294
,01:12:08,162,11.3,05:20,81,67,,12287.30,31.4,294
,01:12:09,162,11.3,05:19,81,67,,12290.70,31.5,294
,01:12:10,162,11.3,05:19,81,67,,12294.10,31.5,296
,01:12:11,162,11.3,05:19,81,67,,12297.50,31.5,298
,01:12:12,162,11.3,05:19,81,67,,12300.80,31.5,300
,01:12:13,162,11.3,05:19,81,67,,12304.20,31.5,302
,01:12:14,162,11.3,05:19,80,67,,12307.40,31.3,304
,01:12:15,162,11.3,05:19,80,67,,12310.40,31.5,308
,01:12:16,162,11.3,05:19,80,67,,12313.70,31.5,310
,01:12:17,162,11.2,05:22,78,67,,12316.60,31.5,308
,01:12:18,162,10.7,05:36,78,67,,12319.10,31.5,296
,01:12:19,162,10.0,06:02,78,67,,12321.10,31.5,276
,01:12:20,162,9.2,06:30,75,67,,12322.80,31.5,254
,01:12:21,162,8.7,06:56,75,67,,12324.40,31.5,240
,01:12:22,162,8.4,07:09,75,67,,12326.00,31.5,232
,01:12:23,162,8.4,07:11,78,67,,12327.60,31.6,230
,01:12:24,163,8.3,07:12,79,67,,12329.10,31.5,230
,01:12:25,163,8.3,07:13,79,67,,12330.40,31.5,228
,01:12:26,163,8.3,07:11,79,67,,12332.40,31.5,228
,01:12:27,163,8.5,07:05,79,67,,12334.80,31.5,228
,01:12:28,163,8.6,06:59,79,67,,12337.80,31.5,230
,01:12:29,162,8.7,06:54,79,67,,12340.60,31.6,232
,01:12:30,163,8.8,06:48,79,67,,12343.50,31.6,234
,01:12:31,163,8.9,06:44,79,67,,12346.30,31.5,236
,01:12:32,163,9.0,06:41,79,67,,12348.60,31.5,238
,01:12:33,163,9.1,06:37,79,67,,12351.20,31.5,240
,01:12:34,163,9.3,06:29,79,67,,12354.10,31.5,244
,01:12:35,163,9.5,06:20,79,67,,12357.00,31.5,250
,01:12:36,163,9.7,06:10,79,67,,12359.50,31.6,258
,01:12:37,162,10.0,05:59,80,67,,12363.10,31.5,266
,01:12:38,162,10.3,05:50,81,67,,12366.50,31.6,274
,01:12:39,162,10.5,05:43,81,67,,12369.90,31.5,282
,01:12:40,162,10.7,05:37,81,67,,12373.30,31.6,288
,01:12:41,161,10.8,05:32,81,67,,12377.00,31.5,294
,01:12:42,161,10.9,05:30,81,67,,12379.90,31.5,298
,01:12:43,161,11.0,05:29,82,67,,12383.00,31.6,302
,01:12:44,161,11.0,05:27,82,67,,12386.00,31.6,304
,01:12:45,161,11.1,05:24,82,67,,12389.30,31.6,308
,01:12:46,161,11.2,05:23,82,67,,12391.70,31.6,310
,01:12:47,161,11.2,05:21,82,67,,12394.50,31.5,312
,01:12:48,161,11.2,05:20,82,67,,12397.40,31.6,314
,01:12:49,160,11.3,05:20,82,67,,12400.30,31.5,320
,01:12:50,160,11.3,05:20,81,67,,12403.40,31.6,324
,01:12:51,160,11.3,05:20,80,67,,12406.50,31.6,330
,01:12:52,160,11.2,05:21,81,67,,12409.60,31.5,332
,01:12:53,160,11.1,05:23,81,68,,12412.20,31.5,334
,01:12:54,159,11.1,05:26,81,68,,12414.70,31.5,334
,01:12:55,159,11.0,05:27,81,68,,12417.50,31.5,334
,01:12:56,159,11.0,05:28,81,68,,12420.60,31.6,334
,01:12:57,159,10.9,05:29,81,68,,12423.60,31.6,334
,01:12:58,158,10.9,05:30,81,68,,12426.40,31.6,332
,01:12:59,158,10.9,05:31,81,68,,12429.30,31.6,330
,01:13:00,158,10.8,05:32,81,68,,12432.30,31.6,328
,01:13:01,158,10.8,05:33,81,68,,12435.30,31.6,326
,01:13:02,158,10.8,05:34,81,68,,12438.00,31.6,324
,01:13:03,157,10.7,05:35,81,68,,12441.00,31.5,320
,01:13:04,157,10.7,05:36,81,68,,12444.00,31.5,318
,01:13:05,157,10.7,05:37,81,68,,12446.70,31.5,314
,01:13:06,156,10.7,05:37,80,68,,12449.80,31.5,312
,01:13:07,157,10.7,05:38,80,68,,12452.70,31.7,308
,01:13:08,157,10.6,05:39,82,68,,12455.30,31.5,304
,01:13:09,157,10.6,05:39,82,68,,12458.90,31.5,302
,01:13:10,158,10.6,05:40,82,68,,12461.80,31.6,298
,01:13:11,158,10.6,05:40,82,68,,12465.10,31.6,296
,01:13:12,158,10.6,05:41,82,68,,12467.70,31.5,296
,01:13:13,159,10.6,05:41,82,68,,12470.50,31.6,294
,01:13:14,159,10.5,05:41,82,68,,12473.60,31.5,292
,01:13:15,159,10.5,05:42,82,68,,12476.10,31.6,290
,01:13:16,159,10.5,05:43,82,68,,12478.80,31.6,288
,01:13:17,160,10.5,05:43,80,68,,12481.90,31.5,284
,01:13:18,161,10.5,05:44,81,68,,12484.40,31.6,282
,01:13:19,161,10.4,05:45,85,68,,12487.20,31.6,280
,01:13:20,161,10.4,05:45,87,68,,12490.10,31.5,278
,01:13:21,161,10.4,05:45,90,68,,12493.10,31.6,276
,01:13:22,161,10.6,05:39,89,68,,12496.80,31.6,278
,01:13:23,162,10.9,05:30,89,68,,12500.40,31.5,284
,01:13:24,162,11.4,05:16,86,68,,12503.80,31.6,296
,01:13:25,162,11.8,05:05,86,68,,12508.50,31.5,304
,01:13:26,162,12.0,04:59,85,68,,12512.30,31.5,308
,01:13:27,162,12.4,04:49,84,67,,12516.80,31.5,316
,01:13:28,162,12.7,04:45,84,67,,12520.90,31.6,316
,01:13:29,163,12.7,04:45,84,67,,12524.60,31.5,310
,01:13:30,163,12.6,04:46,83,67,,12528.70,31.5,302
,01:13:31,163,12.4,04:50,82,66,,12531.70,31.6,292
,01:13:32,163,12.3,04:54,82,66,,12535.10,31.5,284
,01:13:33,163,12.1,04:59,82,66,,12538.50,31.6,278
,01:13:34,163,11.8,05:05,82,66,,12540.50,31.6,272
,01:13:35,164,11.6,05:10,82,66,,12543.40,31.5,266
,01:13:36,164,11.4,05:14,82,66,,12545.70,31.6,262
,01:13:37,164,11.3,05:18,82,66,,12548.30,31.5,260
,01:13:38,164,11.2,05:22,82,66,,12551.40,31.5,260
,01:13:39,164,11.1,05:24,82,66,,12554.40,31.5,262
,01:13:40,164,11.0,05:26,82,66,,12557.20,31.6,262
,01:13:41,164,11.0,05:28,82,66,,12559.90,31.5,264
,01:13:42,164,10.9,05:30,82,66,,12563.00,31.5,266
,01:13:43,164,10.9,05:31,82,66,,12566.00,31.5,268
,01:13:44,163,10.8,05:32,82,66,,12569.30,31.5,270
,01:13:45,163,10.8,05:33,82,66,,12572.40,31.5,272
,01:13:46,163,10.8,05:33,82,66,,12575.40,31.4,274
,01:13:47,162,10.8,05:34,82,66,,12578.00,31.5,274
,01:13:48,162,10.8,05:34,82,66,,12581.10,31.4,276
,01:13:49,162,10.8,05:34,82,66,,12584.30,31.5,276
,01:13:50,162,10.9,05:31,82,66,,12586.90,31.5,280
,01:13:51,162,11.0,05:29,82,66,,12590.20,31.5,284
,01:13:52,162,10.9,05:29,82,66,,12593.70,31.5,284
,01:13:53,162,11.0,05:26,82,66,,12597.00,31.5,286
,01:13:54,162,11.2,05:22,81,66,,12600.40,31.5,290
,01:13:55,163,11.2,05:21,80,65,,12603.70,31.5,288
,01:13:56,163,11.1,05:23,80,65,,12606.90,31.5,286
,01:13:57,163,11.1,05:25,80,65,,12610.20,31.4,284
,01:13:58,164,10.9,05:29,81,65,,12613.00,31.4,278
,01:13:59,164,10.8,05:34,80,65,,12616.10,31.4,274
,01:14:00,164,10.6,05:39,80,65,,12619.00,31.3,270
,01:14:01,165,10.5,05:42,81,65,,12622.10,31.5,268
,01:14:02,165,10.4,05:45,80,65,,12624.60,31.3,266
,01:14:03,164,10.3,05:49,80,65,,12627.00,31.4,266
,01:14:04,164,10.2,05:54,80,65,,12629.40,31.4,262
,01:14:05,164,10.0,05:59,80,65,,12632.20,31.3,262
,01:14:06,163,9.9,06:03,80,65,,12634.50,31.3,260
,01:14:07,163,9.8,06:07,80,65,,12636.80,31.4,258
,01:14:08,163,9.7,06:12,80,65,,12639.10,31.3,258
,01:14:09,164,9.6,06:16,81,65,,12640.90,31.4,256
,01:14:10,164,9.5,06:20,80,65,,12643.10,31.4,254
,01:14:11,164,9.3,06:25,81,65,,12645.40,31.3,254
,01:14:12,163,9.2,06:30,80,65,,12648.00,31.2,252
,01:14:13,163,9.1,06:34,80,65,,12650.30,31.3,250
,01:14:14,163,9.0,06:38,80,65,,12652.50,31.3,250
,01:14:15,162,8.9,06:43,80,65,,12654.80,31.3,248
,01:14:16,162,8.8,06:48,80,65,,12657.40,31.3,246
,01:14:17,162,8.7,06:52,80,65,,12660.50,31.2,244
,01:14:18,162,8.7,06:54,80,65,,12663.80,31.2,242
,01:14:19,162,8.7,06:55,80,65,,12666.90,31.2,242
,01:14:20,163,8.6,06:57,80,65,,12669.70,31.3,238
,01:14:21,163,8.5,07:02,80,65,,12672.50,31.3,236
,01:14:22,162,8.4,07:07,80,65,,12675.10,31.1,232
,01:14:23,162,8.3,07:11,80,65,,12677.70,31.1,228
,01:14:24,162,8.3,07:15,80,65,,12680.30,31.2,226
,01:14:25,162,8.2,07:19,80,65,,12682.60,31.2,224
,01:14:26,161,8.1,07:23,80,65,,12684.50,31.2,224
,01:14:27,161,8.0,07:27,80,65,,12686.20,31.1,224
,01:14:28,160,8.0,07:32,79,65,,12688.10,31.2,222
,01:14:29,160,7.9,07:36,79,65,,12690.60,31.2,222
,01:14:30,159,7.8,07:39,78,65,,12693.30,31.2,222
,01:14:31,159,7.8,07:42,79,65,,12695.80,31.2,220
,01:14:32,159,7.8,07:44,79,65,,12698.80,31.1,220
,01:14:33,160,7.7,07:46,79,65,,12701.60,31.1,220
,01:14:34,160,7.7,07:47,79,65,,12704.40,31.1,220
,01:14:35,160,7.7,07:49,79,65,,12707.30,31.1,220
,01:14:36,160,7.7,07:50,79,65,,12710.00,31.2,220
,01:14:37,160,7.7,07:48,79,65,,12712.80,31.0,220
,01:14:38,160,7.8,07:43,79,65,,12715.30,31.1,222
,01:14:39,160,7.9,07:37,79,65,,12717.80,31.1,224
,01:14:40,160,8.0,07:33,79,65,,12720.60,31.1,226
,01:14:41,159,8.0,07:29,79,65,,12723.10,31.0,226
,01:14:42,159,8.1,07:26,79,65,,12725.60,31.0,228
,01:14:43,159,8.1,07:23,79,65,,12728.30,31.0,228
,01:14:44,159,8.2,07:21,79,65,,12730.90,31.1,228
,01:14:45,158,8.2,07:19,79,65,,12733.40,31.1,228
,01:14:46,158,8.3,07:16,79,65,,12735.90,31.1,228
,01:14:47,158,8.3,07:11,79,65,,12738.70,31.0,230
,01:14:48,158,8.4,07:06,79,65,,12741.70,31.0,232
,01:14:49,158,8.5,07:02,79,65,,12743.80,31.0,232
,01:14:50,158,8.6,07:00,79,65,,12746.50,31.0,234
,01:14:51,158,8.6,07:00,79,65,,12750.30,31.0,232
,01:14:52,158,8.5,07:03,79,65,,12753.60,30.9,230
,01:14:53,157,8.5,07:06,79,65,,12756.60,31.0,228
,01:14:54,157,8.4,07:07,79,65,,12759.20,30.9,228
,01:14:55,157,8.4,07:08,79,65,,12762.20,30.9,228
,01:14:56,157,8.4,07:09,79,65,,12764.50,31.0,228
,01:14:57,157,8.4,07:09,79,65,,12767.20,31.0,226
,01:14:58,157,8.4,07:10,79,65,,12770.60,30.9,226
,01:14:59,157,8.4,07:08,79,65,,12773.10,30.9,228
,01:15:00,157,8.5,07:03,79,65,,12774.70,30.9,232
,01:15:01,157,8.6,07:00,79,65,,12776.70,30.9,236
,01:15:02,156,8.6,06:57,79,65,,12779.10,30.9,240
,01:15:03,156,8.7,06:55,79,65,,12781.70,30.9,244
,01:15:04,156,8.7,06:53,79,65,,12784.00,30.9,248
,01:15:05,155,8.7,06:51,79,66,,12786.50,30.9,250
,01:15:06,155,8.7,06:51,79,66,,12788.70,31.0,252
,01:15:07,155,8.7,06:54,79,66,,12790.70,30.8,250
,01:15:08,154,8.7,06:55,79,66,,12793.10,31.0,250
,01:15:09,154,8.6,06:57,79,66,,12795.50,30.8,248
,01:15:10,154,8.6,07:00,79,66,,12798.00,30.8,246
,01:15:11,154,8.5,07:02,79,66,,12800.30,30.9,244
,01:15:12,154,8.5,07:04,79,66,,12802.30,30.8,242
,01:15:13,154,8.5,07:05,79,66,,12804.50,30.9,240
,01:15:14,155,8.4,07:09,79,66,,12807.10,30.9,236
,01:15:15,155,8.3,07:15,79,66,,12809.20,30.8,234
,01:15:16,155,8.2,07:17,79,66,,12811.80,30.8,232
,01:15:17,154,8.3,07:16,79,66,,12814.30,30.8,232
,01:15:18,154,8.2,07:17,79,66,,12817.20,30.8,232
,01:15:19,155,8.2,07:21,79,66,,12819.90,30.8,230
,01:15:20,155,8.1,07:25,79,66,,12822.40,30.8,228
,01:15:21,155,8.0,07:28,79,66,,12825.10,30.8,226
,01:15:22,155,8.0,07:30,79,66,,12827.80,30.6,226
,01:15:23,155,8.0,07:33,79,66,,12830.20,30.7,224
,01:15:24,155,7.9,07:33,79,66,,12833.00,30.6,224
,01:15:25,156,7.9,07:33,79,66,,12835.20,30.8,224
,01:15:26,156,7.9,07:33,79,66,,12837.50,30.8,222
,01:15:27,156,7.9,07:36,79,66,,12839.60,30.6,222
,01:15:28,156,7.9,07:37,79,66,,12842.20,30.7,222
,01:15:29,156,7.9,07:38,79,66,,12844.90,30.6,222
,01:15:30,156,7.9,07:38,79,66,,12848.00,30.6,222
,01:15:31,156,7.9,07:36,79,66,,12850.80,30.6,224
,01:15:32,156,8.0,07:31,79,66,,12853.30,30.6,226
,01:15:33,156,8.1,07:25,80,66,,12856.10,30.7,230
,01:15:34,156,8.2,07:19,80,66,,12858.70,30.5,234
,01:15:35,157,8.3,07:14,81,66,,12861.80,30.6,236
,01:15:36,157,8.4,07:10,81,66,,12864.60,30.6,238
,01:15:37,156,8.4,07:07,80,66,,12867.30,30.5,240
,01:15:38,156,8.5,07:05,80,66,,12870.10,30.6,242
,01:15:39,157,8.5,07:03,80,66,,12873.10,30.5,242
,01:15:40,157,8.6,07:01,80,66,,12875.80,30.5,242
,01:15:41,157,8.6,07:00,80,66,,12878.50,30.5,242
,01:15:42,157,8.6,06:59,80,66,,12881.20,30.5,242
,01:15:43,157,8.6,06:58,80,66,,12884.10,30.5,242
,01:15:44,158,8.6,06:58,80,66,,12886.50,30.5,240
,01:15:45,158,8.6,06:59,80,66,,12889.10,30.4,240
,01:15:46,158,8.6,06:59,80,66,,12891.60,30.5,238
,01:15:47,158,8.6,07:00,80,66,,12894.00,30.4,238
,01:15:48,158,8.5,07:02,79,66,,12896.40,30.4,236
,01:15:49,158,8.5,07:05,79,66,,12898.90,30.5,234
,01:15:50,158,8.4,07:08,79,66,,12901.20,30.5,232
,01:15:51,158,8.4,07:11,79,66,,12903.50,30.4,228
,01:15:52,158,8.3,07:13,79,66,,12906.10,30.4,226
,01:15:53,158,8.3,07:15,79,66,,12908.60,30.6,224
,01:15:54,157,8.2,07:18,79,66,,12911.00,30.4,220
,01:15:55,157,8.2,07:21,79,66,,12913.60,30.4,218
,01:15:56,157,8.1,07:23,79,66,,12916.20,30.5,216
,01:15:57,157,8.1,07:24,79,66,,12918.70,30.5,214
,01:15:58,157,8.1,07:26,79,66,,12921.20,30.5,212
,01:15:59,158,8.1,07:26,79,66,,12924.00,30.4,212
,01:16:00,158,8.1,07:25,79,66,,12926.70,30.5,212
,01:16:01,157,8.1,07:25,79,66,,12929.40,30.5,212
,01:16:02,157,8.1,07:25,79,66,,12932.20,30.4,210
,01:16:03,157,8.1,07:22,79,66,,12935.40,30.4,212
,01:16:04,157,8.2,07:17,78,66,,12938.50,30.4,212
,01:16:05,157,8.5,07:06,78,66,,12941.80,30.4,218
,01:16:06,157,8.8,06:51,78,66,,12945.20,30.4,224
,01:16:07,157,9.0,06:41,79,66,,12947.90,30.4,230
,01:16:08,157,9.1,06:37,78,66,,12950.70,30.3,232
,01:16:09,157,9.1,06:36,78,66,,12953.50,30.4,232
,01:16:10,157,8.9,06:45,78,66,,12956.30,30.5,226
,01:16:11,157,8.6,07:00,78,66,,12958.80,30.4,218
,01:16:12,156,8.4,07:09,78,66,,12961.00,30.4,212
,01:16:13,156,8.2,07:21,78,66,,12963.20,30.4,208
,01:16:14,155,7.9,07:36,78,66,,12965.20,30.4,200
,01:16:15,155,7.6,07:51,78,66,,12967.00,30.4,196
,01:16:16,154,7.4,08:04,78,66,,12969.10,30.4,192
,01:16:17,154,7.3,08:15,78,66,,12970.90,30.4,190
,01:16:18,154,7.2,08:22,78,66,,12973.10,30.4,188
,01:16:19,153,7.1,08:24,79,66,,12975.20,30.4,190
,01:16:20,153,7.2,08:19,78,66,,12977.30,30.5,192
,01:16:21,153,7.3,08:15,79,66,,12979.50,30.4,196
,01:16:22,153,7.3,08:11,79,66,,12981.70,30.4,200
,01:16:23,152,7.4,08:08,79,66,,12984.10,30.3,202
,01:16:24,153,7.4,08:05,79,66,,12986.70,30.3,204
,01:16:25,152,7.5,08:02,79,66,,12989.50,30.4,208
,01:16:26,152,7.5,07:58,79,66,,12992.30,30.4,210
,01:16:27,152,7.6,07:55,79,66,,12994.40,30.4,212
,01:16:28,153,7.6,07:54,78,66,,12997.60,30.4,212
,01:16:29,153,7.7,07:45,79,66,,13000.60,30.4,218
,01:16:30,153,8.0,07:28,79,66,,13003.60,30.4,226
,01:16:31,153,8.1,07:24,79,66,,13006.50,30.4,228
,01:16:32,153,8.0,07:29,79,66,,13009.00,30.4,224
,01:16:33,153,7.9,07:33,79,66,,13011.30,30.3,222
,01:16:34,153,7.9,07:37,79,66,,13014.00,30.4,222
,01:16:35,153,7.8,07:40,79,66,,13016.80,30.3,220
,01:16:36,154,7.8,07:43,79,66,,13020.20,30.4,220
,01:16:37,153,7.8,07:44,79,66,,13021.90,30.3,220
,01:16:38,153,7.8,07:44,79,66,,13024.20,30.3,220
,01:16:39,152,7.8,07:42,79,66,,13026.70,30.3,222
,01:16:40,152,7.8,07:39,79,66,,13029.40,30.3,224
,01:16:41,152,7.9,07:34,79,66,,13032.00,30.3,228
,01:16:42,152,8.0,07:28,79,66,,13034.80,30.3,232
,01:16:43,152,8.1,07:23,79,66,,13037.70,30.2,234
,01:16:44,152,8.2,07:19,79,66,,13039.60,30.2,234
,01:16:45,153,8.3,07:16,79,66,,13041.20,30.3,236
,01:16:46,153,8.3,07:14,79,66,,13043.80,30.2,236
,01:16:47,153,8.3,07:12,79,66,,13046.20,30.3,234
,01:16:48,153,8.4,07:10,79,66,,13048.70,30.2,234
,01:16:49,154,8.4,07:09,79,66,,13051.00,30.3,232
,01:16:50,154,8.4,07:07,79,66,,13054.30,30.2,232
,01:16:51,153,8.5,07:03,79,66,,13057.10,30.2,230
,01:16:52,153,8.6,06:59,80,66,,13060.20,30.2,232
,01:16:53,153,8.7,06:55,81,66,,13063.70,30.2,232
,01:16:54,152,8.8,06:50,80,66,,13067.60,30.2,234
,01:16:55,152,8.9,06:44,80,66,,13070.40,30.3,236
,01:16:56,152,9.0,06:40,80,66,,13073.40,30.1,236
,01:16:57,152,9.1,06:36,79,66,,13076.90,30.2,238
,01:16:58,152,9.2,06:33,79,66,,13080.10,30.2,238
,01:16:59,152,9.2,06:31,79,66,,13082.30,30.3,240
,01:17:00,153,9.2,06:31,79,66,,13084.70,30.1,238
,01:17:01,152,9.2,06:32,79,66,,13086.80,30.2,236
,01:17:02,152,9.1,06:35,79,66,,13089.50,30.2,234
,01:17:03,152,9.1,06:37,79,66,,13091.60,30.2,234
,01:17:04,152,9.0,06:38,79,66,,13094.10,30.2,232
,01:17:05,152,9.0,06:42,79,65,,13096.60,30.2,230
,01:17:06,152,8.9,06:47,79,65,,13098.40,30.1,226
,01:17:07,151,8.7,06:52,79,65,,13100.40,30.1,224
,01:17:08,151,8.6,06:58,78,65,,13102.70,30.2,220
,01:17:09,151,8.5,07:05,79,65,,13105.00,30.3,216
,01:17:10,151,8.4,07:11,78,65,,13107.30,30.1,212
,01:17:11,151,8.2,07:17,78,65,,13109.30,30.2,210
,01:17:12,152,8.1,07:24,79,65,,13111.30,30.1,206
,01:17:13,152,8.0,07:29,78,65,,13113.70,30.1,204
,01:17:14,152,7.9,07:33,78,65,,13116.00,30.1,202
,01:17:15,152,7.8,07:39,78,65,,13118.40,30.2,200
,01:17:16,152,7.7,07:46,78,65,,13120.90,30.1,198
,01:17:17,152,7.7,07:50,78,65,,13123.30,30.1,196
,01:17:18,152,7.6,07:53,78,65,,13125.80,30.1,196
,01:17:19,152,7.6,07:56,78,65,,13128.60,30.1,196
,01:17:20,152,7.5,07:59,81,65,,13131.20,30.1,194
,01:17:21,152,7.6,07:56,80,65,,13133.90,30.1,196
,01:17:22,152,7.7,07:49,80,65,,13136.00,30.2,200
,01:17:23,152,7.8,07:44,80,65,,13138.40,30.1,202
,01:17:24,151,7.8,07:40,80,65,,13141.40,30.2,204
,01:17:25,151,7.9,07:35,80,65,,13144.10,30.1,208
,01:17:26,151,8.0,07:28,80,65,,13147.30,30.1,210
,01:17:27,152,8.2,07:22,80,65,,13150.40,30.1,214
,01:17:28,152,8.3,07:14,80,65,,13153.10,30.0,218
,01:17:29,152,8.4,07:09,80,65,,13155.80,30.1,222
,01:17:30,152,8.5,07:04,80,65,,13158.50,30.1,224
,01:17:31,152,8.6,07:01,80,65,,13161.10,30.0,228
,01:17:32,153,8.6,06:58,79,65,,13163.60,30.1,230
,01:17:33,153,8.7,06:56,79,65,,13165.80,30.0,230
,01:17:34,153,8.7,06:56,79,65,,13168.70,30.1,230
,01:17:35,153,8.6,06:58,79,65,,13170.80,30.1,230
,01:17:36,153,8.6,06:58,79,65,,13173.20,30.1,230
,01:17:37,153,8.6,06:59,79,65,,13175.70,30.1,228
,01:17:38,153,8.6,07:00,79,65,,13178.50,30.1,228
,01:17:39,153,8.6,07:00,79,65,,13181.30,30.1,228
,01:17:40,153,8.6,07:00,79,65,,13184.40,30.1,228
,01:17:41,153,8.6,07:01,79,65,,13187.30,30.1,228
,01:17:42,153,8.6,07:01,79,65,,13190.10,30.1,228
,01:17:43,153,8.6,06:59,79,65,,13192.80,30.1,228
,01:17:44,153,8.6,06:57,79,65,,13195.40,30.1,228
,01:17:45,153,8.7,06:53,79,64,,13198.30,30.0,230
,01:17:46,153,8.8,06:50,79,64,,13201.40,30.0,230
,01:17:47,154,8.8,06:47,79,64,,13204.50,30.0,230
,01:17:48,154,8.9,06:46,79,64,,13207.50,30.1,230
,01:17:49,154,8.9,06:44,79,64,,13210.10,30.0,230
,01:17:50,154,8.9,06:43,79,64,,13212.80,30.1,230
,01:17:51,154,9.0,06:42,79,64,,13215.80,30.0,230
,01:17:52,154,9.0,06:41,79,64,,13218.90,30.1,230
,01:17:53,154,9.0,06:39,79,64,,13222.00,30.0,230
,01:17:54,154,9.1,06:37,79,64,,13225.20,30.0,230
,01:17:55,154,9.1,06:34,79,64,,13227.80,29.9,232
,01:17:56,154,9.2,06:31,79,64,,13230.90,29.9,232
,01:17:57,154,9.3,06:27,79,64,,13234.00,29.9,234
,01:17:58,155,9.4,06:23,79,64,,13237.40,30.1,236
,01:17:59,155,9.5,06:20,79,64,,13240.50,30.0,240
,01:18:00,155,9.5,06:17,79,64,,13243.40,30.1,240
,01:18:01,155,9.6,06:15,79,64,,13246.10,30.0,242
,01:18:02,156,9.6,06:14,79,64,,13249.20,29.9,244
,01:18:03,156,9.6,06:14,79,64,,13251.70,29.9,246
,01:18:04,156,9.6,06:16,79,64,,13254.30,29.9,244
,01:18:05,156,9.5,06:18,78,64,,13256.60,30.0,244
,01:18:06,156,9.5,06:20,78,64,,13258.50,30.0,244
,01:18:07,157,9.4,06:21,78,64,,13260.60,30.1,244
,01:18:08,157,9.4,06:23,78,64,,13263.10,29.9,244
,01:18:09,157,9.4,06:24,79,64,,13265.40,30.0,244
,01:18:10,157,9.4,06:25,78,64,,13267.60,29.9,244
,01:18:11,158,9.3,06:25,79,64,,13270.50,29.9,244
,01:18:12,158,9.3,06:26,78,64,,13273.40,30.0,244
,01:18:13,158,9.3,06:26,78,64,,13276.30,29.9,244
,01:18:14,158,9.4,06:25,78,64,,13279.00,29.9,244
,01:18:15,158,9.4,06:24,78,64,,13282.20,30.0,244
,01:18:16,158,9.4,06:22,78,64,,13285.20,29.9,244
,01:18:17,158,9.5,06:20,78,64,,13287.70,30.0,246
,01:18:18,157,9.5,06:19,78,64,,13290.70,29.9,246
,01:18:19,157,9.5,06:18,79,64,,13293.60,29.9,246
,01:18:20,157,9.5,06:17,79,64,,13295.60,29.9,246
,01:18:21,157,9.5,06:17,79,64,,13297.90,29.9,246
,01:18:22,157,9.5,06:18,79,64,,13300.20,29.9,246
,01:18:23,157,9.5,06:20,79,64,,13302.40,30.0,246
,01:18:24,157,9.4,06:23,79,64,,13304.50,29.9,246
,01:18:25,156,9.3,06:25,79,64,,13307.10,30.0,246
,01:18:26,156,9.3,06:28,79,64,,13309.50,30.0,244
,01:18:27,156,9.2,06:31,79,64,,13311.40,30.0,244
,01:18:28,156,9.1,06:34,79,64,,13314.10,30.0,246
,01:18:29,156,9.1,06:36,79,64,,13316.80,30.0,248
,01:18:30,156,9.1,06:36,78,64,,13319.30,30.0,250
,01:18:31,156,9.1,06:35,79,64,,13321.80,30.0,252
,01:18:32,156,9.1,06:35,78,64,,13324.10,30.0,256
,01:18:33,156,9.2,06:31,78,64,,13326.80,29.9,260
,01:18:34,156,9.2,06:31,79,64,,13328.90,30.0,260
,01:18:35,157,9.0,06:38,78,64,,13331.20,30.0,256
,01:18:36,157,8.9,06:43,78,64,,13333.50,29.9,254
,01:18:37,157,8.7,06:51,78,64,,13335.50,30.0,248
,01:18:38,157,8.4,07:07,78,64,,13337.30,30.0,240
,01:18:39,157,8.2,07:20,78,64,,13339.40,29.9,232
,01:18:40,157,8.0,07:31,78,64,,13341.70,30.0,228
,01:18:41,157,7.8,07:41,78,64,,13344.10,29.9,224
,01:18:42,157,7.7,07:50,78,64,,13346.30,30.0,220
,01:18:43,156,7.6,07:56,78,64,,13348.80,30.1,218
,01:18:44,156,7.6,07:52,78,64,,13351.70,30.0,220
,01:18:45,156,7.8,07:40,78,64,,13355.00,30.0,226
,01:18:46,156,7.9,07:35,79,64,,13357.80,30.0,230
,01:18:47,156,7.9,07:35,79,64,,13360.50,30.1,230
,01:18:48,156,7.9,07:34,79,64,,13363.00,30.1,228
,01:18:49,156,8.0,07:32,79,64,,13365.70,30.0,230
,01:18:50,156,8.1,07:27,79,64,,13368.00,30.1,230
,01:18:51,156,8.1,07:22,79,64,,13370.50,29.9,232
,01:18:52,156,8.2,07:19,79,64,,13372.80,29.8,232
,01:18:53,155,8.3,07:16,79,64,,13374.70,30.1,232
,01:18:54,155,8.3,07:13,79,64,,13376.80,30.0,232
,01:18:55,155,8.3,07:11,79,64,,13379.40,30.1,232
,01:18:56,155,8.4,07:09,79,64,,13382.00,30.0,232
,01:18:57,154,8.5,07:06,79,64,,13384.40,30.0,230
,01:18:58,153,8.5,07:03,79,64,,13386.80,30.0,230
,01:18:59,153,8.6,06:59,79,64,,13389.50,29.9,232
,01:19:00,153,8.6,06:57,79,64,,13392.10,30.1,230
,01:19:01,152,8.7,06:55,79,64,,13394.70,30.0,230
,01:19:02,152,8.7,06:54,79,64,,13397.30,30.0,230
,01:19:03,152,8.7,06:53,79,64,,13399.80,30.0,230
,01:19:04,152,8.8,06:51,80,64,,13402.40,30.1,228
,01:19:05,152,8.8,06:50,80,64,,13404.90,30.0,228
,01:19:06,153,8.8,06:49,80,64,,13407.30,30.0,228
,01:19:07,153,8.8,06:48,80,64,,13410.10,30.0,230
,01:19:08,153,8.8,06:48,80,64,,13412.80,30.0,230
,01:19:09,153,8.8,06:47,80,64,,13415.20,30.0,230
,01:19:10,153,8.8,06:47,80,64,,13417.30,30.0,230
,01:19:11,153,8.9,06:46,80,64,,13420.10,30.0,230
,01:19:12,154,8.9,06:46,80,64,,13422.60,30.1,228
,01:19:13,154,8.9,06:46,80,64,,13424.90,30.0,228
,01:19:14,154,8.8,06:48,80,64,,13427.30,30.1,226
,01:19:15,155,8.8,06:49,80,64,,13429.70,30.0,226
,01:19:16,155,8.8,06:50,80,64,,13431.50,30.0,226
,01:19:17,155,8.8,06:51,80,64,,13434.00,29.9,224
,01:19:18,155,8.8,06:51,81,64,,13436.50,30.0,224
,01:19:19,156,8.7,06:52,80,63,,13439.30,30.0,224
,01:19:20,156,8.7,06:52,80,63,,13441.60,30.0,224
,01:19:21,156,8.8,06:51,80,63,,13444.50,30.0,224
,01:19:22,156,8.8,06:48,80,63,,13447.30,30.1,226
,01:19:23,156,8.9,06:46,81,63,,13450.00,30.1,226
,01:19:24,156,8.9,06:45,81,63,,13452.80,30.1,228
,01:19:25,155,8.9,06:45,81,63,,13456.00,30.1,228
,01:19:26,155,8.9,06:44,81,63,,13458.60,30.0,230
,01:19:27,155,8.9,06:42,80,63,,13461.10,30.0,230
,01:19:28,155,9.0,06:41,80,63,,13463.70,30.0,232
,01:19:29,155,9.0,06:40,80,63,,13466.20,30.0,232
,01:19:30,155,9.0,06:39,80,63,,13468.70,30.0,234
,01:19:31,155,9.0,06:39,80,63,,13471.40,30.0,236
,01:19:32,155,9.0,06:39,80,63,,13474.10,30.1,236
,01:19:33,155,9.1,06:37,80,63,,13476.70,30.1,238
,01:19:34,155,9.1,06:36,80,63,,13479.50,30.1,238
,01:19:35,155,9.1,06:35,80,63,,13482.00,30.1,240
,01:19:36,155,9.1,06:33,81,63,,13484.50,30.1,242
,01:19:37,155,9.2,06:33,81,63,,13487.50,30.1,244
,01:19:38,156,9.2,06:32,81,63,,13490.20,30.1,244
,01:19:39,155,9.3,06:27,81,63,,13492.60,30.0,250
,01:19:40,155,9.4,06:23,81,63,,13495.60,30.2,254
,01:19:41,155,9.4,06:24,81,63,,13498.30,30.0,254
,01:19:42,155,9.4,06:24,81,63,,13501.20,30.0,254
,01:19:43,155,9.4,06:25,81,63,,13503.30,29.9,254
,01:19:44,155,9.3,06:25,81,63,,13505.50,30.1,254
,01:19:45,154,9.3,06:25,81,63,,13508.50,30.0,254
,01:19:46,155,9.3,06:27,81,63,,13510.60,30.1,254
,01:19:47,154,9.3,06:28,80,63,,13512.90,30.1,252
,01:19:48,154,9.3,06:28,80,63,,13515.50,30.1,252
,01:19:49,154,9.3,06:28,80,63,,13517.20,30.1,252
,01:19:50,155,9.2,06:31,81,63,,13519.60,30.1,250
,01:19:51,155,9.1,06:38,81,63,,13521.80,30.1,246
,01:19:52,155,8.9,06:44,81,63,,13524.00,30.1,242
,01:19:53,155,8.8,06:48,81,63,,13526.20,30.1,240
,01:19:54,155,8.7,06:53,81,63,,13528.20,30.1,236
,01:19:55,155,8.6,06:57,81,63,,13530.30,30.1,234
,01:19:56,154,8.5,07:01,81,63,,13532.60,30.2,232
,01:19:57,154,8.5,07:05,81,63,,13534.80,30.1,230
,01:19:58,154,8.4,07:08,81,63,,13537.50,30.1,228
,01:19:59,154,8.4,07:10,81,63,,13539.90,30.1,226
,01:20:00,154,8.3,07:12,81,63,,13542.90,30.1,224
,01:20:01,154,8.3,07:13,81,63,,13546.10,30.1,222
,01:20:02,154,8.3,07:12,81,63,,13549.30,30.1,222
,01:20:03,154,8.4,07:09,81,63,,13552.10,30.1,222
,01:20:04,154,8.5,07:06,81,63,,13555.10,30.1,224
,01:20:05,153,8.5,07:03,81,63,,13557.80,30.2,226
,01:20:06,153,8.6,07:01,81,63,,13560.20,30.1,228
,01:20:07,153,8.6,07:00,81,63,,13562.80,30.0,228
,01:20:08,153,8.6,06:59,81,63,,13565.00,30.2,230
,01:20:09,154,8.6,06:59,81,63,,13567.20,30.1,230
,01:20:10,154,8.6,07:00,81,63,,13569.20,30.1,230
,01:20:11,154,8.6,07:00,81,63,,13571.30,30.2,230
,01:20:12,154,8.7,06:55,81,63,,13574.00,30.1,234
,01:20:13,153,8.7,06:54,81,63,,13576.60,30.2,234
,01:20:14,154,8.6,06:58,81,63,,13578.80,30.1,232
,01:20:15,153,8.6,06:58,81,63,,13581.80,30.1,232
,01:20:16,154,8.6,06:59,81,63,,13584.30,30.1,232
,01:20:17,154,8.5,07:03,81,63,,13587.30,30.1,232
,01:20:18,154,8.4,07:06,81,63,,13590.00,30.2,230
,01:20:19,154,8.4,07:08,80,63,,13592.80,30.1,230
,01:20:20,154,8.4,07:09,80,63,,13595.60,30.1,230
,01:20:21,154,8.4,07:09,81,63,,13597.90,30.1,230
,01:20:22,154,8.4,07:09,81,63,,13600.50,30.1,230
,01:20:23,154,8.3,07:11,81,63,,13603.40,30.2,228
,01:20:24,154,8.3,07:12,80,63,,13606.10,30.1,226
,01:20:25,154,8.3,07:12,81,63,,13609.00,30.2,226
,01:20:26,154,8.4,07:09,81,63,,13611.90,30.1,226
,01:20:27,154,8.5,07:01,79,63,,13614.70,30.2,230
,01:20:28,154,8.6,06:57,79,63,,13617.30,30.1,232
,01:20:29,155,8.7,06:56,79,63,,13619.90,30.1,232
,01:20:30,155,8.7,06:52,79,63,,13622.80,30.1,234
,01:20:31,155,8.8,06:47,79,63,,13625.60,30.1,236
,01:20:32,154,8.8,06:49,79,63,,13627.90,30.1,234
,01:20:33,154,8.6,06:57,79,63,,13630.00,30.1,230
,01:20:34,154,8.5,07:03,80,63,,13631.90,30.2,226
,01:20:35,154,8.5,07:01,81,63,,13634.00,30.2,228
,01:20:36,154,8.7,06:56,80,63,,13636.40,30.2,230
,01:20:37,153,8.8,06:51,81,63,,13639.50,30.3,234
,01:20:38,153,8.9,06:43,81,63,,13642.00,30.2,240
,01:20:39,153,9.1,06:37,80,63,,13645.00,30.2,246
,01:20:40,153,9.1,06:35,80,63,,13647.60,30.1,252
,01:20:41,153,9.1,06:36,80,63,,13650.70,30.2,254
,01:20:42,153,9.0,06:39,80,63,,13653.70,30.1,254
,01:20:43,152,9.0,06:41,80,63,,13656.90,30.1,254
,01:20:44,152,9.0,06:39,80,63,,13660.00,30.1,258
,01:20:45,152,9.2,06:31,81,63,,13663.00,30.2,264
,01:20:46,152,9.5,06:20,81,63,,13665.70,30.2,272
,01:20:47,151,9.7,06:11,81,63,,13668.90,30.1,280
,01:20:48,151,9.8,06:06,81,63,,13671.70,30.1,282
,01:20:49,151,9.8,06:06,81,63,,13674.90,30.1,280
,01:20:50,151,9.8,06:08,81,63,,13677.90,30.1,278
,01:20:51,151,9.7,06:10,80,63,,13680.80,30.2,274
,01:20:52,151,9.7,06:12,80,63,,13683.80,30.0,270
,01:20:53,151,9.6,06:14,80,63,,13686.30,30.1,266
,01:20:54,150,9.6,06:15,80,63,,13688.80,30.2,262
,01:20:55,151,9.6,06:16,80,63,,13691.40,30.1,258
,01:20:56,151,9.6,06:17,81,63,,13693.80,30.2,254
,01:20:57,151,9.5,06:17,81,62,,13696.00,30.3,250
,01:20:58,151,9.5,06:18,81,62,,13698.30,30.2,246
,01:20:59,151,9.5,06:19,80,62,,13700.50,30.2,242
,01:21:00,151,9.5,06:21,80,62,,13702.80,30.2,240
,01:21:01,150,9.4,06:24,80,62,,13705.20,30.1,236
,01:21:02,151,9.3,06:26,81,62,,13707.30,30.3,232
,01:21:03,151,9.3,06:26,81,62,,13709.70,30.2,232
,01:21:04,151,9.3,06:26,80,62,,13712.10,30.1,232
,01:21:05,151,9.3,06:26,81,62,,13714.50,30.2,232
,01:21:06,151,9.3,06:26,80,62,,13717.20,30.1,232
,01:21:07,151,9.3,06:26,81,62,,13719.80,30.2,232
,01:21:08,151,9.3,06:26,81,62,,13722.20,30.2,232
,01:21:09,151,9.3,06:27,81,61,,13725.00,30.3,230
,01:21:10,151,9.3,06:28,81,61,,13727.30,30.2,230
,01:21:11,152,9.3,06:27,81,61,,13730.00,30.2,230
,01:21:12,152,9.2,06:30,81,61,,13732.10,30.2,230
,01:21:13,152,9.1,06:36,81,61,,13734.40,30.2,226
,01:21:14,152,8.9,06:44,81,61,,13736.50,30.1,220
,01:21:15,152,8.8,06:51,81,61,,13738.30,30.2,218
,01:21:16,152,8.8,06:49,81,61,,13740.90,30.1,220
,01:21:17,152,8.9,06:44,81,61,,13743.80,30.2,222
,01:21:18,152,9.0,06:41,81,61,,13746.10,30.2,224
,01:21:19,153,9.0,06:38,81,61,,13749.00,30.2,228
,01:21:20,153,9.1,06:36,81,61,,13751.80,30.2,230
,01:21:21,153,9.1,06:36,81,61,,13754.60,30.2,230
,01:21:22,153,9.1,06:36,81,61,,13757.40,30.2,230
,01:21:23,153,9.1,06:34,80,61,,13760.80,30.3,232
,01:21:24,153,9.2,06:33,81,61,,13763.90,30.2,232
,01:21:25,153,9.2,06:31,81,61,,13766.40,30.3,232
,01:21:26,154,9.2,06:30,81,61,,13769.10,30.3,232
,01:21:27,154,9.3,06:29,81,61,,13771.70,30.1,232
,01:21:28,153,9.3,06:28,81,61,,13774.70,30.3,232
,01:21:29,153,9.3,06:28,81,61,,13777.20,30.2,232
,01:21:30,154,9.3,06:27,81,61,,13780.00,30.3,232
,01:21:31,154,9.3,06:26,81,61,,13782.60,30.2,232
,01:21:32,154,9.3,06:26,81,61,,13784.70,30.1,234
,01:21:33,154,9.3,06:26,81,61,,13787.30,30.2,234
,01:21:34,155,9.3,06:25,81,61,,13789.70,30.2,234
,01:21:35,155,9.4,06:25,80,61,,13792.30,30.2,234
,01:21:36,155,9.4,06:24,80,61,,13795.10,30.2,236
,01:21:37,154,9.4,06:24,81,61,,13797.20,30.2,238
,01:21:38,154,9.4,06:24,81,61,,13800.10,30.1,238
,01:21:39,154,9.4,06:24,81,61,,13802.90,30.1,240
,01:21:40,153,9.4,06:24,81,61,,13805.20,30.2,242
,01:21:41,154,9.4,06:24,81,61,,13807.90,30.1,242
,01:21:42,154,9.4,06:24,81,61,,13810.70,30.2,242
,01:21:43,154,9.3,06:25,81,61,,13813.40,30.2,244
,01:21:44,154,9.3,06:25,81,61,,13816.00,30.3,244
,01:21:45,154,9.3,06:26,81,61,,13818.50,30.2,244
,01:21:46,153,9.3,06:26,81,61,,13821.60,30.1,246
,01:21:47,153,9.3,06:27,81,61,,13823.70,30.2,246
,01:21:48,153,9.3,06:27,81,61,,13826.50,30.1,246
,01:21:49,153,9.3,06:25,81,61,,13829.60,30.1,248
,01:21:50,153,9.4,06:23,81,61,,13832.60,30.2,252
,01:21:51,153,9.5,06:20,81,61,,13835.50,30.3,254
,01:21:52,153,9.5,06:18,81,61,,13838.40,30.1,256
,01:21:53,153,9.5,06:19,81,61,,13841.20,30.1,256
,01:21:54,153,9.4,06:22,81,61,,13844.00,30.1,254
,01:21:55,152,9.4,06:24,81,61,,13846.40,30.1,254
,01:21:56,152,9.3,06:26,81,61,,13849.70,30.1,254
,01:21:57,152,9.3,06:27,81,61,,13852.40,30.1,252
,01:21:58,153,9.4,06:24,81,61,,13854.90,30.3,256
,01:21:59,153,9.4,06:22,81,61,,13857.80,30.2,256
,01:22:00,153,9.4,06:23,81,61,,13860.10,30.2,256
,01:22:01,153,9.4,06:23,81,61,,13862.60,30.2,256
,01:22:02,152,9.4,06:24,81,61,,13865.00,30.1,254
,01:22:03,152,9.4,06:24,81,61,,13868.20,30.2,254
,01:22:04,153,9.4,06:24,81,61,,13871.00,30.2,254
,01:22:05,153,9.4,06:22,81,61,,13873.40,30.2,256
,01:22:06,153,9.4,06:22,81,61,,13876.10,30.1,256
,01:22:07,153,9.5,06:21,81,61,,13878.70,30.2,258
,01:22:08,153,9.5,06:20,81,61,,13881.20,30.1,258
,01:22:09,153,9.5,06:19,81,61,,13884.10,30.1,260
,01:22:10,153,9.5,06:18,81,61,,13886.90,30.2,262
,01:22:11,153,9.5,06:18,81,61,,13889.80,30.2,262
,01:22:12,153,9.6,06:17,81,61,,13892.50,30.2,262
,01:22:13,153,9.6,06:16,82,61,,13895.30,30.2,264
,01:22:14,153,9.6,06:16,82,61,,13898.40,30.2,264
,01:22:15,152,9.6,06:15,82,61,,13901.30,30.2,264
,01:22:16,152,9.6,06:15,82,61,,13904.10,30.3,264
,01:22:17,152,9.6,06:14,82,61,,13907.00,30.1,264
,01:22:18,153,9.6,06:13,82,61,,13909.80,30.1,264
,01:22:19,153,9.7,06:13,82,61,,13912.50,30.2,264
,01:22:20,153,9.7,06:12,82,61,,13915.30,30.2,264
,01:22:21,152,9.7,06:12,82,61,,13918.00,30.1,264
,01:22:22,152,9.7,06:11,82,61,,13920.80,30.1,264
,01:22:23,152,9.7,06:11,82,61,,13923.10,30.1,264
,01:22:24,153,9.7,06:11,82,61,,13925.50,30.2,262
,01:22:25,153,9.7,06:11,82,61,,13928.60,30.1,262
,01:22:26,152,9.7,06:11,82,61,,13931.30,30.2,260
,01:22:27,152,9.7,06:10,82,61,,13934.20,30.2,260
,01:22:28,152,9.8,06:07,82,61,,13937.30,30.3,260
,01:22:29,152,9.9,06:04,82,61,,13940.20,30.2,262
,01:22:30,153,9.9,06:03,82,61,,13943.20,30.1,262
,01:22:31,153,9.9,06:04,82,61,,13946.00,30.2,260
,01:22:32,153,9.9,06:04,82,61,,13949.40,30.3,260
,01:22:33,152,9.9,06:05,82,60,,13952.50,30.2,260
,01:22:34,152,9.9,06:05,82,60,,13955.30,30.2,258
,01:22:35,152,9.9,06:05,82,60,,13958.10,30.3,258
,01:22:36,152,9.9,06:05,82,60,,13960.80,30.2,258
,01:22:37,153,9.9,06:05,82,60,,13963.60,30.2,256
,01:22:38,153,9.9,06:04,82,60,,13966.30,30.2,258
,01:22:39,153,9.9,06:03,82,60,,13969.20,30.2,258
,01:22:40,153,9.9,06:02,82,60,,13972.10,30.3,258
,01:22:41,153,10.0,06:01,82,60,,13975.10,30.2,258
,01:22:42,153,10.0,06:00,82,60,,13978.20,30.2,260
,01:22:43,153,10.0,05:59,81,60,,13981.20,30.1,262
,01:22:44,153,10.1,05:58,80,60,,13984.20,30.2,264
,01:22:45,153,10.1,05:57,81,60,,13986.90,30.2,264
,01:22:46,153,10.1,05:57,81,60,,13990.10,30.2,266
,01:22:47,153,10.1,05:56,81,60,,13993.00,30.1,268
,01:22:48,153,10.1,05:56,81,60,,13995.90,30.1,270
,01:22:49,153,10.1,05:55,81,60,,13998.70,30.1,272
,01:22:50,153,10.1,05:55,81,60,,14001.60,30.1,274
,01:22:51,153,10.2,05:54,81,60,,14004.50,30.2,276
,01:22:52,153,10.2,05:54,81,60,,14007.40,30.2,276
,01:22:53,153,10.2,05:53,81,60,,14010.40,30.1,278
,01:22:54,153,10.2,05:53,81,60,,14013.60,30.1,278
,01:22:55,153,10.2,05:52,81,60,,14016.20,30.2,280
,01:22:56,153,10.2,05:51,81,60,,14019.10,30.2,280
,01:22:57,153,10.3,05:51,81,60,,14021.80,30.2,280
,01:22:58,153,10.3,05:51,81,60,,14024.30,30.1,280
,01:22:59,153,10.3,05:51,81,60,,14027.00,30.2,280
,01:23:00,153,10.3,05:51,81,60,,14029.60,30.1,278
,01:23:01,154,10.3,05:51,81,60,,14032.30,30.1,278
,01:23:02,154,10.3,05:51,81,60,,14034.90,30.2,278
,01:23:03,154,10.3,05:51,81,60,,14037.60,30.1,276
,01:23:04,154,10.2,05:51,81,60,,14040.40,30.2,276
,01:23:05,154,10.2,05:51,81,60,,14043.10,30.1,276
,01:23:06,154,10.2,05:51,81,60,,14046.00,30.1,276
,01:23:07,154,10.2,05:51,81,60,,14049.00,30.2,276
,01:23:08,154,10.2,05:51,81,60,,14051.90,30.1,276
,01:23:09,154,10.2,05:51,81,60,,14054.70,30.2,276
,01:23:10,154,10.2,05:51,81,60,,14057.30,30.2,274
,01:23:11,154,10.2,05:51,81,60,,14060.10,30.1,274
,01:23:12,154,10.2,05:51,81,60,,14062.90,30.2,274
,01:23:13,154,10.2,05:51,81,60,,14065.50,30.3,274
,01:23:14,154,10.2,05:51,81,60,,14068.30,30.3,272
,01:23:15,154,10.2,05:52,81,60,,14071.00,30.3,272
,01:23:16,154,10.2,05:52,81,60,,14073.70,30.1,272
,01:23:17,153,10.2,05:52,81,60,,14076.40,30.2,270
,01:23:18,153,10.2,05:53,81,60,,14078.90,30.3,270
,01:23:19,153,10.2,05:53,81,60,,14081.50,30.1,270
,01:23:20,153,10.2,05:53,81,60,,14084.00,30.3,270
,01:23:21,153,10.2,05:53,81,60,,14086.50,30.1,270
,01:23:22,153,10.2,05:54,80,60,,14088.90,30.2,270
,01:23:23,153,10.1,05:55,81,60,,14091.40,30.3,270
,01:23:24,153,10.1,05:56,81,60,,14093.70,30.3,268
,01:23:25,153,10.1,05:56,81,59,,14096.30,30.3,268
,01:23:26,153,10.1,05:56,81,59,,14098.90,30.2,268
,01:23:27,153,10.1,05:56,81,59,,14101.60,30.3,266
,01:23:28,153,10.1,05:56,81,59,,14104.40,30.2,266
,01:23:29,153,10.1,05:56,81,59,,14107.10,30.2,266
,01:23:30,154,10.1,05:57,81,59,,14109.90,30.2,264
,01:23:31,154,10.1,05:57,81,59,,14112.80,30.3,264
,01:23:32,154,10.1,05:58,81,59,,14115.70,30.2,262
,01:23:33,154,10.1,05:58,81,59,,14118.50,30.3,262
,01:23:34,154,10.0,05:58,80,59,,14121.20,30.3,262
,01:23:35,154,10.0,05:59,80,59,,14123.90,30.2,260
,01:23:36,154,10.0,05:59,80,59,,14126.60,30.3,260
,01:23:37,154,10.0,06:00,80,59,,14129.20,30.1,260
,01:23:38,154,10.0,06:00,81,59,,14131.60,30.3,258
,01:23:39,154,9.9,06:04,81,59,,14134.00,30.2,256
,01:23:40,154,9.7,06:10,80,59,,14136.00,30.3,250
,01:23:41,154,9.6,06:17,80,59,,14138.20,30.3,246
,01:23:42,154,9.4,06:22,80,59,,14140.40,30.4,242
,01:23:43,154,9.4,06:23,80,59,,14142.70,30.3,242
,01:23:44,154,9.5,06:20,80,59,,14145.10,30.2,244
,01:23:45,154,9.5,06:18,80,59,,14147.60,30.3,246
,01:23:46,154,9.6,06:16,80,59,,14150.00,30.2,248
,01:23:47,154,9.6,06:15,80,59,,14152.20,30.3,248
,01:23:48,154,9.5,06:19,80,59,,14154.90,30.2,246
,01:23:49,154,9.3,06:27,80,59,,14157.30,30.4,242
,01:23:50,154,9.3,06:28,80,59,,14159.70,30.3,240
,01:23:51,154,9.3,06:25,80,59,,14162.30,30.2,244
,01:23:52,154,9.4,06:22,80,59,,14164.90,30.3,246
,01:23:53,154,9.3,06:26,80,59,,14167.00,30.1,246
,01:23:54,154,9.1,06:36,80,59,,14168.40,30.2,240
,01:23:55,154,8.8,06:48,81,59,,14170.10,30.3,236
,01:23:56,153,8.6,06:57,81,59,,14171.90,30.3,232
,01:23:57,153,8.5,07:03,81,59,,14173.40,30.2,230
,01:23:58,153,8.4,07:06,81,59,,14175.10,30.3,230
,01:23:59,153,8.5,07:03,80,59,,14176.70,30.2,232
,01:24:00,153,8.7,06:54,81,59,,14178.50,30.2,238
,01:24:01,153,8.8,06:48,81,59,,14180.80,30.3,240
,01:24:02,153,8.9,06:44,81,59,,14183.90,30.2,244
,01:24:03,153,9.0,06:40,81,59,,14187.10,30.3,246
,01:24:04,153,9.0,06:38,81,59,,14189.70,30.3,246
,01:24:05,153,9.1,06:37,81,59,,14192.50,30.2,246
,01:24:06,153,9.1,06:36,81,59,,14195.50,30.2,246
,01:24:07,153,9.1,06:35,80,58,,14198.00,30.3,244
,01:24:08,153,9.1,06:34,80,58,,14200.80,30.3,244
,01:24:09,153,9.1,06:34,80,58,,14203.50,30.3,244
,01:24:10,153,9.1,06:34,81,58,,14206.10,30.3,244
,01:24:11,153,9.2,06:33,81,58,,14208.60,30.3,244
,01:24:12,154,9.2,06:33,82,58,,14211.10,30.3,244
,01:24:13,154,9.2,06:32,82,58,,14214.10,30.2,244
,01:24:14,154,9.2,06:32,82,58,,14216.90,30.3,244
,01:24:15,153,9.2,06:32,81,58,,14219.40,30.3,244
,01:24:16,153,9.2,06:32,80,58,,14222.30,30.3,244
,01:24:17,153,9.2,06:32,80,58,,14224.80,30.3,244
,01:24:18,153,9.2,06:32,80,58,,14227.40,30.1,244
,01:24:19,153,9.2,06:32,81,58,,14230.20,30.3,244
,01:24:20,154,9.2,06:32,81,58,,14232.60,30.3,244
,01:24:21,154,9.2,06:32,81,58,,14235.30,30.2,244
,01:24:22,153,9.2,06:32,81,58,,14237.50,30.3,244
,01:24:23,153,9.2,06:32,81,58,,14240.10,30.2,244
,01:24:24,153,9.2,06:32,81,58,,14242.50,30.3,244
,01:24:25,153,9.2,06:32,81,58,,14245.10,30.3,242
,01:24:26,153,9.2,06:32,81,58,,14247.80,30.3,240
,01:24:27,153,9.2,06:32,81,58,,14250.30,30.3,240
,01:24:28,153,9.2,06:32,80,58,,14252.90,30.3,238
,01:24:29,153,9.2,06:32,80,58,,14255.50,30.2,236
,01:24:30,154,9.2,06:32,80,58,,14258.10,30.2,234
,01:24:31,154,9.2,06:32,80,58,,14260.50,30.3,234
,01:24:32,154,9.2,06:32,79,58,,14262.90,30.3,232
,01:24:33,154,9.2,06:33,79,58,,14265.40,30.3,232
,01:24:34,154,9.1,06:34,79,58,,14267.60,30.2,230
,01:24:35,155,9.1,06:35,80,58,,14270.30,30.1,230
,01:24:36,155,9.1,06:35,80,58,,14272.80,30.3,230
,01:24:37,155,9.2,06:32,80,58,,14275.40,30.2,232
,01:24:38,155,9.2,06:30,80,58,,14278.20,30.2,236
,01:24:39,156,9.2,06:31,80,58,,14281.00,30.2,238
,01:24:40,156,9.2,06:32,80,58,,14284.00,30.2,242
,01:24:41,156,9.2,06:33,81,58,,14286.90,30.2,246
,01:24:42,156,9.2,06:33,81,58,,14289.60,30.2,252
,01:24:43,157,9.2,06:33,81,59,,14292.80,30.3,260
,01:24:44,157,9.2,06:31,81,59,,14295.40,30.1,268
,01:24:45,157,9.3,06:27,81,59,,14298.30,30.2,278
,01:24:46,157,9.4,06:24,81,59,,14301.00,30.2,288
,01:24:47,157,9.4,06:21,81,59,,14303.80,30.2,296
,01:24:48,157,9.5,06:20,81,59,,14306.80,30.3,304
,01:24:49,157,9.4,06:22,81,59,,14309.70,30.3,310
,01:24:50,158,9.4,06:23,81,59,,14312.40,30.3,314
,01:24:51,159,9.4,06:24,81,60,,14315.30,30.2,318
,01:24:52,159,9.3,06:25,81,60,,14318.10,30.3,322
,01:24:53,159,9.3,06:26,81,60,,14321.00,30.3,324
,01:24:54,160,9.3,06:26,85,60,,14323.70,30.3,326
,01:24:55,160,9.3,06:25,87,60,,14326.60,30.3,326
,01:24:56,160,9.3,06:25,88,60,,14329.20,30.3,326
,01:24:57,160,9.3,06:25,82,60,,14331.70,30.2,324
,01:24:58,160,9.3,06:25,81,60,,14334.50,30.2,320
,01:24:59,160,9.3,06:25,81,60,,14337.10,30.3,316
,01:25:00,160,9.3,06:25,81,60,,14339.70,30.3,312
,01:25:01,160,9.3,06:25,81,60,,14342.40,30.2,308
,01:25:02,159,9.4,06:24,81,60,,14344.80,30.2,304
,01:25:03,159,9.4,06:24,81,60,,14347.50,30.3,298
,01:25:04,159,9.4,06:23,81,60,,14350.10,30.3,292
,01:25:05,159,9.4,06:23,81,60,,14352.80,30.2,288
,01:25:06,159,9.4,06:22,81,60,,14355.60,30.3,282
,01:25:07,159,9.4,06:21,81,60,,14358.30,30.2,278
,01:25:08,159,9.5,06:20,81,60,,14361.00,30.4,274
,01:25:09,159,9.5,06:19,81,60,,14363.70,30.3,270
,01:25:10,159,9.5,06:19,81,60,,14366.40,30.3,266
,01:25:11,159,9.5,06:18,81,60,,14369.00,30.3,262
,01:25:12,160,9.5,06:18,80,60,,14371.50,30.4,260
,01:25:13,159,9.5,06:18,81,60,,14373.90,30.3,256
,01:25:14,160,9.5,06:18,81,60,,14376.20,30.3,254
,01:25:15,160,9.5,06:20,81,60,,14378.50,30.3,250
,01:25:16,160,9.5,06:21,81,60,,14381.10,30.3,248
,01:25:17,160,9.5,06:21,81,60,,14383.40,30.3,248
,01:25:18,160,9.5,06:20,80,60,,14386.00,30.4,246
,01:25:19,159,9.5,06:20,81,60,,14388.50,30.4,246
,01:25:20,159,9.5,06:20,81,60,,14391.10,30.5,248
,01:25:21,159,9.5,06:20,81,60,,14393.80,30.4,250
,01:25:22,159,9.5,06:20,81,60,,14396.50,30.4,252
,01:25:23,159,9.5,06:20,81,60,,14399.20,30.3,256
,01:25:24,158,9.5,06:20,81,60,,14401.90,30.3,260
,01:25:25,158,9.5,06:20,81,60,,14404.40,30.4,264
,01:25:26,157,9.5,06:20,81,60,,14407.10,30.4,268
,01:25:27,157,9.5,06:19,81,60,,14409.60,30.4,272
,01:25:28,156,9.5,06:18,81,60,,14412.30,30.4,276
,01:25:29,156,9.5,06:18,81,60,,14415.00,30.3,278
,01:25:30,156,9.6,06:17,80,60,,14417.60,30.4,282
,01:25:31,155,9.6,06:16,80,60,,14420.10,30.3,284
,01:25:32,155,9.6,06:16,80,60,,14422.80,30.4,286
,01:25:33,155,9.6,06:16,80,60,,14425.30,30.4,288
,01:25:34,155,9.6,06:15,80,60,,14428.00,30.3,288
,01:25:35,155,9.6,06:15,80,60,,14430.40,30.4,286
,01:25:36,155,9.6,06:15,81,60,,14432.60,30.4,286
,01:25:37,155,9.6,06:15,81,60,,14435.10,30.3,284
,01:25:38,155,9.6,06:15,81,60,,14437.80,30.4,282
,01:25:39,155,9.6,06:15,81,61,,14440.10,30.4,282
,01:25:40,155,9.6,06:15,81,61,,14443.00,30.4,280
,01:25:41,154,9.6,06:15,81,61,,14445.50,30.4,280
,01:25:42,154,9.6,06:16,81,61,,14448.10,30.3,278
,01:25:43,153,9.6,06:17,81,61,,14450.60,30.3,276
,01:25:44,153,9.5,06:17,81,61,,14453.00,30.4,274
,01:25:45,153,9.5,06:18,81,61,,14455.70,30.4,274
,01:25:46,153,9.5,06:18,81,61,,14458.10,30.4,274
,01:25:47,152,9.5,06:19,81,61,,14460.40,30.3,272
,01:25:48,152,9.5,06:19,81,61,,14462.90,30.3,272
,01:25:49,152,9.5,06:20,81,61,,14465.20,30.2,272
,01:25:50,152,9.5,06:20,81,61,,14467.90,30.3,272
,01:25:51,152,9.5,06:21,81,61,,14470.40,30.3,270
,01:25:52,152,9.5,06:21,81,61,,14473.10,30.4,270
,01:25:53,152,9.4,06:21,81,61,,14475.70,30.3,268
,01:25:54,152,9.4,06:21,81,61,,14478.30,30.3,268
,01:25:55,151,9.4,06:22,80,61,,14480.90,30.3,268
,01:25:56,151,9.4,06:23,80,61,,14483.50,30.2,266
,01:25:57,151,9.4,06:24,80,61,,14485.90,30.3,266
,01:25:58,150,9.4,06:25,80,61,,14488.50,30.3,266
,01:25:59,149,9.3,06:26,81,61,,14490.70,30.1,266
,01:26:00,149,9.3,06:27,81,61,,14493.00,30.2,266
,01:26:01,149,9.3,06:27,81,61,,14495.00,30.2,264
,01:26:02,149,9.3,06:28,81,61,,14497.60,30.3,264
,01:26:03,149,9.2,06:29,81,61,,14500.00,30.2,264
,01:26:04,148,9.2,06:31,80,61,,14502.30,30.1,264
,01:26:05,149,9.2,06:32,81,61,,14504.60,30.2,264
,01:26:06,148,9.2,06:33,81,61,,14507.00,30.3,264
,01:26:07,148,9.1,06:34,81,61,,14509.40,30.2,262
,01:26:08,148,9.1,06:35,81,61,,14511.90,30.2,262
,01:26:09,148,9.1,06:36,81,61,,14514.50,30.2,262
,01:26:10,148,9.1,06:36,80,61,,14517.20,30.3,262
,01:26:11,148,9.1,06:37,80,61,,14519.40,30.2,260
,01:26:12,148,9.1,06:37,81,61,,14521.80,30.2,260
,01:26:13,147,9.0,06:38,81,61,,14524.20,30.1,260
,01:26:14,147,9.0,06:38,81,61,,14526.60,30.1,258
,01:26:15,147,9.0,06:39,81,61,,14529.20,30.1,256
,01:26:16,148,9.0,06:39,81,61,,14531.70,30.1,256
,01:26:17,147,9.0,06:40,81,61,,14534.20,30.2,254
,01:26:18,147,9.0,06:40,81,61,,14536.60,30.2,254
,01:26:19,148,9.0,06:40,81,61,,14539.30,30.1,254
,01:26:20,148,9.0,06:40,81,61,,14541.90,30.2,252
,01:26:21,148,9.0,06:40,81,61,,14544.60,30.2,252
,01:26:22,148,9.0,06:40,80,61,,14547.20,30.2,250
,01:26:23,148,9.0,06:40,80,61,,14550.00,30.1,248
,01:26:24,148,9.0,06:40,81,61,,14552.50,30.1,246
,01:26:25,148,9.0,06:40,81,61,,14555.10,30.1,246
,01:26:26,148,9.0,06:40,81,61,,14557.60,30.1,244
,01:26:27,148,9.0,06:40,81,61,,14560.20,30.2,242
,01:26:28,148,9.0,06:40,81,61,,14562.70,30.2,240
,01:26:29,148,9.0,06:41,81,61,,14565.20,30.2,240
,01:26:30,148,9.0,06:41,81,61,,14567.80,30.1,238
,01:26:31,148,9.0,06:41,81,61,,14570.20,30.1,238
,01:26:32,148,9.0,06:41,81,61,,14572.50,30.2,236
,01:26:33,148,9.0,06:41,81,61,,14575.00,30.3,236
,01:26:34,148,9.0,06:42,81,61,,14577.50,30.1,234
,01:26:35,148,8.9,06:42,80,61,,14579.80,30.2,234
,01:26:36,148,8.9,06:43,80,61,,14582.20,30.2,232
,01:26:37,148,8.9,06:44,81,61,,14584.50,30.1,230
,01:26:38,147,8.9,06:44,80,61,,14586.90,30.2,230
,01:26:39,148,8.9,06:45,80,61,,14589.40,30.1,228
,01:26:40,148,8.9,06:45,81,61,,14591.80,30.2,228
,01:26:41,147,8.9,06:45,80,61,,14594.30,30.1,228
,01:26:42,147,8.9,06:45,81,61,,14596.50,30.1,228
,01:26:43,147,8.9,06:46,81,61,,14599.00,30.1,228
,01:26:44,147,8.9,06:46,81,61,,14601.60,30.2,228
,01:26:45,147,8.9,06:46,81,61,,14604.10,30.2,228
,01:26:46,147,8.9,06:46,81,61,,14606.60,30.1,228
,01:26:47,146,8.9,06:46,81,61,,14609.20,30.0,230
,01:26:48,146,8.9,06:46,81,61,,14611.70,30.2,230
,01:26:49,145,8.9,06:46,81,61,,14614.40,30.1,232
,01:26:50,145,8.9,06:46,81,61,,14617.00,30.1,232
,01:26:51,145,8.9,06:46,81,61,,14619.80,30.1,234
,01:26:52,145,8.9,06:46,80,61,,14622.40,30.1,236
,01:26:53,145,8.9,06:46,81,61,,14625.10,30.2,236
,01:26:54,145,8.9,06:46,81,61,,14627.60,30.1,238
,01:26:55,145,8.9,06:46,81,61,,14630.30,30.1,238
,01:26:56,145,8.9,06:46,81,61,,14632.80,30.1,240
,01:26:57,145,8.9,06:46,81,61,,14635.40,30.1,242
,01:26:58,145,8.9,06:46,81,61,,14638.00,30.1,242
,01:26:59,145,8.9,06:45,81,61,,14640.60,30.0,244
,01:27:00,146,8.9,06:44,81,61,,14643.20,30.0,244
,01:27:01,146,8.9,06:44,81,61,,14645.90,30.1,246
,01:27:02,146,8.9,06:43,81,61,,14648.50,30.0,248
,01:27:03,146,8.9,06:42,80,61,,14651.10,30.1,248
,01:27:04,147,9.0,06:42,80,61,,14653.70,30.1,248
,01:27:05,147,9.0,06:42,80,61,,14656.40,30.1,248
,01:27:06,148,9.0,06:41,80,61,,14658.90,30.1,248
,01:27:07,148,9.0,06:41,81,61,,14661.40,30.0,248
,01:27:08,148,9.0,06:40,81,61,,14663.90,30.0,248
,01:27:09,148,9.0,06:39,81,61,,14666.60,30.0,248
,01:27:10,149,9.0,06:39,81,61,,14669.20,30.1,248
,01:27:11,149,9.0,06:38,81,61,,14671.90,30.1,248
,01:27:12,149,9.1,06:37,81,61,,14674.70,30.1,248
,01:27:13,149,9.1,06:36,81,61,,14677.40,30.1,246
,01:27:14,149,9.1,06:36,81,61,,14680.40,30.0,246
,01:27:15,150,9.1,06:35,81,61,,14683.30,30.1,246
,01:27:16,150,9.1,06:34,81,61,,14686.20,30.1,246
,01:27:17,150,9.2,06:33,80,61,,14689.10,30.1,244
,01:27:18,151,9.2,06:33,81,61,,14691.60,30.1,244
,01:27:19,151,9.2,06:33,81,61,,14694.30,30.1,244
,01:27:20,151,9.2,06:33,81,61,,14696.70,30.0,242
,01:27:21,151,9.2,06:33,81,61,,14699.20,30.2,242
,01:27:22,151,9.2,06:33,80,61,,14701.70,30.1,240
,01:27:23,151,9.2,06:32,80,61,,14704.10,30.1,240
,01:27:24,151,9.2,06:32,80,61,,14706.50,30.1,240
,01:27:25,151,9.2,06:32,80,61,,14709.00,30.1,240
,01:27:26,151,9.2,06:32,80,61,,14711.30,30.0,240
,01:27:27,151,9.2,06:32,80,61,,14713.80,30.1,240
,01:27:28,151,9.2,06:32,80,61,,14716.30,30.1,240
,01:27:29,151,9.2,06:32,80,61,,14719.30,30.1,240
,01:27:30,151,9.2,06:32,80,61,,14721.80,30.1,240
,01:27:31,151,9.2,06:32,80,61,,14724.30,30.1,240
,01:27:32,151,9.2,06:32,80,61,,14726.60,30.1,240
,01:27:33,151,9.2,06:32,79,61,,14728.90,30.1,240
,01:27:34,151,9.2,06:33,80,61,,14731.20,30.2,240
,01:27:35,151,9.1,06:34,81,60,,14733.40,30.1,240
,01:27:36,151,9.1,06:34,81,60,,14735.60,30.0,240
,01:27:37,151,9.1,06:34,81,60,,14738.00,30.1,238
,01:27:38,151,9.1,06:34,81,60,,14739.90,30.0,238
,01:27:39,151,9.1,06:34,81,60,,14742.20,30.2,238
,01:27:40,151,9.1,06:34,81,60,,14744.70,30.1,238
,01:27:41,150,9.1,06:34,81,60,,14747.20,30.1,238
,01:27:42,150,9.1,06:34,81,60,,14749.80,30.1,238
,01:27:43,150,9.1,06:34,80,60,,14752.50,30.2,238
,01:27:44,150,9.2,06:33,80,60,,14755.30,30.1,238
,01:27:45,150,9.2,06:33,81,60,,14758.00,30.1,238
,01:27:46,150,9.2,06:33,81,60,,14760.70,30.1,238
,01:27:47,150,9.2,06:33,81,60,,14763.30,30.1,238
,01:27:48,150,9.2,06:33,81,60,,14765.80,30.2,238
,01:27:49,150,9.2,06:33,81,60,,14768.40,30.1,238
,01:27:50,150,9.2,06:33,81,60,,14771.00,30.1,238
,01:27:51,151,9.2,06:33,81,60,,14773.60,30.1,238
,01:27:52,151,9.2,06:33,81,60,,14776.00,30.1,238
,01:27:53,151,9.2,06:33,81,60,,14778.60,30.1,238
,01:27:54,150,9.2,06:33,81,60,,14781.30,30.1,238
,01:27:55,151,9.2,06:33,81,60,,14783.90,30.1,238
,01:27:56,151,9.2,06:32,81,60,,14786.60,30.1,238
,01:27:57,151,9.2,06:32,81,60,,14789.20,30.1,240
,01:27:58,150,9.2,06:31,81,60,,14791.80,30.1,240
,01:27:59,150,9.2,06:31,81,60,,14794.40,30.1,240
,01:28:00,150,9.2,06:31,81,60,,14797.10,30.1,242
,01:28:01,150,9.2,06:31,81,60,,14799.90,30.1,242
,01:28:02,150,9.2,06:31,81,60,,14802.70,30.1,242
,01:28:03,150,9.2,06:31,81,60,,14805.50,30.1,242
,01:28:04,150,9.2,06:31,81,60,,14808.30,30.1,242
,01:28:05,149,9.2,06:31,81,59,,14811.20,30.1,242
,01:28:06,150,9.2,06:31,81,59,,14814.00,30.2,242
,01:28:07,150,9.2,06:30,81,59,,14817.00,30.1,242
,01:28:08,150,9.3,06:28,81,59,,14819.90,30.1,244
,01:28:09,150,9.4,06:25,81,59,,14822.90,30.2,246
,01:28:10,150,9.4,06:22,81,59,,14825.60,30.2,248
,01:28:11,150,9.4,06:21,81,59,,14828.50,30.1,248
,01:28:12,150,9.4,06:23,81,59,,14831.10,30.1,248
,01:28:13,151,9.4,06:23,81,59,,14833.90,30.1,248
,01:28:14,151,9.4,06:22,81,59,,14836.90,30.0,248
,01:28:15,151,9.5,06:18,81,59,,14839.90,30.2,250
,01:28:16,151,9.7,06:09,81,59,,14843.00,30.1,256
,01:28:17,151,10.0,05:59,81,59,,14846.10,30.1,262
,01:28:18,151,10.3,05:51,81,59,,14849.30,30.1,268
,01:28:19,152,10.4,05:46,81,59,,14852.50,30.1,270
,01:28:20,152,10.3,05:48,81,59,,14855.50,30.1,266
,01:28:21,152,10.1,05:55,81,59,,14858.40,30.2,258
,01:28:22,151,10.0,06:00,81,59,,14861.10,30.1,252
,01:28:23,151,9.9,06:05,81,59,,14863.90,30.2,246
,01:28:24,151,9.8,06:09,81,59,,14866.50,30.1,240
,01:28:25,152,9.7,06:12,81,59,,14869.00,30.1,236
,01:28:26,152,9.6,06:14,81,59,,14871.50,30.1,232
,01:28:27,152,9.6,06:16,81,58,,14874.10,30.1,228
,01:28:28,152,9.5,06:17,81,58,,14876.80,30.2,228
,01:28:29,152,9.5,06:18,81,58,,14879.50,30.1,226
,01:28:30,153,9.5,06:18,81,58,,14882.60,30.0,226
,01:28:31,153,9.6,06:17,81,58,,14885.60,30.1,228
,01:28:32,153,9.6,06:14,81,58,,14888.60,30.1,232
,01:28:33,153,9.7,06:10,81,58,,14891.70,30.1,236
,01:28:34,153,9.9,06:04,81,58,,14894.90,30.1,240
,01:28:35,153,10.1,05:55,81,58,,14898.20,30.0,248
,01:28:36,153,10.4,05:47,81,58,,14901.50,30.0,256
,01:28:37,153,10.6,05:40,81,58,,14904.90,30.0,264
,01:28:38,153,10.7,05:35,81,58,,14908.30,30.1,270
,01:28:39,154,10.8,05:32,81,58,,14911.60,30.1,274
,01:28:40,154,10.9,05:31,81,58,,14914.80,30.1,278
,01:28:41,154,10.9,05:31,81,58,,14918.10,30.1,280
,01:28:42,154,10.8,05:32,81,58,,14921.30,30.1,280
,01:28:43,154,10.7,05:35,81,58,,14924.40,30.1,280
,01:28:44,154,10.6,05:39,81,58,,14927.30,30.1,278
,01:28:45,154,10.5,05:43,81,58,,14930.10,30.0,276
,01:28:46,154,10.4,05:45,81,58,,14932.90,30.1,274
,01:28:47,154,10.4,05:47,80,58,,14935.80,30.1,274
,01:28:48,155,10.3,05:49,81,58,,14938.70,30.0,274
,01:28:49,155,10.3,05:49,81,58,,14941.50,30.1,274
,01:28:50,155,10.3,05:50,80,58,,14944.30,30.1,276
,01:28:51,155,10.3,05:50,80,58,,14947.30,30.1,276
,01:28:52,155,10.3,05:50,80,58,,14950.00,30.1,278
,01:28:53,155,10.3,05:50,80,58,,14953.00,30.2,280
,01:28:54,155,10.3,05:50,80,58,,14955.50,30.1,282
,01:28:55,155,10.2,05:54,80,58,,14957.80,30.0,282
,01:28:56,155,9.9,06:03,80,58,,14959.70,30.1,276
,01:28:57,155,9.7,06:11,80,58,,14961.80,30.0,272
,01:28:58,155,9.6,06:14,80,58,,14963.90,30.1,272
,01:28:59,155,9.6,06:14,80,58,,14966.00,30.1,272
,01:29:00,155,9.7,06:11,80,58,,14967.80,30.1,276
,01:29:01,155,9.8,06:07,80,58,,14970.00,30.0,280
,01:29:02,155,9.9,06:04,80,58,,14972.50,30.1,284
,01:29:03,155,10.0,06:01,80,58,,14975.10,30.1,286
,01:29:04,155,10.0,05:59,80,58,,14977.80,30.1,288
,01:29:05,155,10.0,06:01,80,58,,14980.40,30.0,286
,01:29:06,155,9.8,06:06,80,58,,14982.80,30.1,282
,01:29:07,155,9.7,06:13,80,58,,14984.60,30.1,276
,01:29:08,155,9.4,06:21,80,58,,14986.40,30.1,270
,01:29:09,155,9.3,06:27,80,58,,14988.50,30.1,264
,01:29:10,156,9.3,06:26,80,58,,14990.80,30.0,264
,01:29:11,156,9.5,06:20,80,58,,14993.10,30.0,268
,01:29:12,156,9.6,06:14,80,58,,14995.60,30.1,270
,01:29:13,156,9.7,06:10,80,58,,14998.30,30.1,272
,01:29:14,156,9.8,06:06,81,58,,15001.30,30.1,274
,01:29:15,156,9.9,06:03,81,58,,15004.50,30.1,276
,01:29:16,156,10.0,06:00,81,58,,15008.00,30.1,276
,01:29:17,156,10.1,05:58,81,58,,15011.10,29.9,278
,01:29:18,156,10.1,05:56,81,58,,15014.60,30.0,278
,01:29:19,155,10.2,05:55,81,58,,15017.80,30.0,278
,01:29:20,155,10.2,05:53,81,58,,15020.50,30.1,278
,01:29:21,155,10.2,05:53,81,58,,15023.70,30.0,280
,01:29:22,155,10.2,05:52,81,58,,15026.70,30.0,280
,01:29:23,156,10.3,05:51,80,58,,15029.50,30.0,280
,01:29:24,156,10.3,05:50,80,58,,15032.20,30.1,282
,01:29:25,156,10.1,05:55,80,58,,15034.40,30.0,278
,01:29:26,156,9.8,06:08,80,58,,15036.80,30.0,268
,01:29:27,156,9.4,06:24,80,58,,15038.40,30.1,258
,01:29:28,156,9.0,06:41,80,58,,15040.10,30.1,246
,01:29:29,156,8.6,06:59,80,58,,15041.60,30.0,236
,01:29:30,155,8.4,07:10,80,58,,15043.20,30.1,230
,01:29:31,155,8.3,07:13,80,58,,15045.20,30.1,228
,01:29:32,156,8.4,07:08,80,58,,15046.80,30.1,230
,01:29:33,156,8.6,06:58,80,58,,15048.90,30.0,236
,01:29:34,156,8.8,06:48,80,58,,15051.40,30.0,242
,01:29:35,156,9.0,06:39,80,58,,15053.90,30.1,248
,01:29:36,156,9.2,06:31,80,58,,15057.20,30.1,256
,01:29:37,156,9.3,06:26,80,58,,15060.20,30.0,260
,01:29:38,155,9.5,06:17,80,58,,15063.20,30.0,268
,01:29:39,155,9.7,06:11,81,59,,15066.10,30.1,274
,01:29:40,155,9.7,06:10,81,59,,15069.10,30.1,278
,01:29:41,155,9.8,06:09,81,59,,15071.80,30.1,278
,01:29:42,155,9.8,06:09,81,59,,15074.30,30.1,278
,01:29:43,155,9.7,06:10,81,59,,15076.70,29.9,278
,01:29:44,155,9.7,06:11,80,59,,15079.30,30.0,278
,01:29:45,155,9.7,06:12,81,59,,15082.10,30.1,276
,01:29:46,154,9.6,06:13,81,59,,15084.90,30.1,274
,01:29:47,155,9.6,06:13,81,59,,15087.50,30.0,274
,01:29:48,155,9.7,06:12,81,59,,15090.10,30.0,274
,01:29:49,155,9.8,06:08,81,59,,15093.00,30.1,274
,01:29:50,155,9.9,06:04,81,59,,15096.20,30.0,276
,01:29:51,155,10.0,06:00,80,59,,15099.10,30.1,278
,01:29:52,155,10.1,05:55,80,59,,15102.50,30.0,280
,01:29:53,155,10.3,05:50,80,59,,15105.80,30.0,284
,01:29:54,155,10.4,05:47,80,59,,15109.10,30.1,284
,01:29:55,155,10.4,05:45,80,59,,15112.00,30.1,286
,01:29:56,156,10.5,05:44,80,59,,15115.20,30.1,286
,01:29:57,156,10.4,05:47,80,59,,15118.10,30.0,282
,01:29:58,156,10.3,05:51,80,59,,15121.30,30.0,280
,01:29:59,157,10.2,05:53,81,59,,15124.10,30.0,278
,01:30:00,157,10.1,05:55,81,59,,15127.20,30.1,278
,01:30:01,158,10.1,05:56,80,59,,15129.90,30.0,278
,01:30:02,158,10.1,05:57,80,59,,15132.50,30.1,282
,01:30:03,158,10.1,05:57,80,59,,15135.20,30.1,286
,01:30:04,158,10.1,05:58,81,59,,15137.80,29.9,294
,01:30:05,159,10.1,05:58,81,60,,15140.40,30.1,300
,01:30:06,160,10.1,05:58,81,60,,15142.90,30.0,310
,01:30:07,160,10.0,05:59,80,60,,15145.40,30.0,318
,01:30:08,160,10.0,05:59,80,60,,15148.00,30.0,324
,01:30:09,160,10.0,05:59,80,61,,15150.30,30.0,330
,01:30:10,160,10.0,05:59,80,61,,15152.80,30.1,336
,01:30:11,160,10.0,06:00,80,61,,15155.30,30.0,340
,01:30:12,160,10.0,06:01,81,61,,15157.70,30.1,342
,01:30:13,161,10.0,06:01,81,61,,15160.20,29.9,342
,01:30:14,161,10.0,06:02,81,61,,15162.50,29.9,342
,01:30:15,160,9.9,06:02,81,61,,15165.10,30.0,340
,01:30:16,160,9.9,06:04,81,61,,15167.50,30.1,336
,01:30:17,160,9.9,06:05,80,61,,15170.10,30.0,332
,01:30:18,161,9.8,06:07,80,61,,15172.70,30.0,326
,01:30:19,161,9.8,06:08,80,61,,15175.30,30.0,320
,01:30:20,161,9.7,06:09,80,61,,15177.90,30.0,314
,01:30:21,161,9.7,06:11,80,61,,15180.40,30.1,308
,01:30:22,160,9.6,06:15,80,61,,15182.70,30.0,300
,01:30:23,160,9.4,06:22,81,61,,15185.00,30.0,290
,01:30:24,160,9.2,06:31,81,61,,15187.30,30.0,278
,01:30:25,160,9.1,06:38,81,61,,15189.50,30.0,270
,01:30:26,160,9.0,06:40,81,61,,15191.80,30.1,264
,01:30:27,160,9.1,06:37,80,61,,15194.10,30.1,264
,01:30:28,160,9.1,06:35,81,61,,15196.50,30.1,262
,01:30:29,159,9.2,06:33,81,61,,15199.00,30.1,260
,01:30:30,160,9.2,06:32,81,61,,15201.50,30.1,258
,01:30:31,160,9.2,06:31,81,61,,15204.20,30.1,258
,01:30:32,159,9.2,06:30,81,61,,15206.60,30.1,256
,01:30:33,159,9.3,06:29,81,61,,15209.60,30.1,256
,01:30:34,158,9.3,06:29,81,61,,15212.20,30.1,254
,01:30:35,158,9.3,06:29,81,61,,15214.50,30.1,254
,01:30:36,158,9.3,06:29,80,61,,15216.90,30.1,254
,01:30:37,158,9.3,06:28,80,61,,15219.60,30.1,254
,01:30:38,157,9.3,06:28,80,61,,15222.00,30.1,254
,01:30:39,157,9.3,06:28,81,61,,15224.50,30.2,254
,01:30:40,157,9.3,06:28,81,61,,15227.20,30.2,256
,01:30:41,157,9.3,06:28,81,61,,15230.00,30.1,256
,01:30:42,157,9.3,06:28,81,61,,15232.50,30.1,256
,01:30:43,157,9.3,06:28,81,61,,15235.30,30.0,256
,01:30:44,156,9.3,06:28,81,61,,15238.50,30.1,256
,01:30:45,156,9.3,06:27,81,61,,15241.40,30.2,256
,01:30:46,156,9.4,06:25,81,61,,15244.10,30.2,258
,01:30:47,156,9.4,06:24,80,61,,15247.10,30.2,256
,01:30:48,156,9.4,06:24,81,61,,15250.10,30.2,256
,01:30:49,156,9.4,06:25,81,61,,15252.80,30.1,254
,01:30:50,156,9.4,06:25,80,61,,15255.60,30.2,252
,01:30:51,155,9.3,06:25,81,61,,15258.20,30.2,252
,01:30:52,155,9.3,06:25,80,61,,15260.70,30.2,248
,01:30:53,155,9.3,06:26,80,61,,15263.20,30.1,246
,01:30:54,154,9.3,06:27,80,61,,15265.70,30.2,244
,01:30:55,154,9.4,06:24,80,61,,15268.60,30.2,244
,01:30:56,154,9.6,06:14,81,61,,15271.70,30.1,248
,01:30:57,154,9.9,06:02,80,61,,15274.80,30.1,256
,01:30:58,154,10.2,05:52,80,61,,15278.10,30.2,262
,01:30:59,154,10.3,05:48,81,61,,15281.20,30.2,264
,01:31:00,154,10.2,05:52,80,61,,15284.20,30.2,262
,01:31:01,154,10.0,05:58,81,61,,15287.00,30.1,256
,01:31:02,154,9.9,06:04,80,61,,15289.60,30.1,254
,01:31:03,154,9.8,06:08,80,61,,15292.20,30.1,252
,01:31:04,154,9.7,06:12,81,61,,15294.40,30.1,250
,01:31:05,154,9.6,06:15,81,61,,15296.30,30.2,250
,01:31:06,154,9.5,06:18,81,61,,15298.30,30.1,250
,01:31:07,153,9.4,06:21,81,61,,15300.60,30.1,250
,01:31:08,154,9.4,06:23,81,61,,15303.10,30.1,250
,01:31:09,154,9.4,06:25,81,61,,15305.70,30.1,250
,01:31:10,154,9.3,06:26,81,61,,15308.30,30.1,248
,01:31:11,154,9.3,06:28,81,61,,15310.90,30.1,250
,01:31:12,154,9.3,06:28,81,61,,15313.60,30.0,250
,01:31:13,154,9.2,06:29,81,61,,15316.20,30.1,250
,01:31:14,154,9.2,06:30,81,61,,15318.80,30.1,252
,01:31:15,154,9.2,06:30,81,61,,15321.50,30.1,252
,01:31:16,154,9.2,06:30,81,61,,15323.80,30.0,254
,01:31:17,154,9.2,06:30,81,61,,15326.40,29.9,256
,01:31:18,154,9.2,06:30,81,61,,15329.20,30.0,258
,01:31:19,155,9.2,06:30,80,61,,15332.00,30.1,260
,01:31:20,154,9.2,06:30,80,61,,15334.70,30.1,260
,01:31:21,154,9.2,06:30,80,61,,15337.60,29.9,262
,01:31:22,154,9.2,06:30,80,61,,15340.50,30.0,262
,01:31:23,154,9.2,06:30,81,61,,15343.40,30.0,262
,01:31:24,154,9.2,06:30,80,61,,15346.40,30.1,262
,01:31:25,154,9.3,06:29,81,61,,15349.20,29.9,264
,01:31:26,154,9.3,06:28,81,61,,15352.00,30.1,264
,01:31:27,154,9.3,06:27,81,61,,15354.40,30.0,264
,01:31:28,154,9.3,06:26,81,61,,15357.50,30.0,266
,01:31:29,153,9.4,06:25,81,61,,15360.30,30.0,266
,01:31:30,153,9.4,06:24,80,61,,15362.90,30.0,266
,01:31:31,153,9.4,06:23,80,61,,15365.70,30.0,264
,01:31:32,153,9.4,06:22,80,61,,15368.30,30.0,264
,01:31:33,152,9.4,06:21,80,61,,15371.00,29.9,266
,01:31:34,153,9.5,06:21,81,61,,15373.70,29.9,266
,01:31:35,153,9.5,06:20,82,61,,15376.50,29.9,266
,01:31:36,153,9.6,06:15,83,61,,15379.80,29.9,268
,01:31:37,153,9.8,06:07,82,61,,15382.60,29.9,274
,01:31:38,153,10.0,06:01,82,61,,15385.70,30.0,278
,01:31:39,153,10.0,06:00,82,61,,15388.70,30.0,278
,01:31:40,153,9.9,06:02,81,61,,15391.60,29.9,276
,01:31:41,153,9.9,06:04,80,61,,15394.70,30.0,272
,01:31:42,153,9.9,06:05,80,61,,15397.50,29.9,270
,01:31:43,153,9.8,06:06,80,61,,15400.30,30.0,268
,01:31:44,153,9.8,06:07,80,61,,15402.80,29.9,268
,01:31:45,153,9.8,06:08,79,61,,15405.00,29.9,270
,01:31:46,153,9.7,06:12,79,61,,15407.00,30.0,270
,01:31:47,153,9.4,06:21,79,61,,15409.00,30.0,266
,01:31:48,153,9.1,06:37,79,61,,15410.70,29.9,258
,01:31:49,152,8.7,06:53,79,61,,15412.50,29.8,250
,01:31:50,152,8.5,07:06,79,61,,15414.20,29.9,246
,01:31:51,152,8.3,07:14,79,61,,15416.10,29.9,242
,01:31:52,152,8.2,07:20,79,61,,15417.90,30.1,240
,01:31:53,152,8.1,07:22,79,61,,15420.00,29.9,240
,01:31:54,152,8.1,07:22,79,61,,15422.10,29.9,242
,01:31:55,152,8.2,07:19,79,61,,15424.10,29.9,244
,01:31:56,152,8.4,07:11,80,61,,15426.70,29.9,248
,01:31:57,152,8.5,07:01,80,61,,15429.40,29.9,254
,01:31:58,152,8.7,06:53,81,61,,15432.00,30.0,258
,01:31:59,152,8.9,06:47,81,61,,15434.60,29.9,260
,01:32:00,152,8.9,06:43,81,61,,15437.30,30.0,260
,01:32:01,152,9.0,06:41,80,61,,15440.00,29.9,258
,01:32:02,152,9.0,06:39,80,61,,15442.60,29.9,256
,01:32:03,152,9.0,06:38,80,61,,15445.30,29.9,254
,01:32:04,152,9.1,06:37,80,61,,15448.00,29.9,250
,01:32:05,152,9.1,06:36,80,61,,15450.50,29.9,248
,01:32:06,152,9.1,06:35,80,61,,15452.90,30.0,246
,01:32:07,152,9.1,06:35,80,61,,15455.20,30.0,244
,01:32:08,152,9.1,06:34,80,61,,15457.70,29.9,242
,01:32:09,152,9.1,06:34,80,61,,15460.00,29.9,240
,01:32:10,152,9.1,06:34,80,61,,15462.30,30.0,238
,01:32:11,152,9.1,06:34,80,61,,15464.20,29.9,238
,01:32:12,152,9.0,06:40,80,61,,15466.60,29.9,232
,01:32:13,152,8.9,06:47,80,61,,15468.60,29.9,228
,01:32:14,152,8.9,06:47,80,61,,15470.80,29.9,226
,01:32:15,152,8.8,06:50,80,61,,15472.90,29.9,222
,01:32:16,152,8.6,06:58,80,61,,15475.10,30.1,218
,01:32:17,152,8.5,07:04,80,61,,15477.00,29.9,212
,01:32:18,152,8.4,07:09,80,61,,15479.10,30.0,210
,01:32:19,151,8.4,07:09,80,61,,15481.30,30.0,208
,01:32:20,151,8.5,07:05,80,61,,15483.80,29.8,208
,01:32:21,151,8.6,07:01,79,61,,15486.10,30.1,210
,01:32:22,151,8.6,06:57,79,61,,15488.80,29.9,212
,01:32:23,151,8.7,06:54,77,60,,15491.10,30.1,212
,01:32:24,151,8.7,06:52,77,60,,15493.70,29.8,214
,01:32:25,151,8.8,06:50,65,60,,15496.20,30.0,214
,01:32:26,151,8.8,06:50,52,60,,15498.90,29.9,214
,01:32:27,151,8.8,06:50,52,60,,15501.40,29.9,214
,01:32:28,151,8.8,06:50,59,60,,15503.70,29.9,212
,01:32:29,150,8.7,06:52,74,60,,15505.90,29.9,210
,01:32:30,150,8.7,06:54,77,60,,15507.90,29.9,210
,01:32:31,149,8.7,06:54,78,60,,15509.90,29.9,210
,01:32:32,149,8.6,06:58,79,60,,15512.00,29.9,208
,01:32:33,149,8.5,07:03,79,60,,15513.80,29.9,206
,01:32:34,149,8.4,07:08,79,60,,15515.80,29.9,206
,01:32:35,149,8.4,07:09,79,60,,15518.00,29.9,206
,01:32:36,149,8.6,07:01,79,60,,15520.80,30.0,210
,01:32:37,149,8.9,06:47,79,60,,15523.80,29.9,220
,01:32:38,149,9.1,06:34,80,60,,15526.40,29.9,228
,01:32:39,149,9.2,06:32,81,60,,15529.10,29.9,232
,01:32:40,149,9.1,06:37,80,60,,15531.80,29.9,232
,01:32:41,150,9.0,06:42,80,60,,15534.60,29.9,230
,01:32:42,150,8.9,06:46,80,60,,15537.60,29.9,230
,01:32:43,150,8.8,06:49,81,60,,15540.30,29.9,230
,01:32:44,150,8.7,06:52,81,60,,15542.80,30.0,232
,01:32:45,150,8.7,06:54,81,60,,15545.20,30.0,232
,01:32:46,149,8.7,06:55,81,60,,15547.30,30.0,232
,01:32:47,149,8.6,06:57,81,60,,15549.50,29.9,232
,01:32:48,149,8.6,06:58,81,60,,15552.00,30.0,232
,01:32:49,149,8.6,06:59,81,60,,15554.50,30.0,232
,01:32:50,149,8.6,06:59,81,60,,15556.90,29.9,234
,01:32:51,149,8.6,06:59,81,60,,15559.10,30.0,234
,01:32:52,149,8.6,06:58,81,60,,15561.80,29.9,234
,01:32:53,149,8.6,06:58,81,60,,15564.30,29.9,236
,01:32:54,149,8.6,06:57,80,60,,15566.60,29.9,236
,01:32:55,149,8.6,06:57,80,60,,15568.90,29.9,236
,01:32:56,149,8.6,06:56,81,60,,15571.70,29.9,236
,01:32:57,149,8.7,06:56,80,60,,15574.10,29.9,236
,01:32:58,149,8.7,06:53,81,60,,15576.90,30.0,236
,01:32:59,149,8.8,06:50,81,60,,15579.60,29.9,236
,01:33:00,149,8.8,06:50,81,60,,15582.60,30.0,236
,01:33:01,150,8.8,06:50,81,60,,15585.00,29.9,236
,01:33:02,150,8.8,06:50,80,60,,15587.70,29.9,236
,01:33:03,150,8.8,06:50,80,60,,15590.50,30.0,236
,01:33:04,151,8.8,06:51,79,60,,15593.40,29.9,236
,01:33:05,151,8.8,06:51,78,60,,15595.90,29.9,236
,01:33:06,151,8.8,06:51,78,60,,15598.50,29.9,236
,01:33:07,151,8.8,06:51,79,60,,15600.80,29.9,236
,01:33:08,151,8.8,06:51,79,60,,15603.20,30.0,236
,01:33:09,151,8.7,06:52,79,60,,15605.50,29.9,236
,01:33:10,151,8.7,06:52,79,60,,15607.80,29.9,236
,01:33:11,152,8.7,06:52,79,60,,15610.00,29.9,236
,01:33:12,152,8.7,06:52,79,60,,15612.30,30.0,234
,01:33:13,152,8.7,06:52,79,60,,15614.60,29.9,234
,01:33:14,152,8.7,06:52,79,60,,15617.00,30.0,234
,01:33:15,152,8.7,06:52,79,60,,15619.30,30.0,232
,01:33:16,152,8.7,06:52,80,60,,15621.60,30.0,232
,01:33:17,152,8.7,06:52,80,60,,15623.90,30.0,234
,01:33:18,151,8.7,06:52,80,60,,15626.40,30.0,234
,01:33:19,151,8.7,06:52,80,60,,15628.80,29.9,234
,01:33:20,150,8.7,06:52,80,60,,15631.10,30.0,234
,01:33:21,150,8.7,06:52,80,60,,15633.50,30.0,234
,01:33:22,150,8.7,06:52,78,60,,15635.80,29.9,234
,01:33:23,150,8.7,06:52,79,59,,15638.00,30.0,234
,01:33:24,150,8.7,06:52,78,59,,15640.00,29.9,232
,01:33:25,149,8.6,06:58,79,59,,15642.60,29.9,228
,01:33:26,149,8.4,07:10,79,59,,15644.60,30.0,220
,01:33:27,149,8.2,07:21,78,59,,15646.40,29.9,214
,01:33:28,148,8.0,07:27,78,59,,15648.40,29.9,210
,01:33:29,148,8.0,07:27,78,59,,15650.50,30.0,208
,01:33:30,148,8.2,07:22,79,59,,15652.50,29.9,210
,01:33:31,148,8.2,07:17,79,59,,15654.20,29.9,212
,01:33:32,149,8.3,07:16,79,59,,15656.30,30.1,210
,01:33:33,148,8.1,07:25,79,59,,15658.50,30.1,206
,01:33:34,148,7.8,07:39,79,59,,15660.10,29.9,198
,01:33:35,147,7.6,07:51,79,58,,15661.90,30.1,192
,01:33:36,147,7.5,08:01,79,58,,15663.90,30.0,186
,01:33:37,147,7.4,08:07,79,58,,15665.80,30.0,184
,01:33:38,148,7.3,08:10,79,58,,15667.50,29.9,182
,01:33:39,148,7.4,08:06,79,58,,15669.40,29.9,184
,01:33:40,148,7.5,07:59,79,58,,15671.70,29.9,186
,01:33:41,149,7.5,07:58,79,58,,15673.50,29.9,188
,01:33:42,149,7.5,07:58,79,58,,15675.20,29.9,188
,01:33:43,149,7.5,08:03,79,58,,15677.60,30.0,186
,01:33:44,149,7.3,08:10,79,58,,15679.70,30.0,184
,01:33:45,149,7.3,08:10,79,58,,15681.70,30.0,184
,01:33:46,149,7.4,08:09,79,58,,15683.70,29.9,184
,01:33:47,149,7.4,08:09,79,58,,15685.70,30.0,186
,01:33:48,149,7.4,08:09,79,58,,15687.60,30.0,186
,01:33:49,149,7.3,08:11,79,58,,15689.20,30.0,186
,01:33:50,149,7.3,08:11,79,58,,15691.40,30.0,186
,01:33:51,149,7.3,08:14,79,58,,15693.50,30.1,184
,01:33:52,149,7.2,08:21,79,58,,15695.10,30.0,184
,01:33:53,149,7.1,08:26,79,58,,15696.90,30.0,182
,01:33:54,149,7.2,08:21,79,58,,15699.00,30.0,184
,01:33:55,149,7.4,08:10,79,58,,15701.20,30.0,190
,01:33:56,149,7.5,08:01,79,58,,15703.30,29.9,194
,01:33:57,149,7.7,07:46,79,58,,15705.90,30.0,200
,01:33:58,149,8.1,07:26,80,58,,15709.00,30.0,210
,01:33:59,149,8.4,07:08,80,58,,15711.50,30.0,218
,01:34:00,149,8.6,07:00,81,58,,15714.40,30.0,222
,01:34:01,150,8.6,06:59,80,58,,15717.20,30.0,222
,01:34:02,150,8.7,06:53,80,58,,15720.60,30.0,226
,01:34:03,150,9.0,06:38,80,58,,15724.30,30.0,234
,01:34:04,149,9.4,06:24,80,58,,15727.50,30.0,244
,01:34:05,149,9.6,06:15,80,58,,15730.90,30.0,248
,01:34:06,149,9.7,06:10,81,58,,15733.50,30.0,252
,01:34:07,149,9.8,06:07,80,58,,15736.50,30.1,254
,01:34:08,149,9.8,06:07,80,58,,15739.60,29.9,254
,01:34:09,149,9.8,06:09,80,58,,15742.40,30.0,254
,01:34:10,149,9.7,06:11,80,58,,15745.00,30.1,252
,01:34:11,149,9.5,06:17,80,58,,15747.80,29.9,250
,01:34:12,149,9.3,06:28,80,58,,15749.70,30.0,244
,01:34:13,150,9.1,06:38,80,58,,15752.10,30.0,238
,01:34:14,150,8.9,06:46,81,58,,15754.30,29.9,234
,01:34:15,150,8.8,06:50,81,58,,15757.30,30.0,232
,01:34:16,150,8.8,06:50,81,58,,15759.50,30.0,232
,01:34:17,150,8.9,06:47,81,58,,15762.00,29.9,234
,01:34:18,150,8.9,06:44,80,58,,15764.70,30.1,236
,01:34:19,150,8.9,06:44,81,58,,15767.50,30.1,236
,01:34:20,150,8.9,06:45,81,58,,15769.70,30.0,236
,01:34:21,151,8.8,06:47,80,58,,15772.30,30.0,236
,01:34:22,151,8.7,06:52,80,58,,15775.00,30.1,234
,01:34:23,150,8.7,06:53,81,58,,15777.70,30.1,232
,01:34:24,150,8.9,06:44,80,58,,15780.30,30.0,238
,01:34:25,150,9.2,06:30,80,58,,15783.30,29.9,248
,01:34:26,150,9.5,06:18,80,58,,15786.20,30.1,256
,01:34:27,150,9.8,06:08,80,58,,15788.60,30.0,264
,01:34:28,151,9.9,06:03,80,58,,15791.70,30.0,270
,01:34:29,150,9.8,06:08,81,58,,15794.70,30.0,268
,01:34:30,150,9.6,06:15,81,58,,15797.50,30.1,264
,01:34:31,150,9.5,06:21,81,58,,15799.90,30.1,260
,01:34:32,149,9.4,06:24,81,58,,15802.80,30.1,260
,01:34:33,149,9.3,06:26,81,58,,15805.30,30.1,260
,01:34:34,148,9.3,06:28,81,58,,15807.90,30.1,260
,01:34:35,148,9.4,06:24,81,58,,15810.30,30.0,262
,01:34:36,148,9.5,06:19,81,58,,15813.60,30.0,266
,01:34:37,148,9.5,06:20,81,58,,15815.90,30.1,266
,01:34:38,147,9.4,06:22,81,58,,15818.40,30.0,264
,01:34:39,147,9.4,06:25,80,58,,15820.70,30.0,262
,01:34:40,147,9.3,06:26,80,58,,15823.70,30.1,262
,01:34:41,146,9.3,06:27,80,58,,15826.70,30.1,260
,01:34:42,146,9.3,06:28,80,58,,15829.10,30.0,260
,01:34:43,146,9.3,06:29,80,58,,15831.10,30.0,260
,01:34:44,147,9.3,06:29,80,58,,15834.20,30.1,260
,01:34:45,147,9.3,06:25,80,58,,15836.70,30.1,262
,01:34:46,147,9.6,06:16,80,58,,15839.80,30.0,268
,01:34:47,147,9.8,06:09,80,58,,15842.90,30.1,274
,01:34:48,148,9.9,06:03,80,58,,15846.30,30.1,278
,01:34:49,148,10.1,05:58,80,58,,15849.40,30.1,282
,01:34:50,149,10.1,05:55,80,58,,15852.30,30.1,284
,01:34:51,149,10.2,05:52,80,58,,15855.60,30.1,286
,01:34:52,149,10.3,05:51,80,58,,15859.40,30.1,288
,01:34:53,149,10.2,05:54,80,58,,15862.10,30.1,284
,01:34:54,150,10.2,05:54,81,58,,15864.90,30.1,284
,01:34:55,150,10.2,05:54,81,58,,15868.00,30.1,284
,01:34:56,150,10.1,05:56,83,58,,15870.80,30.1,280
,01:34:57,151,10.2,05:52,87,58,,15874.50,30.1,282
,01:34:58,151,10.4,05:45,86,58,,15877.60,30.1,288
,01:34:59,151,10.5,05:41,86,58,,15880.60,30.1,290
,01:35:00,151,10.6,05:40,86,58,,15883.60,30.1,292
,01:35:01,151,10.5,05:42,85,58,,15886.30,30.1,290
,01:35:02,151,10.4,05:45,83,58,,15889.50,30.0,288
,01:35:03,151,10.4,05:48,82,58,,15892.70,30.1,284
,01:35:04,151,10.3,05:50,82,58,,15895.30,30.1,282
,01:35:05,151,10.2,05:52,82,58,,15898.00,30.1,278
,01:35:06,151,10.1,05:55,82,58,,15899.90,30.0,274
,01:35:07,151,10.0,05:58,82,58,,15902.30,30.1,268
,01:35:08,151,10.0,06:01,82,58,,15905.10,30.2,260
,01:35:09,151,10.0,06:00,82,58,,15907.70,30.1,258
,01:35:10,152,10.2,05:52,82,58,,15910.90,30.2,260
,01:35:11,152,10.6,05:41,82,58,,15914.00,30.1,266
,01:35:12,152,10.9,05:31,82,58,,15917.60,30.0,272
,01:35:13,152,11.1,05:24,82,58,,15920.90,30.1,276
,01:35:14,152,11.2,05:20,82,58,,15924.70,30.1,278
,01:35:15,152,11.2,05:21,82,58,,15928.30,30.1,278
,01:35:16,152,11.1,05:25,82,58,,15932.20,30.1,274
,01:35:17,152,11.0,05:29,80,57,,15935.20,30.1,272
,01:35:18,152,10.9,05:31,81,57,,15938.80,30.2,270
,01:35:19,152,10.8,05:33,81,57,,15941.60,30.1,270
,01:35:20,153,10.8,05:34,81,57,,15944.40,30.1,270
,01:35:21,152,10.7,05:36,81,57,,15946.60,30.1,272
,01:35:22,152,10.7,05:37,81,57,,15949.30,30.1,272
,01:35:23,152,10.6,05:39,81,57,,15951.60,30.1,274
,01:35:24,152,10.6,05:41,81,57,,15954.40,30.1,274
,01:35:25,153,10.5,05:42,81,57,,15956.70,30.1,274
,01:35:26,153,10.5,05:42,81,57,,15959.50,30.1,276
,01:35:27,153,10.5,05:42,81,57,,15962.60,30.1,278
,01:35:28,153,10.5,05:42,81,57,,15965.70,30.1,280
,01:35:29,153,10.6,05:39,81,57,,15968.50,30.1,284
,01:35:30,153,10.7,05:36,81,57,,15971.90,30.1,286
,01:35:31,153,10.7,05:37,81,57,,15974.50,30.0,288
,01:35:32,153,10.7,05:37,81,57,,15977.70,30.1,288
,01:35:33,153,10.5,05:41,81,57,,15980.30,30.1,284
,01:35:34,153,10.3,05:49,80,57,,15983.10,30.1,278
,01:35:35,153,10.1,05:56,81,57,,15985.20,30.1,272
,01:35:36,153,9.9,06:05,81,57,,15987.30,30.1,264
,01:35:37,153,9.5,06:18,81,57,,15989.30,30.0,254
,01:35:38,153,9.3,06:26,81,57,,15991.40,30.1,250
,01:35:39,153,9.3,06:28,81,57,,15993.50,30.1,248
,01:35:40,153,9.3,06:26,81,57,,15996.20,30.1,250
,01:35:41,153,9.5,06:18,80,57,,15998.40,30.1,256
,01:35:42,153,9.7,06:12,80,57,,16000.70,30.1,260
,01:35:43,153,9.8,06:06,80,57,,16003.50,30.1,264
,01:35:44,153,9.9,06:04,80,57,,16006.40,30.1,266
,01:35:45,153,9.8,06:06,80,57,,16008.90,30.1,266
,01:35:46,153,9.8,06:07,81,57,,16011.70,30.0,264
,01:35:47,152,9.8,06:09,81,57,,16015.10,30.0,262
,01:35:48,152,9.7,06:11,81,57,,16017.50,30.1,260
,01:35:49,152,9.6,06:17,81,57,,16019.90,30.1,256
,01:35:50,153,9.3,06:26,81,57,,16021.80,30.1,250
,01:35:51,153,9.1,06:35,81,57,,16024.20,30.1,244
,01:35:52,153,9.0,06:41,81,57,,16026.50,30.1,242
,01:35:53,153,9.0,06:40,81,57,,16028.80,30.1,242
,01:35:54,153,9.1,06:34,81,57,,16031.20,30.1,246
,01:35:55,152,9.2,06:30,81,57,,16033.50,30.1,248
,01:35:56,152,9.3,06:27,81,57,,16036.00,30.1,250
,01:35:57,152,9.3,06:26,80,57,,16038.70,30.1,252
,01:35:58,153,9.4,06:25,81,57,,16041.40,30.1,252
,01:35:59,153,9.4,06:24,80,57,,16044.30,30.1,254
,01:36:00,153,9.4,06:23,81,57,,16047.70,30.1,256
,01:36:01,153,9.6,06:16,81,57,,16050.60,30.0,260
,01:36:02,153,9.9,06:04,81,57,,16053.80,30.1,270
,01:36:03,153,10.1,05:55,81,57,,16056.80,30.0,280
,01:36:04,153,10.3,05:50,81,57,,16060.50,30.0,284
,01:36:05,153,10.2,05:52,81,57,,16063.10,29.9,284
,01:36:06,153,10.1,05:57,81,57,,16066.00,30.1,280
,01:36:07,153,10.0,06:01,81,57,,16068.60,30.1,278
,01:36:08,153,9.9,06:05,81,57,,16071.90,30.1,274
,01:36:09,153,9.8,06:07,81,57,,16074.10,30.1,274
,01:36:10,153,9.7,06:10,81,57,,16076.60,30.0,272
,01:36:11,154,9.7,06:12,81,57,,16078.90,30.1,270
,01:36:12,154,9.7,06:11,81,57,,16082.00,30.1,270
,01:36:13,154,9.8,06:06,81,57,,16084.50,30.1,276
,01:36:14,154,10.0,06:00,81,57,,16087.50,30.0,282
,01:36:15,154,10.0,05:59,81,57,,16090.00,29.9,284
,01:36:16,154,9.9,06:03,81,57,,16093.00,30.0,282
,01:36:17,154,9.8,06:09,81,57,,16095.30,30.1,278
,01:36:18,154,9.6,06:13,81,57,,16097.80,30.0,274
,01:36:19,154,9.6,06:15,81,57,,16100.20,30.0,274
,01:36:20,154,9.6,06:16,81,57,,16102.80,30.1,272
,01:36:21,153,9.5,06:18,81,57,,16104.90,29.9,270
,01:36:22,153,9.5,06:19,81,57,,16107.10,29.9,268
,01:36:23,154,9.5,06:21,81,57,,16109.20,29.9,266
,01:36:24,154,9.4,06:22,81,57,,16111.70,30.1,264
,01:36:25,154,9.4,06:23,81,57,,16114.40,30.0,262
,01:36:26,154,9.4,06:25,81,57,,16117.00,30.0,260
,01:36:27,154,9.3,06:26,81,57,,16119.60,30.1,258
,01:36:28,153,9.3,06:27,81,57,,16121.80,29.9,258
,01:36:29,154,9.3,06:28,81,57,,16124.70,29.9,256
,01:36:30,154,9.5,06:20,81,57,,16127.60,30.1,262
,01:36:31,154,9.8,06:07,81,57,,16130.90,30.1,270
,01:36:32,154,10.1,05:57,81,57,,16134.60,30.0,276
,01:36:33,154,10.3,05:48,81,57,,16138.40,29.9,284
,01:36:34,154,11.3,05:17,81,57,,16142.00,30.0,312
,01:36:35,154,11.3,05:17,81,57,,16146.30,30.0,312
,01:36:36,154,12.4,04:51,81,57,,16150.10,30.0,342
,01:36:37,154,12.9,04:38,81,57,,16154.90,30.0,360
,01:36:38,154,12.9,04:38,81,57,,16158.30,30.0,360
,01:36:39,154,11.7,05:08,81,57,,16161.30,30.0,326
,01:36:40,155,10.4,05:48,81,57,,16163.70,29.9,292
,01:36:41,155,10.1,05:56,81,57,,16166.90,29.9,286
,01:36:42,155,10.1,05:55,81,57,,16169.60,29.9,286
,01:36:43,155,10.3,05:49,80,57,,16172.60,30.0,292
,01:36:44,155,10.4,05:45,81,57,,16174.30,29.9,296
,01:36:45,155,10.5,05:44,81,57,,16177.40,29.9,296
,01:36:46,155,10.4,05:47,81,57,,16179.50,30.0,292
,01:36:47,156,10.2,05:53,81,57,,16181.90,29.9,286
,01:36:48,156,10.1,05:58,81,57,,16184.70,29.9,282
,01:36:49,155,10.0,06:01,81,57,,16188.30,29.9,278
,01:36:50,155,9.9,06:03,81,57,,16190.90,30.0,274
,01:36:51,155,10.0,06:00,81,57,,16193.60,30.0,276
,01:36:52,155,10.2,05:54,81,57,,16196.40,29.9,280
,01:36:53,155,10.3,05:50,81,57,,16200.10,29.9,282
,01:36:54,155,10.4,05:46,81,57,,16203.10,29.9,284
,01:36:55,155,10.5,05:42,81,57,,16206.60,29.9,286
,01:36:56,155,10.5,05:42,81,57,,16209.90,29.9,286
,01:36:57,156,10.4,05:45,81,57,,16213.10,29.9,282
,01:36:58,155,10.4,05:47,81,57,,16215.80,29.9,280
,01:36:59,155,10.4,05:48,81,57,,16218.70,29.9,278
,01:37:00,155,10.3,05:49,81,57,,16221.60,29.9,276
,01:37:01,155,10.3,05:50,81,57,,16224.30,29.9,274
,01:37:02,155,10.3,05:50,81,57,,16227.40,29.9,274
,01:37:03,154,10.2,05:51,81,57,,16230.00,29.9,272
,01:37:04,154,10.0,06:00,81,57,,16231.90,29.9,266
,01:37:05,154,9.6,06:15,81,57,,16234.00,30.0,256
,01:37:06,154,9.3,06:28,81,57,,16236.30,29.8,248
,01:37:07,154,9.1,06:35,81,57,,16238.70,29.9,244
,01:37:08,154,9.2,06:32,81,57,,16240.70,30.0,244
,01:37:09,154,9.3,06:26,81,57,,16243.00,30.0,248
,01:37:10,154,9.4,06:21,81,57,,16245.30,29.9,250
,01:37:11,154,9.5,06:18,81,57,,16247.10,29.9,252
,01:37:12,153,9.6,06:15,81,57,,16249.60,29.9,254
,01:37:13,153,9.7,06:12,81,57,,16252.50,29.9,256
,01:37:14,153,9.7,06:11,81,57,,16255.50,29.9,260
,01:37:15,154,9.7,06:10,81,57,,16258.60,29.9,262
,01:37:16,154,9.7,06:09,81,57,,16261.40,29.9,266
,01:37:17,154,9.8,06:08,81,57,,16264.50,30.0,272
,01:37:18,153,9.8,06:07,81,57,,16267.10,29.9,276
,01:37:19,153,9.9,06:05,81,58,,16270.30,29.9,280
,01:37:20,153,9.9,06:04,81,58,,16272.90,29.9,282
,01:37:21,154,9.9,06:03,81,58,,16275.60,29.9,284
,01:37:22,154,9.9,06:02,81,58,,16278.20,29.9,286
,01:37:23,154,10.0,06:02,81,58,,16281.20,29.8,286
,01:37:24,154,10.0,06:01,81,58,,16283.40,29.9,288
,01:37:25,154,10.0,06:01,81,58,,16286.00,29.9,288
,01:37:26,154,10.0,06:01,81,58,,16288.60,29.8,288
,01:37:27,154,10.0,06:00,81,58,,16291.60,29.8,286
,01:37:28,154,10.0,05:58,81,58,,16294.50,29.9,288
,01:37:29,154,10.1,05:56,81,58,,16298.00,29.9,290
,01:37:30,154,10.1,05:55,81,58,,16300.90,29.9,290
,01:37:31,154,10.0,05:59,81,58,,16303.40,29.9,286
,01:37:32,155,9.8,06:07,81,58,,16305.80,29.9,280
,01:37:33,155,9.8,06:09,81,58,,16308.90,29.8,278
,01:37:34,154,10.0,06:00,81,58,,16312.50,29.8,284
,01:37:35,154,10.4,05:47,81,58,,16315.90,29.8,296
,01:37:36,154,10.6,05:38,81,58,,16318.90,29.9,302
,01:37:37,154,10.7,05:35,81,58,,16321.60,29.9,302
,01:37:38,154,10.7,05:37,81,58,,16324.70,29.9,298
,01:37:39,155,10.6,05:41,81,58,,16328.00,29.9,294
,01:37:40,155,10.5,05:44,81,58,,16331.60,29.9,290
,01:37:41,155,10.4,05:46,81,58,,16334.90,29.9,286
,01:37:42,155,10.4,05:47,81,58,,16337.50,29.9,282
,01:37:43,154,10.3,05:49,81,58,,16339.60,29.8,280
,01:37:44,154,10.3,05:50,82,58,,16342.20,29.9,276
,01:37:45,154,10.5,05:42,82,58,,16345.80,29.9,282
,01:37:46,154,11.0,05:27,82,58,,16349.90,29.9,292
,01:37:47,155,11.4,05:17,82,58,,16353.10,29.9,300
,01:37:48,155,11.4,05:16,82,58,,16355.90,29.9,300
,01:37:49,155,11.1,05:23,82,58,,16358.40,29.8,292
,01:37:50,155,10.9,05:31,82,58,,16361.40,29.8,284
,01:37:51,155,10.7,05:37,82,58,,16364.40,29.9,280
,01:37:52,154,10.5,05:43,82,58,,16367.20,29.9,274
,01:37:53,154,10.4,05:47,82,58,,16369.30,29.9,270
,01:37:54,154,10.2,05:51,82,58,,16371.20,29.9,268
,01:37:55,155,10.1,05:55,82,58,,16372.80,29.8,264
,01:37:56,155,10.0,05:59,82,58,,16375.40,29.8,260
,01:37:57,155,10.0,06:01,82,57,,16378.30,29.9,258
,01:37:58,155,9.9,06:04,82,57,,16381.60,29.9,256
,01:37:59,155,9.8,06:06,82,57,,16384.40,29.9,254
,01:38:00,155,9.8,06:07,82,57,,16386.80,29.9,252
,01:38:01,155,9.8,06:09,82,57,,16389.70,29.9,252
,01:38:02,155,9.7,06:10,82,57,,16392.60,29.9,252
,01:38:03,155,9.7,06:11,82,57,,16395.20,29.9,250
,01:38:04,155,9.7,06:12,82,57,,16397.90,29.8,250
,01:38:05,155,9.7,06:12,82,57,,16400.30,29.9,250
,01:38:06,155,9.7,06:13,82,57,,16402.60,29.9,250
,01:38:07,155,9.6,06:13,82,57,,16405.00,29.9,250
,01:38:08,155,9.6,06:13,82,57,,16407.70,29.8,250
,01:38:09,155,9.6,06:14,82,57,,16410.50,29.9,250
,01:38:10,155,9.6,06:14,82,57,,16413.20,29.8,252
,01:38:11,155,9.7,06:12,82,57,,16416.20,29.8,254
,01:38:12,155,9.8,06:08,82,57,,16419.30,29.8,258
,01:38:13,156,9.9,06:04,82,57,,16422.30,29.8,260
,01:38:14,156,9.9,06:02,82,57,,16425.40,29.8,262
,01:38:15,156,9.9,06:03,83,57,,16428.50,29.8,262
,01:38:16,156,9.9,06:04,82,57,,16431.50,29.8,262
,01:38:17,156,9.9,06:04,83,57,,16434.50,29.8,262
,01:38:18,156,9.9,06:02,83,57,,16437.60,29.8,264
,01:38:19,156,10.1,05:57,82,57,,16440.70,29.8,266
,01:38:20,156,10.2,05:54,82,57,,16443.70,29.8,270
,01:38:21,156,10.2,05:54,82,57,,16446.50,29.8,272
,01:38:22,156,10.1,05:55,82,57,,16449.50,29.8,272
,01:38:23,156,10.2,05:53,82,57,,16452.90,29.8,274
,01:38:24,157,10.3,05:50,82,57,,16456.50,29.9,278
,01:38:25,156,10.4,05:46,82,57,,16459.60,29.9,282
,01:38:26,156,10.5,05:44,83,57,,16462.60,29.8,284
,01:38:27,156,10.4,05:45,83,57,,16465.80,29.8,284
,01:38:28,156,10.4,05:46,83,57,,16468.90,29.9,284
,01:38:29,156,10.4,05:47,82,57,,16471.70,29.8,284
,01:38:30,156,10.3,05:48,83,57,,16474.80,29.9,284
,01:38:31,156,10.3,05:49,83,57,,16478.00,29.9,284
,01:38:32,156,10.3,05:48,82,57,,16480.90,29.8,284
,01:38:33,156,10.4,05:46,83,57,,16484.00,29.9,286
,01:38:34,156,10.4,05:45,82,57,,16487.30,29.8,286
,01:38:35,156,10.4,05:45,82,57,,16490.40,29.9,286
,01:38:36,156,10.4,05:45,82,57,,16493.40,29.8,286
,01:38:37,156,10.4,05:46,82,57,,16496.20,29.9,286
,01:38:38,156,10.4,05:46,82,57,,16499.50,29.8,286
,01:38:39,156,10.3,05:51,82,57,,16501.90,29.8,282
,01:38:40,157,10.0,06:00,82,57,,16504.40,29.9,274
,01:38:41,157,9.8,06:09,82,57,,16506.60,29.8,268
,01:38:42,157,9.7,06:11,82,57,,16509.00,29.8,268
,01:38:43,157,9.8,06:07,82,57,,16511.70,29.9,270
,01:38:44,156,9.9,06:04,82,57,,16514.50,29.9,274
,01:38:45,156,10.0,06:01,83,57,,16517.20,29.8,276
,01:38:46,156,10.1,05:57,82,57,,16520.40,29.8,280
,01:38:47,156,10.3,05:49,82,57,,16523.60,29.8,288
,01:38:48,157,10.7,05:36,82,57,,16527.80,29.8,300
,01:38:49,157,11.1,05:25,82,57,,16531.50,29.8,310
,01:38:50,157,11.3,05:20,82,57,,16535.40,29.8,316
,01:38:51,157,11.2,05:21,82,57,,16538.70,29.9,314
,01:38:52,157,11.1,05:24,82,57,,16541.80,29.8,312
,01:38:53,157,11.0,05:26,83,57,,16544.70,29.8,308
,01:38:54,156,11.0,05:28,83,57,,16547.40,29.8,306
,01:38:55,156,10.9,05:30,82,57,,16550.00,29.9,302
,01:38:56,156,10.9,05:31,82,57,,16552.40,29.8,300
,01:38:57,157,10.8,05:32,82,57,,16554.70,29.8,298
,01:38:58,157,10.8,05:33,82,57,,16557.50,29.9,296
,01:38:59,157,10.8,05:33,83,57,,16560.00,29.8,296
,01:39:00,157,10.8,05:33,83,57,,16562.80,29.8,294
,01:39:01,157,10.8,05:33,83,57,,16566.00,29.8,294
,01:39:02,157,10.8,05:33,83,57,,16569.10,29.8,294
,01:39:03,157,10.8,05:33,83,57,,16572.50,29.8,294
,01:39:04,157,10.8,05:33,82,57,,16575.70,29.8,294
,01:39:05,157,10.8,05:33,82,57,,16578.90,29.8,294
,01:39:06,158,10.8,05:33,82,57,,16581.90,29.8,296
,01:39:07,158,10.8,05:33,82,57,,16584.90,29.8,296
,01:39:08,158,10.8,05:32,82,57,,16587.90,29.8,298
,01:39:09,159,10.8,05:32,82,57,,16590.80,29.8,300
,01:39:10,159,10.9,05:32,82,57,,16593.90,29.8,302
,01:39:11,159,10.9,05:32,82,57,,16597.00,29.8,304
,01:39:12,158,10.9,05:31,82,57,,16600.10,29.8,304
,01:39:13,158,10.9,05:31,82,57,,16602.90,29.8,304
,01:39:14,158,10.7,05:35,82,57,,16605.40,29.7,300
,01:39:15,158,10.5,05:44,82,57,,16608.00,29.7,294
,01:39:16,158,10.2,05:52,82,57,,16610.50,29.8,286
,01:39:17,158,10.2,05:54,82,57,,16613.20,29.8,286
,01:39:18,158,10.3,05:49,82,57,,16615.90,29.7,290
,01:39:19,158,10.4,05:46,82,57,,16618.90,29.9,292
,01:39:20,158,10.5,05:43,82,57,,16621.70,29.9,296
,01:39:21,159,10.7,05:37,82,57,,16624.70,29.8,302
,01:39:22,159,10.9,05:31,82,57,,16628.30,29.8,306
,01:39:23,159,10.9,05:30,82,57,,16631.90,29.8,306
,01:39:24,159,10.9,05:30,82,57,,16635.40,29.8,306
,01:39:25,159,10.9,05:30,82,57,,16638.70,29.8,306
,01:39:26,158,10.9,05:30,82,57,,16642.20,29.8,306
,01:39:27,158,10.9,05:30,82,57,,16645.40,29.9,304
,01:39:28,158,10.9,05:30,82,57,,16648.40,29.9,304
,01:39:29,158,10.9,05:30,82,57,,16651.20,29.8,302
,01:39:30,158,10.9,05:30,82,57,,16654.20,29.9,300
,01:39:31,158,10.9,05:30,82,57,,16657.00,29.9,300
,01:39:32,158,10.9,05:30,82,57,,16659.90,29.9,298
,01:39:33,158,10.9,05:31,82,57,,16663.00,29.9,298
,01:39:34,158,10.9,05:31,82,57,,16666.20,29.8,298
,01:39:35,158,10.9,05:31,82,57,,16668.70,29.8,296
,01:39:36,158,10.9,05:32,82,57,,16671.80,29.8,296
,01:39:37,159,10.9,05:32,82,57,,16675.00,29.8,296
,01:39:38,159,10.8,05:32,82,57,,16678.50,29.8,296
,01:39:39,159,10.8,05:32,82,57,,16681.30,29.9,296
,01:39:40,159,10.8,05:32,82,57,,16684.20,29.8,296
,01:39:41,158,10.8,05:32,82,57,,16687.20,29.9,298
,01:39:42,158,10.8,05:32,82,57,,16689.80,30.0,298
,01:39:43,158,10.6,05:39,83,57,,16691.90,29.8,292
,01:39:44,158,10.3,05:51,83,57,,16694.20,29.9,282
,01:39:45,158,9.9,06:02,83,57,,16696.40,29.9,274
,01:39:46,158,9.9,06:05,82,57,,16698.80,29.8,274
,01:39:47,158,10.0,06:00,82,57,,16701.30,29.9,278
,01:39:48,158,10.2,05:54,82,57,,16704.10,29.9,284
,01:39:49,158,10.3,05:50,82,57,,16706.90,29.9,288
,01:39:50,158,10.4,05:47,81,57,,16709.90,29.9,292
,01:39:51,158,10.4,05:45,80,57,,16713.30,29.9,294
,01:39:52,158,10.5,05:44,80,57,,16717.10,29.9,294
,01:39:53,158,10.5,05:43,81,57,,16720.90,29.8,294
,01:39:54,159,10.6,05:41,81,57,,16724.50,29.8,296
,01:39:55,159,10.7,05:37,81,57,,16727.90,29.9,298
,01:39:56,159,10.8,05:32,81,57,,16731.10,29.8,302
,01:39:57,158,10.9,05:29,81,57,,16734.60,29.9,304
,01:39:58,158,11.2,05:23,81,57,,16738.40,29.9,310
,01:39:59,158,11.4,05:17,81,57,,16742.10,29.8,314
,01:40:00,158,11.4,05:17,81,57,,16745.20,29.9,316
,01:40:01,158,11.0,05:27,81,57,,16747.30,29.9,304
,01:40:02,158,10.3,05:51,81,57,,16748.10,29.8,284
,01:40:03,158,9.6,06:13,81,57,,16748.10,29.9,266
,01:40:04,157,9.4,06:23,81,57,,16749.40,29.9,260
,01:40:05,157,9.5,06:19,81,58,,16751.20,29.9,264
,01:40:06,157,9.8,06:09,81,58,,16751.90,29.9,272
,01:40:07,157,10.0,06:01,81,58,,16752.00,29.9,278
,01:40:08,158,10.1,05:55,81,58,,16753.40,29.9,282
,01:40:09,158,10.3,05:50,81,58,,16757.70,29.9,288
,01:40:10,159,10.4,05:45,81,58,,16762.10,29.8,292
,01:40:11,159,10.5,05:42,81,58,,16766.30,29.9,294
,01:40:12,159,10.6,05:39,81,58,,16770.10,29.9,296
,01:40:13,159,10.7,05:35,81,58,,16773.90,29.9,300
,01:40:14,160,10.9,05:31,81,58,,16777.60,29.8,302
,01:40:15,160,10.9,05:29,81,58,,16780.90,29.9,302
,01:40:16,160,11.0,05:28,80,58,,16784.30,29.9,302
,01:40:17,160,11.0,05:27,81,58,,16787.30,29.8,302
,01:40:18,161,11.0,05:27,81,58,,16790.50,29.9,302
,01:40:19,161,11.1,05:26,81,58,,16793.80,29.9,300
,01:40:20,161,11.1,05:25,81,58,,16797.10,29.9,300
,01:40:21,161,11.1,05:24,81,58,,16800.20,29.8,302
,01:40:22,161,11.1,05:24,81,58,,16803.20,29.9,302
,01:40:23,161,11.1,05:23,81,58,,16806.20,29.9,304
,01:40:24,161,11.2,05:23,81,58,,16809.30,29.8,306
,01:40:25,161,11.2,05:23,81,58,,16812.10,29.9,308
,01:40:26,162,11.2,05:23,81,58,,16815.00,29.8,310
,01:40:27,162,11.1,05:25,81,58,,16817.70,29.9,310
,01:40:28,162,10.9,05:30,81,58,,16820.30,29.8,308
,01:40:29,162,10.9,05:32,81,58,,16823.10,29.9,308
,01:40:30,162,10.9,05:30,80,58,,16825.70,29.8,310
,01:40:31,162,10.9,05:29,80,58,,16828.30,29.8,312
,01:40:32,162,11.0,05:29,80,58,,16830.90,29.8,314
,01:40:33,162,11.0,05:28,80,58,,16833.50,29.8,316
,01:40:34,162,11.0,05:28,80,58,,16836.20,29.9,316
,01:40:35,162,11.0,05:27,80,58,,16839.30,29.8,318
,01:40:36,163,11.0,05:26,80,58,,16843.00,29.8,318
,01:40:37,163,11.1,05:25,80,58,,16846.30,29.7,318
,01:40:38,163,11.0,05:26,80,58,,16848.80,29.8,318
,01:40:39,163,10.7,05:37,80,58,,16850.80,29.9,306
,01:40:40,163,10.0,05:59,80,58,,16853.00,29.9,288
,01:40:41,163,8.6,07:00,80,58,,16855.30,29.8,246
,01:40:42,163,7.1,08:29,80,58,,16857.00,29.8,202
,01:40:43,162,6.6,09:07,80,58,,16858.40,29.8,188
,01:40:44,161,6.7,08:55,80,58,,16859.70,29.8,194
,01:40:45,161,7.2,08:22,80,58,,16861.30,29.8,206
,01:40:46,160,7.5,07:58,79,58,,16863.60,29.9,216
,01:40:47,159,8.2,07:20,78,58,,16866.00,29.8,236
,01:40:48,159,8.7,06:55,79,58,,16868.60,29.8,252
,01:40:49,158,8.7,06:52,79,58,,16871.20,29.8,254
,01:40:50,158,8.8,06:47,80,58,,16874.30,29.8,258
,01:40:51,157,9.1,06:36,81,58,,16877.60,29.8,266
,01:40:52,157,9.4,06:23,81,58,,16880.90,29.8,276
,01:40:53,157,9.6,06:14,81,58,,16884.40,29.8,282
,01:40:54,157,9.8,06:07,80,58,,16887.30,29.8,290
,01:40:55,157,10.0,05:59,81,58,,16890.60,29.8,296
,01:40:56,157,10.3,05:50,80,58,,16894.30,29.8,304
,01:40:57,157,10.6,05:41,80,58,,16898.40,29.8,312
,01:40:58,157,10.7,05:36,81,58,,16901.90,29.8,314
,01:40:59,157,10.8,05:35,80,58,,16905.30,29.7,314
,01:41:00,157,10.7,05:36,80,58,,16908.50,29.7,314
,01:41:01,156,10.7,05:37,80,58,,16911.60,29.7,312
,01:41:02,156,10.7,05:38,80,58,,16915.10,29.6,310
,01:41:03,156,10.9,05:31,80,58,,16918.70,29.6,316
,01:41:04,156,11.3,05:19,80,58,,16922.20,29.8,328
,01:41:05,155,11.4,05:16,80,59,,16924.80,29.7,330
,01:41:06,155,11.3,05:19,80,59,,16927.80,29.7,326
,01:41:07,155,11.2,05:22,80,59,,16930.80,29.7,322
,01:41:08,155,11.1,05:25,80,59,,16933.70,29.6,318
,01:41:09,155,10.9,05:31,80,59,,16936.50,29.7,312
,01:41:10,155,10.6,05:41,80,59,,16939.10,29.6,300
,01:41:11,155,10.3,05:51,80,59,,16940.90,29.7,292
,01:41:12,155,10.0,05:58,80,59,,16943.00,29.6,284
,01:41:13,155,9.9,06:05,80,59,,16945.20,29.6,278
,01:41:14,155,9.7,06:10,80,59,,16947.50,29.6,274
,01:41:15,155,9.7,06:10,80,59,,16949.70,29.6,274
,01:41:16,155,9.8,06:06,80,59,,16952.40,29.5,276
,01:41:17,155,9.9,06:04,80,59,,16955.60,29.7,276
,01:41:18,154,9.9,06:02,80,59,,16958.50,29.6,278
,01:41:19,154,10.0,06:01,81,59,,16961.50,29.6,278
,01:41:20,154,10.0,06:00,81,59,,16964.50,29.6,278
,01:41:21,153,10.0,05:59,80,59,,16967.30,29.5,276
,01:41:22,153,10.0,05:59,81,59,,16970.00,29.5,276
,01:41:23,153,10.0,05:59,81,59,,16972.80,29.6,274
,01:41:24,153,10.0,06:00,80,59,,16975.80,29.5,272
,01:41:25,153,9.9,06:03,80,59,,16978.20,29.6,268
,01:41:26,153,9.7,06:12,80,59,,16979.80,29.6,260
,01:41:27,153,9.3,06:26,80,59,,16981.60,29.6,248
,01:41:28,153,9.1,06:37,80,59,,16984.10,29.5,242
,01:41:29,153,9.0,06:38,80,59,,16986.50,29.4,240
,01:41:30,153,9.2,06:29,80,59,,16989.40,29.5,244
,01:41:31,152,9.6,06:16,80,59,,16992.40,29.4,252
,01:41:32,152,9.9,06:02,80,59,,16995.50,29.5,262
,01:41:33,152,10.1,05:58,80,59,,16998.10,29.5,266
,01:41:34,152,10.0,06:00,80,59,,17000.60,29.5,264
,01:41:35,152,9.8,06:06,80,59,,17003.50,29.4,260
,01:41:36,152,9.6,06:17,80,59,,17006.60,29.5,254
,01:41:37,152,9.5,06:20,80,59,,17010.00,29.5,252
,01:41:38,152,9.5,06:18,80,59,,17013.20,29.5,254
,01:41:39,153,9.6,06:16,80,59,,17015.00,29.5,256
,01:41:40,153,9.4,06:22,80,59,,17016.60,29.5,252
,01:41:41,153,9.0,06:41,80,59,,17018.40,29.4,242
,01:41:42,153,8.6,07:00,80,59,,17020.60,29.3,230
,01:41:43,153,8.4,07:11,80,59,,17022.90,29.4,224
,01:41:44,153,8.4,07:11,80,59,,17025.20,29.4,226
,01:41:45,153,8.4,07:11,80,59,,17027.60,29.4,226
,01:41:46,153,8.1,07:23,80,59,,17028.50,29.5,220
,01:41:47,153,7.9,07:36,80,59,,17029.50,29.4,214
,01:41:48,153,7.8,07:44,80,59,,17031.90,29.4,210
,01:41:49,153,7.9,07:38,80,59,,17034.70,29.4,214
,01:41:50,153,8.2,07:20,80,59,,17037.60,29.3,222
,01:41:51,153,8.5,07:04,80,59,,17040.20,29.4,232
,01:41:52,153,8.8,06:49,81,59,,17043.30,29.4,240
,01:41:53,154,9.0,06:40,81,59,,17046.00,29.4,246
,01:41:54,154,9.1,06:38,80,59,,17048.20,29.4,248
,01:41:55,153,9.0,06:38,80,59,,17051.20,29.4,248
,01:41:56,153,9.1,06:37,80,59,,17054.30,29.4,248
,01:41:57,153,9.1,06:34,80,59,,17056.90,29.4,250
,01:41:58,153,9.2,06:32,79,59,,17059.10,29.4,252
,01:41:59,153,9.2,06:32,79,59,,17061.00,29.4,252
,01:42:00,153,9.2,06:33,79,59,,17063.20,29.5,252
,01:42:01,153,9.1,06:34,79,59,,17065.10,29.3,252
,01:42:02,152,9.1,06:35,79,59,,17067.40,29.3,252
,01:42:03,153,9.1,06:37,79,59,,17070.10,29.4,250
,01:42:04,153,8.9,06:42,79,59,,17072.20,29.4,248
,01:42:05,153,8.8,06:49,79,59,,17074.20,29.4,244
,01:42:06,153,8.7,06:53,80,59,,17076.40,29.3,240
,01:42:07,153,8.7,06:56,80,59,,17078.70,29.4,238
,01:42:08,152,8.7,06:54,80,59,,17081.40,29.3,240
,01:42:09,152,8.8,06:48,80,59,,17084.20,29.3,244
,01:42:10,152,9.0,06:41,80,59,,17087.10,29.3,248
,01:42:11,152,9.1,06:38,80,59,,17089.80,29.4,250
,01:42:12,152,9.0,06:39,80,59,,17092.20,29.3,250
,01:42:13,152,9.0,06:41,80,59,,17095.20,29.2,250
,01:42:14,152,8.9,06:43,80,59,,17097.90,29.3,250
,01:42:15,152,8.8,06:48,81,59,,17100.20,29.3,246
,01:42:16,152,8.7,06:55,81,59,,17102.40,29.3,242
,01:42:17,152,8.6,06:59,81,59,,17104.90,29.2,242
,01:42:18,152,8.6,06:59,81,59,,17106.80,29.4,242
,01:42:19,152,8.6,06:59,80,59,,17108.80,29.3,242
,01:42:20,152,8.6,07:00,81,59,,17111.10,29.2,240
,01:42:21,152,8.5,07:04,81,59,,17113.20,29.3,238
,01:42:22,152,8.4,07:10,80,59,,17115.00,29.3,236
,01:42:23,152,8.2,07:17,81,59,,17117.40,29.4,232
,01:42:24,152,8.2,07:21,81,59,,17119.60,29.2,228
,01:42:25,152,8.2,07:19,81,59,,17122.40,29.3,230
,01:42:26,152,8.3,07:13,81,59,,17124.40,29.2,232
,01:42:27,152,8.6,07:00,81,59,,17127.00,29.3,238
,01:42:28,152,8.9,06:46,81,59,,17129.90,29.3,246
,01:42:29,152,9.2,06:33,81,59,,17132.90,29.3,252
,01:42:30,152,9.4,06:21,81,59,,17136.30,29.3,260
,01:42:31,151,9.9,06:04,81,59,,17140.40,29.2,270
,01:42:32,152,11.6,05:10,81,59,,17144.60,29.3,318
,01:42:33,152,13.5,04:26,81,59,,17149.00,29.2,370
,01:42:34,152,14.0,04:16,81,59,,17153.10,29.3,384
,01:42:35,152,13.8,04:21,81,59,,17156.60,29.2,376
,01:42:36,152,13.3,04:30,81,59,,17160.40,29.3,364
,01:42:37,152,12.0,05:00,81,59,,17163.70,29.2,326
,01:42:38,152,10.8,05:33,81,59,,17166.90,29.2,294
,01:42:39,152,10.8,05:34,80,59,,17170.20,29.3,292
,01:42:40,152,10.8,05:32,81,59,,17173.30,29.2,292
,01:42:41,152,11.0,05:26,80,59,,17176.00,29.3,296
,01:42:42,152,11.6,05:10,81,59,,17179.00,29.3,310
,01:42:43,151,11.6,05:10,81,59,,17181.80,29.1,310
,01:42:44,151,11.9,05:04,81,59,,17185.30,29.3,316
,01:42:45,151,11.7,05:08,81,59,,17188.40,29.3,310
,01:42:46,151,11.4,05:14,81,59,,17191.70,29.2,304
,01:42:47,152,11.2,05:20,81,59,,17194.40,29.2,300
,01:42:48,152,11.0,05:26,80,59,,17196.80,29.2,294
,01:42:49,152,10.9,05:31,81,59,,17198.80,29.2,290
,01:42:50,152,10.6,05:39,81,59,,17201.10,29.2,284
,01:42:51,152,10.3,05:48,81,59,,17203.00,29.4,276
,01:42:52,152,10.1,05:56,81,59,,17205.70,29.2,270
,01:42:53,152,10.0,06:02,81,59,,17208.70,29.2,266
,01:42:54,152,9.9,06:04,80,59,,17211.10,29.2,264
,01:42:55,152,9.8,06:07,81,59,,17213.70,29.3,262
,01:42:56,153,9.7,06:11,81,59,,17216.80,29.3,258
,01:42:57,153,9.6,06:14,80,58,,17219.50,29.2,256
,01:42:58,152,9.6,06:15,81,58,,17222.30,29.2,254
,01:42:59,152,9.6,06:16,81,58,,17225.00,29.2,252
,01:43:00,152,9.6,06:16,81,58,,17227.80,29.3,250
,01:43:01,152,9.6,06:16,81,58,,17230.50,29.2,250
,01:43:02,153,9.6,06:16,80,58,,17232.40,29.2,250
,01:43:03,153,9.6,06:16,80,58,,17234.80,29.3,250
,01:43:04,154,9.6,06:16,80,58,,17237.40,29.2,248
,01:43:05,153,9.6,06:16,80,58,,17240.10,29.2,248
,01:43:06,153,9.6,06:16,80,58,,17243.00,29.3,248
,01:43:07,154,9.6,06:15,80,58,,17245.80,29.2,248
,01:43:08,153,9.6,06:14,80,58,,17248.10,29.2,248
,01:43:09,153,9.6,06:13,81,58,,17250.80,29.3,248
,01:43:10,153,9.6,06:13,80,58,,17252.80,29.2,250
,01:43:11,153,9.6,06:13,80,58,,17255.70,29.3,250
,01:43:12,154,9.6,06:13,80,58,,17258.70,29.2,250
,01:43:13,154,9.7,06:13,80,58,,17261.20,29.2,252
,01:43:14,154,9.7,06:12,80,58,,17263.70,29.3,252
,01:43:15,154,9.7,06:11,80,58,,17266.80,29.2,254
,01:43:16,154,9.8,06:09,80,58,,17269.80,29.2,258
,01:43:17,154,9.8,06:08,80,58,,17272.70,29.2,260
,01:43:18,154,9.8,06:09,81,58,,17275.40,29.3,260
,01:43:19,153,9.7,06:10,81,58,,17278.40,29.2,260
,01:43:20,153,9.7,06:10,80,58,,17281.20,29.3,260
,01:43:21,153,9.7,06:09,80,58,,17283.60,29.2,262
,01:43:22,153,9.8,06:09,80,58,,17286.40,29.2,262
,01:43:23,154,9.8,06:08,80,58,,17289.00,29.2,264
,01:43:24,154,9.8,06:08,80,58,,17291.20,29.3,264
,01:43:25,154,9.8,06:08,80,58,,17293.20,29.2,264
,01:43:26,154,9.8,06:07,81,58,,17295.90,29.1,262
,01:43:27,154,9.8,06:07,81,58,,17298.40,29.2,262
,01:43:28,154,9.8,06:07,81,58,,17301.10,29.3,262
,01:43:29,153,9.8,06:07,80,58,,17303.20,29.2,260
,01:43:30,153,9.8,06:07,80,58,,17305.70,29.2,260
,01:43:31,153,9.7,06:10,80,58,,17308.10,29.1,256
,01:43:32,152,9.7,06:12,80,58,,17310.20,29.2,254
,01:43:33,152,9.7,06:13,80,58,,17312.60,29.3,254
,01:43:34,153,9.6,06:14,80,58,,17315.30,29.3,252
,01:43:35,153,9.6,06:15,80,58,,17317.90,29.2,252
,01:43:36,153,9.6,06:15,80,58,,17320.70,29.2,250
,01:43:37,153,9.6,06:16,80,58,,17323.50,29.2,250
,01:43:38,154,9.6,06:17,80,58,,17326.20,29.2,250
,01:43:39,153,9.5,06:18,80,58,,17328.80,29.1,250
,01:43:40,153,9.5,06:19,80,58,,17331.30,29.1,248
,01:43:41,153,9.4,06:24,80,58,,17333.90,29.2,244
,01:43:42,152,9.2,06:32,80,58,,17336.20,29.2,238
,01:43:43,152,9.0,06:41,80,58,,17337.90,29.2,234
,01:43:44,152,8.7,06:51,80,58,,17339.90,29.2,226
,01:43:45,152,8.5,07:04,80,58,,17341.10,29.2,220
,01:43:46,152,8.4,07:09,80,58,,17342.90,29.2,216
,01:43:47,153,8.5,07:06,80,58,,17345.00,29.2,218
,01:43:48,153,8.5,07:01,80,58,,17347.00,29.2,220
,01:43:49,153,8.7,06:56,80,58,,17349.40,29.2,222
,01:43:50,153,8.7,06:52,80,58,,17351.60,29.2,224
,01:43:51,152,8.8,06:49,80,58,,17354.00,29.2,226
,01:43:52,152,8.9,06:47,80,58,,17356.80,29.1,228
,01:43:53,151,8.9,06:45,80,58,,17359.50,29.2,230
,01:43:54,151,9.0,06:41,80,58,,17362.90,29.2,232
,01:43:55,150,9.1,06:37,80,58,,17365.90,29.1,236
,01:43:56,151,9.2,06:33,81,58,,17368.60,29.2,240
,01:43:57,151,9.2,06:32,80,58,,17371.20,29.1,240
,01:43:58,151,9.2,06:33,80,58,,17373.30,29.2,240
,01:43:59,150,9.1,06:35,80,58,,17376.00,29.1,240
,01:44:00,150,9.1,06:36,80,58,,17378.50,29.2,240
,01:44:01,150,9.1,06:37,80,58,,17380.70,29.2,240
,01:44:02,150,9.0,06:38,80,58,,17382.80,29.2,240
,01:44:03,150,8.8,06:49,80,58,,17384.10,29.1,232
,01:44:04,150,8.3,07:13,80,58,,17385.40,29.2,220
,01:44:05,150,7.8,07:39,80,57,,17386.80,29.2,206
,01:44:06,150,7.5,07:58,80,57,,17388.70,29.1,198
,01:44:07,150,7.4,08:05,80,57,,17390.60,29.3,194
,01:44:08,150,7.4,08:04,80,57,,17392.40,29.3,194
,01:44:09,150,7.5,07:57,80,57,,17394.20,29.2,196
,01:44:10,150,7.7,07:46,80,57,,17396.20,29.1,202
,01:44:11,150,7.9,07:34,80,57,,17398.60,29.2,206
,01:44:12,150,8.1,07:25,81,57,,17401.50,29.1,212
,01:44:13,150,8.2,07:18,80,57,,17404.50,29.2,216
,01:44:14,150,8.3,07:12,80,57,,17407.50,29.2,220
,01:44:15,150,8.6,07:01,80,57,,17410.60,29.2,226
,01:44:16,149,8.9,06:45,80,57,,17414.30,29.2,236
,01:44:17,149,9.2,06:31,80,57,,17418.10,29.2,246
,01:44:18,149,9.5,06:18,80,57,,17421.70,29.2,254
,01:44:19,149,9.7,06:10,80,57,,17424.90,29.1,260
,01:44:20,149,9.8,06:08,80,57,,17427.90,29.2,264
,01:44:21,149,9.7,06:10,80,57,,17431.20,29.2,262
,01:44:22,149,9.7,06:12,80,57,,17434.20,29.1,260
,01:44:23,149,9.7,06:09,80,57,,17437.30,29.2,264
,01:44:24,149,9.8,06:06,80,57,,17440.40,29.3,266
,01:44:25,149,9.9,06:04,80,57,,17442.80,29.2,266
,01:44:26,149,9.8,06:06,80,57,,17445.00,29.2,264
,01:44:27,150,9.7,06:13,80,57,,17447.20,29.1,260
,01:44:28,150,9.5,06:20,81,57,,17449.70,29.2,254
,01:44:29,149,9.2,06:30,81,57,,17451.80,29.1,246
,01:44:30,150,9.0,06:40,80,57,,17453.60,29.1,238
,01:44:31,150,8.9,06:46,80,57,,17456.20,29.1,234
,01:44:32,150,8.9,06:42,80,57,,17458.60,29.2,234
,01:44:33,150,9.2,06:32,80,57,,17460.90,29.2,240
,01:44:34,150,9.4,06:24,81,57,,17463.50,29.1,244
,01:44:35,150,9.5,06:18,81,57,,17466.20,29.2,248
,01:44:36,150,9.7,06:10,81,57,,17469.90,29.2,254
,01:44:37,150,10.0,06:00,81,57,,17473.50,29.1,262
,01:44:38,150,10.3,05:49,81,57,,17477.40,29.1,270
,01:44:39,151,10.5,05:43,81,57,,17481.10,29.2,276
,01:44:40,150,10.6,05:39,81,57,,17483.90,29.2,280
,01:44:41,151,10.7,05:37,80,57,,17487.50,29.1,280
,01:44:42,151,10.8,05:34,80,57,,17490.60,29.1,282
,01:44:43,151,11.0,05:27,80,56,,17494.20,29.3,288
,01:44:44,151,11.3,05:18,80,56,,17498.20,29.2,296
,01:44:45,151,11.6,05:12,80,56,,17501.40,29.2,302
,01:44:46,152,11.7,05:07,80,56,,17504.70,29.2,306
,01:44:47,152,11.8,05:05,80,56,,17507.90,29.2,308
,01:44:48,152,11.6,05:10,80,56,,17510.90,29.2,304
,01:44:49,152,11.3,05:18,80,56,,17514.00,29.2,294
,01:44:50,152,11.0,05:27,78,56,,17516.40,29.2,286
,01:44:51,152,10.7,05:37,78,56,,17518.90,29.1,278
,01:44:52,152,10.3,05:50,77,56,,17520.90,29.3,268
,01:44:53,152,10.0,06:01,76,56,,17522.80,29.2,260
,01:44:54,152,9.7,06:09,78,56,,17524.70,29.2,254
,01:44:55,152,9.7,06:12,80,56,,17527.40,29.1,252
,01:44:56,151,9.7,06:12,81,56,,17529.80,29.1,254
,01:44:57,151,9.7,06:12,81,56,,17532.10,29.1,254
,01:44:58,151,9.7,06:12,80,56,,17534.70,29.2,254
,01:44:59,151,9.6,06:14,80,56,,17537.70,29.1,252
,01:45:00,151,9.5,06:19,79,56,,17540.20,29.2,250
,01:45:01,151,9.3,06:25,79,56,,17542.50,29.2,246
,01:45:02,151,9.0,06:39,79,56,,17544.70,29.2,238
,01:45:03,151,8.6,06:59,79,56,,17546.50,29.1,226
,01:45:04,151,8.2,07:18,79,56,,17547.50,29.2,218
,01:45:05,150,7.9,07:35,79,56,,17549.00,29.2,210
,01:45:06,150,7.7,07:50,79,56,,17550.80,29.2,202
,01:45:07,150,7.5,07:59,79,56,,17552.40,29.2,200
,01:45:08,150,7.5,08:03,78,56,,17553.70,29.2,200
,01:45:09,150,7.5,08:00,78,56,,17556.00,29.2,204
,01:45:10,150,7.6,07:54,78,56,,17558.20,29.2,210
,01:45:11,150,7.8,07:43,78,56,,17560.30,29.3,218
,01:45:12,151,8.0,07:28,78,56,,17562.80,29.2,230
,01:45:13,151,8.3,07:14,78,56,,17565.70,29.3,242
,01:45:14,151,8.5,07:01,78,56,,17568.30,29.2,254
,01:45:15,152,8.7,06:52,78,57,,17570.90,29.2,264
,01:45:16,152,8.8,06:48,79,57,,17573.20,29.1,272
,01:45:17,152,8.8,06:48,79,57,,17575.70,29.2,278
,01:45:18,153,8.8,06:50,79,57,,17577.90,29.2,284
,01:45:19,153,8.8,06:51,79,58,,17580.00,29.2,290
,01:45:20,153,8.8,06:49,79,58,,17582.90,29.2,298
,01:45:21,153,8.8,06:48,79,58,,17585.20,29.2,306
,01:45:22,154,8.9,06:47,79,58,,17587.50,29.3,314
,01:45:23,154,8.9,06:45,79,59,,17590.10,29.2,322
,01:45:24,154,8.9,06:45,80,59,,17592.80,29.2,326
,01:45:25,155,9.0,06:38,81,59,,17596.10,29.3,336
,01:45:26,155,9.4,06:22,81,59,,17599.60,29.2,350
,01:45:27,155,9.9,06:03,81,59,,17603.60,29.2,368
,01:45:28,155,10.3,05:50,81,59,,17607.40,29.4,378
,01:45:29,156,10.5,05:42,81,59,,17611.00,29.3,380
,01:45:30,156,10.8,05:35,81,59,,17614.80,29.2,382
,01:45:31,156,10.9,05:31,81,59,,17618.20,29.3,376
,01:45:32,156,10.7,05:35,81,59,,17621.30,29.3,364
,01:45:33,157,10.5,05:42,83,59,,17624.40,29.3,350
,01:45:34,157,10.3,05:48,83,59,,17627.30,29.2,336
,01:45:35,157,10.2,05:54,83,59,,17629.70,29.3,326
,01:45:36,157,10.0,05:59,83,59,,17631.70,29.3,316
,01:45:37,157,9.9,06:02,83,59,,17634.00,29.3,308
,01:45:38,157,9.8,06:06,83,59,,17636.20,29.3,300
,01:45:39,157,9.8,06:08,83,59,,17638.60,29.2,294
,01:45:40,157,9.7,06:11,83,59,,17641.00,29.2,290
,01:45:41,157,9.6,06:15,83,59,,17643.40,29.2,284
,01:45:42,158,9.4,06:25,86,59,,17645.60,29.3,276
,01:45:43,158,9.0,06:40,86,59,,17647.40,29.2,266
,01:45:44,158,8.6,06:58,86,59,,17648.70,29.3,254
,01:45:45,158,8.2,07:18,86,59,,17649.80,29.2,244
,01:45:46,157,6.5,09:11,86,59,,17650.80,29.2,196
,01:45:47,157,4.5,13:23,83,60,,17651.10,29.3,136
,01:45:48,157,3.7,16:14,78,60,,17651.40,29.3,114
,01:45:49,157,3.4,17:28,78,60,,17651.80,29.2,108
,01:45:50,157,3.4,17:44,72,60,,17652.30,29.1,108
,01:45:51,157,3.5,17:19,72,60,,17652.70,29.2,112
,01:45:52,157,3.6,16:49,66,60,,17653.40,29.3,118
,01:45:53,157,3.9,15:22,59,60,,17655.00,29.2,130
,01:45:54,157,4.4,13:46,63,60,,17657.00,29.2,146
,01:45:55,158,5.8,10:20,72,60,,17659.00,29.1,198
,01:45:56,158,7.3,08:14,76,60,,17661.70,29.1,246
,01:45:57,158,7.6,07:57,79,60,,17664.50,29.2,252
,01:45:58,158,7.7,07:47,80,60,,17667.30,29.2,254
,01:45:59,157,7.9,07:36,81,60,,17670.50,29.2,254
,01:46:00,157,8.2,07:21,81,60,,17673.90,29.1,258
,01:46:01,156,8.5,07:05,81,60,,17677.30,29.2,264
,01:46:02,156,8.7,06:52,81,60,,17680.30,29.2,266
,01:46:03,155,9.0,06:42,81,60,,17682.90,29.3,268
,01:46:04,155,9.1,06:35,81,60,,17686.40,29.2,268
,01:46:05,155,9.2,06:30,81,60,,17689.30,29.2,266
,01:46:06,154,9.4,06:24,81,60,,17692.30,29.2,266
,01:46:07,154,9.5,06:17,81,60,,17695.40,29.2,266
,01:46:08,154,9.7,06:12,81,60,,17698.40,29.2,266
,01:46:09,154,9.8,06:07,81,60,,17701.40,29.3,266
,01:46:10,153,9.8,06:07,80,60,,17704.40,29.2,262
,01:46:11,152,9.7,06:11,80,60,,17707.10,29.3,258
,01:46:12,151,9.7,06:13,80,60,,17709.80,29.2,254
,01:46:13,151,9.6,06:14,80,60,,17712.30,29.3,250
,01:46:14,150,9.6,06:17,80,60,,17714.80,29.3,246
,01:46:15,150,9.5,06:19,80,60,,17716.90,29.3,244
,01:46:16,150,9.3,06:25,80,60,,17718.80,29.2,238
,01:46:17,150,9.1,06:34,81,59,,17720.70,29.3,230
,01:46:18,151,9.0,06:39,81,59,,17722.60,29.3,226
,01:46:19,151,9.0,06:38,81,59,,17724.40,29.4,224
,01:46:20,151,9.1,06:35,81,59,,17726.50,29.3,224
,01:46:21,151,9.2,06:33,80,59,,17729.20,29.3,224
,01:46:22,151,9.2,06:31,80,59,,17731.50,29.5,222
,01:46:23,151,9.3,06:29,80,58,,17734.20,29.3,222
,01:46:24,151,9.3,06:27,80,58,,17737.20,29.3,220
,01:46:25,152,9.3,06:26,80,58,,17740.00,29.3,218
,01:46:26,152,9.3,06:25,80,58,,17743.10,29.3,216
,01:46:27,151,9.4,06:25,80,58,,17746.10,29.3,216
,01:46:28,151,9.4,06:24,80,58,,17748.80,29.4,216
,01:46:29,152,9.4,06:23,80,58,,17751.40,29.4,216
,01:46:30,152,9.4,06:23,79,58,,17753.60,29.4,216
,01:46:31,151,9.4,06:23,81,58,,17756.00,29.4,216
,01:46:32,151,9.3,06:28,81,58,,17758.10,29.4,216
,01:46:33,152,8.9,06:44,80,58,,17760.10,29.4,208
,01:46:34,152,8.6,06:59,80,58,,17762.90,29.4,200
,01:46:35,152,8.6,06:59,80,58,,17764.60,29.4,202
,01:46:36,153,8.6,06:59,80,58,,17766.90,29.4,204
,01:46:37,153,8.5,07:06,80,58,,17769.40,29.4,202
,01:46:38,153,8.3,07:13,81,58,,17772.20,29.4,200
,01:46:39,152,8.4,07:10,80,58,,17775.30,29.3,204
,01:46:40,152,8.6,06:58,80,58,,17778.30,29.4,212
,01:46:41,152,8.6,06:58,81,58,,17781.50,29.5,214
,01:46:42,152,8.4,07:07,81,58,,17784.50,29.4,214
,01:46:43,152,8.3,07:15,81,58,,17787.20,29.4,212
,01:46:44,152,8.2,07:22,81,58,,17790.30,29.4,210
,01:46:45,152,8.1,07:27,81,58,,17792.70,29.4,210
,01:46:46,152,8.0,07:32,81,58,,17795.10,29.4,210
,01:46:47,152,7.9,07:37,81,58,,17797.10,29.4,208
,01:46:48,152,7.8,07:41,80,58,,17798.90,29.4,208
,01:46:49,152,7.8,07:43,80,58,,17801.20,29.5,208
,01:46:50,153,7.7,07:45,80,58,,17804.10,29.4,208
,01:46:51,153,7.9,07:36,80,58,,17807.20,29.5,214
,01:46:52,153,8.2,07:19,80,58,,17810.20,29.5,222
,01:46:53,153,8.3,07:13,80,58,,17813.10,29.4,226
,01:46:54,153,8.3,07:16,80,58,,17816.40,29.4,224
,01:46:55,153,8.2,07:19,81,58,,17819.40,29.5,222
,01:46:56,153,8.2,07:21,81,58,,17822.30,29.5,220
,01:46:57,153,8.1,07:23,80,58,,17825.20,29.4,218
,01:46:58,153,8.1,07:24,80,58,,17828.30,29.5,216
,01:46:59,153,8.1,07:24,80,58,,17830.80,29.5,216
,01:47:00,153,8.1,07:23,80,58,,17833.60,29.4,214
,01:47:01,153,8.1,07:23,80,58,,17836.50,29.6,214
,01:47:02,153,8.1,07:23,80,58,,17839.20,29.4,212
,01:47:03,154,8.1,07:25,80,58,,17841.80,29.4,212
,01:47:04,154,8.1,07:26,80,58,,17844.50,29.6,210
,01:47:05,154,8.0,07:29,80,58,,17847.10,29.5,208
,01:47:06,154,7.9,07:36,80,58,,17849.30,29.5,204
,01:47:07,154,7.8,07:44,80,58,,17851.20,29.4,198
,01:47:08,155,7.6,07:52,80,58,,17853.20,29.5,196
,01:47:09,155,7.5,07:59,80,58,,17855.10,29.5,194
,01:47:10,155,7.4,08:05,80,58,,17856.90,29.5,192
,01:47:11,155,7.3,08:12,79,58,,17858.60,29.4,190
,01:47:12,156,7.2,08:18,79,58,,17860.60,29.6,190
,01:47:13,156,7.3,08:15,78,58,,17862.70,29.6,192
,01:47:14,156,7.3,08:11,79,58,,17865.30,29.5,196
,01:47:15,155,7.3,08:12,79,58,,17867.90,29.4,196
,01:47:16,155,7.3,08:10,79,58,,17870.50,29.5,198
,01:47:17,155,7.4,08:04,79,58,,17873.50,29.6,202
,01:47:18,155,7.7,07:47,79,58,,17876.50,29.5,212
,01:47:19,155,8.0,07:32,79,58,,17880.10,29.5,220
,01:47:20,155,8.2,07:19,79,58,,17883.80,29.5,230
,01:47:21,155,8.7,06:56,79,58,,17887.50,29.6,244
,01:47:22,155,9.0,06:39,79,58,,17891.00,29.5,258
,01:47:23,155,9.1,06:35,79,58,,17893.80,29.6,264
,01:47:24,155,9.1,06:36,79,58,,17896.50,29.5,266
,01:47:25,155,8.9,06:43,79,58,,17898.80,29.6,262
,01:47:26,155,8.4,07:08,79,58,,17899.80,29.6,244
,01:47:27,155,7.9,07:38,79,58,,17900.60,29.5,226
,01:47:28,155,7.5,07:59,79,58,,17901.20,29.6,214
,01:47:29,155,7.1,08:25,79,58,,17902.10,29.5,202
,01:47:30,155,7.0,08:31,79,58,,17903.50,29.6,198
,01:47:31,155,7.4,08:08,80,58,,17905.60,29.5,208
,01:47:32,155,7.8,07:39,81,58,,17908.40,29.7,222
,01:47:33,155,8.3,07:15,81,58,,17911.70,29.5,232
,01:47:34,155,8.6,06:58,81,58,,17914.80,29.6,236
,01:47:35,156,8.8,06:50,81,58,,17918.70,29.6,238
,01:47:36,155,8.9,06:45,81,58,,17922.60,29.6,238
,01:47:37,155,9.0,06:41,81,58,,17926.20,29.6,238
,01:47:38,156,8.9,06:43,80,58,,17929.00,29.6,236
,01:47:39,156,8.8,06:49,81,58,,17931.00,29.5,232
,01:47:40,156,8.8,06:51,80,58,,17932.90,29.5,230
,01:47:41,156,8.8,06:48,80,58,,17934.80,29.5,232
,01:47:42,156,8.9,06:44,80,58,,17936.70,29.6,234
,01:47:43,156,9.0,06:41,80,58,,17939.20,29.6,236
,01:47:44,157,9.0,06:39,80,58,,17941.60,29.6,238
,01:47:45,157,9.1,06:37,80,58,,17944.20,29.7,242
,01:47:46,157,9.1,06:35,80,58,,17947.00,29.6,244
,01:47:47,157,9.1,06:34,80,58,,17950.20,29.6,248
,01:47:48,157,9.2,06:32,80,58,,17952.60,29.6,252
,01:47:49,157,9.2,06:30,80,58,,17955.20,29.6,256
,01:47:50,157,9.3,06:29,80,58,,17958.10,29.5,258
,01:47:51,157,9.3,06:28,80,58,,17960.40,29.6,262
,01:47:52,157,9.3,06:28,80,58,,17962.40,29.5,264
,01:47:53,157,9.3,06:29,80,58,,17964.80,29.5,264
,01:47:54,157,9.2,06:32,80,58,,17966.60,29.5,262
,01:47:55,157,9.2,06:33,80,58,,17968.60,29.6,262
,01:47:56,156,9.1,06:36,80,58,,17970.60,29.6,260
,01:47:57,156,9.0,06:38,80,58,,17973.10,29.6,258
,01:47:58,156,9.0,06:38,80,58,,17975.90,29.7,258
,01:47:59,156,9.1,06:36,80,58,,17978.30,29.6,260
,01:48:00,156,9.2,06:31,80,58,,17981.10,29.6,264
,01:48:01,156,9.4,06:24,80,58,,17984.20,29.5,268
,01:48:02,156,9.5,06:18,80,58,,17987.20,29.5,272
,01:48:03,156,9.5,06:20,80,58,,17990.70,29.6,272
,01:48:04,156,9.3,06:29,80,58,,17993.80,29.5,266
,01:48:05,156,9.1,06:35,80,58,,17997.00,29.7,262
,01:48:06,156,9.0,06:41,80,58,,18000.10,29.6,258
,01:48:07,155,8.9,06:46,80,58,,18002.80,29.5,254
,01:48:08,155,8.8,06:51,80,58,,18006.30,29.5,250
,01:48:09,155,8.7,06:54,80,58,,18009.10,29.6,248
,01:48:10,155,8.6,06:57,80,58,,18011.90,29.6,246
,01:48:11,155,8.5,07:03,80,58,,18014.80,29.6,244
,01:48:12,154,8.4,07:09,80,58,,18017.50,29.6,238
,01:48:13,154,8.3,07:16,80,58,,18020.30,29.5,234
,01:48:14,154,8.1,07:23,80,58,,18022.70,29.6,230
,01:48:15,155,8.0,07:30,80,58,,18025.10,29.5,226
,01:48:16,155,7.9,07:37,80,58,,18027.50,29.6,222
,01:48:17,155,7.8,07:41,80,58,,18029.50,29.5,220
,01:48:18,155,7.8,07:43,80,58,,18032.10,29.6,218
,01:48:19,155,7.7,07:45,80,58,,18034.40,29.6,218
,01:48:20,155,7.7,07:47,80,58,,18036.90,29.6,216
,01:48:21,155,7.7,07:48,80,58,,18039.50,29.6,216
,01:48:22,155,7.7,07:49,80,58,,18042.10,29.6,214
,01:48:23,156,7.7,07:50,80,58,,18044.70,29.6,214
,01:48:24,156,7.6,07:51,80,58,,18047.20,29.6,212
,01:48:25,155,7.6,07:51,80,58,,18049.70,29.6,210
,01:48:26,155,7.6,07:51,80,58,,18052.20,29.6,210
,01:48:27,155,7.6,07:52,80,58,,18054.50,29.6,210
,01:48:28,155,7.6,07:54,80,58,,18057.10,29.5,208
,01:48:29,155,7.6,07:56,80,58,,18059.70,29.6,206
,01:48:30,155,7.7,07:49,80,58,,18062.60,29.6,208
,01:48:31,154,8.0,07:31,80,58,,18065.60,29.6,216
,01:48:32,154,8.3,07:14,81,58,,18068.90,29.6,224
,01:48:33,154,8.6,07:01,81,58,,18072.30,29.6,230
,01:48:34,154,8.6,07:01,81,58,,18075.40,29.6,230
,01:48:35,154,8.3,07:11,80,58,,18078.50,29.6,226
,01:48:36,155,8.2,07:18,80,58,,18081.60,29.6,222
,01:48:37,155,8.1,07:23,80,58,,18084.30,29.6,220
,01:48:38,155,8.1,07:26,80,58,,18086.70,29.6,218
,01:48:39,155,8.1,07:25,80,58,,18089.00,29.6,218
,01:48:40,155,8.2,07:21,80,58,,18091.20,29.6,220
,01:48:41,154,8.2,07:18,81,58,,18093.30,29.5,224
,01:48:42,154,8.3,07:15,80,58,,18095.60,29.5,226
,01:48:43,154,8.4,07:11,81,58,,18097.80,29.5,230
,01:48:44,154,8.5,07:03,80,58,,18100.30,29.6,236
,01:48:45,154,8.7,06:54,80,58,,18102.90,29.6,242
,01:48:46,154,8.8,06:47,80,58,,18105.00,29.6,248
,01:48:47,154,8.9,06:46,80,58,,18107.00,29.6,250
,01:48:48,154,8.8,06:49,80,58,,18109.20,29.5,250
,01:48:49,154,8.8,06:51,80,58,,18111.60,29.6,250
,01:48:50,154,8.8,06:51,79,58,,18113.50,29.6,254
,01:48:51,154,8.8,06:48,78,59,,18115.20,29.5,258
,01:48:52,154,8.9,06:45,78,59,,18117.50,29.6,262
,01:48:53,154,8.9,06:43,78,59,,18119.70,29.5,266
,01:48:54,154,9.0,06:40,78,59,,18122.20,29.5,270
,01:48:55,154,9.1,06:36,79,59,,18125.20,29.5,274
,01:48:56,154,9.2,06:30,80,59,,18128.20,29.5,280
,01:48:57,154,9.4,06:22,81,59,,18131.40,29.5,288
,01:48:58,154,9.6,06:16,81,59,,18134.50,29.6,292
,01:48:59,154,9.7,06:12,80,59,,18137.90,29.5,296
,01:49:00,153,9.7,06:12,80,59,,18141.20,29.5,296
,01:49:01,153,9.7,06:12,80,59,,18144.30,29.6,296
,01:49:02,153,9.7,06:12,80,59,,18147.50,29.5,298
,01:49:03,153,9.5,06:19,80,60,,18150.20,29.4,292
,01:49:04,153,9.3,06:26,80,60,,18152.90,29.5,290
,01:49:05,153,9.4,06:25,80,60,,18155.60,29.5,290
,01:49:06,153,9.4,06:23,80,60,,18158.30,29.5,292
,01:49:07,153,9.5,06:20,80,60,,18161.00,29.6,294
,01:49:08,153,9.7,06:12,80,60,,18164.10,29.5,300
,01:49:09,153,9.9,06:02,80,60,,18167.20,29.5,308
,01:49:10,153,10.1,05:56,80,60,,18170.00,29.5,312
,01:49:11,153,10.2,05:54,80,60,,18172.90,29.4,312
,01:49:12,153,10.1,05:57,80,60,,18175.50,29.5,308
,01:49:13,152,10.0,06:01,79,60,,18178.40,29.4,302
,01:49:14,152,9.9,06:04,79,60,,18180.80,29.5,298
,01:49:15,152,9.8,06:06,77,60,,18183.00,29.6,294
,01:49:16,152,9.6,06:15,77,60,,18184.60,29.5,286
,01:49:17,153,9.1,06:36,76,60,,18185.70,29.5,268
,01:49:18,152,8.4,07:08,67,60,,18187.20,29.5,248
,01:49:19,152,6.8,08:47,67,60,,18188.20,29.4,200
,01:49:20,151,5.2,11:32,57,60,,18189.10,29.5,152
,01:49:21,152,4.8,12:25,62,60,,18189.60,29.5,140
,01:49:22,152,5.0,12:06,71,60,,18190.30,29.5,144
,01:49:23,152,5.5,10:56,75,60,,18191.30,29.6,160
,01:49:24,152,6.1,09:49,77,60,,18192.60,29.5,178
,01:49:25,152,6.3,09:32,79,60,,18193.90,29.4,182
,01:49:26,152,6.3,09:34,79,60,,18195.50,29.6,180
,01:49:27,152,6.3,09:35,79,60,,18197.60,29.5,180
,01:49:28,152,6.3,09:27,79,60,,18200.00,29.4,182
,01:49:29,152,6.5,09:11,79,60,,18202.50,29.5,188
,01:49:30,152,6.8,08:51,78,60,,18204.90,29.5,194
,01:49:31,152,7.0,08:33,78,60,,18207.40,29.4,202
,01:49:32,152,7.2,08:17,79,60,,18210.20,29.4,208
,01:49:33,152,7.4,08:04,79,60,,18212.90,29.5,214
,01:49:34,152,7.6,07:53,79,60,,18215.10,29.4,220
,01:49:35,152,7.5,08:02,79,61,,18217.70,29.5,216
,01:49:36,152,7.1,08:28,79,61,,18220.00,29.4,204
,01:49:37,153,6.8,08:50,79,61,,18222.10,29.6,196
,01:49:38,152,6.6,09:08,79,61,,18224.10,29.5,190
,01:49:39,152,6.6,09:07,79,61,,18226.50,29.4,190
,01:49:40,152,6.8,08:46,79,61,,18228.80,29.4,198
,01:49:41,152,7.1,08:25,79,61,,18231.20,29.5,208
,01:49:42,152,7.5,08:02,79,61,,18234.10,29.5,216
,01:49:43,152,7.8,07:40,79,61,,18237.60,29.4,226
,01:49:44,152,8.2,07:21,79,61,,18241.00,29.5,236
,01:49:45,152,8.5,07:05,78,61,,18244.50,29.5,244
,01:49:46,152,8.7,06:54,79,61,,18247.90,29.5,250
,01:49:47,152,8.9,06:47,79,61,,18251.30,29.4,252
,01:49:48,153,9.0,06:40,79,61,,18254.40,29.4,256
,01:49:49,153,9.1,06:34,79,61,,18257.80,29.4,258
,01:49:50,152,9.2,06:30,79,61,,18260.70,29.4,258
,01:49:51,152,9.3,06:27,79,61,,18263.20,29.5,260
,01:49:52,151,9.1,06:36,79,61,,18265.50,29.4,252
,01:49:53,151,8.7,06:56,79,61,,18267.80,29.4,240
,01:49:54,150,8.3,07:12,79,61,,18270.20,29.4,230
,01:49:55,151,8.1,07:25,79,61,,18272.50,29.4,224
,01:49:56,151,7.9,07:36,79,61,,18274.60,29.4,218
,01:49:57,151,7.7,07:45,79,61,,18276.80,29.4,214
,01:49:58,151,7.6,07:53,79,61,,18278.70,29.5,210
,01:49:59,151,7.5,07:59,79,61,,18281.10,29.4,206
,01:50:00,151,7.4,08:05,79,61,,18283.40,29.4,204
,01:50:01,151,7.3,08:11,79,61,,18285.70,29.4,202
,01:50:02,151,7.2,08:17,79,61,,18288.10,29.5,198
,01:50:03,151,7.2,08:22,79,61,,18290.60,29.4,196
,01:50:04,151,7.1,08:26,79,61,,18292.80,29.5,194
,01:50:05,151,7.1,08:29,79,61,,18295.10,29.4,192
,01:50:06,151,7.0,08:32,79,61,,18297.10,29.5,190
,01:50:07,152,7.0,08:36,77,61,,18299.00,29.4,188
,01:50:08,152,6.9,08:40,77,61,,18300.90,29.4,186
,01:50:09,152,6.9,08:43,77,61,,18302.80,29.5,186
,01:50:10,152,6.8,08:49,78,61,,18304.60,29.4,184
,01:50:11,152,6.7,08:53,79,61,,18307.10,29.5,182
,01:50:12,152,6.9,08:40,79,61,,18310.00,29.4,186
,01:50:13,151,7.3,08:12,79,61,,18313.30,29.5,196
,01:50:14,151,7.7,07:47,79,61,,18316.10,29.5,206
,01:50:15,151,8.0,07:28,79,61,,18319.00,29.4,214
,01:50:16,151,8.0,07:28,78,61,,18321.70,29.3,214
,01:50:17,151,7.8,07:45,78,61,,18323.70,29.4,206
,01:50:18,151,7.5,08:02,78,61,,18325.20,29.5,198
,01:50:19,151,7.2,08:18,78,61,,18326.90,29.4,192
,01:50:20,151,7.0,08:32,79,61,,18328.70,29.5,188
,01:50:21,151,7.0,08:35,79,61,,18329.70,29.4,188
,01:50:22,151,7.1,08:29,79,61,,18330.50,29.5,192
,01:50:23,151,7.2,08:19,79,61,,18332.10,29.5,198
,01:50:24,152,7.4,08:04,79,61,,18334.70,29.3,204
,01:50:25,151,7.8,07:43,78,61,,18338.20,29.4,214
,01:50:26,151,8.1,07:23,78,61,,18341.50,29.5,222
,01:50:27,151,8.4,07:08,78,61,,18345.30,29.4,230
,01:50:28,150,8.6,06:58,78,61,,18348.70,29.4,236
,01:50:29,150,8.9,06:44,78,61,,18352.60,29.4,244
,01:50:30,150,9.4,06:23,78,61,,18357.20,29.5,256
,01:50:31,150,10.0,06:01,78,61,,18362.00,29.4,270
,01:50:32,150,10.5,05:43,78,61,,18366.70,29.4,284
,01:50:33,150,10.9,05:29,78,61,,18370.60,29.4,296
,01:50:34,150,11.2,05:20,78,61,,18374.00,29.4,304
,01:50:35,150,11.4,05:16,79,61,,18377.40,29.4,306
,01:50:36,150,11.4,05:15,78,61,,18380.60,29.5,306
,01:50:37,150,11.1,05:25,79,61,,18383.90,29.3,296
,01:50:38,150,10.5,05:44,79,61,,18385.40,29.4,278
,01:50:39,150,10.1,05:55,78,61,,18386.70,29.4,268
,01:50:40,150,10.0,06:00,78,61,,18388.40,29.4,264
,01:50:41,150,9.8,06:06,78,61,,18390.50,29.4,258
,01:50:42,149,9.7,06:11,78,61,,18392.90,29.4,254
,01:50:43,149,9.6,06:16,78,61,,18395.00,29.4,250
,01:50:44,149,9.5,06:20,78,61,,18396.80,29.4,246
,01:50:45,149,9.4,06:24,78,61,,18399.20,29.4,244
,01:50:46,150,9.2,06:30,78,61,,18401.00,29.5,240
,01:50:47,150,9.0,06:40,77,60,,18403.10,29.4,234
,01:50:48,150,8.7,06:56,77,60,,18404.60,29.4,224
,01:50:49,150,8.3,07:14,77,60,,18406.10,29.4,214
,01:50:50,150,8.0,07:30,77,60,,18407.60,29.4,206
,01:50:51,150,7.7,07:46,77,60,,18408.80,29.4,198
,01:50:52,150,7.5,08:02,77,60,,18410.20,29.6,192
,01:50:53,150,7.3,08:15,77,60,,18411.60,29.5,186
,01:50:54,150,7.1,08:27,77,60,,18412.50,29.4,182
,01:50:55,150,7.0,08:35,78,60,,18414.00,29.4,178
,01:50:56,150,7.0,08:35,79,60,,18415.90,29.5,178
,01:50:57,150,7.1,08:25,78,60,,18417.90,29.5,182
,01:50:58,150,7.4,08:09,79,60,,18420.00,29.5,186
,01:50:59,150,7.6,07:56,78,60,,18422.10,29.3,192
,01:51:00,149,7.7,07:47,78,60,,18424.50,29.5,196
,01:51:01,149,7.8,07:39,78,60,,18426.90,29.5,200
,01:51:02,149,7.9,07:34,78,60,,18429.20,29.5,202
,01:51:03,149,8.0,07:30,78,60,,18431.70,29.5,204
,01:51:04,149,8.0,07:28,78,60,,18434.00,29.5,206
,01:51:05,149,8.1,07:25,79,60,,18436.30,29.4,206
,01:51:06,149,8.1,07:24,78,60,,18438.70,29.5,208
,01:51:07,149,8.1,07:22,79,60,,18441.00,29.5,208
,01:51:08,149,8.2,07:21,78,60,,18443.20,29.5,210
,01:51:09,149,8.2,07:20,78,60,,18445.30,29.5,210
,01:51:10,149,8.2,07:19,78,60,,18447.70,29.4,212
,01:51:11,148,8.2,07:18,78,59,,18449.90,29.4,212
,01:51:12,148,8.2,07:17,78,59,,18452.10,29.5,212
,01:51:13,148,8.2,07:17,78,59,,18453.90,29.6,212
,01:51:14,148,8.2,07:17,78,59,,18456.40,29.5,212
,01:51:15,148,8.2,07:17,78,59,,18458.80,29.5,212
,01:51:16,148,8.3,07:16,78,59,,18460.90,29.4,210
,01:51:17,148,8.3,07:16,78,59,,18463.20,29.4,210
,01:51:18,148,8.3,07:16,78,59,,18465.60,29.6,208
,01:51:19,148,8.3,07:16,78,59,,18467.40,29.4,206
,01:51:20,148,8.1,07:23,78,59,,18470.30,29.5,200
,01:51:21,148,8.1,07:25,78,58,,18473.00,29.4,198
,01:51:22,147,8.3,07:14,78,58,,18476.10,29.5,200
,01:51:23,147,8.4,07:07,78,58,,18478.40,29.6,202
,01:51:24,147,8.5,07:06,78,58,,18480.90,29.5,202
,01:51:25,147,8.4,07:07,78,58,,18483.20,29.6,200
,01:51:26,147,8.4,07:08,78,58,,18485.70,29.4,200
,01:51:27,147,8.4,07:09,78,58,,18488.30,29.5,200
,01:51:28,147,8.4,07:10,78,58,,18491.10,29.5,202
,01:51:29,147,8.4,07:10,78,58,,18493.30,29.6,202
,01:51:30,147,8.5,07:06,78,58,,18495.60,29.6,206
,01:51:31,146,8.7,06:53,79,58,,18498.30,29.5,216
,01:51:32,146,9.1,06:36,79,58,,18501.60,29.5,228
,01:51:33,146,9.4,06:23,79,58,,18505.00,29.5,238
,01:51:34,146,9.6,06:13,79,58,,18508.40,29.4,246
,01:51:35,147,9.8,06:08,79,58,,18511.40,29.5,254
,01:51:36,147,9.7,06:10,79,58,,18514.50,29.5,254
,01:51:37,146,9.5,06:18,79,58,,18517.20,29.5,250
,01:51:38,146,9.3,06:28,79,58,,18519.20,29.5,244
,01:51:39,146,8.9,06:46,79,58,,18521.40,29.6,234
,01:51:40,146,8.3,07:13,79,58,,18522.60,29.5,220
,01:51:41,146,7.8,07:43,79,58,,18523.60,29.5,206
,01:51:42,146,7.3,08:16,79,58,,18524.10,29.6,192
,01:51:43,145,6.8,08:47,79,58,,18524.60,29.6,180
,01:51:44,145,6.5,09:17,79,58,,18525.40,29.6,170
,01:51:45,145,9.1,06:34,79,58,,18527.10,29.5,180
,01:51:46,145,8.1,07:27,79,58,,18529.60,29.6,214
,01:51:47,145,8.9,06:46,79,58,,18529.70,29.6,236
,01:51:48,144,9.3,06:27,79,58,,18529.80,29.5,248
,01:51:49,144,9.4,06:21,79,58,,18529.80,29.6,252
,01:51:50,144,9.3,06:26,79,58,,18531.50,29.6,250
,01:51:51,145,9.3,06:27,79,58,,18534.00,29.6,250
,01:51:52,144,9.3,06:28,79,58,,18536.30,29.6,250
,01:51:53,144,9.0,06:40,79,58,,18538.70,29.7,242
,01:51:54,144,8.5,07:03,79,58,,18541.20,29.6,230
,01:51:55,144,8.1,07:26,79,58,,18543.40,29.6,218
,01:51:56,144,7.7,07:47,79,58,,18545.60,29.7,206
,01:51:57,145,7.5,08:02,79,58,,18547.80,29.6,200
,01:51:58,145,7.3,08:15,79,58,,18550.20,29.6,194
,01:51:59,145,7.3,08:15,79,58,,18552.60,29.7,192
,01:52:00,145,7.5,08:00,79,58,,18554.80,29.6,198
,01:52:01,145,7.7,07:47,79,58,,18557.10,29.8,202
,01:52:02,146,7.7,07:45,79,58,,18559.70,29.6,202
,01:52:03,146,7.7,07:47,79,58,,18562.40,29.6,200
,01:52:04,146,7.8,07:42,79,58,,18565.50,29.7,200
,01:52:05,146,7.9,07:34,79,58,,18568.80,29.6,202
,01:52:06,146,8.1,07:26,79,58,,18571.70,29.6,204
,01:52:07,147,8.2,07:20,79,58,,18574.30,29.6,206
,01:52:08,147,8.3,07:16,79,58,,18577.00,29.7,206
,01:52:09,147,8.3,07:13,79,58,,18579.70,29.7,206
,01:52:10,147,8.3,07:11,79,58,,18582.50,29.6,206
,01:52:11,147,8.4,07:10,79,58,,18585.50,29.6,206
,01:52:12,148,8.4,07:08,80,58,,18588.70,29.7,206
,01:52:13,148,8.4,07:07,81,58,,18592.10,29.7,208
,01:52:14,148,8.4,07:06,81,58,,18595.90,29.8,208
,01:52:15,148,8.5,07:05,81,57,,18599.40,29.7,208
,01:52:16,148,8.5,07:02,81,57,,18602.70,29.7,212
,01:52:17,149,8.6,06:59,81,57,,18605.90,29.6,214
,01:52:18,149,8.6,06:56,80,57,,18609.40,29.8,216
,01:52:19,149,8.7,06:54,81,57,,18612.60,29.6,218
,01:52:20,149,8.7,06:52,81,57,,18615.60,29.6,222
,01:52:21,149,8.8,06:51,80,57,,18618.50,29.7,224
,01:52:22,149,8.8,06:50,81,57,,18621.10,29.8,226
,01:52:23,149,8.8,06:50,81,57,,18623.40,29.7,226
,01:52:24,149,8.8,06:51,80,57,,18626.10,29.8,226
,01:52:25,149,8.8,06:51,81,57,,18628.60,29.7,226
,01:52:26,149,8.7,06:52,81,57,,18631.30,29.7,228
,01:52:27,149,8.7,06:52,81,57,,18634.10,29.8,228
,01:52:28,149,8.7,06:52,81,57,,18636.90,29.7,230
,01:52:29,149,8.7,06:52,81,57,,18639.60,29.8,230
,01:52:30,149,8.8,06:50,80,57,,18642.40,29.7,232
,01:52:31,149,8.9,06:44,80,57,,18645.00,29.6,236
,01:52:32,149,9.1,06:38,80,57,,18648.00,29.8,242
,01:52:33,149,9.2,06:32,80,57,,18650.90,29.8,248
,01:52:34,149,9.3,06:28,80,57,,18653.60,29.8,250
,01:52:35,149,9.3,06:25,81,57,,18656.50,29.8,254
,01:52:36,149,9.4,06:23,80,57,,18658.90,29.8,256
,01:52:37,149,9.4,06:22,81,57,,18661.90,29.8,258
,01:52:38,149,9.5,06:19,81,57,,18664.80,29.8,260
,01:52:39,149,9.5,06:18,80,57,,18667.40,29.8,262
,01:52:40,149,9.6,06:16,80,57,,18670.10,29.8,264
,01:52:41,149,9.6,06:15,80,57,,18672.50,29.9,264
,01:52:42,149,9.6,06:14,81,57,,18675.30,29.8,266
,01:52:43,149,9.6,06:13,81,57,,18678.00,29.7,266
,01:52:44,149,9.7,06:13,81,57,,18680.10,29.8,266
,01:52:45,149,9.7,06:12,81,57,,18682.70,29.8,266
,01:52:46,149,9.7,06:12,81,57,,18685.10,29.8,266
,01:52:47,149,9.7,06:12,81,57,,18687.50,29.8,264
,01:52:48,149,9.7,06:11,81,57,,18690.10,29.8,264
,01:52:49,149,9.7,06:11,81,57,,18693.00,29.8,264
,01:52:50,148,9.7,06:11,81,57,,18695.60,29.8,264
,01:52:51,148,9.7,06:11,81,57,,18697.80,29.8,264
,01:52:52,148,9.7,06:11,80,57,,18700.70,29.8,264
,01:52:53,148,9.7,06:10,80,57,,18703.30,29.8,264
,01:52:54,148,9.7,06:10,80,57,,18706.10,29.8,264
,01:52:55,148,9.7,06:13,80,57,,18708.30,29.7,262
,01:52:56,148,9.6,06:17,80,57,,18710.80,29.7,258
,01:52:57,148,9.5,06:21,80,57,,18713.10,29.8,256
,01:52:58,148,9.4,06:23,80,57,,18715.50,29.8,254
,01:52:59,148,9.4,06:23,81,57,,18717.70,29.8,254
,01:53:00,148,9.4,06:21,81,57,,18720.30,29.8,256
,01:53:01,147,9.5,06:19,81,57,,18722.80,29.8,256
,01:53:02,148,9.5,06:17,81,57,,18725.40,29.8,258
,01:53:03,148,9.6,06:16,80,57,,18727.90,29.8,258
,01:53:04,148,9.6,06:15,80,57,,18730.50,29.7,258
,01:53:05,147,9.6,06:14,80,57,,18732.90,29.8,258
,01:53:06,148,9.6,06:13,80,57,,18735.60,29.8,260
,01:53:07,148,9.7,06:13,80,57,,18738.50,29.7,260
,01:53:08,147,9.7,06:12,80,57,,18741.10,29.8,260
,01:53:09,147,9.7,06:12,80,57,,18743.70,29.8,260
,01:53:10,147,9.7,06:12,80,57,,18746.10,29.8,260
,01:53:11,146,9.7,06:13,80,57,,18748.60,29.8,260
,01:53:12,145,9.6,06:13,81,57,,18751.10,29.8,258
,01:53:13,145,9.6,06:14,81,57,,18753.60,29.8,258
,01:53:14,145,9.6,06:15,80,57,,18756.20,29.9,258
,01:53:15,145,9.6,06:16,80,57,,18758.70,29.9,258
,01:53:16,145,9.6,06:16,80,57,,18760.90,29.8,256
,01:53:17,145,9.5,06:17,80,57,,18763.00,29.8,254
,01:53:18,145,9.5,06:18,80,57,,18765.30,29.8,254
,01:53:19,145,9.5,06:20,80,57,,18767.80,29.7,254
,01:53:20,146,9.5,06:20,80,57,,18770.40,29.8,254
,01:53:21,146,9.4,06:21,81,57,,18773.00,29.8,256
,01:53:22,146,9.4,06:22,81,57,,18775.50,29.9,256
,01:53:23,146,9.4,06:23,81,57,,18777.90,29.9,258
,01:53:24,146,9.4,06:24,81,57,,18780.40,29.8,258
,01:53:25,146,9.4,06:24,81,57,,18783.10,29.9,258
,01:53:26,146,9.4,06:25,80,57,,18785.90,29.8,260
,01:53:27,147,9.3,06:25,81,57,,18788.70,29.8,260
,01:53:28,147,9.3,06:26,80,57,,18791.10,29.8,260
,01:53:29,147,9.2,06:33,80,57,,18793.20,29.8,258
,01:53:30,147,8.8,06:49,80,57,,18795.10,29.8,248
,01:53:31,147,8.5,07:06,80,57,,18797.00,29.8,238
,01:53:32,148,8.2,07:20,80,57,,18798.90,29.9,232
,01:53:33,148,8.1,07:25,81,57,,18800.90,29.9,230
,01:53:34,148,8.1,07:25,81,57,,18802.70,29.8,230
,01:53:35,148,8.1,07:25,81,57,,18805.00,29.8,232
,01:53:36,148,8.1,07:24,81,57,,18807.30,29.8,232
,01:53:37,148,8.1,07:24,81,57,,18809.80,29.7,234
,01:53:38,148,8.1,07:23,81,57,,18812.30,29.9,234
,01:53:39,148,8.1,07:23,80,57,,18815.30,29.8,234
,01:53:40,148,8.1,07:23,81,57,,18818.50,29.9,236
,01:53:41,149,8.2,07:22,81,57,,18821.50,29.8,236
,01:53:42,149,8.2,07:20,81,57,,18824.30,29.8,238
,01:53:43,148,8.2,07:18,81,57,,18826.70,29.9,238
,01:53:44,148,8.2,07:17,81,57,,18829.10,29.8,238
,01:53:45,149,8.3,07:16,81,57,,18831.50,29.9,240
,01:53:46,149,8.3,07:16,81,57,,18833.90,29.8,240
,01:53:47,149,8.3,07:15,81,57,,18836.10,29.8,238
,01:53:48,149,8.3,07:15,81,57,,18838.10,29.9,238
,01:53:49,148,8.3,07:16,81,57,,18840.10,29.8,236
,01:53:50,149,8.2,07:19,81,57,,18842.10,29.9,234
,01:53:51,149,8.2,07:21,81,57,,18844.30,29.9,232
,01:53:52,149,8.1,07:23,81,57,,18846.70,29.8,230
,01:53:53,149,8.1,07:26,81,57,,18848.70,29.8,228
,01:53:54,149,8.0,07:29,81,57,,18850.50,29.9,226
,01:53:55,149,8.0,07:31,81,57,,18852.50,29.8,224
,01:53:56,149,7.9,07:34,81,57,,18854.70,29.8,222
,01:53:57,149,7.9,07:38,81,57,,18856.90,29.8,218
,01:53:58,149,7.8,07:41,81,57,,18858.90,29.8,218
,01:53:59,149,7.8,07:42,81,57,,18860.80,29.8,216
,01:54:00,149,7.8,07:42,80,57,,18862.70,29.8,216
,01:54:01,149,7.8,07:42,81,57,,18864.80,29.8,216
,01:54:02,149,7.8,07:42,81,57,,18867.40,29.8,216
,01:54:03,150,7.8,07:41,81,57,,18870.50,29.9,216
,01:54:04,150,7.9,07:38,81,57,,18873.40,29.9,216
,01:54:05,149,8.0,07:31,81,57,,18876.00,29.9,220
,01:54:06,149,8.1,07:25,81,57,,18878.90,29.9,224
,01:54:07,149,8.2,07:20,81,57,,18881.60,29.8,226
,01:54:08,149,8.3,07:14,81,57,,18884.40,29.8,230
,01:54:09,149,8.4,07:10,81,58,,18887.20,29.9,232
,01:54:10,149,8.5,07:05,81,58,,18890.30,29.9,236
,01:54:11,149,8.7,06:53,81,58,,18893.20,29.9,242
,01:54:12,149,9.0,06:38,81,58,,18895.80,29.8,252
,01:54:13,149,9.3,06:26,80,58,,18898.40,29.8,260
,01:54:14,149,9.5,06:18,81,58,,18901.60,29.9,266
,01:54:15,149,9.6,06:13,80,58,,18904.60,29.8,270
,01:54:16,148,9.6,06:13,81,58,,18907.60,29.9,270
,01:54:17,148,9.6,06:16,81,58,,18910.60,29.8,268
,01:54:18,148,9.4,06:21,81,58,,18913.50,29.9,266
,01:54:19,148,9.3,06:26,80,58,,18915.50,29.8,262
,01:54:20,148,9.2,06:29,80,58,,18917.80,29.9,260
,01:54:21,148,9.1,06:34,80,58,,18919.80,29.9,258
,01:54:22,148,9.0,06:39,80,58,,18921.70,29.9,254
,01:54:23,148,8.8,06:49,81,58,,18923.60,29.8,248
,01:54:24,148,8.5,07:05,81,58,,18925.10,29.9,238
,01:54:25,148,8.2,07:21,81,58,,18926.50,29.8,230
,01:54:26,148,7.9,07:33,81,58,,18928.20,29.9,224
,01:54:27,148,7.8,07:41,80,58,,18929.80,29.8,220
,01:54:28,148,7.7,07:49,80,58,,18931.40,29.8,216
,01:54:29,148,7.6,07:56,81,58,,18932.80,29.9,212
,01:54:30,149,7.5,08:00,80,58,,18934.50,29.8,210
,01:54:31,148,7.5,07:58,80,58,,18936.90,29.8,212
,01:54:32,148,7.7,07:49,81,58,,18938.70,29.9,216
,01:54:33,148,7.8,07:40,80,58,,18940.90,29.9,220
,01:54:34,148,8.0,07:32,80,58,,18943.20,29.8,226
,01:54:35,149,8.1,07:26,80,58,,18945.50,29.9,230
,01:54:36,148,8.2,07:22,80,58,,18948.10,29.8,234
,01:54:37,149,8.2,07:19,81,58,,18950.60,29.8,236
,01:54:38,148,8.2,07:17,80,58,,18953.20,29.9,238
,01:54:39,148,8.3,07:16,80,58,,18955.70,29.9,240
,01:54:40,148,8.3,07:15,80,58,,18958.00,29.9,242
,01:54:41,148,8.3,07:12,80,58,,18960.50,29.8,244
,01:54:42,148,8.4,07:08,81,58,,18963.30,29.8,246
,01:54:43,148,8.4,07:07,81,58,,18965.70,29.8,248
,01:54:44,148,8.4,07:07,81,58,,18968.20,29.9,246
,01:54:45,148,8.4,07:07,80,58,,18970.70,29.8,246
,01:54:46,148,8.5,07:03,80,58,,18973.60,29.8,248
,01:54:47,149,8.7,06:55,80,58,,18976.20,29.8,254
,01:54:48,149,8.9,06:46,81,58,,18978.60,29.8,258
,01:54:49,149,9.0,06:41,81,58,,18981.20,29.9,262
,01:54:50,149,9.1,06:37,81,58,,18983.90,29.9,264
,01:54:51,149,9.3,06:28,81,58,,18986.90,29.8,270
,01:54:52,150,9.6,06:13,81,58,,18990.10,29.9,280
,01:54:53,150,10.0,05:59,81,58,,18993.50,29.9,290
,01:54:54,150,10.3,05:49,81,58,,18996.70,29.9,298
,01:54:55,150,10.4,05:47,81,58,,18999.40,29.9,300
,01:54:56,150,10.3,05:50,81,58,,19002.40,29.9,298
,01:54:57,150,10.3,05:49,81,58,,19005.70,29.9,298
,01:54:58,150,10.4,05:46,81,58,,19009.30,29.8,302
,01:54:59,150,10.5,05:43,81,58,,19012.40,29.9,304
,01:55:00,150,10.4,05:46,81,58,,19015.00,29.8,302
,01:55:01,151,10.2,05:53,80,58,,19017.60,29.9,296
,01:55:02,151,10.0,05:59,80,58,,19020.00,29.8,290
,01:55:03,151,9.9,06:04,81,59,,19022.60,30.0,286
,01:55:04,151,9.8,06:09,80,59,,19025.40,29.9,282
,01:55:05,151,9.7,06:12,80,59,,19027.80,29.9,278
,01:55:06,151,9.6,06:16,80,59,,19029.70,29.9,274
,01:55:07,151,9.5,06:19,80,59,,19031.60,30.0,270
,01:55:08,152,9.4,06:23,82,59,,19033.90,29.8,266
,01:55:09,152,9.4,06:25,81,59,,19036.40,29.9,262
,01:55:10,152,9.3,06:26,81,59,,19039.10,29.8,258
,01:55:11,152,9.3,06:27,81,59,,19041.80,29.9,256
,01:55:12,152,9.3,06:28,81,59,,19044.50,29.9,254
,01:55:13,152,9.3,06:29,81,59,,19047.10,29.9,254
,01:55:14,151,9.2,06:29,81,59,,19049.80,29.9,252
,01:55:15,151,9.2,06:30,81,59,,19052.60,29.9,252
,01:55:16,151,9.2,06:30,81,59,,19055.40,29.9,252
,01:55:17,151,9.2,06:30,81,59,,19058.20,30.0,250
,01:55:18,151,9.2,06:30,81,59,,19060.90,30.0,250
,01:55:19,151,9.2,06:31,81,59,,19063.50,29.9,250
,01:55:20,151,9.2,06:31,81,59,,19066.20,29.9,250
,01:55:21,151,9.2,06:31,81,59,,19068.70,29.9,250
,01:55:22,152,9.2,06:31,81,59,,19071.50,29.9,250
,01:55:23,152,9.2,06:30,81,59,,19074.30,29.9,250
,01:55:24,152,9.3,06:29,81,59,,19077.00,29.9,250
,01:55:25,152,9.3,06:28,81,59,,19079.70,30.0,250
,01:55:26,151,9.3,06:28,81,59,,19082.30,29.9,250
,01:55:27,151,9.3,06:27,81,59,,19085.00,30.0,250
,01:55:28,151,9.3,06:27,81,59,,19087.70,29.9,252
,01:55:29,151,9.3,06:26,81,59,,19090.20,29.9,252
,01:55:30,151,9.3,06:25,80,59,,19092.90,30.1,254
,01:55:31,151,9.4,06:25,80,59,,19095.20,29.9,256
,01:55:32,151,9.4,06:24,79,59,,19097.70,29.9,258
,01:55:33,151,9.4,06:23,78,59,,19100.20,29.9,258
,01:55:34,151,9.4,06:23,77,59,,19102.50,29.9,260
,01:55:35,151,9.4,06:25,75,59,,19104.70,29.9,258
,01:55:36,151,9.2,06:32,75,59,,19106.30,29.9,254
,01:55:37,151,8.7,06:52,75,59,,19107.90,30.0,242
,01:55:38,151,7.5,08:01,75,59,,19109.30,29.9,208
,01:55:39,151,7.5,08:01,75,59,,19110.80,29.9,208
,01:55:40,150,6.4,09:19,66,59,,19112.30,29.9,180
,01:55:41,150,6.4,09:20,66,59,,19113.90,30.0,180
,01:55:42,150,6.4,09:21,62,59,,19115.10,29.9,180
,01:55:43,150,6.4,09:21,62,59,,19116.40,30.0,178
,01:55:44,150,6.4,09:22,62,59,,19117.90,29.9,178
,01:55:45,149,6.4,09:22,58,59,,19119.80,30.0,178
,01:55:46,149,6.4,09:23,58,59,,19121.70,29.9,178
,01:55:47,149,6.3,09:27,55,59,,19123.50,29.9,178
,01:55:48,149,6.3,09:35,55,59,,19125.10,30.1,176
,01:55:49,149,6.1,09:50,57,59,,19126.40,29.9,172
,01:55:50,149,5.5,10:57,57,59,,19127.40,29.9,154
,01:55:51,148,4.6,12:57,57,59,,19128.60,30.0,130
,01:55:52,148,0.0,00:00,57,59,,19128.60,30.0,0
,01:55:53,148,0.2,243:13,57,59,,19128.60,29.9,6
,01:55:54,147,0.0,00:00,51,59,,19128.60,29.9,0
,01:55:55,146,0.0,00:00,0,59,,19128.60,30.0,0
,01:55:56,145,0.4,162:10,0,59,,19128.60,29.9,10
,01:55:57,144,0.9,69:30,0,59,,19128.60,29.9,22
,01:55:58,143,0.9,66:21,0,59,,19128.60,29.9,24
,01:55:59,143,0.8,75:29,0,59,,19128.60,29.9,20
,01:56:00,143,0.0,00:00,0,59,,19128.60,30.0,0
,01:56:01,142,0.0,00:00,0,59,,19128.60,29.9,0
,01:56:02,142,0.0,00:00,0,59,,19128.60,29.9,0
,01:56:03,140,0.0,00:00,0,59,,19128.60,29.9,0
,01:56:04,139,0.2,321:22,0,59,,19128.60,29.9,4
,01:56:05,137,0.4,137:44,0,59,,19128.60,29.9,10
,01:56:06,136,0.5,115:43,0,59,,19128.60,29.9,14
,01:56:07,136,0.0,00:00,0,59,,19128.60,29.9,0
,01:56:08,136,0.2,321:22,0,59,,19128.60,29.9,4
,01:56:09,136,0.0,00:00,0,59,,19128.60,29.9,0
,01:56:10,136,0.0,00:00,0,59,,19128.60,29.9,0
,01:56:11,137,0.0,00:00,0,59,,19128.60,30.0,0
,01:56:12,137,0.0,00:00,0,59,,19128.60,29.9,0
,01:56:13,137,0.0,00:00,0,59,,19128.60,30.1,0
,01:56:14,138,0.0,00:00,0,59,,19128.60,30.0,0
,01:56:15,139,0.0,00:00,0,59,,19128.60,29.9,0
,01:56:16,139,0.0,00:00,0,59,,19128.60,30.1,0
,01:56:17,140,0.0,00:00,0,59,,19128.60,29.9,0
,01:56:18,140,0.0,00:00,0,59,,19128.60,29.9,0
,01:56:19,140,0.0,00:00,0,59,,19128.60,30.0,0
,01:56:20,141,0.0,00:00,0,59,,19128.60,30.1,0
,01:56:21,142,0.0,00:00,0,59,,19128.60,30.1,0
,01:56:22,141,0.0,00:00,0,59,,19128.60,30.1,0
,01:56:23,141,0.0,00:00,0,59,,19128.60,30.0,0
,01:56:24,140,0.0,00:00,0,59,,19128.60,30.0,0
,01:56:25,138,0.0,00:00,0,59,,19128.60,30.0,0
,01:56:26,137,0.0,00:00,0,59,,19128.60,30.0,0
,01:56:27,137,0.0,00:00,0,59,,19128.60,30.0,0
,01:56:28,136,0.0,00:00,27,59,,19128.60,30.1,0
,01:56:29,136,0.0,00:00,46,59,,19128.60,29.9,0
,01:56:30,135,0.0,00:00,64,59,,19128.60,30.1,0
,01:56:31,134,0.0,00:00,64,60,,19128.60,30.0,0
,01:56:32,134,0.0,00:00,64,60,,19128.60,30.1,0
,01:56:33,133,0.0,00:00,64,60,,19128.60,29.9,0
,01:56:34,132,0.0,00:00,64,60,,19128.60,30.1,0
,01:56:35,131,0.0,00:00,64,60,,19128.60,30.0,0
,01:56:36,131,0.0,00:00,64,60,,19128.60,30.1,0
,01:56:37,130,0.0,00:00,55,60,,19128.60,30.1,0
,01:56:38,131,0.0,00:00,55,60,,19128.60,30.1,0
,01:56:39,132,1.4,44:13,57,60,,19128.60,30.0,36
,01:56:40,132,3.2,18:57,57,60,,19128.60,30.0,86
,01:56:41,132,3.5,17:02,57,60,,19128.60,30.1,96
,01:56:42,132,3.7,16:12,53,60,,19128.60,30.0,102
,01:56:43,131,4.0,14:57,51,60,,19128.60,30.0,110
,01:56:44,131,4.1,14:49,51,60,,19130.10,30.1,112
,01:56:45,130,4.1,14:46,50,60,,19131.90,30.1,114
,01:56:46,129,4.1,14:46,50,60,,19133.70,30.1,116
,01:56:47,128,4.1,14:46,50,60,,19135.30,30.1,118
,01:56:48,127,4.1,14:46,50,60,,19136.60,30.1,122
,01:56:49,126,4.1,14:46,49,60,,19137.60,30.1,124
,01:56:50,126,4.1,14:46,49,60,,19138.20,30.0,124
,01:56:51,127,4.1,14:31,48,60,,19138.90,30.1,128
,01:56:52,127,4.3,13:49,49,60,,19140.10,30.1,136
,01:56:53,127,5.0,11:56,72,60,,19141.20,30.0,158
,01:56:54,127,6.5,09:15,77,60,,19142.80,30.1,204
,01:56:55,127,7.4,08:05,79,60,,19145.30,30.1,230
,01:56:56,128,7.5,07:57,81,60,,19148.30,30.1,232
,01:56:57,128,7.8,07:43,81,60,,19151.30,30.2,236
,01:56:58,128,8.0,07:29,81,60,,19154.00,30.0,242
,01:56:59,128,8.3,07:16,81,60,,19157.20,30.1,246
,01:57:00,127,8.4,07:07,82,60,,19160.20,30.1,250
,01:57:01,127,8.6,06:57,82,60,,19163.00,30.2,252
,01:57:02,128,8.8,06:48,83,60,,19166.10,30.1,256
,01:57:03,128,9.0,06:40,83,60,,19169.40,30.1,258
,01:57:04,129,9.2,06:30,83,60,,19172.40,30.3,262
,01:57:05,130,9.8,06:07,83,60,,19175.20,30.2,274
,01:57:06,130,9.8,06:07,83,60,,19178.30,30.2,270
,01:57:07,131,10.3,05:50,83,60,,19181.60,30.1,278
,01:57:08,131,10.3,05:50,83,60,,19184.50,30.2,274
,01:57:09,131,10.2,05:52,83,60,,19187.50,30.2,270
,01:57:10,131,10.2,05:54,83,60,,19190.40,30.1,264
,01:57:11,132,10.1,05:57,83,60,,19193.20,30.2,258
,01:57:12,133,10.0,06:01,82,60,,19195.50,30.3,252
,01:57:13,133,9.8,06:08,82,59,,19197.90,30.1,246
,01:57:14,134,9.6,06:15,82,59,,19200.20,30.3,238
,01:57:15,134,9.4,06:21,82,59,,19202.50,30.2,232
,01:57:16,135,9.4,06:24,82,59,,19205.10,30.3,230
,01:57:17,136,9.5,06:20,82,59,,19207.80,30.2,230
,01:57:18,136,9.6,06:14,82,59,,19210.60,30.2,232
,01:57:19,137,9.7,06:09,82,59,,19213.40,30.2,234
,01:57:20,138,9.8,06:07,82,59,,19216.00,30.3,236
,01:57:21,138,9.7,06:11,82,59,,19218.60,30.2,234
,01:57:22,139,9.6,06:17,82,59,,19221.10,30.2,232
,01:57:23,139,9.4,06:23,82,59,,19223.50,30.2,228
,01:57:24,139,9.3,06:27,81,59,,19226.10,30.3,228
,01:57:25,140,9.2,06:31,80,59,,19228.50,30.3,226
,01:57:26,140,9.1,06:36,80,59,,19230.40,30.3,224
,01:57:27,140,8.9,06:46,80,59,,19231.70,30.3,220
,01:57:28,141,8.6,07:01,80,59,,19233.00,30.3,214
,01:57:29,141,8.4,07:10,80,59,,19235.30,30.3,210
,01:57:30,141,8.4,07:11,80,59,,19237.80,30.2,212
,01:57:31,142,8.4,07:08,80,59,,19240.20,30.1,216
,01:57:32,142,8.6,06:58,80,59,,19242.60,30.1,222
,01:57:33,143,8.9,06:44,80,59,,19245.20,30.2,234
,01:57:34,143,9.0,06:39,80,59,,19247.80,30.3,238
,01:57:35,143,9.1,06:34,80,59,,19250.90,30.3,244
,01:57:36,143,9.3,06:29,80,59,,19254.40,30.2,252
,01:57:37,143,9.3,06:29,80,59,,19257.60,30.3,254
,01:57:38,144,9.4,06:23,80,59,,19260.30,30.3,262
,01:57:39,144,9.5,06:17,80,59,,19263.50,30.3,268
,01:57:40,144,9.6,06:16,80,59,,19265.80,30.3,272
,01:57:41,145,9.7,06:11,80,59,,19268.50,30.2,280
,01:57:42,145,9.8,06:08,80,59,,19271.00,30.2,286
,01:57:43,145,9.9,06:04,80,59,,19273.80,30.2,294
,01:57:44,145,9.9,06:04,80,59,,19275.90,30.1,298
,01:57:45,145,9.7,06:11,80,60,,19277.60,30.2,298
,01:57:46,146,9.4,06:25,80,60,,19280.00,30.3,290
,01:57:47,146,9.0,06:42,79,60,,19282.40,30.3,280
,01:57:48,146,8.5,07:04,79,60,,19283.70,30.2,266
,01:57:49,146,8.0,07:30,79,60,,19284.50,30.1,252
,01:57:50,146,7.6,07:51,78,60,,19285.00,30.1,242
,01:57:51,146,7.3,08:12,79,60,,19285.50,30.2,232
,01:57:52,146,7.1,08:27,79,60,,19286.50,30.2,228
,01:57:53,147,7.0,08:31,79,61,,19287.60,30.1,228
,01:57:54,147,7.1,08:30,79,61,,19288.70,30.2,230
,01:57:55,148,7.1,08:30,79,61,,19290.10,30.1,232
,01:57:56,147,7.1,08:27,79,61,,19292.00,30.1,234
,01:57:57,147,7.3,08:16,79,61,,19295.20,30.2,240
,01:57:58,147,7.5,08:01,79,61,,19298.10,30.2,248
,01:57:59,147,7.7,07:45,79,61,,19300.60,30.1,256
,01:58:00,148,8.0,07:28,79,61,,19303.60,30.2,266
,01:58:01,148,8.3,07:15,79,61,,19306.10,30.1,272
,01:58:02,148,8.5,07:05,79,61,,19309.30,30.1,278
,01:58:03,148,8.8,06:49,80,61,,19312.50,30.1,286
,01:58:04,148,9.2,06:33,81,61,,19316.50,30.1,296
,01:58:05,148,9.4,06:23,81,62,,19320.10,30.2,302
,01:58:06,148,9.7,06:12,80,62,,19323.10,30.1,308
,01:58:07,148,9.9,06:03,80,62,,19326.50,30.1,314
,01:58:08,148,10.0,05:59,80,62,,19329.80,30.1,316
,01:58:09,148,10.0,06:00,80,62,,19333.00,30.1,314
,01:58:10,148,9.9,06:04,80,62,,19336.00,30.0,308
,01:58:11,148,9.8,06:09,80,62,,19338.40,30.1,304
,01:58:12,149,9.7,06:13,80,62,,19340.60,30.1,300
,01:58:13,149,9.6,06:16,80,62,,19342.90,30.0,294
,01:58:14,149,9.4,06:23,80,62,,19344.90,30.1,288
,01:58:15,149,9.1,06:35,80,62,,19346.90,30.1,276
,01:58:16,149,8.9,06:46,80,62,,19348.60,30.1,268
,01:58:17,149,8.6,06:56,81,62,,19351.40,30.0,260
,01:58:18,149,8.6,06:59,81,62,,19353.20,30.1,258
,01:58:19,149,8.7,06:54,81,62,,19355.90,30.1,260
,01:58:20,149,8.8,06:50,81,62,,19358.30,29.9,264
,01:58:21,149,8.9,06:46,81,62,,19361.40,29.9,266
,01:58:22,150,8.9,06:43,81,62,,19363.60,30.1,268
,01:58:23,150,9.0,06:41,81,62,,19366.30,30.0,270
,01:58:24,150,9.0,06:39,81,62,,19369.10,30.0,272
,01:58:25,150,9.0,06:38,81,62,,19372.00,29.9,274
,01:58:26,150,9.1,06:37,81,62,,19374.70,30.0,276
,01:58:27,150,9.1,06:36,81,62,,19377.40,30.0,280
,01:58:28,150,9.1,06:35,81,62,,19379.50,30.0,282
,01:58:29,150,9.1,06:34,81,63,,19381.90,30.0,286
,01:58:30,150,9.1,06:34,81,63,,19384.60,29.9,288
,01:58:31,150,9.2,06:33,81,63,,19387.30,29.9,292
,01:58:32,150,9.2,06:32,81,63,,19390.00,29.9,296
,01:58:33,150,9.2,06:31,81,63,,19392.70,29.9,298
,01:58:34,151,9.2,06:30,81,63,,19396.20,29.9,300
,01:58:35,150,9.2,06:30,81,64,,19398.60,29.9,302
,01:58:36,150,9.2,06:30,80,64,,19401.20,29.9,302
,01:58:37,150,9.2,06:30,81,64,,19403.70,29.9,302
,01:58:38,150,9.1,06:33,81,64,,19406.60,29.9,298
,01:58:39,150,9.0,06:40,81,64,,19408.70,30.0,292
,01:58:40,151,8.9,06:44,81,64,,19410.90,30.0,288
,01:58:41,150,8.9,06:44,81,64,,19413.10,29.8,286
,01:58:42,150,8.9,06:43,81,64,,19415.40,29.9,284
,01:58:43,150,9.0,06:40,81,64,,19418.00,29.9,286
,01:58:44,150,9.1,06:34,80,64,,19420.80,29.9,290
,01:58:45,150,9.2,06:32,80,64,,19423.30,29.9,290
,01:58:46,150,9.1,06:35,80,64,,19425.80,29.9,286
,01:58:47,150,9.0,06:41,80,64,,19428.30,29.9,282
,01:58:48,150,8.8,06:48,80,64,,19430.80,29.8,276
,01:58:49,150,8.8,06:50,80,65,,19433.30,29.9,274
,01:58:50,150,8.8,06:48,80,65,,19435.60,29.8,276
,01:58:51,150,8.9,06:46,81,65,,19438.20,29.8,276
,01:58:52,150,8.9,06:43,81,65,,19440.20,29.7,278
,01:58:53,150,9.0,06:40,81,65,,19442.50,29.8,278
,01:58:54,150,9.1,06:38,81,65,,19445.30,29.8,280
,01:58:55,150,9.1,06:36,81,65,,19448.30,29.8,280
,01:58:56,150,9.1,06:36,81,65,,19451.30,29.8,280
,01:58:57,150,9.1,06:34,81,65,,19454.50,29.8,278
,01:58:58,150,9.2,06:33,81,65,,19457.40,29.9,278
,01:58:59,150,9.2,06:31,81,65,,19460.10,29.8,278
,01:59:00,150,9.2,06:30,81,65,,19462.70,29.8,276
,01:59:01,150,9.3,06:29,81,65,,19465.80,29.8,276
,01:59:02,150,9.3,06:28,81,65,,19468.40,29.7,274
,01:59:03,150,9.3,06:27,80,65,,19471.00,29.8,274
,01:59:04,150,9.3,06:27,80,65,,19473.80,29.8,272
,01:59:05,150,9.3,06:27,80,65,,19476.80,29.9,270
,01:59:06,150,9.3,06:28,80,65,,19478.80,29.7,270
,01:59:07,150,9.3,06:29,81,65,,19481.20,29.8,268
,01:59:08,150,9.2,06:29,81,65,,19483.80,29.7,266
,01:59:09,150,9.2,06:29,81,65,,19486.50,29.7,266
,01:59:10,150,9.2,06:30,81,65,,19488.60,29.6,266
,01:59:11,150,9.2,06:30,80,65,,19491.40,29.8,266
,01:59:12,150,9.2,06:31,80,65,,19494.10,29.8,266
,01:59:13,150,9.2,06:31,80,65,,19496.90,29.8,266
,01:59:14,150,9.2,06:31,80,65,,19499.00,29.7,266
,01:59:15,150,9.2,06:31,81,65,,19502.30,29.7,266
,01:59:16,150,9.1,06:36,81,65,,19504.80,29.8,264
,01:59:17,150,9.0,06:40,81,65,,19507.20,29.7,264
,01:59:18,150,9.0,06:39,81,65,,19509.30,29.8,268
,01:59:19,150,9.1,06:37,81,65,,19511.90,29.7,272
,01:59:20,150,9.1,06:36,81,65,,19514.40,29.7,276
,01:59:21,150,9.1,06:34,81,66,,19517.30,29.6,282
,01:59:22,150,9.2,06:30,81,66,,19520.00,29.7,288
,01:59:23,151,9.4,06:21,80,66,,19522.70,29.6,298
,01:59:24,151,9.8,06:09,76,66,,19525.40,29.6,314
,01:59:25,151,10.0,05:59,74,67,,19529.20,29.7,328
,01:59:26,151,10.2,05:52,73,67,,19532.70,29.6,340
,01:59:27,151,10.4,05:45,78,67,,19535.90,29.6,352
,01:59:28,150,10.6,05:40,80,67,,19539.70,29.6,362
,01:59:29,150,10.6,05:40,81,68,,19543.00,29.7,368
,01:59:30,151,10.6,05:39,81,68,,19546.00,29.7,374
,01:59:31,151,10.6,05:39,81,68,,19549.10,29.6,376
,01:59:32,151,10.8,05:33,81,68,,19553.20,29.6,384
,01:59:33,151,11.2,05:23,81,68,,19557.30,29.5,396
,01:59:34,151,11.5,05:14,80,68,,19560.50,29.6,406
,01:59:35,151,11.8,05:06,80,69,,19564.20,29.6,416
,01:59:36,152,12.0,05:00,80,69,,19568.40,29.5,422
,01:59:37,152,12.2,04:56,80,69,,19572.90,29.6,424
,01:59:38,152,12.3,04:53,81,69,,19576.20,29.5,422
,01:59:39,152,12.3,04:52,81,69,,19579.10,29.5,420
,01:59:40,152,12.2,04:56,81,69,,19582.20,29.5,410
,01:59:41,152,11.9,05:02,81,69,,19585.80,29.6,396
,01:59:42,152,11.7,05:07,81,69,,19587.20,29.6,384
,01:59:43,152,11.5,05:12,81,69,,19588.90,29.5,376
,01:59:44,152,11.2,05:21,81,69,,19590.70,29.5,362
,01:59:45,152,10.8,05:34,81,69,,19592.30,29.5,344
,01:59:46,152,10.4,05:45,80,69,,19594.90,29.6,330
,01:59:47,152,10.2,05:52,80,69,,19597.00,29.5,320
,01:59:48,151,10.2,05:54,80,69,,19599.30,29.5,318
,01:59:49,151,10.0,06:00,80,69,,19601.90,29.5,310
,01:59:50,151,9.7,06:12,78,69,,19603.60,29.4,298
,01:59:51,151,9.3,06:27,78,70,,19605.10,29.6,286
,01:59:52,151,9.1,06:35,78,70,,19607.40,29.5,280
,01:59:53,151,9.2,06:33,78,70,,19610.10,29.6,282
,01:59:54,151,9.3,06:29,78,70,,19612.60,29.5,284
,01:59:55,151,9.3,06:27,78,70,,19615.00,29.6,284
,01:59:56,151,9.3,06:25,78,70,,19617.80,29.5,284
,01:59:57,151,9.4,06:23,78,70,,19620.70,29.6,282
,01:59:58,151,9.6,06:16,78,70,,19624.00,29.4,286
,01:59:59,151,9.8,06:07,78,70,,19628.40,29.5,292
,02:00:00,150,10.1,05:58,78,70,,19632.40,29.4,296
,02:00:01,150,10.4,05:46,78,70,,19636.30,29.4,304
,02:00:02,150,10.7,05:37,78,70,,19640.80,29.5,308
,02:00:03,150,10.9,05:30,77,70,,19645.10,29.4,312
,02:00:04,150,11.1,05:23,77,70,,19649.30,29.4,312
,02:00:05,149,11.2,05:21,77,70,,19652.90,29.5,310
,02:00:06,149,11.1,05:24,77,70,,19655.80,29.4,304
,02:00:07,149,11.0,05:27,65,70,,19658.50,29.5,298
,02:00:08,148,10.8,05:33,65,70,,19660.70,29.4,292
,02:00:09,148,10.4,05:45,53,70,,19662.90,29.3,280
,02:00:10,149,10.0,06:01,59,70,,19664.40,29.3,268
,02:00:11,149,9.6,06:14,69,70,,19665.60,29.4,256
,02:00:12,149,9.5,06:20,74,70,,19667.70,29.4,252
,02:00:13,149,9.6,06:17,80,70,,19669.50,29.5,252
,02:00:14,149,9.6,06:14,81,70,,19671.90,29.5,254
,02:00:15,148,9.7,06:11,81,70,,19674.70,29.3,256
,02:00:16,149,9.7,06:10,81,70,,19677.30,29.4,256
,02:00:17,148,9.7,06:11,81,70,,19679.50,29.4,256
,02:00:18,148,9.7,06:11,81,70,,19682.40,29.5,256
,02:00:19,147,9.8,06:09,81,70,,19685.50,29.4,258
,02:00:20,147,9.8,06:06,81,70,,19688.10,29.4,260
,02:00:21,147,9.9,06:03,81,69,,19690.40,29.5,262
,02:00:22,146,9.9,06:03,81,69,,19693.10,29.4,262
,02:00:23,146,9.9,06:03,81,69,,19695.50,29.4,260
,02:00:24,146,9.9,06:02,81,69,,19698.00,29.4,260
,02:00:25,146,9.9,06:04,81,69,,19700.20,29.4,258
,02:00:26,146,9.7,06:10,81,69,,19702.40,29.4,254
,02:00:27,145,9.4,06:21,81,69,,19704.10,29.4,246
,02:00:28,145,9.2,06:32,81,69,,19705.80,29.4,240
,02:00:29,145,8.9,06:44,81,69,,19707.70,29.4,232
,02:00:30,145,8.6,06:57,81,69,,19709.60,29.4,226
,02:00:31,145,8.6,07:01,81,69,,19711.50,29.4,224
,02:00:32,145,8.6,06:57,81,69,,19713.50,29.4,226
,02:00:33,144,8.8,06:51,81,69,,19715.70,29.4,230
,02:00:34,145,8.9,06:47,81,69,,19718.40,29.3,234
,02:00:35,145,8.9,06:44,81,69,,19721.30,29.3,236
,02:00:36,144,9.1,06:35,81,69,,19725.00,29.4,242
,02:00:37,144,9.5,06:18,81,69,,19730.10,29.4,254
,02:00:38,144,9.9,06:03,81,69,,19734.40,29.3,266
,02:00:39,144,10.2,05:54,81,69,,19738.00,29.4,274
,02:00:40,144,10.2,05:55,81,69,,19740.40,29.3,274
,02:00:41,144,9.5,06:18,80,69,,19742.90,29.4,258
,02:00:42,145,8.5,07:02,81,69,,19744.50,29.4,232
,02:00:43,145,7.8,07:44,81,69,,19746.30,29.5,210
,02:00:44,145,7.3,08:14,81,69,,19747.50,29.4,198
,02:00:45,145,6.5,09:18,81,69,,19747.80,29.4,176
,02:00:46,145,5.6,10:44,81,69,,19747.80,29.3,152
,02:00:47,145,5.5,10:56,80,69,,19747.80,29.3,150
,02:00:48,145,5.7,10:33,80,69,,19747.80,29.4,156
,02:00:49,145,6.0,09:57,80,69,,19749.80,29.4,164
,02:00:50,146,6.3,09:27,80,69,,19752.50,29.3,172
,02:00:51,145,6.6,09:06,80,69,,19755.80,29.3,178
,02:00:52,145,6.8,08:48,79,69,,19758.50,29.4,184
,02:00:53,145,0.0,00:00,79,69,,19758.50,29.4,0
,02:00:54,145,0.2,321:22,77,69,,19759.10,29.3,4
,02:00:55,145,0.4,137:44,76,69,,19760.00,29.3,10
,02:00:56,145,0.0,00:00,76,69,,19760.00,29.4,0
,02:00:57,144,0.4,162:10,76,69,,19760.00,29.4,10
,02:00:58,144,0.8,74:42,72,69,,19760.00,29.4,22
,02:00:59,145,0.0,00:00,72,69,,19760.00,29.5,0
,02:01:00,145,0.2,243:13,72,69,,19760.00,29.5,6
,02:01:01,145,0.6,104:14,69,69,,19760.00,29.4,14
,02:01:02,146,0.7,87:34,69,69,,19760.00,29.4,18
,02:01:03,146,0.0,00:00,69,68,,19760.00,29.5,0
,02:01:04,147,0.0,00:00,69,68,,19760.00,29.4,0
,02:01:05,148,0.0,00:00,69,68,,19760.00,29.4,0
,02:01:06,148,0.0,00:00,69,68,,19760.00,29.4,0
,02:01:07,148,0.0,00:00,65,68,,19760.00,29.4,0
,02:01:08,149,0.0,00:00,65,68,,19760.00,29.4,0
,02:01:09,149,0.0,00:00,65,68,,19760.00,29.4,0
,02:01:10,150,0.0,00:00,0,68,,19760.00,29.4,0
,02:01:11,151,0.0,00:00,0,68,,19760.00,29.3,0
,02:01:12,151,0.0,00:00,0,68,,19760.00,29.3,0
,02:01:13,151,0.0,00:00,0,67,,19760.00,29.4,0
,02:01:14,152,0.0,00:00,0,67,,19760.00,29.5,0
,02:01:15,152,0.0,00:00,0,67,,19760.00,29.4,0
,02:01:16,152,0.0,00:00,0,67,,19760.00,29.4,0
,02:01:17,152,0.0,00:00,0,67,,19760.00,29.4,0
,02:01:18,152,0.0,00:00,0,67,,19760.00,29.4,0
,02:01:19,152,0.0,00:00,0,67,,19760.00,29.4,0
,02:01:20,153,0.0,00:00,0,67,,19760.00,29.3,0
,02:01:21,153,0.0,00:00,0,67,,19760.00,29.4,0
,02:01:22,152,0.0,00:00,0,67,,19760.00,29.3,0
,02:01:23,152,0.0,00:00,0,67,,19760.00,29.3,0
,02:01:24,152,0.0,00:00,0,67,,19760.00,29.3,0
,02:01:25,151,0.0,00:00,0,67,,19760.00,29.3,0
,02:01:26,151,0.0,00:00,0,67,,19760.00,29.4,0
,02:01:27,151,0.0,00:00,0,67,,19760.00,29.4,0
,02:01:28,151,0.0,00:00,0,67,,19760.00,29.4,0
,02:01:29,150,0.0,00:00,0,67,,19760.00,29.4,0
,02:01:30,149,0.0,00:00,0,67,,19760.00,29.3,0
,02:01:31,148,0.0,00:00,0,67,,19760.00,29.4,0
,02:01:32,148,0.0,00:00,0,67,,19760.00,29.4,0
,02:01:33,147,0.0,00:00,0,66,,19760.00,29.5,0
,02:01:34,146,0.0,00:00,0,66,,19760.00,29.3,0
,02:01:35,145,0.0,00:00,0,66,,19760.00,29.5,0
,02:01:36,145,0.0,00:00,0,66,,19760.00,29.6,0
,02:01:37,144,0.0,00:00,0,66,,19760.00,29.4,0
,02:01:38,141,0.0,00:00,0,66,,19760.00,29.4,0
,02:01:39,138,0.0,00:00,0,65,,19760.00,29.5,0
,02:01:40,135,1.2,48:39,0,65,,19760.00,29.5,32
,02:01:41,132,2.8,21:47,0,65,,19760.00,29.5,74
,02:01:42,130,3.1,19:07,0,65,,19760.00,29.5,86
,02:01:43,127,3.4,17:42,0,65,,19760.00,29.5,92
,02:01:44,126,3.6,16:41,0,65,,19760.00,29.4,98
,02:01:45,125,3.9,15:20,24,65,,19761.20,29.4,106
,02:01:46,124,4.5,13:18,38,65,,19763.40,29.4,122
,02:01:47,124,4.5,13:18,46,65,,19764.60,29.5,104
,02:01:48,125,4.5,13:18,49,65,,19765.80,29.4,52
,02:01:49,124,4.5,13:18,51,65,,19767.10,29.4,16
,02:01:50,124,0.2,278:18,51,65,,19768.20,29.4,4
,02:01:51,122,0.1,834:30,52,65,,19774.90,29.4,0
,02:01:52,120,0.0,2500:00,52,65,,19778.60,29.4,0
,02:01:53,120,0.0,7500:00,52,65,,19779.10,29.4,0
,02:01:54,120,0.0,7500:00,52,65,,19779.10,29.4,0
,02:01:55,121,0.0,7500:00,58,65,,19779.10,29.4,0
,02:01:56,123,0.0,7500:00,61,65,,19779.10,29.4,0
,02:01:57,122,0.3,187:58,60,65,,19779.10,29.4,8
,02:01:58,122,0.9,69:54,60,65,,19780.10,29.4,24
,02:01:59,120,1.2,50:05,56,65,,19780.90,29.5,34
,02:02:00,120,2.1,28:55,56,65,,19780.90,29.5,60
,02:02:01,120,3.1,19:28,53,65,,19781.00,29.4,90
,02:02:02,121,3.3,18:07,53,65,,19781.00,29.4,96
,02:02:03,121,3.3,18:17,53,65,,19781.00,29.4,96
,02:02:04,121,3.3,18:22,51,65,,19781.00,29.5,94
,02:02:05,121,3.3,18:22,51,65,,19781.00,29.4,94
,02:02:06,122,3.3,18:02,51,65,,19781.00,29.5,94
,02:02:07,123,3.3,17:59,50,65,,19781.00,29.5,94
,02:02:08,124,3.3,18:24,50,65,,19781.00,29.5,90
,02:02:09,122,3.1,19:05,47,64,,19781.00,29.5,86
,02:02:10,121,3.0,19:56,44,64,,19781.50,29.6,82
,02:02:11,120,2.9,20:46,44,64,,19782.40,29.6,76
,02:02:12,120,2.8,21:35,43,64,,19783.30,29.5,72
,02:02:13,120,2.7,21:53,43,64,,19783.90,29.5,70
,02:02:14,120,2.9,20:49,43,64,,19785.30,29.5,74
,02:02:15,121,3.3,18:10,42,64,,19786.90,29.6,84
,02:02:16,122,3.8,15:38,43,64,,19788.40,29.5,96
,02:02:17,123,4.2,14:17,61,64,,19790.00,29.6,106
,02:02:18,125,4.4,13:44,76,64,,19791.70,29.6,108
,02:02:19,127,4.4,13:39,79,64,,19793.00,29.5,110
,02:02:20,128,4.4,13:47,81,64,,19794.70,29.4,108
,02:02:21,129,4.4,13:29,81,64,,19796.80,29.5,110
,02:02:22,130,4.9,12:09,81,64,,19799.20,29.6,122
,02:02:23,130,5.8,10:25,81,64,,19801.20,29.5,144
,02:02:24,131,7.5,07:58,81,64,,19803.70,29.6,190
,02:02:25,131,9.2,06:32,81,64,,19806.60,29.5,234
,02:02:26,131,9.4,06:23,81,64,,19809.40,29.6,244
,02:02:27,131,9.3,06:28,81,64,,19812.20,29.4,244
,02:02:28,132,9.2,06:33,81,64,,19815.50,29.6,244
,02:02:29,132,9.1,06:37,81,64,,19819.20,29.5,244
,02:02:30,133,9.1,06:34,81,64,,19822.20,29.6,250
,02:02:31,134,9.6,06:15,81,64,,19825.00,29.5,264
,02:02:32,134,10.0,05:58,81,64,,19827.70,29.5,278
,02:02:33,134,10.2,05:54,81,64,,19830.20,29.6,282
,02:02:34,134,10.3,05:50,81,64,,19833.30,29.6,286
,02:02:35,135,10.9,05:30,81,64,,19836.70,29.6,304
,02:02:36,135,12.1,04:58,81,64,,19840.70,29.6,340
,02:02:37,135,13.1,04:34,81,64,,19844.90,29.6,372
,02:02:38,135,11.8,05:05,78,64,,19848.80,29.6,336
,02:02:39,136,10.2,05:52,76,64,,19852.20,29.5,294
,02:02:40,136,10.3,05:49,76,64,,19855.00,29.6,298
,02:02:41,136,10.2,05:53,73,65,,19857.80,29.6,298
,02:02:42,135,10.1,05:58,73,65,,19861.00,29.6,298
,02:02:43,135,9.9,06:03,73,65,,19863.40,29.6,296
,02:02:44,135,9.7,06:10,73,65,,19865.00,29.6,294
,02:02:45,136,9.5,06:20,73,65,,19865.80,29.5,286
,02:02:46,136,9.2,06:32,73,65,,19866.50,29.6,278
,02:02:47,136,8.8,06:48,73,65,,19867.70,29.5,268
,02:02:48,137,8.4,07:07,73,65,,19869.00,29.6,256
,02:02:49,137,8.1,07:23,73,65,,19870.80,29.5,246
,02:02:50,136,7.9,07:35,73,65,,19872.50,29.6,240
,02:02:51,136,7.8,07:41,73,65,,19874.00,29.5,238
,02:02:52,136,7.6,07:56,73,65,,19875.30,29.6,232
,02:02:53,136,7.1,08:25,71,65,,19876.60,29.6,220
,02:02:54,136,6.6,09:03,62,65,,19878.20,29.6,206
,02:02:55,137,6.3,09:30,57,65,,19879.80,29.6,198
,02:02:56,137,6.1,09:49,54,65,,19880.90,29.7,192
,02:02:57,137,5.9,10:11,52,65,,19881.70,29.6,186
,02:02:58,137,5.7,10:32,52,65,,19882.80,29.6,182
,02:02:59,137,5.6,10:40,50,65,,19884.30,29.6,180
,02:03:00,137,5.7,10:35,50,65,,19885.50,29.6,182
,02:03:01,137,5.7,10:35,51,65,,19886.70,29.6,182
,02:03:02,138,5.6,10:38,72,65,,19888.20,29.6,180
,02:03:03,138,5.7,10:33,76,65,,19890.20,29.6,182
,02:03:04,139,6.1,09:52,79,65,,19892.60,29.5,194
,02:03:05,139,7.0,08:36,81,65,,19895.40,29.5,222
,02:03:06,140,9.6,06:14,81,65,,19899.40,29.5,304
,02:03:07,140,12.4,04:50,81,65,,19903.60,29.6,386
,02:03:08,141,13.3,04:30,81,65,,19907.30,29.7,404
,02:03:09,141,13.2,04:32,80,65,,19911.20,29.6,394
,02:03:10,141,12.5,04:47,80,65,,19915.80,29.5,370
,02:03:11,141,11.9,05:03,80,65,,19920.20,29.5,348
,02:03:12,142,11.6,05:10,81,65,,19924.10,29.6,340
,02:03:13,141,11.6,05:10,81,65,,19927.70,29.6,336
,02:03:14,142,11.6,05:11,81,65,,19930.70,29.6,334
,02:03:15,142,11.6,05:11,81,66,,19933.40,29.6,334
,02:03:16,142,11.5,05:13,80,66,,19936.20,29.6,330
,02:03:17,142,11.4,05:16,80,66,,19938.70,29.5,328
,02:03:18,143,11.4,05:16,79,66,,19942.00,29.5,326
,02:03:19,143,11.5,05:12,78,66,,19945.30,29.6,330
,02:03:20,143,11.8,05:06,79,66,,19948.90,29.6,336
,02:03:21,143,12.0,05:01,79,66,,19952.50,29.5,342
,02:03:22,144,12.2,04:56,79,66,,19955.70,29.6,346
,02:03:23,144,12.4,04:50,79,66,,19959.70,29.5,352
,02:03:24,144,12.5,04:47,81,66,,19963.60,29.6,354
,02:03:25,144,12.6,04:46,81,66,,19967.30,29.5,356
,02:03:26,145,12.6,04:46,81,66,,19971.30,29.4,356
,02:03:27,145,12.3,04:52,81,66,,19974.60,29.6,350
,02:03:28,145,12.0,05:00,81,66,,19977.80,29.6,342
,02:03:29,145,11.8,05:05,81,66,,19981.00,29.6,338
,02:03:30,145,11.7,05:09,81,66,,19984.00,29.5,336
,02:03:31,146,11.5,05:12,81,66,,19987.40,29.4,336
,02:03:32,146,11.5,05:14,81,66,,19990.10,29.6,336
,02:03:33,146,11.4,05:15,81,67,,19993.30,29.6,338
,02:03:34,146,11.4,05:15,81,67,,19996.70,29.5,340
,02:03:35,147,11.4,05:15,81,67,,20000.10,29.5,342
,02:03:36,146,11.4,05:15,81,67,,20003.50,29.6,344
,02:03:37,147,11.4,05:15,81,67,,20007.00,29.6,346
,02:03:38,147,11.4,05:16,81,67,,20010.50,29.4,348
,02:03:39,147,11.4,05:16,81,67,,20014.50,29.5,350
,02:03:40,147,11.4,05:16,80,67,,20017.80,29.5,350
,02:03:41,148,11.4,05:16,80,68,,20021.00,29.5,352
,02:03:42,148,11.4,05:16,80,68,,20024.10,29.4,354
,02:03:43,148,11.4,05:16,80,68,,20027.30,29.4,354
,02:03:44,148,11.6,05:10,80,68,,20031.10,29.5,360
,02:03:45,148,12.0,05:00,80,68,,20035.30,29.5,370
,02:03:46,148,12.3,04:52,80,68,,20039.20,29.4,378
,02:03:47,149,12.6,04:47,80,68,,20042.90,29.5,384
,02:03:48,149,12.6,04:47,80,68,,20045.80,29.4,384
,02:03:49,149,12.2,04:55,80,68,,20049.00,29.4,370
,02:03:50,149,11.5,05:12,80,68,,20052.00,29.4,348
,02:03:51,149,10.0,05:59,80,68,,20054.70,29.4,300
,02:03:52,149,10.0,05:59,80,68,,20057.40,29.5,300
,02:03:53,149,9.1,06:34,80,68,,20059.50,29.5,270
,02:03:54,149,9.6,06:15,80,68,,20061.40,29.4,282
,02:03:55,149,10.0,06:00,80,68,,20063.80,29.5,292
,02:03:56,150,10.1,05:58,80,68,,20066.50,29.4,292
,02:03:57,150,10.1,05:58,80,68,,20069.50,29.4,290
,02:03:58,150,10.3,05:50,80,68,,20072.90,29.4,294
,02:03:59,150,10.5,05:41,80,68,,20076.50,29.4,300
,02:04:00,151,10.8,05:35,81,68,,20079.80,29.4,306
,02:04:01,151,10.9,05:30,81,68,,20083.00,29.4,308
,02:04:02,151,10.9,05:31,81,68,,20085.70,29.4,308
,02:04:03,151,10.8,05:34,81,68,,20088.30,29.5,306
,02:04:04,151,10.6,05:41,80,68,,20090.80,29.4,302
,02:04:05,151,10.3,05:50,81,69,,20093.10,29.4,296
,02:04:06,152,10.1,05:56,81,69,,20095.50,29.5,294
,02:04:07,152,9.8,06:06,81,69,,20097.80,29.3,288
,02:04:08,152,9.6,06:15,81,69,,20100.50,29.4,284
,02:04:09,152,9.4,06:23,81,69,,20103.30,29.3,280
,02:04:10,152,9.2,06:30,80,69,,20105.80,29.4,274
,02:04:11,151,9.0,06:38,81,69,,20108.40,29.3,270
,02:04:12,152,8.8,06:48,81,69,,20111.00,29.3,264
,02:04:13,152,8.5,07:01,81,69,,20113.10,29.2,254
,02:04:14,152,8.3,07:14,81,69,,20115.50,29.3,246
,02:04:15,152,8.1,07:22,81,69,,20117.80,29.3,240
,02:04:16,151,8.2,07:18,81,69,,20120.30,29.3,242
,02:04:17,151,8.4,07:06,81,69,,20122.80,29.4,248
,02:04:18,151,8.7,06:53,81,69,,20125.60,29.2,256
,02:04:19,151,9.0,06:41,81,69,,20128.80,29.2,260
,02:04:20,152,9.2,06:31,81,69,,20131.70,29.3,266
,02:04:21,151,9.4,06:23,82,69,,20134.50,29.2,270
,02:04:22,151,9.6,06:16,83,69,,20137.70,29.2,272
,02:04:23,151,9.7,06:09,82,69,,20140.90,29.3,276
,02:04:24,151,9.8,06:08,82,69,,20143.90,29.3,274
,02:04:25,151,9.7,06:11,82,69,,20146.00,29.1,270
,02:04:26,151,9.4,06:24,82,69,,20147.60,29.2,262
,02:04:27,151,9.2,06:33,82,69,,20149.80,29.2,256
,02:04:28,151,9.3,06:28,82,69,,20152.40,29.2,258
,02:04:29,151,9.4,06:22,82,69,,20155.30,29.2,262
,02:04:30,151,9.5,06:18,82,69,,20157.60,29.2,266
,02:04:31,152,9.6,06:16,82,69,,20159.60,29.2,266
,02:04:32,152,9.5,06:17,82,69,,20162.30,29.2,266
,02:04:33,151,9.2,06:31,82,69,,20164.70,29.2,258
,02:04:34,152,8.6,06:56,82,69,,20166.40,29.2,244
,02:04:35,151,8.3,07:16,82,69,,20168.30,29.1,234
,02:04:36,151,8.2,07:20,81,69,,20170.80,29.2,234
,02:04:37,152,8.5,07:04,80,70,,20173.90,29.2,244
,02:04:38,152,9.0,06:41,80,70,,20177.20,29.1,262
,02:04:39,152,9.5,06:20,80,70,,20180.60,29.2,278
,02:04:40,152,9.9,06:05,80,70,,20184.00,29.1,290
,02:04:41,152,9.9,06:03,80,70,,20187.70,29.2,294
,02:04:42,152,9.8,06:07,80,70,,20192.00,29.1,290
,02:04:43,152,9.7,06:11,80,70,,20196.70,29.0,288
,02:04:44,152,9.6,06:14,80,70,,20201.20,29.2,284
,02:04:45,153,9.6,06:17,80,70,,20204.60,29.2,280
,02:04:46,153,9.5,06:19,80,70,,20207.40,29.2,278
,02:04:47,153,9.4,06:23,80,70,,20210.30,29.0,274
,02:04:48,154,9.3,06:27,80,70,,20212.90,29.1,272
,02:04:49,153,9.2,06:30,80,70,,20216.30,29.0,268
,02:04:50,153,9.1,06:33,80,70,,20219.80,29.0,266
,02:04:51,154,9.3,06:27,80,70,,20223.20,29.0,270
,02:04:52,154,9.7,06:11,80,70,,20226.60,29.1,282
,02:04:53,154,10.1,05:57,81,70,,20230.20,29.2,292
,02:04:54,154,10.4,05:47,81,70,,20233.80,29.0,300
,02:04:55,154,10.6,05:39,81,70,,20237.50,29.1,304
,02:04:56,155,10.7,05:36,81,70,,20241.10,29.1,306
,02:04:57,155,10.7,05:36,81,70,,20244.70,29.0,304
,02:04:58,155,10.7,05:37,81,70,,20247.90,29.1,302
,02:04:59,155,10.6,05:39,81,70,,20250.70,29.1,298
,02:05:00,155,10.6,05:40,81,70,,20253.40,29.1,296
,02:05:01,155,10.4,05:46,81,70,,20256.30,29.0,290
,02:05:02,154,10.3,05:51,81,70,,20259.00,29.0,286
,02:05:03,154,10.4,05:47,81,70,,20262.20,29.0,290
,02:05:04,154,10.5,05:43,81,70,,20265.40,29.0,292
,02:05:05,153,10.6,05:39,81,70,,20268.30,29.0,296
,02:05:06,154,10.8,05:34,81,70,,20271.70,29.0,300
,02:05:07,154,10.8,05:33,81,70,,20275.00,29.0,300
,02:05:08,154,10.8,05:33,81,70,,20278.30,29.0,300
,02:05:09,154,10.8,05:33,80,70,,20281.80,29.0,300
,02:05:10,153,10.8,05:33,81,70,,20284.30,29.0,298
,02:05:11,153,10.8,05:33,80,70,,20287.10,29.0,298
,02:05:12,153,10.8,05:33,81,70,,20289.90,29.0,296
,02:05:13,153,10.8,05:33,81,70,,20292.90,29.0,296
,02:05:14,153,10.6,05:38,81,70,,20295.70,29.0,290
,02:05:15,153,10.5,05:43,81,70,,20298.10,28.9,286
,02:05:16,153,10.4,05:47,80,70,,20301.10,28.9,284
,02:05:17,153,10.3,05:50,80,70,,20304.00,28.9,282
,02:05:18,154,10.4,05:48,81,70,,20306.80,29.0,284
,02:05:19,153,10.2,05:53,80,70,,20309.30,29.0,280
,02:05:20,153,10.0,06:01,80,70,,20311.00,28.9,272
,02:05:21,153,9.7,06:11,80,70,,20312.70,29.0,264
,02:05:22,153,9.4,06:23,80,70,,20314.20,29.0,254
,02:05:23,153,9.3,06:29,80,70,,20316.60,29.0,250
,02:05:24,153,9.2,06:30,80,70,,20318.40,28.9,250
,02:05:25,153,9.3,06:28,80,70,,20319.70,28.9,250
,02:05:26,153,9.4,06:23,80,70,,20322.10,29.0,254
,02:05:27,153,9.5,06:21,80,70,,20324.70,28.8,256
,02:05:28,153,9.5,06:17,80,70,,20327.80,28.9,260
,02:05:29,153,9.7,06:11,80,70,,20330.90,28.9,266
,02:05:30,153,9.9,06:05,81,70,,20333.70,28.9,272
,02:05:31,154,10.0,05:59,81,70,,20336.60,28.9,280
,02:05:32,153,10.2,05:55,81,70,,20339.10,28.9,288
,02:05:33,153,10.3,05:51,81,70,,20342.00,28.9,294
,02:05:34,153,10.4,05:48,81,70,,20344.80,28.9,298
,02:05:35,153,10.4,05:45,81,70,,20347.40,28.9,302
,02:05:36,153,10.5,05:43,81,70,,20350.40,28.9,306
,02:05:37,153,10.5,05:42,81,70,,20353.30,28.9,308
,02:05:38,153,10.6,05:40,81,70,,20356.50,29.0,312
,02:05:39,153,10.6,05:39,81,70,,20359.80,28.7,314
,02:05:40,153,10.7,05:38,80,70,,20363.00,28.8,316
,02:05:41,153,10.7,05:37,80,70,,20366.00,28.9,316
,02:05:42,153,10.7,05:36,80,70,,20369.40,28.9,316
,02:05:43,153,10.7,05:36,80,70,,20372.70,28.9,316
,02:05:44,153,10.7,05:35,80,70,,20375.90,28.8,316
,02:05:45,153,10.7,05:35,81,70,,20379.10,28.8,316
,02:05:46,153,10.7,05:35,80,70,,20382.10,28.9,316
,02:05:47,153,10.8,05:34,81,70,,20384.90,28.9,314
,02:05:48,153,10.8,05:34,80,70,,20387.50,28.8,314
,02:05:49,153,10.7,05:35,80,70,,20390.10,28.9,312
,02:05:50,153,10.7,05:35,80,70,,20393.20,28.9,310
,02:05:51,153,10.7,05:36,80,70,,20395.50,28.8,310
,02:05:52,153,10.7,05:37,80,70,,20397.90,28.7,308
,02:05:53,153,10.7,05:38,81,70,,20400.40,28.8,306
,02:05:54,152,10.6,05:38,81,70,,20403.20,28.8,304
,02:05:55,152,10.6,05:39,81,70,,20406.10,28.8,302
,02:05:56,152,10.6,05:39,81,70,,20409.20,28.8,302
,02:05:57,152,10.6,05:40,81,71,,20412.50,28.7,302
,02:05:58,152,10.6,05:40,81,71,,20415.70,28.7,300
,02:05:59,152,10.6,05:40,81,71,,20418.90,28.8,298
,02:06:00,152,10.6,05:41,81,71,,20421.90,28.8,294
,02:06:01,152,10.5,05:42,81,71,,20424.70,28.7,292
,02:06:02,152,10.5,05:42,81,71,,20427.60,28.7,292
,02:06:03,151,10.5,05:43,81,71,,20430.60,28.8,290
,02:06:04,151,10.5,05:44,81,71,,20433.30,28.7,290
,02:06:05,152,10.4,05:45,81,71,,20436.10,28.7,290
,02:06:06,151,10.4,05:45,81,71,,20438.60,28.8,290
,02:06:07,151,10.4,05:46,81,71,,20441.60,28.8,290
,02:06:08,151,10.4,05:46,81,71,,20444.50,28.8,290
,02:06:09,151,10.4,05:46,81,71,,20447.40,28.8,292
,02:06:10,152,10.4,05:46,83,71,,20450.40,28.7,292
,02:06:11,152,10.4,05:46,83,71,,20453.60,28.7,294
,02:06:12,152,10.6,05:38,83,71,,20457.00,28.8,302
,02:06:13,151,11.0,05:27,82,71,,20460.70,28.8,312
,02:06:14,151,11.2,05:20,82,71,,20464.20,28.8,320
,02:06:15,151,11.2,05:20,82,71,,20467.30,28.7,320
,02:06:16,152,11.1,05:24,82,71,,20470.40,28.6,314
,02:06:17,152,11.0,05:28,82,71,,20473.80,28.6,312
,02:06:18,152,10.9,05:31,82,71,,20477.00,28.7,308
,02:06:19,152,10.8,05:34,82,71,,20479.90,28.6,306
,02:06:20,152,10.7,05:36,82,71,,20482.20,28.7,304
,02:06:21,152,10.6,05:39,82,71,,20484.60,28.7,302
,02:06:22,152,10.6,05:41,81,71,,20486.80,28.6,300
,02:06:23,152,10.5,05:42,81,71,,20489.20,28.6,302
,02:06:24,153,10.5,05:42,81,71,,20491.90,28.6,300
,02:06:25,153,10.5,05:43,81,71,,20494.50,28.7,302
,02:06:26,153,10.5,05:44,81,71,,20497.00,28.6,302
,02:06:27,153,10.5,05:44,81,72,,20499.70,28.6,304
,02:06:28,153,10.4,05:46,81,72,,20502.60,28.6,304
,02:06:29,153,10.3,05:49,81,72,,20505.60,28.7,304
,02:06:30,153,10.3,05:50,81,72,,20508.60,28.6,304
,02:06:31,154,10.3,05:49,81,72,,20511.50,28.6,306
,02:06:32,154,10.3,05:49,81,72,,20514.60,28.6,310
,02:06:33,154,10.3,05:48,81,72,,20517.70,28.5,312
,02:06:34,154,10.4,05:47,81,72,,20520.80,28.5,316
,02:06:35,154,10.4,05:47,81,73,,20524.00,28.6,318
,02:06:36,154,10.4,05:46,81,73,,20527.10,28.6,318
,02:06:37,154,10.4,05:46,80,73,,20530.00,28.7,318
,02:06:38,154,10.4,05:45,80,73,,20532.90,28.5,316
,02:06:39,154,10.4,05:45,79,73,,20536.40,28.5,314
,02:06:40,155,10.4,05:45,78,73,,20539.50,28.6,314
,02:06:41,155,10.4,05:45,78,73,,20542.60,28.7,312
,02:06:42,155,10.4,05:45,78,73,,20545.10,28.5,310
,02:06:43,155,10.4,05:47,78,73,,20547.60,28.6,306
,02:06:44,155,10.2,05:53,94,73,,20550.10,28.5,298
,02:06:45,154,10.0,05:59,94,73,,20552.30,28.4,292
,02:06:46,154,9.9,06:04,101,73,,20554.80,28.5,284
,02:06:47,155,9.6,06:13,104,73,,20556.20,28.4,276
,02:06:48,155,8.0,07:32,104,73,,20556.90,28.5,226
,02:06:49,155,5.9,10:06,106,73,,20557.90,28.5,168
,02:06:50,155,5.5,10:58,106,73,,20559.10,28.5,154
,02:06:51,154,5.5,10:52,106,73,,20560.60,28.7,154
,02:06:52,154,5.5,10:52,106,73,,20561.70,28.5,154
,02:06:53,154,5.5,10:55,86,73,,20562.70,28.5,154
,02:06:54,154,5.5,10:51,76,73,,20564.00,28.4,156
,02:06:55,154,5.6,10:37,71,73,,20565.30,28.5,160
,02:06:56,153,5.8,10:17,65,73,,20567.10,28.5,164
,02:06:57,153,6.1,09:54,65,73,,20568.80,28.5,170
,02:06:58,153,6.1,09:49,62,73,,20570.60,28.5,172
,02:06:59,153,6.2,09:45,59,73,,20572.30,28.6,172
,02:07:00,153,6.3,09:32,59,73,,20574.10,28.5,174
,02:07:01,152,6.1,09:47,59,73,,20575.80,28.4,166
,02:07:02,152,5.6,10:39,59,73,,20577.50,28.4,152
,02:07:03,151,5.2,11:34,59,73,,20578.80,28.5,138
,02:07:04,150,5.0,12:01,59,73,,20580.00,28.4,132
,02:07:05,149,5.0,12:05,58,73,,20581.50,28.5,130
,02:07:06,148,5.2,11:38,57,73,,20583.00,28.5,136
,02:07:07,147,5.6,10:48,56,73,,20584.40,28.5,146
,02:07:08,147,5.8,10:21,56,73,,20585.90,28.4,154
,02:07:09,147,5.9,10:13,55,73,,20587.40,28.5,156
,02:07:10,147,5.6,10:39,55,73,,20588.70,28.4,150
,02:07:11,146,4.9,12:15,55,73,,20590.10,28.4,132
,02:07:12,146,4.3,13:54,55,73,,20591.40,28.3,116
,02:07:13,146,4.3,14:00,55,73,,20592.70,28.5,116
,02:07:14,146,4.6,13:02,55,73,,20594.10,28.5,126
,02:07:15,146,4.9,12:17,55,73,,20595.50,28.4,134
,02:07:16,145,5.1,11:47,55,73,,20597.10,28.5,140
,02:07:17,145,5.3,11:17,55,73,,20598.20,28.3,148
,02:07:18,144,5.4,11:12,55,73,,20599.40,28.5,148
,02:07:19,144,5.3,11:23,55,73,,20601.00,28.4,146
,02:07:20,143,5.2,11:33,55,73,,20602.70,28.4,144
,02:07:21,143,5.1,11:46,55,73,,20604.10,28.4,142
,02:07:22,142,5.0,12:00,55,73,,20605.20,28.4,138
,02:07:23,140,4.9,12:12,55,73,,20606.70,28.5,136
,02:07:24,139,4.9,12:22,55,73,,20607.70,28.4,136
,02:07:25,139,4.8,12:26,55,73,,20608.50,28.4,136
,02:07:26,139,4.8,12:30,55,73,,20609.60,28.5,136
,02:07:27,139,4.7,12:40,55,73,,20610.90,28.4,134
,02:07:28,139,4.6,12:59,55,73,,20612.00,28.4,128
,02:07:29,138,4.6,13:05,55,73,,20613.10,28.4,126
,02:07:30,137,4.6,12:58,55,73,,20614.60,28.5,126
,02:07:31,135,4.7,12:39,55,73,,20616.50,28.5,128
,02:07:32,135,5.0,11:58,55,73,,20618.00,28.4,134
,02:07:33,134,5.4,11:01,55,73,,20620.10,28.4,144
,02:07:34,134,6.0,10:01,67,73,,20622.60,28.5,158
,02:07:35,134,6.5,09:12,73,73,,20625.60,28.3,172
,02:07:36,134,6.9,08:38,76,73,,20627.90,28.5,182
,02:07:37,134,7.3,08:16,79,73,,20630.80,28.4,192
,02:07:38,134,7.4,08:05,80,73,,20633.60,28.4,198
,02:07:39,134,7.5,07:59,81,73,,20636.20,28.4,200
,02:07:40,134,7.6,07:54,81,73,,20638.50,28.5,204
,02:07:41,134,7.7,07:46,81,73,,20641.30,28.4,208
,02:07:42,134,8.0,07:32,81,73,,20643.90,28.5,216
,02:07:43,134,8.6,06:57,81,73,,20646.30,28.5,234
,02:07:44,134,9.4,06:24,81,73,,20648.70,28.4,252
,02:07:45,134,9.7,06:12,81,73,,20651.70,28.5,260
,02:07:46,134,9.8,06:08,81,73,,20654.60,28.4,258
,02:07:47,134,9.8,06:07,81,72,,20657.40,28.5,256
,02:07:48,134,9.7,06:10,81,72,,20660.10,28.4,250
,02:07:49,133,9.3,06:26,81,72,,20662.70,28.4,236
,02:07:50,133,8.9,06:44,81,72,,20665.30,28.4,222
,02:07:51,134,8.9,06:44,81,71,,20667.80,28.5,218
,02:07:52,134,9.2,06:30,81,71,,20670.70,28.5,222
,02:07:53,134,9.6,06:17,81,71,,20672.90,28.5,226
,02:07:54,134,9.9,06:05,81,71,,20675.50,28.5,230
,02:07:55,135,10.1,05:57,81,71,,20678.20,28.4,232
,02:07:56,135,10.1,05:55,81,71,,20681.10,28.5,232
,02:07:57,135,10.1,05:58,81,70,,20684.00,28.5,228
,02:07:58,135,10.1,05:55,81,70,,20687.00,28.5,230
,02:07:59,134,10.2,05:52,81,70,,20690.10,28.5,234
,02:08:00,134,10.0,06:02,80,70,,20692.90,28.5,228
,02:08:01,133,9.5,06:17,80,70,,20695.20,28.6,218
,02:08:02,133,9.3,06:26,80,70,,20698.00,28.7,214
,02:08:03,133,9.3,06:29,81,70,,20700.70,28.5,212
,02:08:04,133,9.3,06:27,81,70,,20703.40,28.5,212
,02:08:05,133,9.4,06:22,81,70,,20705.90,28.5,214
,02:08:06,133,9.5,06:18,81,70,,20708.70,28.5,216
,02:08:07,133,9.6,06:14,81,70,,20711.50,28.6,218
,02:08:08,133,9.7,06:13,81,70,,20714.00,28.5,218
,02:08:09,134,9.7,06:12,81,70,,20716.80,28.7,218
,02:08:10,134,9.7,06:12,81,70,,20720.10,28.5,216
,02:08:11,134,9.7,06:11,83,69,,20723.10,28.5,216
,02:08:12,134,9.9,06:04,82,69,,20726.10,28.5,218
,02:08:13,135,10.0,05:59,82,69,,20729.40,28.5,218
,02:08:14,135,10.0,06:02,82,69,,20732.20,28.5,216
,02:08:15,135,9.9,06:03,82,69,,20735.10,28.5,214
,02:08:16,135,9.9,06:03,82,69,,20738.20,28.5,214
,02:08:17,135,10.0,06:01,82,68,,20741.50,28.6,216
,02:08:18,136,10.1,05:58,82,68,,20744.50,28.6,218
,02:08:19,137,10.2,05:53,82,68,,20746.80,28.5,220
,02:08:20,137,10.2,05:52,82,68,,20750.10,28.6,222
,02:08:21,137,10.1,05:56,82,68,,20752.90,28.7,220
,02:08:22,138,10.0,06:00,82,68,,20755.40,28.5,220
,02:08:23,138,9.9,06:02,82,68,,20758.30,28.6,218
,02:08:24,138,9.9,06:03,82,68,,20761.00,28.7,218
,02:08:25,138,9.9,06:04,82,68,,20764.00,28.6,218
,02:08:26,139,9.9,06:04,82,68,,20766.60,28.7,220
,02:08:27,139,9.9,06:03,82,67,,20769.50,28.6,220
,02:08:28,139,9.9,06:03,82,67,,20772.70,28.5,222
,02:08:29,140,9.9,06:04,82,67,,20775.30,28.5,222
,02:08:30,140,9.9,06:04,82,67,,20778.30,28.6,224
,02:08:31,140,9.9,06:04,82,67,,20781.20,28.7,224
,02:08:32,141,9.9,06:03,82,67,,20784.10,28.7,226
,02:08:33,140,9.9,06:03,82,67,,20787.30,28.7,226
,02:08:34,141,9.9,06:02,83,67,,20789.60,28.7,226
,02:08:35,141,9.9,06:02,83,66,,20792.80,28.7,228
,02:08:36,141,10.0,06:01,82,66,,20795.70,28.7,228
,02:08:37,142,10.1,05:56,82,66,,20798.40,28.7,232
,02:08:38,142,10.3,05:51,82,66,,20801.70,28.6,236
,02:08:39,142,10.3,05:50,82,66,,20804.60,28.7,236
,02:08:40,143,10.3,05:50,82,66,,20807.50,28.6,238
,02:08:41,143,10.3,05:50,82,66,,20810.30,28.6,238
,02:08:42,143,10.3,05:51,82,66,,20813.10,28.6,238
,02:08:43,144,10.3,05:51,82,66,,20816.00,28.6,240
,02:08:44,144,10.3,05:50,82,66,,20818.20,28.7,240
,02:08:45,144,10.3,05:50,82,65,,20821.10,28.6,242
,02:08:46,144,10.3,05:49,83,65,,20823.80,28.7,242
,02:08:47,145,10.3,05:49,82,65,,20826.10,28.7,244
,02:08:48,145,10.3,05:49,82,65,,20829.00,28.6,244
,02:08:49,145,10.4,05:48,83,65,,20831.90,28.7,246
,02:08:50,145,10.4,05:45,82,65,,20834.90,28.7,248
,02:08:51,146,10.5,05:42,82,65,,20838.00,28.7,252
,02:08:52,146,10.6,05:40,82,65,,20841.10,28.7,256
,02:08:53,146,10.7,05:38,82,65,,20844.20,28.8,260
,02:08:54,146,10.7,05:38,83,65,,20846.70,28.7,262
,02:08:55,146,10.6,05:40,82,65,,20849.20,28.7,264
,02:08:56,146,10.6,05:41,82,65,,20852.10,28.7,264
,02:08:57,146,10.5,05:42,82,65,,20855.00,28.7,266
,02:08:58,146,10.5,05:43,82,65,,20857.70,28.7,266
,02:08:59,145,10.5,05:44,82,65,,20860.30,28.7,268
,02:09:00,145,10.4,05:45,82,65,,20863.00,28.7,268
,02:09:01,145,10.4,05:46,82,65,,20865.70,28.7,270
,02:09:02,145,10.3,05:48,82,65,,20868.60,28.8,270
,02:09:03,144,10.3,05:50,83,65,,20871.30,28.9,268
,02:09:04,144,10.2,05:52,82,65,,20874.40,28.7,268
,02:09:05,144,10.2,05:53,82,65,,20876.80,28.7,266
,02:09:06,143,10.2,05:55,82,65,,20879.50,28.8,266
,02:09:07,143,10.1,05:55,82,65,,20882.20,28.8,266
,02:09:08,143,10.1,05:55,82,65,,20884.90,28.8,268
,02:09:09,143,10.1,05:56,82,65,,20887.70,28.8,268
,02:09:10,144,10.1,05:56,82,65,,20890.50,28.8,268
,02:09:11,144,10.1,05:56,82,65,,20893.20,28.8,270
,02:09:12,144,10.1,05:56,82,65,,20895.60,28.7,270
,02:09:13,145,10.1,05:56,82,65,,20898.20,28.7,270
,02:09:14,145,10.1,05:56,82,65,,20901.20,28.7,270
,02:09:15,146,10.1,05:56,82,65,,20903.80,28.7,270
,02:09:16,146,10.1,05:55,82,65,,20906.90,28.8,270
,02:09:17,146,10.1,05:55,82,65,,20909.50,28.7,270
,02:09:18,147,10.1,05:55,82,65,,20912.00,28.8,272
,02:09:19,147,10.1,05:55,82,65,,20914.90,28.8,272
,02:09:20,147,10.1,05:55,82,65,,20918.30,28.8,272
,02:09:21,147,10.1,05:55,82,65,,20921.80,28.8,274
,02:09:22,148,10.1,05:55,82,65,,20924.90,28.7,274
,02:09:23,148,10.1,05:55,83,65,,20927.60,28.7,276
,02:09:24,148,10.1,05:55,83,65,,20930.30,28.8,278
,02:09:25,148,10.1,05:55,82,65,,20932.80,28.8,280
,02:09:26,149,10.1,05:55,82,65,,20936.30,28.7,280
,02:09:27,149,10.1,05:55,82,65,,20939.50,28.8,282
,02:09:28,149,10.1,05:55,82,65,,20942.40,28.8,282
,02:09:29,150,10.1,05:55,82,65,,20944.80,28.7,284
,02:09:30,150,10.1,05:55,82,65,,20948.30,28.7,284
,02:09:31,151,10.2,05:51,82,65,,20951.70,28.9,286
,02:09:32,151,10.4,05:45,82,65,,20955.20,28.8,292
,02:09:33,152,10.6,05:40,82,65,,20958.30,28.8,296
,02:09:34,152,10.6,05:38,82,65,,20961.60,28.9,300
,02:09:35,153,10.6,05:39,82,65,,20964.50,28.8,300
,02:09:36,153,10.6,05:40,83,65,,20967.70,28.8,300
,02:09:37,154,10.6,05:40,83,65,,20971.00,28.8,300
,02:09:38,154,10.7,05:36,82,65,,20974.60,28.8,304
,02:09:39,154,11.0,05:27,82,65,,20977.50,28.7,314
,02:09:40,155,11.3,05:19,82,65,,20981.00,28.8,326
,02:09:41,155,11.5,05:14,82,65,,20984.20,28.8,334
,02:09:42,155,11.4,05:16,82,65,,20987.70,28.9,334
,02:09:43,156,11.2,05:21,82,65,,20990.90,28.8,330
,02:09:44,156,11.0,05:26,82,65,,20994.10,28.8,328
,02:09:45,156,10.9,05:30,82,65,,20997.40,28.8,326
,02:09:46,157,10.8,05:33,82,65,,21000.50,28.8,324
,02:09:47,157,10.8,05:34,82,66,,21003.40,28.8,326
,02:09:48,157,10.9,05:30,82,66,,21006.60,28.9,332
,02:09:49,157,11.0,05:26,82,66,,21009.70,28.8,340
,02:09:50,157,11.1,05:23,82,66,,21013.10,28.8,346
,02:09:51,157,11.2,05:21,82,66,,21016.50,28.8,350
,02:09:52,158,11.2,05:22,82,66,,21019.80,28.8,350
,02:09:53,158,11.0,05:26,82,66,,21023.10,28.7,346
,02:09:54,158,10.9,05:29,82,66,,21026.20,28.8,342
,02:09:55,158,10.8,05:32,82,67,,21029.30,28.8,340
,02:09:56,159,10.8,05:34,82,67,,21032.20,28.8,338
,02:09:57,159,10.7,05:36,82,67,,21035.10,28.8,334
,02:09:58,159,10.7,05:37,82,67,,21038.00,28.9,334
,02:09:59,160,10.6,05:38,82,67,,21041.00,28.8,332
,02:10:00,159,10.6,05:39,82,67,,21044.10,28.8,330
,02:10:01,159,10.6,05:39,82,67,,21047.20,28.9,330
,02:10:02,160,10.7,05:38,82,67,,21050.30,28.8,330
,02:10:03,159,10.7,05:37,83,67,,21053.60,28.9,328
,02:10:04,160,10.7,05:36,82,67,,21056.90,28.9,328
,02:10:05,160,10.7,05:35,82,67,,21060.20,28.9,328
,02:10:06,160,10.8,05:34,82,67,,21063.30,28.8,328
,02:10:07,160,10.8,05:32,82,68,,21066.30,28.8,330
,02:10:08,160,10.9,05:31,82,68,,21069.30,28.8,328
,02:10:09,161,10.9,05:30,82,68,,21072.10,28.9,326
,02:10:10,161,10.9,05:29,82,68,,21075.40,29.0,324
,02:10:11,161,11.0,05:29,81,68,,21078.70,28.9,320
,02:10:12,161,11.0,05:28,80,68,,21081.70,28.8,316
,02:10:13,161,11.0,05:27,79,68,,21084.60,29.0,312
,02:10:14,161,10.9,05:30,78,68,,21087.20,28.9,304
,02:10:15,160,10.6,05:41,78,67,,21089.70,28.8,290
,02:10:16,160,10.1,05:58,77,67,,21091.80,28.9,270
,02:10:17,160,8.6,06:58,76,67,,21093.60,28.9,226
,02:10:18,160,6.7,08:58,76,67,,21094.90,28.9,172
,02:10:19,160,5.8,10:21,74,67,,21095.70,28.9,146
,02:10:20,160,5.5,10:59,74,67,,21096.10,28.9,136
,02:10:21,159,5.2,11:33,71,66,,21096.60,28.9,126
,02:10:22,159,5.2,11:35,73,66,,21097.50,29.1,124
,02:10:23,159,5.9,10:12,74,66,,21098.70,28.9,138
,02:10:24,159,6.7,08:55,79,66,,21100.50,29.0,154
,02:10:25,159,7.9,07:36,80,66,,21102.70,29.0,178
,02:10:26,159,9.1,06:37,81,66,,21105.30,28.9,204
,02:10:27,159,9.4,06:23,81,65,,21108.10,28.9,210
,02:10:28,159,9.6,06:14,81,65,,21111.20,28.9,216
,02:10:29,158,9.7,06:11,80,65,,21114.10,28.9,220
,02:10:30,158,9.7,06:11,80,65,,21117.30,28.9,222
,02:10:31,157,9.7,06:11,80,65,,21120.40,28.9,224
,02:10:32,157,9.8,06:07,80,65,,21123.40,29.0,228
,02:10:33,156,10.0,05:58,80,65,,21126.20,28.9,236
,02:10:34,156,10.2,05:52,81,65,,21129.10,28.9,244
,02:10:35,156,10.4,05:47,81,65,,21132.10,28.9,250
,02:10:36,156,10.5,05:43,81,65,,21135.00,28.9,254
,02:10:37,156,10.6,05:40,81,65,,21137.70,28.9,256
,02:10:38,155,10.6,05:40,81,65,,21140.90,29.0,256
,02:10:39,155,10.4,05:45,81,65,,21143.60,28.9,252
,02:10:40,155,10.1,05:57,81,65,,21145.90,28.9,244
,02:10:41,155,9.8,06:09,81,65,,21147.80,29.0,236
,02:10:42,155,9.5,06:19,81,65,,21149.90,28.9,230
,02:10:43,154,9.4,06:25,81,65,,21152.10,28.9,226
,02:10:44,154,9.4,06:22,81,65,,21154.50,28.9,230
,02:10:45,153,9.6,06:14,81,65,,21157.20,28.9,236
,02:10:46,153,9.8,06:08,81,65,,21159.80,28.9,242
,02:10:47,152,9.9,06:03,81,65,,21162.60,28.9,248
,02:10:48,152,10.0,06:00,81,65,,21165.80,28.9,254
,02:10:49,152,10.1,05:57,81,65,,21168.70,28.9,260
,02:10:50,152,10.1,05:55,81,65,,21172.00,28.9,264
,02:10:51,152,10.2,05:54,81,65,,21175.10,28.9,268
,02:10:52,151,10.2,05:53,81,65,,21178.30,28.9,272
,02:10:53,151,10.3,05:50,81,65,,21181.70,28.9,278
,02:10:54,151,10.4,05:47,81,65,,21184.80,28.9,284
,02:10:55,151,10.5,05:42,81,65,,21187.50,28.7,292
,02:10:56,151,10.6,05:38,81,65,,21190.90,28.9,298
,02:10:57,151,10.6,05:39,81,65,,21193.80,28.8,298
,02:10:58,151,10.6,05:41,81,65,,21196.80,28.9,300
,02:10:59,151,10.5,05:44,81,65,,21199.30,28.8,300
,02:11:00,151,10.3,05:51,81,65,,21202.30,28.8,294
,02:11:01,151,10.1,05:57,81,65,,21204.60,28.7,290
,02:11:02,151,10.1,05:57,80,65,,21207.20,28.7,292
,02:11:03,151,10.0,06:00,80,65,,21209.20,28.7,290
,02:11:04,151,9.9,06:03,80,65,,21212.10,28.7,288
,02:11:05,151,9.9,06:04,79,65,,21214.70,28.8,288
,02:11:06,151,9.8,06:06,79,65,,21216.90,28.8,286
,02:11:07,151,9.6,06:14,78,65,,21219.20,28.6,280
,02:11:08,151,9.2,06:31,77,65,,21221.50,28.8,268
,02:11:09,150,8.8,06:48,78,65,,21223.10,28.7,256
,02:11:10,150,8.6,07:00,78,65,,21225.60,28.7,250
,02:11:11,150,8.6,07:00,80,65,,21227.40,28.7,250
,02:11:12,151,8.7,06:54,81,65,,21229.60,28.7,254
,02:11:13,151,8.9,06:47,81,65,,21231.90,28.7,258
,02:11:14,151,9.0,06:42,80,65,,21234.50,28.7,258
,02:11:15,151,9.1,06:37,80,65,,21237.20,28.7,260
,02:11:16,151,9.2,06:33,80,65,,21239.70,28.7,262
,02:11:17,151,8.9,06:43,80,65,,21241.50,28.7,256
,02:11:18,151,8.4,07:06,80,65,,21243.20,28.6,242
,02:11:19,151,7.9,07:38,80,65,,21245.10,28.6,226
,02:11:20,151,6.7,08:58,81,65,,21246.30,28.7,192
,02:11:21,151,6.7,08:58,81,66,,21247.40,28.7,194
,02:11:22,151,6.0,10:02,81,66,,21248.70,28.7,174
,02:11:23,151,6.2,09:40,81,66,,21249.80,28.6,182
,02:11:24,151,6.7,08:57,80,66,,21251.70,28.6,198
,02:11:25,151,7.2,08:18,80,66,,21254.20,28.7,214
,02:11:26,151,7.6,07:56,80,66,,21257.10,28.6,224
,02:11:27,151,7.7,07:48,80,66,,21259.60,28.7,228
,02:11:28,151,7.6,07:52,80,66,,21261.40,28.7,226
,02:11:29,151,6.6,09:07,80,66,,21263.10,28.6,194
,02:11:30,151,5.2,11:33,81,66,,21264.50,28.6,152
,02:11:31,151,4.6,13:00,80,66,,21265.60,28.5,136
,02:11:32,151,4.5,13:21,81,66,,21266.60,28.6,132
,02:11:33,151,4.6,12:54,81,66,,21267.00,28.7,136
,02:11:34,151,5.0,12:02,81,66,,21268.10,28.6,146
,02:11:35,151,5.8,10:25,81,66,,21270.00,28.7,170
,02:11:36,151,6.5,09:17,81,66,,21272.60,28.7,190
,02:11:37,151,6.7,08:57,81,66,,21274.50,28.5,198
,02:11:38,151,6.8,08:48,81,66,,21276.70,28.6,202
,02:11:39,150,6.8,08:51,81,66,,21279.30,28.6,202
,02:11:40,150,6.7,08:57,81,66,,21281.90,28.7,200
,02:11:41,150,6.8,08:50,81,67,,21284.90,28.6,204
,02:11:42,150,7.1,08:29,81,67,,21287.50,28.5,212
,02:11:43,150,7.4,08:06,81,67,,21289.90,28.6,224
,02:11:44,150,7.6,07:55,81,67,,21292.50,28.5,230
,02:11:45,150,7.7,07:50,81,67,,21294.70,28.5,232
,02:11:46,150,7.8,07:42,80,67,,21297.40,28.5,238
,02:11:47,150,7.9,07:35,80,67,,21300.00,28.5,242
,02:11:48,150,8.1,07:26,81,67,,21303.30,28.5,246
,02:11:49,150,8.2,07:17,81,67,,21306.50,28.5,250
,02:11:50,150,8.4,07:07,81,67,,21308.80,28.5,254
,02:11:51,149,8.6,06:59,81,67,,21311.40,28.4,258
,02:11:52,149,8.7,06:55,81,67,,21314.10,28.5,260
,02:11:53,149,8.8,06:49,81,67,,21317.00,28.5,262
,02:11:54,149,9.0,06:41,80,67,,21319.90,28.5,266
,02:11:55,149,9.2,06:29,80,67,,21323.30,28.5,272
,02:11:56,149,9.5,06:17,80,67,,21327.30,28.5,278
,02:11:57,149,9.9,06:05,80,67,,21331.00,28.4,284
,02:11:58,149,10.2,05:54,80,67,,21334.70,28.5,290
,02:11:59,149,10.5,05:44,80,67,,21338.20,28.5,296
,02:12:00,150,10.7,05:36,81,67,,21342.10,28.5,300
,02:12:01,150,10.8,05:32,81,67,,21345.80,28.5,304
,02:12:02,150,11.0,05:26,81,67,,21349.30,28.5,308
,02:12:03,150,11.3,05:20,81,67,,21353.00,28.6,314
,02:12:04,150,11.4,05:16,81,67,,21356.40,28.5,316
,02:12:05,150,11.4,05:15,81,67,,21359.40,28.4,314
,02:12:06,150,11.4,05:17,81,67,,21362.10,28.5,312
,02:12:07,151,11.2,05:23,81,67,,21364.90,28.5,306
,02:12:08,151,10.9,05:31,81,67,,21368.10,28.5,296
,02:12:09,151,10.7,05:35,81,67,,21370.80,28.5,292
,02:12:10,151,10.8,05:33,81,67,,21374.20,28.5,294
,02:12:11,151,10.9,05:29,81,67,,21377.40,28.4,296
,02:12:12,151,11.1,05:25,80,67,,21380.80,28.5,298
,02:12:13,152,11.2,05:22,80,67,,21383.90,28.4,298
,02:12:14,152,11.2,05:21,80,67,,21387.10,28.5,298
,02:12:15,152,11.2,05:23,80,67,,21390.70,28.4,296
,02:12:16,152,11.1,05:24,80,67,,21393.90,28.5,292
,02:12:17,152,11.2,05:21,80,67,,21397.80,28.5,294
,02:12:18,151,11.5,05:14,80,67,,21402.40,28.4,300
,02:12:19,151,11.8,05:04,79,67,,21406.50,28.4,308
,02:12:20,151,12.2,04:56,79,67,,21410.50,28.4,316
,02:12:21,151,12.4,04:51,79,67,,21414.30,28.4,320
,02:12:22,151,12.3,04:53,79,67,,21417.70,28.4,318
,02:12:23,151,12.0,05:00,79,66,,21421.30,28.5,308
,02:12:24,152,11.7,05:09,79,66,,21424.50,28.5,300
,02:12:25,152,11.4,05:16,79,66,,21427.50,28.4,292
,02:12:26,152,11.1,05:24,79,66,,21429.50,28.4,284
,02:12:27,152,10.8,05:34,78,66,,21430.70,28.5,276
,02:12:28,152,10.5,05:42,79,66,,21432.00,28.5,270
,02:12:29,152,10.4,05:46,79,66,,21434.20,28.4,266
,02:12:30,152,10.4,05:48,79,66,,21436.50,28.5,266
,02:12:31,153,10.3,05:49,79,66,,21439.20,28.4,264
,02:12:32,153,10.3,05:50,79,66,,21441.70,28.5,264
,02:12:33,153,10.3,05:51,79,66,,21444.10,28.5,264
,02:12:34,153,10.1,05:56,79,66,,21446.70,28.4,260
,02:12:35,153,9.9,06:05,79,66,,21449.50,28.6,256
,02:12:36,153,9.6,06:14,79,66,,21451.80,28.5,250
,02:12:37,153,9.4,06:24,79,66,,21453.50,28.4,246
,02:12:38,153,9.1,06:37,79,66,,21454.90,28.4,240
,02:12:39,153,8.8,06:51,79,66,,21456.20,28.5,234
,02:12:40,153,7.8,07:39,79,66,,21457.60,28.5,210
,02:12:41,153,7.8,07:39,79,66,,21459.30,28.5,212
,02:12:42,154,7.2,08:20,79,66,,21461.20,28.6,194
,02:12:43,153,7.3,08:11,79,66,,21463.40,28.5,200
,02:12:44,153,7.4,08:04,79,66,,21465.30,28.5,204
,02:12:45,153,7.5,07:58,79,66,,21467.50,28.5,208
,02:12:46,153,7.6,07:53,79,66,,21470.20,28.5,212
,02:12:47,153,7.7,07:48,79,66,,21473.00,28.5,218
,02:12:48,153,7.8,07:44,79,66,,21475.40,28.5,220
,02:12:49,153,7.9,07:36,79,66,,21478.60,28.5,224
,02:12:50,153,8.1,07:24,81,66,,21481.30,28.5,230
,02:12:51,153,8.3,07:13,81,66,,21484.20,28.5,234
,02:12:52,153,8.5,07:04,80,66,,21486.60,28.5,238
,02:12:53,153,8.4,07:11,80,66,,21489.30,28.4,232
,02:12:54,153,8.0,07:31,80,66,,21491.50,28.4,220
,02:12:55,153,7.7,07:50,80,66,,21493.70,28.4,210
,02:12:56,153,7.4,08:07,80,66,,21494.90,28.5,200
,02:12:57,153,6.9,08:41,80,66,,21495.90,28.6,186
,02:12:58,152,6.3,09:28,80,66,,21496.10,28.6,168
,02:12:59,152,6.0,09:55,80,66,,21496.90,28.5,160
,02:13:00,151,6.0,10:03,80,66,,21497.50,28.5,156
,02:13:01,151,6.0,09:55,80,66,,21498.50,28.4,158
,02:13:02,152,6.3,09:35,80,66,,21499.70,28.5,164
,02:13:03,152,6.6,09:03,80,66,,21501.70,28.5,172
,02:13:04,152,7.0,08:31,81,66,,21503.80,28.4,180
,02:13:05,153,7.4,08:08,80,66,,21506.40,28.5,188
,02:13:06,153,7.7,07:50,81,66,,21509.10,28.5,194
,02:13:07,152,7.9,07:37,81,66,,21512.00,28.5,200
,02:13:08,152,8.0,07:27,81,66,,21514.80,28.5,204
,02:13:09,152,8.2,07:20,81,66,,21517.20,28.5,206
,02:13:10,152,8.3,07:16,81,66,,21519.70,28.5,210
,02:13:11,152,8.5,07:04,81,66,,21523.00,28.5,216
,02:13:12,152,8.9,06:45,81,66,,21526.50,28.6,228
,02:13:13,152,9.3,06:28,81,66,,21530.30,28.5,238
,02:13:14,152,9.6,06:15,81,66,,21533.60,28.6,248
,02:13:15,152,9.8,06:09,81,66,,21537.10,28.5,254
,02:13:16,152,9.8,06:08,81,66,,21540.40,28.5,254
,02:13:17,152,9.8,06:07,81,66,,21543.80,28.5,256
,02:13:18,151,9.9,06:04,81,66,,21547.40,28.6,260
,02:13:19,152,10.0,05:59,81,66,,21550.70,28.6,266
,02:13:20,152,10.2,05:52,81,66,,21553.90,28.5,272
,02:13:21,152,10.4,05:47,81,66,,21556.70,28.5,278
,02:13:22,152,10.6,05:40,81,66,,21559.20,28.5,284
,02:13:23,152,10.8,05:33,81,66,,21562.20,28.6,292
,02:13:24,152,11.0,05:27,81,66,,21565.40,28.7,298
,02:13:25,152,11.2,05:20,81,66,,21568.80,28.5,304
,02:13:26,153,11.8,05:06,81,66,,21572.10,28.5,320
,02:13:27,153,12.3,04:53,81,66,,21575.00,28.6,334
,02:13:28,153,12.4,04:51,81,66,,21578.10,28.6,338
,02:13:29,153,12.2,04:56,81,66,,21581.30,28.6,332
,02:13:30,153,12.0,04:59,81,66,,21585.00,28.6,330
,02:13:31,153,12.3,04:53,81,66,,21588.90,28.6,338
,02:13:32,153,12.6,04:47,81,66,,21592.80,28.6,344
,02:13:33,154,12.6,04:46,81,65,,21596.30,28.5,344
,02:13:34,154,12.5,04:48,81,65,,21599.50,28.6,340
,02:13:35,154,11.8,05:06,81,65,,21602.60,28.6,320
,02:13:36,154,11.1,05:25,81,65,,21605.80,28.6,300
,02:13:37,154,11.0,05:27,81,65,,21609.20,28.5,298
,02:13:38,154,10.9,05:31,81,65,,21611.90,28.7,292
,02:13:39,154,10.8,05:34,81,65,,21614.70,28.6,288
,02:13:40,155,10.7,05:36,81,65,,21617.70,28.5,284
,02:13:41,155,10.6,05:38,81,65,,21619.90,28.5,280
,02:13:42,155,10.5,05:42,81,65,,21622.40,28.6,276
,02:13:43,155,10.4,05:46,81,65,,21624.80,28.6,270
,02:13:44,155,10.3,05:50,81,65,,21627.20,28.6,266
,02:13:45,154,10.1,05:55,81,65,,21629.80,28.7,262
,02:13:46,154,10.0,05:59,81,65,,21631.90,28.6,260
,02:13:47,154,9.9,06:03,81,65,,21634.70,28.7,256
,02:13:48,154,9.8,06:06,81,65,,21637.10,28.7,254
,02:13:49,154,9.7,06:10,81,65,,21639.20,28.7,250
,02:13:50,154,9.7,06:13,80,65,,21641.90,28.5,248
,02:13:51,155,9.6,06:16,80,65,,21644.60,28.5,246
,02:13:52,154,9.5,06:20,80,65,,21646.90,28.7,246
,02:13:53,154,9.4,06:23,80,65,,21649.50,28.6,246
,02:13:54,154,9.4,06:25,80,65,,21651.50,28.6,248
,02:13:55,154,9.3,06:25,81,65,,21653.80,28.6,250
,02:13:56,154,9.3,06:26,81,65,,21656.40,28.6,252
,02:13:57,154,9.3,06:27,81,65,,21658.80,28.6,254
,02:13:58,154,9.3,06:27,81,65,,21661.80,28.5,256
,02:13:59,154,9.3,06:26,81,65,,21664.80,28.7,258
,02:14:00,154,9.4,06:24,81,65,,21667.80,28.6,262
,02:14:01,154,9.4,06:21,81,65,,21670.60,28.6,266
,02:14:02,154,9.5,06:18,81,65,,21673.30,28.7,270
,02:14:03,154,9.6,06:15,81,65,,21676.50,28.6,274
,02:14:04,154,9.7,06:11,81,65,,21679.40,28.7,276
,02:14:05,154,9.8,06:08,81,65,,21681.90,28.5,280
,02:14:06,154,9.9,06:05,81,65,,21684.80,28.5,282
,02:14:07,154,9.9,06:02,81,65,,21687.20,28.7,284
,02:14:08,154,10.0,06:00,81,65,,21689.60,28.6,284
,02:14:09,155,10.0,06:02,81,65,,21691.90,28.7,280
,02:14:10,155,9.9,06:05,81,65,,21694.70,28.6,276
,02:14:11,154,9.8,06:09,81,65,,21696.90,28.6,270
,02:14:12,154,9.6,06:13,81,65,,21699.10,28.7,264
,02:14:13,154,9.5,06:17,81,65,,21701.10,28.6,258
,02:14:14,154,9.3,06:25,81,65,,21703.00,28.6,250
,02:14:15,154,9.1,06:38,81,65,,21705.00,28.6,240
,02:14:16,154,8.8,06:50,81,65,,21707.30,28.6,232
,02:14:17,155,8.6,07:00,81,65,,21709.40,28.7,224
,02:14:18,155,8.4,07:09,81,65,,21711.50,28.6,216
,02:14:19,155,8.2,07:17,81,65,,21713.70,28.6,212
,02:14:20,155,8.1,07:23,81,65,,21716.50,28.7,208
,02:14:21,155,8.0,07:28,81,65,,21719.10,28.6,204
,02:14:22,155,7.9,07:33,81,65,,21721.80,28.7,200
,02:14:23,155,7.9,07:35,81,65,,21724.60,28.6,198
,02:14:24,155,7.9,07:33,81,65,,21726.90,28.6,198
,02:14:25,155,8.0,07:30,81,65,,21729.80,28.7,198
,02:14:26,155,8.1,07:26,82,65,,21732.60,28.7,202
,02:14:27,156,8.2,07:21,82,65,,21735.40,28.7,204
,02:14:28,155,8.3,07:14,83,65,,21738.70,28.7,210
,02:14:29,155,8.5,07:06,82,65,,21741.90,28.6,216
,02:14:30,155,8.7,06:56,82,65,,21745.10,28.7,224
,02:14:31,155,8.9,06:46,82,65,,21748.20,28.7,230
,02:14:32,155,9.0,06:38,82,65,,21751.20,28.8,238
,02:14:33,155,9.2,06:32,82,65,,21754.80,28.6,242
,02:14:34,156,9.3,06:27,82,65,,21758.00,28.8,246
,02:14:35,156,9.4,06:23,82,65,,21761.60,28.7,250
,02:14:36,156,9.5,06:19,82,65,,21765.00,28.7,252
,02:14:37,156,9.7,06:12,82,65,,21767.90,28.5,258
,02:14:38,156,9.8,06:07,82,65,,21771.10,28.7,262
,02:14:39,156,9.9,06:05,82,65,,21774.00,28.7,264
,02:14:40,156,10.2,05:53,82,65,,21777.40,28.7,272
,02:14:41,156,10.6,05:38,82,65,,21781.20,28.7,284
,02:14:42,156,11.0,05:27,83,65,,21784.90,28.7,294
,02:14:43,156,11.3,05:18,82,65,,21788.30,28.6,300
,02:14:44,156,11.6,05:11,82,65,,21791.60,28.7,306
,02:14:45,156,11.7,05:09,82,65,,21794.90,28.7,306
,02:14:46,157,11.6,05:11,82,65,,21798.50,28.7,302
,02:14:47,157,11.3,05:18,82,65,,21801.30,28.7,294
,02:14:48,157,11.0,05:26,82,65,,21804.60,28.7,288
,02:14:49,157,10.8,05:32,82,65,,21807.40,28.6,282
,02:14:50,157,10.7,05:38,82,65,,21810.10,28.8,276
,02:14:51,157,10.5,05:42,83,65,,21812.90,28.7,274
,02:14:52,157,10.5,05:44,83,65,,21815.60,28.7,272
,02:14:53,157,10.4,05:45,83,65,,21818.40,28.7,272
,02:14:54,157,10.4,05:46,82,65,,21821.40,28.8,272
,02:14:55,157,10.4,05:46,83,65,,21824.40,28.8,272
,02:14:56,158,10.4,05:46,82,65,,21827.70,28.7,274
,02:14:57,158,10.4,05:46,82,65,,21830.90,28.7,274
,02:14:58,158,10.4,05:46,82,65,,21834.30,28.7,274
,02:14:59,158,10.4,05:46,82,65,,21837.40,28.7,276
,02:15:00,157,10.4,05:46,82,65,,21840.40,28.7,278
,02:15:01,158,10.4,05:46,83,65,,21843.70,28.7,280
,02:15:02,158,10.4,05:45,83,65,,21846.90,28.6,280
,02:15:03,158,10.5,05:43,83,65,,21850.00,28.7,284
,02:15:04,158,10.5,05:42,83,65,,21853.30,28.7,286
,02:15:05,158,10.6,05:40,83,65,,21856.50,28.7,288
,02:15:06,159,10.7,05:38,83,65,,21859.80,28.7,290
,02:15:07,159,10.7,05:36,83,65,,21863.00,28.7,292
,02:15:08,159,10.8,05:34,83,65,,21866.30,28.7,296
,02:15:09,159,10.8,05:33,83,65,,21869.60,28.7,296
,02:15:10,159,10.9,05:31,83,65,,21872.80,28.7,298
,02:15:11,159,10.9,05:30,83,65,,21876.00,28.7,298
,02:15:12,159,10.9,05:29,83,65,,21879.30,28.7,300
,02:15:13,159,11.0,05:29,83,65,,21882.60,28.7,300
,02:15:14,159,11.0,05:28,82,65,,21885.80,28.8,300
,02:15:15,160,11.0,05:27,82,65,,21888.90,28.8,300
,02:15:16,160,11.0,05:26,83,65,,21892.00,28.8,300
,02:15:17,160,11.1,05:25,83,64,,21895.20,28.8,300
,02:15:18,161,11.1,05:23,83,64,,21898.50,28.8,300
,02:15:19,161,11.2,05:22,83,64,,21901.70,28.7,300
,02:15:20,161,11.2,05:21,82,64,,21904.80,28.8,298
,02:15:21,161,11.2,05:20,82,64,,21907.80,28.9,298
,02:15:22,161,11.3,05:20,82,64,,21910.80,28.9,298
,02:15:23,160,11.3,05:19,82,64,,21913.60,28.8,298
,02:15:24,160,11.3,05:19,82,64,,21916.70,28.9,296
,02:15:25,161,11.3,05:19,82,64,,21919.70,28.9,296
,02:15:26,161,11.3,05:19,83,64,,21922.70,28.9,296
,02:15:27,161,11.3,05:18,83,64,,21925.70,28.8,294
,02:15:28,161,11.3,05:18,82,64,,21928.60,28.9,294
,02:15:29,161,11.3,05:18,82,64,,21931.90,28.8,294
,02:15:30,161,11.3,05:18,82,64,,21935.00,28.9,294
,02:15:31,161,11.3,05:18,82,64,,21938.10,28.9,294
,02:15:32,161,11.3,05:18,82,64,,21941.10,28.9,292
,02:15:33,161,11.3,05:19,82,64,,21944.00,29.0,292
,02:15:34,162,11.3,05:19,82,64,,21946.80,28.9,292
,02:15:35,162,11.3,05:20,82,64,,21949.80,28.9,292
,02:15:36,162,11.3,05:20,82,64,,21952.60,28.9,292
,02:15:37,162,11.3,05:20,82,63,,21955.50,28.9,292
,02:15:38,162,11.2,05:21,83,63,,21958.00,28.9,292
,02:15:39,162,11.2,05:21,82,63,,21960.60,28.9,290
,02:15:40,162,11.2,05:22,82,63,,21963.50,28.9,288
,02:15:41,161,11.2,05:22,82,63,,21966.50,28.9,288
,02:15:42,162,11.1,05:23,82,63,,21969.40,28.9,286
,02:15:43,162,11.1,05:23,82,63,,21972.60,28.9,286
,02:15:44,162,11.1,05:24,82,63,,21975.60,28.9,284
,02:15:45,162,11.1,05:24,82,63,,21978.50,29.0,284
,02:15:46,162,11.1,05:24,82,63,,21981.90,28.9,284
,02:15:47,162,11.1,05:24,82,63,,21985.00,28.9,284
,02:15:48,162,11.1,05:24,82,63,,21988.20,29.0,282
,02:15:49,162,11.1,05:24,83,63,,21991.30,29.0,282
,02:15:50,162,11.1,05:24,83,63,,21994.30,28.9,282
,02:15:51,162,11.1,05:24,82,62,,21997.50,28.8,280
,02:15:52,162,11.1,05:25,82,62,,22000.40,29.0,280
,02:15:53,162,11.1,05:25,82,62,,22003.30,29.0,280
,02:15:54,162,11.1,05:25,82,62,,22006.70,29.0,280
,02:15:55,162,11.1,05:25,82,62,,22009.60,28.9,282
,02:15:56,161,11.1,05:25,82,62,,22012.70,28.9,282
,02:15:57,162,11.1,05:25,82,62,,22015.60,28.9,284
,02:15:58,162,11.1,05:25,83,62,,22018.70,29.0,286
,02:15:59,162,11.1,05:25,83,62,,22021.50,29.0,288
,02:16:00,161,11.1,05:25,83,62,,22024.10,28.9,288
,02:16:01,161,11.1,05:25,83,62,,22027.00,28.9,290
,02:16:02,161,11.0,05:26,83,62,,22029.90,28.9,292
,02:16:03,161,11.0,05:27,83,62,,22032.60,28.9,292
,02:16:04,161,11.0,05:28,83,62,,22035.60,28.9,294
,02:16:05,161,10.9,05:29,83,62,,22038.50,28.9,296
,02:16:06,161,10.9,05:30,83,62,,22041.60,28.9,300
,02:16:07,161,10.9,05:31,83,63,,22044.80,28.9,306
,02:16:08,161,10.9,05:31,83,63,,22048.30,29.0,312
,02:16:09,161,10.9,05:31,82,63,,22051.60,29.0,318
,02:16:10,162,10.8,05:32,82,63,,22054.80,29.0,322
,02:16:11,162,10.8,05:32,83,63,,22057.90,29.0,326
,02:16:12,162,10.8,05:32,83,63,,22061.20,29.0,328
,02:16:13,162,10.8,05:32,83,63,,22064.30,29.1,328
,02:16:14,162,10.8,05:33,82,63,,22067.40,29.0,328
,02:16:15,161,10.8,05:33,82,63,,22070.60,29.0,328
,02:16:16,161,10.8,05:33,82,63,,22073.50,28.9,326
,02:16:17,160,10.8,05:33,81,63,,22076.50,29.0,324
,02:16:18,160,10.8,05:33,80,63,,22079.60,29.1,322
,02:16:19,162,10.8,05:33,80,63,,22082.70,29.0,318
,02:16:20,161,10.8,05:33,80,63,,22085.60,28.9,316
,02:16:21,162,10.6,05:38,79,63,,22088.00,29.1,308
,02:16:22,162,10.2,05:53,79,63,,22090.20,29.0,294
,02:16:23,162,9.6,06:14,78,63,,22092.00,29.0,274
,02:16:24,162,7.8,07:41,78,63,,22093.10,29.0,222
,02:16:25,162,9.1,06:35,63,63,,22095.30,29.0,222
,02:16:26,161,8.5,07:05,55,63,,22097.80,29.0,226
,02:16:27,161,7.9,07:38,55,63,,22097.80,29.1,266
,02:16:28,161,7.3,08:10,55,63,,22098.00,29.0,280
,02:16:29,161,6.9,08:40,55,63,,22098.00,28.9,282
,02:16:30,161,6.6,09:08,50,63,,22099.80,29.1,282
,02:16:31,161,6.3,09:34,48,63,,22101.50,28.9,280
,02:16:32,161,6.0,10:00,48,63,,22103.10,29.0,280
,02:16:33,160,5.7,10:28,46,63,,22104.80,28.9,278
,02:16:34,160,5.5,10:55,45,63,,22106.30,29.0,278
