Name,Sport,Date,Start time,Duration,Total distance (km),Average heart rate (bpm),Average speed (km/h),Max speed (km/h),Average pace (min/km),Max pace (min/km),Calories,Fat percentage of calories(%),Carbohydrate percentage of calories(%),Protein percentage of calories(%),Average cadence (rpm),Average stride length (cm),Running index,Training load,Ascent (m),Descent (m),Average power (W),Max power (W),Notes,Height (cm),Weight (kg),HR max,HR sit,VO2max,
Александр Мартынов,RUNNING,24.02.2026,09:42:44,00:46:59,7.96,152,10.2,11.6,05:54,05:09,744,31,68,1,82,,,,,,,,,182.0,76.0,192,55,64,
Sample rate,Time,HR (bpm),Speed (km/h),Pace (min/km),Cadence,Altitude (m),Stride length (m),Distances (m),Temperatures (C),Power (W),
1,00:00:00,117,0.0,00:00,0,,,0.00,30.3,0,
,00:00:01,117,0.1,574:10,0,,,0.00,30.3,0,
,00:00:02,105,0.5,127:30,0,,,0.00,30.3,0,
,00:00:03,108,1.1,56:22,0,,,0.00,30.3,0,
,00:00:04,108,1.8,33:40,0,,,0.40,30.3,0,
,00:00:05,109,2.6,23:04,0,,,1.10,30.2,0,
,00:00:06,110,5.0,12:04,0,,,2.00,30.2,0,
,00:00:07,110,7.1,08:26,39,,,4.10,25.8,0,
,00:00:08,111,8.5,07:04,58,,,6.60,25.9,0,
,00:00:09,111,9.3,06:27,74,,,9.30,25.9,0,
,00:00:10,111,9.6,06:16,77,,,12.10,25.8,0,
,00:00:11,112,9.5,06:21,78,,,14.80,25.9,0,
,00:00:12,112,9.1,06:34,79,,,17.40,25.9,0,
,00:00:13,112,8.9,06:45,79,,,19.90,25.8,0,
,00:00:14,112,8.8,06:48,79,,,22.20,25.9,0,
,00:00:15,113,8.7,06:52,79,,,24.50,25.8,0,
,00:00:16,114,8.7,06:55,79,,,26.90,25.8,0,
,00:00:17,114,8.6,06:57,79,,,29.30,25.8,0,
,00:00:18,114,8.6,06:57,79,,,31.60,25.9,0,
,00:00:19,114,8.6,06:57,79,,,32.10,25.9,0,
,00:00:20,115,8.6,06:56,79,,,34.50,26.0,0,
,00:00:21,115,8.7,06:55,79,,,36.80,25.8,0,
,00:00:22,116,8.7,06:52,79,,,39.20,25.9,0,
,00:00:23,117,8.8,06:50,79,,,41.60,25.9,0,
,00:00:24,118,8.9,06:46,79,,,44.10,25.8,0,
,00:00:25,119,9.0,06:41,81,,,46.60,25.9,0,
,00:00:26,121,9.1,06:36,81,,,49.10,26.0,0,
,00:00:27,121,9.2,06:31,81,,,51.70,26.0,0,
,00:00:28,122,9.3,06:26,81,,,54.20,25.9,0,
,00:00:29,122,9.5,06:20,80,,,56.80,25.9,0,
,00:00:30,123,9.6,06:14,80,,,59.50,25.9,0,
,00:00:31,123,9.8,06:08,80,,,62.20,26.0,0,
,00:00:32,123,9.9,06:04,80,,,64.90,25.9,0,
,00:00:33,124,9.9,06:03,79,,,67.70,25.9,0,
,00:00:34,124,9.8,06:09,79,,,70.40,25.9,0,
,00:00:35,124,9.5,06:19,79,,,73.20,25.9,0,
,00:00:36,125,9.2,06:31,79,,,75.70,26.0,0,
,00:00:37,125,9.0,06:38,79,,,78.10,25.8,0,
,00:00:38,127,9.0,06:40,79,,,80.60,25.9,0,
,00:00:39,127,9.1,06:37,79,,,83.10,26.0,0,
,00:00:40,128,9.6,06:15,79,,,85.60,25.9,0,
,00:00:41,128,9.9,06:04,79,,,88.30,26.0,0,
,00:00:42,129,9.9,06:02,79,,,91.20,25.9,0,
,00:00:43,129,9.8,06:07,79,,,93.90,25.9,0,
,00:00:44,130,9.6,06:15,79,,,96.60,25.9,0,
,00:00:45,130,9.4,06:24,79,,,99.20,26.0,0,
,00:00:46,131,9.2,06:30,80,,,101.70,25.9,0,
,00:00:47,131,9.1,06:34,80,,,104.30,25.8,0,
,00:00:48,131,9.1,06:35,80,,,106.70,25.9,0,
,00:00:49,131,9.1,06:37,80,,,109.30,25.9,0,
,00:00:50,132,9.1,06:38,80,,,111.80,25.9,0,
,00:00:51,132,9.1,06:37,80,,,114.30,25.9,0,
,00:00:52,132,9.2,06:33,80,,,116.80,25.9,0,
,00:00:53,133,9.2,06:30,80,,,119.40,25.9,0,
,00:00:54,134,9.3,06:26,80,,,121.90,26.0,0,
,00:00:55,134,9.4,06:23,80,,,124.50,25.8,0,
,00:00:56,134,9.5,06:19,80,,,127.10,25.9,0,
,00:00:57,135,9.6,06:16,80,,,129.80,25.9,0,
,00:00:58,136,9.6,06:13,80,,,132.40,26.0,0,
,00:00:59,136,9.7,06:12,80,,,135.10,25.9,0,
,00:01:00,137,9.7,06:12,80,,,138.30,26.0,0,
,00:01:01,138,9.7,06:13,81,,,141.00,26.0,0,
,00:01:02,138,9.6,06:14,82,,,143.70,25.9,0,
,00:01:03,139,9.6,06:15,83,,,146.30,25.9,0,
,00:01:04,140,9.6,06:15,82,,,149.00,25.9,0,
,00:01:05,140,9.7,06:12,82,,,151.60,25.9,0,
,00:01:06,140,9.8,06:08,80,,,154.40,25.9,0,
,00:01:07,141,9.9,06:04,79,,,157.10,26.0,0,
,00:01:08,141,10.0,06:00,79,,,159.80,25.9,0,
,00:01:09,141,10.1,05:57,78,,,162.60,25.9,0,
,00:01:10,141,10.1,05:57,78,,,165.40,25.9,0,
,00:01:11,142,10.1,05:57,78,,,168.20,26.0,0,
,00:01:12,142,10.0,05:58,81,,,171.00,25.9,0,
,00:01:13,142,10.0,06:00,81,,,173.80,25.9,0,
,00:01:14,143,9.9,06:03,81,,,176.50,25.9,0,
,00:01:15,143,9.9,06:05,81,,,179.20,25.9,0,
,00:01:16,142,9.8,06:07,80,,,182.00,25.9,0,
,00:01:17,142,9.8,06:08,80,,,184.60,25.9,0,
,00:01:18,143,9.8,06:07,80,,,187.30,25.9,0,
,00:01:19,143,9.9,06:05,80,,,190.00,25.9,0,
,00:01:20,143,9.9,06:03,81,,,192.80,26.0,0,
,00:01:21,144,9.9,06:02,80,,,195.50,25.9,0,
,00:01:22,144,10.0,06:01,81,,,198.30,25.9,0,
,00:01:23,144,10.0,06:00,81,,,201.10,25.9,0,
,00:01:24,144,10.0,05:59,81,,,203.80,25.9,0,
,00:01:25,144,10.1,05:58,81,,,206.60,25.9,0,
,00:01:26,144,10.1,05:56,81,,,209.40,25.9,0,
,00:01:27,144,10.1,05:55,81,,,212.20,25.9,0,
,00:01:28,144,10.2,05:54,81,,,215.00,25.9,0,
,00:01:29,145,10.2,05:54,80,,,217.80,25.9,0,
,00:01:30,145,10.2,05:54,80,,,220.60,25.9,0,
,00:01:31,145,10.2,05:53,81,,,223.40,25.9,0,
,00:01:32,145,10.2,05:53,81,,,226.30,26.0,0,
,00:01:33,146,10.2,05:53,81,,,229.10,25.9,0,
,00:01:34,146,10.2,05:53,81,,,231.90,25.8,0,
,00:01:35,145,10.2,05:53,81,,,234.70,25.9,0,
,00:01:36,145,10.2,05:53,81,,,237.60,25.9,0,
,00:01:37,146,10.2,05:52,81,,,240.30,25.9,0,
,00:01:38,146,10.2,05:51,81,,,243.53,25.9,0,
,00:01:39,146,10.3,05:51,81,,,246.60,25.9,0,
,00:01:40,146,10.3,05:51,81,,,249.50,25.8,0,
,00:01:41,146,10.3,05:50,81,,,252.30,26.0,0,
,00:01:42,146,10.3,05:50,81,,,255.20,25.9,0,
,00:01:43,146,10.3,05:50,81,,,257.90,25.8,0,
,00:01:44,146,10.3,05:50,81,,,260.80,26.0,0,
,00:01:45,147,10.3,05:49,81,,,263.60,25.8,0,
,00:01:46,146,10.3,05:49,81,,,266.50,25.9,0,
,00:01:47,146,10.3,05:48,81,,,269.40,25.9,0,
,00:01:48,146,10.4,05:47,81,,,272.20,25.9,0,
,00:01:49,146,10.4,05:47,81,,,275.10,25.9,0,
,00:01:50,146,10.4,05:47,81,,,278.00,25.9,0,
,00:01:51,146,10.4,05:47,81,,,280.90,25.9,0,
,00:01:52,146,10.4,05:47,81,,,283.70,25.9,0,
,00:01:53,146,10.4,05:47,81,,,286.60,25.9,0,
,00:01:54,146,10.4,05:47,81,,,289.50,25.9,0,
,00:01:55,146,10.4,05:47,81,,,292.30,25.9,0,
,00:01:56,146,10.4,05:48,81,,,295.20,25.9,0,
,00:01:57,145,10.3,05:48,81,,,298.10,25.9,0,
,00:01:58,145,10.3,05:49,81,,,300.90,25.9,0,
,00:01:59,145,10.3,05:49,81,,,303.70,25.9,0,
,00:02:00,145,10.3,05:50,81,,,306.60,25.9,0,
,00:02:01,145,10.3,05:50,81,,,309.50,26.0,0,
,00:02:02,145,10.3,05:51,81,,,312.30,25.9,0,
,00:02:03,145,10.2,05:51,81,,,315.10,25.9,0,
,00:02:04,145,10.2,05:52,81,,,317.90,26.0,0,
,00:02:05,146,10.2,05:53,81,,,320.70,25.9,0,
,00:02:06,146,10.2,05:53,81,,,323.60,25.8,0,
,00:02:07,145,10.2,05:53,81,,,326.40,25.9,0,
,00:02:08,145,10.2,05:54,81,,,329.20,25.8,0,
,00:02:09,146,10.2,05:54,81,,,332.00,25.9,0,
,00:02:10,146,10.2,05:54,81,,,334.80,25.9,0,
,00:02:11,146,10.2,05:53,81,,,337.60,25.9,0,
,00:02:12,146,10.2,05:52,81,,,340.50,25.9,0,
,00:02:13,146,10.2,05:52,81,,,343.30,26.0,0,
,00:02:14,146,10.2,05:51,81,,,346.10,25.9,0,
,00:02:15,145,10.2,05:51,81,,,349.00,26.0,0,
,00:02:16,145,10.2,05:51,81,,,351.80,25.9,0,
,00:02:17,146,10.2,05:51,81,,,355.03,25.8,0,
,00:02:18,146,10.2,05:51,81,,,358.00,25.9,0,
,00:02:19,145,10.3,05:51,81,,,360.90,25.8,0,
,00:02:20,145,10.3,05:50,81,,,363.70,25.9,0,
,00:02:21,145,10.3,05:50,81,,,366.60,25.9,0,
,00:02:22,145,10.3,05:50,81,,,369.30,25.9,0,
,00:02:23,145,10.3,05:50,81,,,372.20,25.9,0,
,00:02:24,145,10.3,05:50,81,,,375.10,25.9,0,
,00:02:25,145,10.3,05:50,81,,,377.90,25.8,0,
,00:02:26,145,10.3,05:50,81,,,380.80,25.9,0,
,00:02:27,145,10.3,05:50,81,,,383.60,25.9,0,
,00:02:28,146,10.3,05:50,81,,,386.50,25.9,0,
,00:02:29,146,10.3,05:50,81,,,389.30,25.8,0,
,00:02:30,147,10.3,05:50,81,,,392.10,25.8,0,
,00:02:31,148,10.3,05:49,81,,,395.00,25.8,0,
,00:02:32,148,10.3,05:49,81,,,397.80,25.8,0,
,00:02:33,148,10.3,05:48,81,,,400.70,25.8,0,
,00:02:34,148,10.3,05:48,81,,,403.60,25.9,0,
,00:02:35,148,10.3,05:48,81,,,406.40,25.8,0,
,00:02:36,148,10.3,05:48,81,,,409.30,25.8,0,
,00:02:37,148,10.3,05:49,81,,,412.10,25.9,0,
,00:02:38,148,10.3,05:49,81,,,414.90,25.9,0,
,00:02:39,148,10.3,05:50,81,,,417.80,25.9,0,
,00:02:40,148,10.3,05:50,81,,,420.70,25.9,0,
,00:02:41,148,10.3,05:50,81,,,423.50,25.9,0,
,00:02:42,148,10.3,05:50,81,,,426.40,25.9,0,
,00:02:43,147,10.3,05:50,81,,,429.10,25.9,0,
,00:02:44,148,10.3,05:50,81,,,432.00,25.9,0,
,00:02:45,148,10.3,05:49,81,,,434.80,25.9,0,
,00:02:46,148,10.3,05:49,81,,,437.70,25.9,0,
,00:02:47,147,10.3,05:48,81,,,440.60,25.8,0,
,00:02:48,147,10.3,05:48,81,,,443.40,25.9,0,
,00:02:49,148,10.3,05:48,81,,,446.30,25.9,0,
,00:02:50,148,10.4,05:48,81,,,449.20,25.8,0,
,00:02:51,147,10.4,05:48,81,,,452.00,25.8,0,
,00:02:52,148,10.4,05:48,81,,,454.80,25.8,0,
,00:02:53,148,10.4,05:48,81,,,457.70,25.9,0,
,00:02:54,148,10.4,05:48,81,,,460.60,25.8,0,
,00:02:55,147,10.4,05:48,81,,,463.50,25.8,0,
,00:02:56,147,10.4,05:48,81,,,466.73,25.8,0,
,00:02:57,147,10.4,05:48,81,,,469.70,25.8,0,
,00:02:58,147,10.3,05:48,81,,,472.60,25.9,0,
,00:02:59,147,10.3,05:49,77,,,475.50,25.9,0,
,00:03:00,148,10.2,05:51,74,,,478.30,25.9,0,
,00:03:01,148,10.2,05:54,77,,,481.10,25.8,0,
,00:03:02,148,10.1,05:56,80,,,483.90,25.9,0,
,00:03:03,148,10.0,06:00,83,,,486.70,25.8,0,
,00:03:04,148,9.9,06:04,83,,,489.40,25.8,0,
,00:03:05,148,9.8,06:07,83,,,492.10,25.8,0,
,00:03:06,149,9.7,06:10,83,,,494.90,25.8,0,
,00:03:07,149,9.7,06:11,83,,,497.50,25.9,0,
,00:03:08,149,9.7,06:10,83,,,500.20,25.8,0,
,00:03:09,149,9.8,06:07,82,,,502.90,25.8,0,
,00:03:10,148,9.9,06:04,82,,,505.60,25.8,0,
,00:03:11,148,10.0,06:00,82,,,508.30,25.8,0,
,00:03:12,148,10.1,05:58,82,,,511.10,25.9,0,
,00:03:13,149,10.1,05:55,82,,,513.90,25.8,0,
,00:03:14,149,10.2,05:53,82,,,516.70,25.8,0,
,00:03:15,149,10.2,05:52,82,,,519.50,25.7,0,
,00:03:16,148,10.3,05:51,83,,,522.40,25.9,0,
,00:03:17,148,10.3,05:50,83,,,525.20,25.9,0,
,00:03:18,148,10.3,05:50,82,,,528.10,25.8,0,
,00:03:19,148,10.3,05:49,83,,,530.90,25.8,0,
,00:03:20,148,10.3,05:49,82,,,533.80,25.8,0,
,00:03:21,148,10.3,05:49,82,,,536.70,25.8,0,
,00:03:22,148,10.3,05:48,82,,,539.50,25.8,0,
,00:03:23,148,10.4,05:48,83,,,542.30,25.8,0,
,00:03:24,147,10.4,05:47,83,,,545.20,25.8,0,
,00:03:25,147,10.4,05:46,83,,,548.10,25.8,0,
,00:03:26,148,10.4,05:45,83,,,551.00,25.8,0,
,00:03:27,147,10.4,05:45,82,,,553.90,25.8,0,
,00:03:28,147,10.5,05:44,83,,,556.80,25.8,0,
,00:03:29,147,10.5,05:44,83,,,559.70,25.9,0,
,00:03:30,147,10.5,05:43,83,,,562.60,25.9,0,
,00:03:31,147,10.5,05:43,82,,,565.50,25.8,0,
,00:03:32,147,10.5,05:43,82,,,568.30,25.8,0,
,00:03:33,147,10.5,05:43,82,,,571.20,25.9,0,
,00:03:34,147,10.5,05:44,82,,,574.10,25.8,0,
,00:03:35,147,10.5,05:44,83,,,574.70,25.8,0,
,00:03:36,147,10.4,05:45,83,,,577.60,25.8,0,
,00:03:37,147,10.4,05:46,83,,,580.40,25.7,0,
,00:03:38,146,10.4,05:47,83,,,583.30,25.8,0,
,00:03:39,146,10.4,05:47,83,,,586.20,25.7,0,
,00:03:40,146,10.4,05:46,83,,,589.10,25.8,0,
,00:03:41,146,10.5,05:44,83,,,592.00,25.9,0,
,00:03:42,145,10.5,05:41,83,,,594.90,25.8,0,
,00:03:43,146,10.7,05:37,84,,,597.80,25.7,0,
,00:03:44,146,10.8,05:32,85,,,600.80,25.7,0,
,00:03:45,146,10.9,05:30,85,,,603.80,25.8,0,
,00:03:46,146,10.9,05:30,84,,,606.80,25.8,0,
,00:03:47,146,10.9,05:31,84,,,609.90,25.8,0,
,00:03:48,146,10.9,05:32,84,,,612.90,25.7,0,
,00:03:49,145,10.8,05:33,83,,,615.90,25.8,0,
,00:03:50,145,10.8,05:34,82,,,618.90,25.8,0,
,00:03:51,145,10.7,05:36,82,,,621.80,25.8,0,
,00:03:52,145,10.7,05:37,83,,,624.80,25.8,0,
,00:03:53,145,10.6,05:38,83,,,627.70,25.8,0,
,00:03:54,145,10.6,05:39,83,,,630.60,25.7,0,
,00:03:55,145,10.6,05:40,83,,,633.50,25.8,0,
,00:03:56,145,10.6,05:41,82,,,636.50,25.8,0,
,00:03:57,145,10.5,05:42,83,,,639.40,25.8,0,
,00:03:58,145,10.5,05:42,82,,,642.30,25.8,0,
,00:03:59,145,10.5,05:42,83,,,645.20,25.9,0,
,00:04:00,146,10.5,05:43,83,,,648.10,25.7,0,
,00:04:01,145,10.5,05:43,82,,,651.00,25.8,0,
,00:04:02,145,10.5,05:44,83,,,653.90,25.8,0,
,00:04:03,145,10.5,05:44,83,,,656.80,25.8,0,
,00:04:04,145,10.4,05:45,83,,,659.60,25.8,0,
,00:04:05,146,10.4,05:45,82,,,662.50,25.6,0,
,00:04:06,146,10.4,05:45,82,,,665.40,25.8,0,
,00:04:07,146,10.4,05:45,83,,,668.30,25.8,0,
,00:04:08,146,10.4,05:45,83,,,671.20,25.8,0,
,00:04:09,146,10.5,05:44,83,,,674.10,25.7,0,
,00:04:10,147,10.5,05:44,82,,,677.00,25.9,0,
,00:04:11,147,10.5,05:44,83,,,679.80,25.8,0,
,00:04:12,147,10.5,05:44,83,,,682.70,25.8,0,
,00:04:13,147,10.4,05:45,83,,,685.60,25.8,0,
,00:04:14,147,10.4,05:45,83,,,688.50,25.8,0,
,00:04:15,147,10.4,05:45,83,,,691.40,25.8,0,
,00:04:16,148,10.4,05:45,82,,,694.63,25.7,0,
,00:04:17,148,10.4,05:45,83,,,697.70,25.7,0,
,00:04:18,148,10.4,05:45,83,,,700.60,25.6,0,
,00:04:19,148,10.4,05:45,83,,,703.50,25.8,0,
,00:04:20,148,10.5,05:44,82,,,706.40,25.7,0,
,00:04:21,148,10.5,05:44,82,,,709.30,25.8,0,
,00:04:22,147,10.5,05:43,82,,,712.20,25.8,0,
,00:04:23,147,10.5,05:43,82,,,715.10,25.7,0,
,00:04:24,147,10.5,05:43,82,,,718.00,25.7,0,
,00:04:25,147,10.5,05:43,82,,,720.90,25.8,0,
,00:04:26,147,10.5,05:43,83,,,723.80,25.7,0,
,00:04:27,147,10.5,05:44,83,,,726.70,25.7,0,
,00:04:28,147,10.5,05:44,83,,,729.60,25.7,0,
,00:04:29,147,10.4,05:45,83,,,732.50,25.7,0,
,00:04:30,147,10.4,05:46,83,,,735.30,25.6,0,
,00:04:31,147,10.4,05:46,83,,,738.20,25.8,0,
,00:04:32,147,10.4,05:46,83,,,741.10,25.7,0,
,00:04:33,147,10.4,05:47,83,,,744.00,25.7,0,
,00:04:34,147,10.4,05:47,82,,,746.90,25.8,0,
,00:04:35,147,10.4,05:47,82,,,749.70,25.7,0,
,00:04:36,148,10.4,05:47,83,,,752.50,25.8,0,
,00:04:37,148,10.4,05:47,83,,,755.40,25.7,0,
,00:04:38,148,10.4,05:47,83,,,758.30,25.8,0,
,00:04:39,148,10.4,05:46,83,,,761.20,25.6,0,
,00:04:40,148,10.4,05:46,83,,,764.10,25.8,0,
,00:04:41,148,10.4,05:45,82,,,767.00,25.8,0,
,00:04:42,149,10.4,05:45,83,,,769.80,25.7,0,
,00:04:43,149,10.4,05:45,83,,,772.70,25.7,0,
,00:04:44,150,10.4,05:45,82,,,775.60,25.7,0,
,00:04:45,150,10.4,05:45,83,,,778.50,25.8,0,
,00:04:46,151,10.4,05:45,83,,,781.40,25.7,0,
,00:04:47,151,10.4,05:45,83,,,784.30,25.7,0,
,00:04:48,151,10.4,05:45,83,,,787.20,25.6,0,
,00:04:49,151,10.4,05:45,83,,,790.00,25.7,0,
,00:04:50,151,10.4,05:45,83,,,792.90,25.7,0,
,00:04:51,152,10.4,05:46,83,,,795.70,25.6,0,
,00:04:52,152,10.4,05:46,83,,,798.60,25.6,0,
,00:04:53,152,10.4,05:46,83,,,801.83,25.7,0,
,00:04:54,151,10.4,05:45,83,,,804.90,25.6,0,
,00:04:55,152,10.4,05:45,83,,,807.80,25.6,0,
,00:04:56,152,10.4,05:45,83,,,810.70,25.7,0,
,00:04:57,152,10.4,05:45,82,,,813.60,25.6,0,
,00:04:58,152,10.5,05:44,82,,,816.50,25.7,0,
,00:04:59,153,10.5,05:44,82,,,819.40,25.7,0,
,00:05:00,152,10.5,05:44,82,,,822.30,25.7,0,
,00:05:01,153,10.5,05:43,83,,,825.20,25.6,0,
,00:05:02,153,10.5,05:43,83,,,828.10,25.7,0,
,00:05:03,152,10.5,05:42,83,,,831.00,25.7,0,
,00:05:04,152,10.5,05:42,83,,,833.90,25.6,0,
,00:05:05,152,10.5,05:42,83,,,836.80,25.7,0,
,00:05:06,152,10.5,05:42,83,,,839.80,25.6,0,
,00:05:07,151,10.5,05:42,82,,,842.70,25.8,0,
,00:05:08,151,10.5,05:42,82,,,845.60,25.7,0,
,00:05:09,151,10.5,05:42,83,,,848.50,25.6,0,
,00:05:10,151,10.6,05:41,83,,,851.40,25.7,0,
,00:05:11,151,10.6,05:41,83,,,854.30,25.5,0,
,00:05:12,150,10.6,05:41,83,,,857.20,25.6,0,
,00:05:13,149,10.6,05:41,83,,,860.20,25.6,0,
,00:05:14,149,10.6,05:40,83,,,863.10,25.6,0,
,00:05:15,149,10.6,05:39,83,,,866.00,25.6,0,
,00:05:16,148,10.6,05:38,83,,,869.00,25.7,0,
,00:05:17,148,10.7,05:37,83,,,871.90,25.7,0,
,00:05:18,148,10.7,05:36,83,,,874.80,25.6,0,
,00:05:19,147,10.7,05:35,83,,,877.80,25.6,0,
,00:05:20,147,10.8,05:35,83,,,880.70,25.5,0,
,00:05:21,147,10.8,05:35,83,,,883.70,25.6,0,
,00:05:22,146,10.8,05:35,83,,,886.70,25.6,0,
,00:05:23,146,10.8,05:35,83,,,889.70,25.6,0,
,00:05:24,145,10.7,05:35,83,,,892.70,25.6,0,
,00:05:25,145,10.7,05:36,83,,,895.70,25.6,0,
,00:05:26,144,10.7,05:37,83,,,898.60,25.6,0,
,00:05:27,145,10.7,05:38,83,,,901.50,25.6,0,
,00:05:28,144,10.6,05:39,83,,,904.50,25.6,0,
,00:05:29,144,10.6,05:40,83,,,907.50,25.6,0,
,00:05:30,145,10.6,05:41,83,,,910.30,25.6,0,
,00:05:31,145,10.5,05:42,82,,,913.20,25.6,0,
,00:05:32,144,10.5,05:42,82,,,916.20,25.6,0,
,00:05:33,144,10.5,05:42,82,,,919.43,25.6,0,
,00:05:34,144,10.5,05:42,83,,,922.50,25.6,0,
,00:05:35,144,10.5,05:43,83,,,925.40,25.5,0,
,00:05:36,145,10.5,05:43,83,,,928.30,25.6,0,
,00:05:37,145,10.5,05:43,83,,,931.20,25.6,0,
,00:05:38,145,10.5,05:43,83,,,934.20,25.6,0,
,00:05:39,146,10.5,05:43,83,,,937.10,25.6,0,
,00:05:40,146,10.5,05:43,83,,,940.00,25.6,0,
,00:05:41,147,10.5,05:43,83,,,942.80,25.5,0,
,00:05:42,147,10.5,05:44,83,,,945.70,25.6,0,
,00:05:43,147,10.5,05:44,83,,,948.60,25.6,0,
,00:05:44,147,10.5,05:43,83,,,951.50,25.5,0,
,00:05:45,148,10.5,05:42,83,,,954.40,25.6,0,
,00:05:46,148,10.6,05:41,83,,,957.40,25.6,0,
,00:05:47,148,10.6,05:40,83,,,960.30,25.6,0,
,00:05:48,148,10.6,05:40,83,,,963.20,25.6,0,
,00:05:49,148,10.6,05:40,83,,,966.10,25.6,0,
,00:05:50,149,10.6,05:40,83,,,969.00,25.6,0,
,00:05:51,149,10.6,05:40,83,,,972.00,25.6,0,
,00:05:52,149,10.6,05:40,83,,,974.90,25.5,0,
,00:05:53,149,10.6,05:40,83,,,977.80,25.5,0,
,00:05:54,149,10.6,05:41,83,,,980.80,25.5,0,
,00:05:55,149,10.6,05:41,83,,,983.60,25.6,0,
,00:05:56,149,10.5,05:42,83,,,986.50,25.6,0,
,00:05:57,149,10.5,05:42,83,,,989.50,25.6,0,
,00:05:58,149,10.6,05:41,83,,,992.40,25.6,0,
,00:05:59,149,10.6,05:41,83,,,995.30,25.6,0,
,00:06:00,149,10.6,05:41,83,,,998.30,25.5,0,
,00:06:01,149,10.6,05:41,83,,,1001.10,25.6,0,
,00:06:02,149,10.6,05:40,83,,,1004.00,25.7,0,
,00:06:03,149,10.6,05:40,83,,,1007.00,25.5,0,
,00:06:04,149,10.6,05:40,83,,,1009.90,25.5,0,
,00:06:05,149,10.6,05:40,83,,,1012.90,25.6,0,
,00:06:06,149,10.6,05:40,83,,,1015.80,25.5,0,
,00:06:07,149,10.6,05:40,83,,,1018.80,25.5,0,
,00:06:08,149,10.6,05:41,83,,,1021.60,25.6,0,
,00:06:09,149,10.5,05:41,83,,,1024.50,25.6,0,
,00:06:10,149,10.5,05:42,83,,,1027.73,25.5,0,
,00:06:11,150,10.5,05:42,83,,,1030.97,25.5,0,
,00:06:12,150,10.5,05:42,83,,,1033.90,25.6,0,
,00:06:13,150,10.5,05:42,83,,,1036.70,25.6,0,
,00:06:14,150,10.5,05:42,83,,,1039.60,25.6,0,
,00:06:15,150,10.5,05:42,83,,,1042.60,25.4,0,
,00:06:16,150,10.5,05:42,83,,,1045.50,25.7,0,
,00:06:17,150,10.5,05:42,83,,,1048.40,25.5,0,
,00:06:18,150,10.5,05:42,83,,,1051.30,25.6,0,
,00:06:19,150,10.5,05:42,83,,,1054.30,25.5,0,
,00:06:20,150,10.5,05:42,83,,,1057.10,25.5,0,
,00:06:21,150,10.5,05:43,83,,,1060.00,25.5,0,
,00:06:22,150,10.5,05:43,83,,,1062.90,25.6,0,
,00:06:23,150,10.5,05:43,83,,,1065.80,25.5,0,
,00:06:24,150,10.5,05:42,83,,,1068.80,25.4,0,
,00:06:25,151,10.5,05:42,83,,,1071.70,25.5,0,
,00:06:26,151,10.5,05:42,83,,,1074.50,25.6,0,
,00:06:27,151,10.5,05:42,83,,,1077.40,25.6,0,
,00:06:28,151,10.5,05:42,83,,,1080.40,25.5,0,
,00:06:29,150,10.5,05:42,83,,,1083.30,25.4,0,
,00:06:30,151,10.5,05:42,83,,,1086.20,25.6,0,
,00:06:31,151,10.5,05:43,83,,,1089.10,25.5,0,
,00:06:32,151,10.5,05:44,83,,,1091.90,25.5,0,
,00:06:33,151,10.5,05:44,83,,,1094.90,25.6,0,
,00:06:34,151,10.4,05:45,82,,,1097.80,25.5,0,
,00:06:35,152,10.4,05:45,83,,,1100.70,25.4,0,
,00:06:36,152,10.4,05:45,83,,,1103.60,25.5,0,
,00:06:37,152,10.4,05:45,83,,,1106.40,25.5,0,
,00:06:38,152,10.4,05:45,83,,,1109.30,25.5,0,
,00:06:39,152,10.4,05:45,83,,,1112.10,25.5,0,
,00:06:40,153,10.4,05:45,83,,,1115.00,25.5,0,
,00:06:41,153,10.4,05:45,83,,,1117.90,25.4,0,
,00:06:42,153,10.4,05:45,83,,,1120.80,25.4,0,
,00:06:43,153,10.4,05:45,83,,,1123.70,25.5,0,
,00:06:44,153,10.4,05:45,83,,,1126.50,25.5,0,
,00:06:45,154,10.4,05:45,83,,,1129.40,25.5,0,
,00:06:46,153,10.4,05:45,83,,,1132.30,25.4,0,
,00:06:47,153,10.4,05:45,83,,,1135.20,25.5,0,
,00:06:48,153,10.4,05:45,83,,,1138.10,25.5,0,
,00:06:49,153,10.4,05:45,83,,,1138.60,25.5,0,
,00:06:50,153,10.5,05:44,83,,,1141.50,25.5,0,
,00:06:51,153,10.5,05:43,83,,,1144.40,25.5,0,
,00:06:52,152,10.6,05:41,83,,,1147.30,25.5,0,
,00:06:53,152,10.6,05:39,83,,,1150.30,25.5,0,
,00:06:54,153,10.7,05:38,83,,,1153.20,25.4,0,
,00:06:55,152,10.7,05:37,82,,,1156.20,25.5,0,
,00:06:56,152,10.7,05:36,83,,,1159.10,25.4,0,
,00:06:57,152,10.7,05:36,82,,,1162.10,25.5,0,
,00:06:58,152,10.7,05:36,83,,,1165.10,25.5,0,
,00:06:59,152,10.7,05:36,83,,,1168.10,25.5,0,
,00:07:00,151,10.7,05:36,83,,,1171.10,25.5,0,
,00:07:01,151,10.7,05:36,83,,,1173.90,25.4,0,
,00:07:02,151,10.7,05:35,83,,,1176.90,25.5,0,
,00:07:03,151,10.7,05:35,83,,,1179.90,25.5,0,
,00:07:04,151,10.7,05:36,83,,,1182.90,25.5,0,
,00:07:05,151,10.7,05:36,83,,,1185.90,25.5,0,
,00:07:06,151,10.7,05:36,84,,,1188.80,25.5,0,
,00:07:07,151,10.7,05:36,84,,,1191.70,25.5,0,
,00:07:08,152,10.7,05:36,84,,,1194.70,25.4,0,
,00:07:09,152,10.7,05:35,84,,,1197.70,25.4,0,
,00:07:10,152,10.7,05:35,84,,,1200.70,25.4,0,
,00:07:11,152,10.7,05:35,84,,,1203.60,25.4,0,
,00:07:12,152,10.7,05:35,84,,,1206.60,25.4,0,
,00:07:13,151,10.7,05:36,84,,,1209.60,25.4,0,
,00:07:14,151,10.7,05:36,84,,,1212.50,25.4,0,
,00:07:15,152,10.7,05:37,84,,,1215.50,25.4,0,
,00:07:16,152,10.7,05:38,84,,,1218.40,25.5,0,
,00:07:17,152,10.7,05:38,84,,,1221.40,25.5,0,
,00:07:18,152,10.6,05:38,84,,,1224.20,25.4,0,
,00:07:19,152,10.6,05:38,84,,,1227.20,25.4,0,
,00:07:20,152,10.6,05:38,84,,,1230.20,25.4,0,
,00:07:21,152,10.6,05:38,84,,,1233.10,25.4,0,
,00:07:22,153,10.7,05:38,84,,,1236.10,25.5,0,
,00:07:23,152,10.7,05:38,84,,,1239.00,25.4,0,
,00:07:24,153,10.7,05:37,84,,,1242.00,25.4,0,
,00:07:25,153,10.7,05:37,84,,,1245.23,25.4,0,
,00:07:26,153,10.7,05:37,84,,,1248.40,25.4,0,
,00:07:27,153,10.7,05:36,84,,,1251.40,25.5,0,
,00:07:28,153,10.7,05:35,84,,,1254.40,25.3,0,
,00:07:29,154,10.8,05:35,84,,,1257.30,25.3,0,
,00:07:30,154,10.8,05:35,84,,,1260.30,25.5,0,
,00:07:31,154,10.8,05:35,84,,,1263.30,25.5,0,
,00:07:32,154,10.7,05:35,84,,,1266.30,25.5,0,
,00:07:33,154,10.7,05:36,84,,,1269.20,25.5,0,
,00:07:34,154,10.7,05:36,84,,,1272.20,25.4,0,
,00:07:35,154,10.7,05:37,84,,,1275.10,25.4,0,
,00:07:36,154,10.7,05:37,84,,,1278.10,25.4,0,
,00:07:37,154,10.7,05:38,84,,,1281.10,25.4,0,
,00:07:38,154,10.6,05:38,84,,,1283.90,25.4,0,
,00:07:39,154,10.6,05:39,84,,,1286.90,25.4,0,
,00:07:40,154,10.6,05:39,84,,,1289.90,25.4,0,
,00:07:41,154,10.6,05:40,84,,,1292.80,25.4,0,
,00:07:42,154,10.6,05:40,84,,,1295.70,25.4,0,
,00:07:43,154,10.6,05:40,84,,,1298.60,25.3,0,
,00:07:44,154,10.6,05:40,84,,,1301.50,25.4,0,
,00:07:45,153,10.6,05:40,84,,,1304.50,25.4,0,
,00:07:46,153,10.6,05:39,84,,,1307.40,25.4,0,
,00:07:47,153,10.6,05:38,84,,,1310.40,25.4,0,
,00:07:48,153,10.7,05:38,84,,,1313.30,25.3,0,
,00:07:49,153,10.7,05:37,84,,,1316.30,25.4,0,
,00:07:50,153,10.7,05:36,84,,,1319.10,25.4,0,
,00:07:51,153,10.7,05:36,84,,,1322.10,25.4,0,
,00:07:52,153,10.7,05:36,85,,,1325.10,25.4,0,
,00:07:53,153,10.7,05:36,84,,,1328.10,25.4,0,
,00:07:54,153,10.7,05:36,84,,,1331.00,25.3,0,
,00:07:55,153,10.7,05:36,84,,,1334.00,25.4,0,
,00:07:56,153,10.7,05:36,84,,,1337.00,25.5,0,
,00:07:57,153,10.7,05:36,84,,,1339.90,25.4,0,
,00:07:58,153,10.7,05:36,84,,,1342.80,25.4,0,
,00:07:59,153,10.7,05:36,84,,,1345.80,25.4,0,
,00:08:00,152,10.7,05:36,84,,,1348.80,25.4,0,
,00:08:01,153,10.7,05:35,84,,,1351.80,25.3,0,
,00:08:02,152,10.8,05:35,85,,,1354.70,25.4,0,
,00:08:03,152,10.8,05:34,85,,,1357.93,25.4,0,
,00:08:04,152,10.8,05:34,85,,,1361.17,25.4,0,
,00:08:05,152,10.8,05:34,84,,,1364.20,25.4,0,
,00:08:06,152,10.8,05:34,84,,,1367.20,25.4,0,
,00:08:07,152,10.8,05:35,84,,,1370.20,25.3,0,
,00:08:08,152,10.7,05:35,84,,,1373.20,25.4,0,
,00:08:09,152,10.7,05:36,84,,,1376.20,25.4,0,
,00:08:10,152,10.7,05:36,84,,,1379.00,25.3,0,
,00:08:11,151,10.7,05:37,84,,,1382.00,25.4,0,
,00:08:12,151,10.7,05:37,84,,,1385.00,25.4,0,
,00:08:13,151,10.7,05:38,84,,,1388.00,25.4,0,
,00:08:14,151,10.6,05:38,84,,,1390.80,25.4,0,
,00:08:15,151,10.6,05:39,84,,,1393.80,25.4,0,
,00:08:16,150,10.6,05:39,84,,,1396.70,25.5,0,
,00:08:17,151,10.6,05:39,84,,,1399.70,25.3,0,
,00:08:18,151,10.6,05:40,84,,,1402.60,25.4,0,
,00:08:19,151,10.6,05:40,84,,,1405.60,25.3,0,
,00:08:20,150,10.6,05:41,84,,,1408.40,25.4,0,
,00:08:21,150,10.6,05:41,84,,,1411.30,25.3,0,
,00:08:22,151,10.5,05:41,84,,,1414.30,25.3,0,
,00:08:23,151,10.5,05:41,84,,,1417.20,25.4,0,
,00:08:24,151,10.5,05:41,84,,,1420.10,25.4,0,
,00:08:25,151,10.5,05:41,84,,,1423.10,25.5,0,
,00:08:26,152,10.5,05:42,84,,,1425.90,25.4,0,
,00:08:27,152,10.5,05:42,84,,,1428.80,25.3,0,
,00:08:28,152,10.5,05:42,84,,,1431.70,25.4,0,
,00:08:29,152,10.5,05:42,84,,,1434.70,25.3,0,
,00:08:30,152,10.5,05:42,84,,,1437.60,25.4,0,
,00:08:31,152,10.5,05:42,84,,,1440.50,25.3,0,
,00:08:32,153,10.5,05:42,84,,,1443.30,25.4,0,
,00:08:33,153,10.5,05:42,84,,,1446.30,25.3,0,
,00:08:34,153,10.5,05:42,84,,,1449.20,25.3,0,
,00:08:35,154,10.5,05:42,84,,,1452.10,25.3,0,
,00:08:36,154,10.5,05:42,84,,,1455.00,25.3,0,
,00:08:37,154,10.5,05:42,84,,,1458.00,25.3,0,
,00:08:38,154,10.5,05:42,84,,,1460.80,25.4,0,
,00:08:39,155,10.5,05:42,84,,,1463.70,25.3,0,
,00:08:40,154,10.5,05:42,84,,,1466.93,25.3,0,
,00:08:41,154,10.5,05:41,84,,,1470.17,25.3,0,
,00:08:42,154,10.6,05:41,84,,,1473.10,25.3,0,
,00:08:43,154,10.6,05:40,84,,,1476.00,25.3,0,
,00:08:44,154,10.6,05:40,83,,,1478.90,25.4,0,
,00:08:45,154,10.6,05:40,82,,,1481.80,25.4,0,
,00:08:46,154,10.6,05:40,82,,,1484.80,25.4,0,
,00:08:47,154,10.6,05:40,83,,,1487.70,25.4,0,
,00:08:48,154,10.6,05:40,83,,,1490.60,25.4,0,
,00:08:49,154,10.6,05:40,83,,,1490.60,25.3,0,
,00:08:50,154,10.6,05:40,83,,,1490.60,25.3,0,
,00:08:51,154,10.6,05:40,83,,,1490.60,25.3,0,
,00:08:52,153,10.6,05:40,83,,,1490.60,25.3,0,
,00:08:53,153,10.6,05:40,83,,,1490.60,25.4,0,
,00:08:54,153,10.6,05:40,83,,,1490.60,25.3,0,
,00:08:55,153,10.6,05:39,83,,,1493.83,25.3,0,
,00:08:56,153,10.6,05:38,83,,,1497.07,25.3,0,
,00:08:57,153,10.7,05:38,83,,,1500.30,25.3,0,
,00:08:58,153,10.7,05:38,83,,,1503.54,25.4,0,
,00:08:59,153,10.7,05:38,83,,,1506.77,25.3,0,
,00:09:00,153,10.7,05:38,83,,,1510.01,25.4,0,
,00:09:01,154,10.6,05:38,83,,,1513.24,25.4,0,
,00:09:02,154,10.6,05:39,83,,,1516.48,25.3,0,
,00:09:03,153,10.6,05:39,83,,,1519.71,25.4,0,
,00:09:04,154,10.6,05:39,83,,,1522.95,25.3,0,
,00:09:05,154,10.6,05:39,84,,,1526.18,25.4,0,
,00:09:06,155,10.6,05:38,84,,,1529.42,25.4,0,
,00:09:07,155,10.6,05:38,84,,,1532.65,25.3,0,
,00:09:08,155,10.6,05:38,84,,,1535.89,25.3,0,
,00:09:09,156,10.6,05:38,84,,,1539.12,25.4,0,
,00:09:10,156,10.6,05:38,84,,,1542.36,25.3,0,
,00:09:11,156,10.6,05:39,84,,,1545.59,25.4,0,
,00:09:12,156,10.6,05:39,84,,,1548.82,25.3,0,
,00:09:13,156,10.6,05:39,84,,,1552.06,25.3,0,
,00:09:14,156,10.6,05:39,84,,,1555.29,25.4,0,
,00:09:15,155,10.6,05:39,84,,,1558.53,25.3,0,
,00:09:16,156,10.6,05:39,84,,,1561.76,25.3,0,
,00:09:17,157,10.6,05:39,84,,,1565.00,25.4,0,
,00:09:18,157,10.6,05:39,84,,,1568.23,25.3,0,
,00:09:19,156,10.6,05:38,84,,,1571.47,25.4,0,
,00:09:20,155,10.7,05:38,84,,,1574.70,25.3,0,
,00:09:21,154,10.7,05:38,84,,,1577.94,25.3,0,
,00:09:22,154,10.7,05:38,84,,,1581.17,25.3,0,
,00:09:23,154,10.6,05:38,83,,,1584.41,25.4,0,
,00:09:24,153,10.6,05:39,83,,,1587.64,25.3,0,
,00:09:25,153,10.6,05:39,83,,,1590.88,25.3,0,
,00:09:26,152,10.6,05:40,83,,,1594.11,25.4,0,
,00:09:27,152,10.6,05:40,83,,,1597.35,25.4,0,
,00:09:28,152,10.6,05:40,84,,,1600.58,25.3,0,
,00:09:29,151,10.6,05:41,84,,,1603.81,25.3,0,
,00:09:30,152,10.6,05:41,85,,,1607.05,25.3,0,
,00:09:31,152,10.6,05:41,84,,,1610.28,25.4,0,
,00:09:32,152,10.6,05:41,84,,,1613.52,25.3,0,
,00:09:33,151,10.6,05:41,84,,,1616.75,25.3,0,
,00:09:34,151,10.6,05:41,84,,,1619.99,25.4,0,
,00:09:35,151,10.6,05:40,84,,,1623.22,25.3,0,
,00:09:36,151,10.6,05:40,84,,,1626.46,25.4,0,
,00:09:37,151,10.6,05:40,84,,,1629.69,25.3,0,
,00:09:38,152,10.6,05:39,84,,,1632.93,25.3,0,
,00:09:39,152,10.6,05:39,84,,,1636.16,25.4,0,
,00:09:40,153,10.6,05:39,84,,,1639.40,25.4,0,
,00:09:41,153,10.6,05:39,84,,,1642.63,25.3,0,
,00:09:42,153,10.6,05:40,84,,,1645.87,25.3,0,
,00:09:43,153,10.6,05:40,84,,,1649.10,25.4,0,
,00:09:44,154,10.6,05:40,84,,,1652.34,25.3,0,
,00:09:45,154,10.6,05:40,84,,,1655.57,25.3,0,
,00:09:46,153,10.6,05:40,84,,,1658.80,25.3,0,
,00:09:47,153,10.6,05:40,84,,,1662.04,25.3,0,
,00:09:48,153,10.6,05:39,84,,,1665.27,25.4,0,
,00:09:49,153,10.6,05:39,84,,,1668.51,25.4,0,
,00:09:50,153,10.6,05:39,84,,,1671.74,25.3,0,
,00:09:51,153,10.6,05:39,84,,,1674.98,25.3,0,
,00:09:52,153,10.6,05:39,84,,,1678.21,25.4,0,
,00:09:53,153,10.6,05:39,84,,,1681.45,25.4,0,
,00:09:54,153,10.6,05:39,85,,,1684.60,25.4,0,
,00:09:55,153,10.6,05:39,84,,,1687.40,25.3,0,
,00:09:56,154,10.6,05:39,84,,,1690.40,25.3,0,
,00:09:57,154,10.6,05:39,84,,,1691.00,25.3,0,
,00:09:58,154,10.6,05:38,84,,,1693.90,25.3,0,
,00:09:59,154,10.7,05:37,84,,,1696.90,25.4,0,
,00:10:00,154,10.7,05:37,84,,,1699.90,25.4,0,
,00:10:01,154,10.7,05:36,83,,,1702.70,25.3,0,
,00:10:02,154,10.7,05:36,82,,,1705.70,25.3,0,
,00:10:03,154,10.7,05:36,82,,,1708.70,25.4,0,
,00:10:04,155,10.7,05:36,82,,,1711.70,25.3,0,
,00:10:05,155,10.7,05:37,82,,,1714.60,25.3,0,
,00:10:06,155,10.7,05:38,82,,,1717.60,25.3,0,
,00:10:07,155,10.6,05:40,83,,,1720.50,25.3,0,
,00:10:08,155,10.5,05:42,83,,,1723.40,25.3,0,
,00:10:09,156,10.5,05:43,83,,,1726.30,25.3,0,
,00:10:10,156,10.5,05:44,83,,,1729.20,25.3,0,
,00:10:11,156,10.5,05:44,83,,,1732.10,25.3,0,
,00:10:12,156,10.5,05:43,83,,,1735.00,25.4,0,
,00:10:13,156,10.5,05:42,83,,,1737.90,25.3,0,
,00:10:14,156,10.6,05:41,84,,,1740.80,25.3,0,
,00:10:15,156,10.6,05:40,84,,,1743.70,25.3,0,
,00:10:16,156,10.6,05:38,84,,,1746.70,25.4,0,
,00:10:17,156,10.7,05:37,84,,,1749.60,25.3,0,
,00:10:18,156,10.7,05:37,84,,,1752.60,25.2,0,
,00:10:19,156,10.7,05:37,84,,,1755.60,25.4,0,
,00:10:20,156,10.7,05:37,84,,,1758.60,25.3,0,
,00:10:21,156,10.7,05:37,84,,,1761.40,25.3,0,
,00:10:22,156,10.7,05:37,84,,,1764.40,25.3,0,
,00:10:23,156,10.7,05:37,84,,,1767.30,25.3,0,
,00:10:24,156,10.7,05:37,84,,,1770.30,25.3,0,
,00:10:25,156,10.7,05:38,84,,,1773.30,25.3,0,
,00:10:26,156,10.6,05:38,84,,,1776.20,25.3,0,
,00:10:27,156,10.6,05:39,84,,,1779.10,25.2,0,
,00:10:28,156,10.6,05:40,84,,,1782.00,25.2,0,
,00:10:29,155,10.6,05:41,84,,,1785.00,25.3,0,
,00:10:30,155,10.5,05:42,84,,,1787.90,25.3,0,
,00:10:31,155,10.5,05:42,84,,,1790.70,25.2,0,
,00:10:32,156,10.5,05:42,84,,,1793.70,25.4,0,
,00:10:33,156,10.5,05:43,84,,,1796.60,25.3,0,
,00:10:34,156,10.5,05:43,84,,,1799.83,25.3,0,
,00:10:35,156,10.5,05:43,84,,,1803.00,25.3,0,
,00:10:36,156,10.5,05:43,84,,,1805.90,25.3,0,
,00:10:37,156,10.5,05:43,84,,,1808.80,25.3,0,
,00:10:38,156,10.5,05:43,84,,,1811.70,25.3,0,
,00:10:39,156,10.5,05:43,84,,,1814.60,25.3,0,
,00:10:40,156,10.5,05:43,84,,,1817.50,25.4,0,
,00:10:41,156,10.5,05:43,84,,,1820.40,25.3,0,
,00:10:42,156,10.5,05:43,84,,,1823.30,25.3,0,
,00:10:43,156,10.5,05:43,84,,,1826.20,25.3,0,
,00:10:44,156,10.5,05:43,84,,,1829.10,25.3,0,
,00:10:45,157,10.5,05:43,84,,,1832.00,25.3,0,
,00:10:46,156,10.5,05:44,84,,,1834.90,25.3,0,
,00:10:47,156,10.5,05:44,84,,,1837.80,25.3,0,
,00:10:48,156,10.5,05:44,84,,,1840.70,25.3,0,
,00:10:49,156,10.5,05:44,83,,,1843.60,25.3,0,
,00:10:50,157,10.5,05:44,83,,,1846.40,25.4,0,
,00:10:51,157,10.5,05:44,83,,,1849.30,25.4,0,
,00:10:52,156,10.5,05:44,85,,,1852.30,25.3,0,
,00:10:53,156,10.5,05:44,84,,,1855.20,25.3,0,
,00:10:54,155,10.5,05:43,84,,,1858.10,25.4,0,
,00:10:55,155,10.5,05:43,84,,,1861.00,25.3,0,
,00:10:56,155,10.5,05:43,84,,,1863.80,25.4,0,
,00:10:57,155,10.5,05:42,84,,,1866.70,25.3,0,
,00:10:58,154,10.5,05:41,84,,,1869.60,25.3,0,
,00:10:59,154,10.6,05:41,84,,,1872.60,25.3,0,
,00:11:00,154,10.6,05:41,84,,,1875.50,25.3,0,
,00:11:01,154,10.6,05:40,84,,,1878.40,25.3,0,
,00:11:02,154,10.6,05:40,84,,,1881.40,25.4,0,
,00:11:03,154,10.6,05:39,84,,,1884.30,25.4,0,
,00:11:04,154,10.6,05:39,84,,,1887.20,25.3,0,
,00:11:05,154,10.6,05:39,84,,,1890.10,25.4,0,
,00:11:06,154,10.6,05:40,84,,,1893.10,25.3,0,
,00:11:07,155,10.6,05:40,84,,,1896.00,25.4,0,
,00:11:08,154,10.6,05:41,84,,,1898.90,25.4,0,
,00:11:09,154,10.5,05:42,84,,,1901.90,25.4,0,
,00:11:10,154,10.5,05:42,84,,,1904.70,25.4,0,
,00:11:11,154,10.5,05:42,84,,,1907.60,25.4,0,
,00:11:12,154,10.5,05:42,84,,,1910.83,25.4,0,
,00:11:13,155,10.5,05:42,84,,,1914.07,25.4,0,
,00:11:14,155,10.5,05:42,84,,,1917.00,25.4,0,
,00:11:15,155,10.6,05:41,84,,,1919.80,25.4,0,
,00:11:16,155,10.6,05:39,85,,,1922.70,25.5,0,
,00:11:17,155,10.6,05:39,84,,,1925.70,25.4,0,
,00:11:18,155,10.6,05:38,84,,,1928.60,25.4,0,
,00:11:19,155,10.6,05:38,84,,,1931.60,25.4,0,
,00:11:20,155,10.7,05:38,84,,,1934.60,25.3,0,
,00:11:21,155,10.7,05:38,84,,,1937.50,25.4,0,
,00:11:22,155,10.7,05:38,84,,,1940.50,25.4,0,
,00:11:23,155,10.7,05:38,84,,,1943.40,25.3,0,
,00:11:24,155,10.6,05:38,84,,,1946.30,25.4,0,
,00:11:25,155,10.6,05:40,84,,,1949.30,25.4,0,
,00:11:26,155,10.5,05:43,84,,,1952.20,25.4,0,
,00:11:27,155,10.5,05:44,84,,,1955.10,25.4,0,
,00:11:28,155,10.5,05:42,84,,,1957.90,25.5,0,
,00:11:29,155,10.6,05:39,84,,,1960.80,25.4,0,
,00:11:30,155,10.7,05:37,84,,,1963.80,25.4,0,
,00:11:31,155,10.7,05:36,84,,,1966.80,25.4,0,
,00:11:32,154,10.7,05:36,84,,,1969.70,25.5,0,
,00:11:33,154,10.7,05:36,84,,,1972.70,25.4,0,
,00:11:34,154,10.7,05:36,84,,,1975.70,25.4,0,
,00:11:35,155,10.7,05:36,84,,,1978.70,25.4,0,
,00:11:36,155,10.7,05:37,84,,,1981.70,25.4,0,
,00:11:37,155,10.7,05:38,84,,,1984.50,25.4,0,
,00:11:38,155,10.6,05:38,84,,,1987.50,25.4,0,
,00:11:39,155,10.6,05:39,84,,,1990.40,25.4,0,
,00:11:40,155,10.6,05:39,84,,,1993.40,25.4,0,
,00:11:41,156,10.6,05:39,84,,,1996.30,25.3,0,
,00:11:42,155,10.7,05:37,84,,,1999.20,25.5,0,
,00:11:43,155,10.7,05:36,84,,,2002.20,25.3,0,
,00:11:44,156,10.7,05:36,84,,,2005.10,25.4,0,
,00:11:45,156,10.7,05:36,84,,,2008.10,25.4,0,
,00:11:46,156,10.7,05:36,84,,,2011.10,25.4,0,
,00:11:47,156,10.7,05:36,84,,,2014.10,25.4,0,
,00:11:48,156,10.7,05:36,84,,,2017.00,25.5,0,
,00:11:49,156,10.7,05:37,84,,,2020.00,25.5,0,
,00:11:50,156,10.7,05:37,84,,,2023.23,25.4,0,
,00:11:51,156,10.7,05:38,84,,,2026.47,25.4,0,
,00:11:52,157,10.6,05:38,84,,,2029.40,25.4,0,
,00:11:53,157,10.6,05:39,84,,,2032.40,25.5,0,
,00:11:54,158,10.6,05:39,84,,,2035.30,25.4,0,
,00:11:55,157,10.6,05:39,84,,,2038.20,25.4,0,
,00:11:56,156,10.6,05:39,84,,,2041.10,25.6,0,
,00:11:57,157,10.6,05:39,84,,,2044.10,25.5,0,
,00:11:58,157,10.6,05:39,84,,,2047.00,25.4,0,
,00:11:59,157,10.6,05:39,84,,,2050.00,25.4,0,
,00:12:00,157,10.6,05:40,84,,,2052.90,25.4,0,
,00:12:01,157,10.6,05:41,84,,,2055.80,25.4,0,
,00:12:02,157,10.6,05:41,84,,,2058.70,25.6,0,
,00:12:03,157,10.5,05:42,84,,,2061.60,25.4,0,
,00:12:04,157,10.5,05:42,84,,,2064.60,25.4,0,
,00:12:05,157,10.5,05:42,84,,,2067.50,25.4,0,
,00:12:06,157,10.5,05:41,84,,,2070.40,25.5,0,
,00:12:07,157,10.5,05:41,84,,,2073.20,25.5,0,
,00:12:08,157,10.5,05:41,84,,,2076.20,25.5,0,
,00:12:09,157,10.5,05:42,84,,,2079.10,25.5,0,
,00:12:10,157,10.5,05:42,84,,,2082.00,25.5,0,
,00:12:11,157,10.5,05:42,84,,,2084.90,25.6,0,
,00:12:12,157,10.5,05:42,84,,,2087.90,25.6,0,
,00:12:13,157,10.5,05:42,84,,,2090.70,25.4,0,
,00:12:14,157,10.5,05:42,84,,,2093.60,25.4,0,
,00:12:15,157,10.6,05:41,84,,,2096.50,25.4,0,
,00:12:16,157,10.6,05:40,84,,,2099.50,25.5,0,
,00:12:17,157,10.6,05:40,84,,,2102.40,25.4,0,
,00:12:18,157,10.6,05:40,84,,,2105.30,25.5,0,
,00:12:19,158,10.6,05:40,84,,,2108.30,25.6,0,
,00:12:20,157,10.6,05:40,84,,,2111.10,25.5,0,
,00:12:21,158,10.6,05:40,84,,,2114.10,25.5,0,
,00:12:22,157,10.6,05:40,84,,,2117.00,25.6,0,
,00:12:23,158,10.6,05:38,84,,,2120.00,25.5,0,
,00:12:24,158,10.7,05:37,84,,,2122.90,25.6,0,
,00:12:25,158,10.7,05:36,84,,,2125.90,25.5,0,
,00:12:26,158,10.7,05:36,84,,,2128.90,25.4,0,
,00:12:27,158,10.7,05:36,84,,,2131.90,25.4,0,
,00:12:28,158,10.7,05:36,84,,,2135.13,25.5,0,
,00:12:29,158,10.7,05:36,84,,,2138.30,25.5,0,
,00:12:30,158,10.7,05:36,84,,,2141.30,25.5,0,
,00:12:31,158,10.7,05:36,84,,,2144.30,25.6,0,
,00:12:32,159,10.7,05:37,84,,,2147.20,25.5,0,
,00:12:33,159,10.7,05:37,84,,,2150.20,25.6,0,
,00:12:34,159,10.7,05:37,84,,,2153.10,25.4,0,
,00:12:35,158,10.6,05:38,84,,,2156.00,25.5,0,
,00:12:36,158,10.6,05:40,84,,,2159.00,25.5,0,
,00:12:37,157,10.5,05:42,84,,,2161.90,25.5,0,
,00:12:38,157,10.6,05:38,84,,,2164.80,25.6,0,
,00:12:39,157,10.7,05:35,84,,,2167.70,25.5,0,
,00:12:40,157,10.9,05:31,84,,,2170.80,25.5,0,
,00:12:41,157,11.0,05:26,83,,,2173.80,25.6,0,
,00:12:42,157,11.2,05:21,81,,,2176.90,25.5,0,
,00:12:43,156,11.3,05:20,80,,,2180.00,25.5,0,
,00:12:44,156,11.1,05:24,80,,,2183.10,25.5,0,
,00:12:45,156,10.8,05:32,80,,,2186.20,25.5,0,
,00:12:46,156,10.3,05:48,80,,,2189.10,25.5,0,
,00:12:47,156,9.6,06:16,79,,,2191.90,25.4,0,
,00:12:48,156,8.6,06:58,79,,,2194.30,25.6,0,
,00:12:49,155,7.8,07:43,79,,,2196.40,25.6,0,
,00:12:50,155,7.1,08:29,79,,,2198.40,25.6,0,
,00:12:51,155,6.5,09:10,79,,,2200.20,25.5,0,
,00:12:52,155,6.2,09:42,79,,,2201.90,25.6,0,
,00:12:53,155,5.9,10:07,79,,,2203.50,25.6,0,
,00:12:54,155,5.7,10:29,79,,,2205.00,25.6,0,
,00:12:55,156,5.6,10:45,79,,,2206.50,25.6,0,
,00:12:56,156,5.5,10:53,76,,,2208.10,25.5,0,
,00:12:57,156,5.5,10:51,75,,,2209.60,25.5,0,
,00:12:58,156,5.6,10:45,75,,,2211.20,25.6,0,
,00:12:59,156,5.6,10:41,69,,,2212.70,25.6,0,
,00:13:00,157,5.6,10:38,69,,,2214.30,25.6,0,
,00:13:01,157,5.7,10:33,66,,,2215.80,25.6,0,
,00:13:02,158,5.7,10:29,66,,,2217.40,25.5,0,
,00:13:03,135,7.0,08:34,0,,,2219.20,28.6,0,
,00:13:04,133,8.2,07:21,0,,,2221.60,28.7,0,
,00:13:05,132,9.3,06:28,31,,,2224.30,28.6,0,
,00:13:06,132,9.6,06:13,55,,,2226.90,28.5,0,
,00:13:07,128,9.4,06:23,67,,,2229.50,28.7,0,
,00:13:08,128,9.0,06:40,76,,,2231.90,28.6,0,
,00:13:09,124,8.7,06:54,78,,,2234.40,28.7,0,
,00:13:10,123,8.5,07:04,79,,,2236.70,28.5,0,
,00:13:11,122,8.3,07:12,79,,,2238.90,28.6,0,
,00:13:12,122,8.2,07:17,79,,,2241.20,28.6,0,
,00:13:13,121,8.2,07:17,79,,,2243.50,28.7,0,
,00:13:14,121,8.4,07:11,79,,,2245.80,28.7,0,
,00:13:15,121,8.6,07:00,79,,,2248.20,28.7,0,
,00:13:16,120,8.8,06:48,79,,,2250.70,28.6,0,
,00:13:17,120,9.0,06:40,79,,,2253.20,28.7,0,
,00:13:18,120,9.1,06:36,79,,,2255.70,28.5,0,
,00:13:19,121,9.1,06:37,79,,,2258.20,28.6,0,
,00:13:20,121,8.9,06:42,71,,,2260.70,28.6,0,
,00:13:21,121,8.8,06:50,62,,,2263.10,28.7,0,
,00:13:22,121,8.6,06:59,62,,,2265.50,28.7,0,
,00:13:23,122,8.4,07:09,57,,,2267.70,28.7,0,
,00:13:24,122,8.2,07:20,55,,,2270.00,28.7,0,
,00:13:25,122,8.0,07:31,52,,,2272.20,28.7,0,
,00:13:26,123,7.8,07:43,52,,,2274.30,28.6,0,
,00:13:27,123,7.6,07:55,54,,,2276.40,28.6,0,
,00:13:28,124,7.5,08:03,55,,,2278.50,28.7,0,
,00:13:29,124,7.4,08:07,55,,,2280.50,28.7,0,
,00:13:30,124,7.4,08:09,55,,,2282.60,28.7,0,
,00:13:31,125,7.3,08:11,55,,,2284.60,28.6,0,
,00:13:32,125,7.3,08:14,55,,,2286.50,28.8,0,
,00:13:33,126,7.2,08:19,54,,,2288.50,28.7,0,
,00:13:34,126,7.2,08:23,54,,,2290.50,28.7,0,
,00:13:35,126,7.1,08:27,58,,,2292.90,28.7,0,
,00:13:36,127,7.1,08:29,60,,,2294.90,28.7,0,
,00:13:37,127,7.0,08:32,60,,,2296.80,28.6,0,
,00:13:38,127,7.0,08:35,61,,,2298.80,28.6,0,
,00:13:39,128,7.0,08:36,61,,,2300.60,28.7,0,
,00:13:40,128,7.0,08:35,60,,,2302.50,28.6,0,
,00:13:41,128,7.0,08:35,57,,,2304.50,28.7,0,
,00:13:42,128,7.0,08:36,57,,,2306.40,28.6,0,
,00:13:43,128,7.0,08:37,57,,,2308.40,28.6,0,
,00:13:44,129,7.0,08:37,53,,,2310.30,28.7,0,
,00:13:45,129,6.9,08:43,53,,,2312.20,28.6,0,
,00:13:46,130,6.7,08:55,53,,,2314.10,28.7,0,
,00:13:47,131,6.8,08:49,55,,,2316.00,28.6,0,
,00:13:48,131,7.1,08:29,72,,,2317.90,28.7,0,
,00:13:49,131,7.5,07:58,72,,,2320.00,28.7,0,
,00:13:50,132,8.0,07:29,77,,,2322.30,28.5,0,
,00:13:51,133,8.3,07:14,79,,,2324.60,28.6,0,
,00:13:52,133,8.4,07:08,79,,,2327.00,28.7,0,
,00:13:53,134,8.5,07:04,78,,,2329.30,28.7,0,
,00:13:54,134,8.6,06:59,79,,,2331.70,28.6,0,
,00:13:55,134,8.7,06:56,78,,,2334.10,28.6,0,
,00:13:56,134,8.7,06:53,78,,,2336.60,28.6,0,
,00:13:57,135,8.8,06:51,79,,,2339.00,28.6,0,
,00:13:58,135,8.8,06:47,79,,,2341.40,28.6,0,
,00:13:59,135,8.9,06:43,79,,,2343.90,28.5,0,
,00:14:00,136,9.0,06:39,79,,,2346.40,28.6,0,
,00:14:01,136,9.1,06:37,78,,,2348.90,28.6,0,
,00:14:02,136,9.1,06:35,78,,,2351.50,28.6,0,
,00:14:03,136,9.2,06:33,79,,,2354.00,28.6,0,
,00:14:04,137,9.2,06:33,79,,,2356.60,28.5,0,
,00:14:05,137,9.2,06:33,79,,,2359.10,28.6,0,
,00:14:06,137,9.2,06:33,79,,,2361.60,28.6,0,
,00:14:07,137,9.2,06:32,79,,,2364.10,28.5,0,
,00:14:08,138,9.3,06:28,79,,,2366.70,28.6,0,
,00:14:09,139,9.4,06:23,79,,,2369.30,28.7,0,
,00:14:10,139,9.5,06:19,78,,,2371.90,28.5,0,
,00:14:11,139,9.6,06:17,78,,,2374.60,28.7,0,
,00:14:12,140,9.5,06:19,79,,,2377.20,28.6,0,
,00:14:13,141,9.4,06:24,79,,,2379.80,28.6,0,
,00:14:14,141,9.3,06:26,79,,,2382.40,28.7,0,
,00:14:15,142,9.4,06:25,79,,,2385.00,28.7,0,
,00:14:16,143,9.4,06:23,79,,,2387.60,28.6,0,
,00:14:17,143,9.4,06:22,79,,,2390.10,28.5,0,
,00:14:18,143,9.4,06:23,79,,,2392.80,28.7,0,
,00:14:19,144,9.4,06:24,79,,,2395.40,28.5,0,
,00:14:20,144,9.4,06:25,79,,,2398.00,28.6,0,
,00:14:21,144,9.3,06:26,79,,,2400.50,28.6,0,
,00:14:22,145,9.3,06:27,79,,,2403.10,28.6,0,
,00:14:23,145,9.3,06:28,79,,,2406.20,28.5,0,
,00:14:24,145,9.3,06:29,79,,,2408.80,28.7,0,
,00:14:25,145,9.2,06:30,79,,,2411.30,28.6,0,
,00:14:26,146,9.2,06:31,80,,,2413.80,28.5,0,
,00:14:27,146,9.2,06:31,81,,,2416.40,28.5,0,
,00:14:28,146,9.2,06:31,80,,,2418.90,28.5,0,
,00:14:29,147,9.2,06:30,81,,,2421.50,28.4,0,
,00:14:30,147,9.3,06:29,81,,,2424.10,28.5,0,
,00:14:31,146,9.3,06:26,81,,,2426.60,28.5,0,
,00:14:32,146,9.4,06:22,81,,,2429.30,28.5,0,
,00:14:33,146,9.5,06:18,80,,,2431.90,28.5,0,
,00:14:34,147,9.6,06:13,81,,,2434.60,28.5,0,
,00:14:35,147,9.8,06:09,81,,,2437.30,28.5,0,
,00:14:36,147,9.9,06:05,81,,,2440.00,28.5,0,
,00:14:37,146,9.9,06:02,81,,,2442.80,28.5,0,
,00:14:38,147,10.0,05:59,80,,,2445.60,28.6,0,
,00:14:39,147,10.1,05:57,80,,,2448.40,28.5,0,
,00:14:40,147,10.1,05:55,80,,,2451.20,28.4,0,
,00:14:41,147,10.2,05:54,81,,,2454.00,28.5,0,
,00:14:42,147,10.2,05:53,81,,,2456.90,28.5,0,
,00:14:43,147,10.2,05:53,81,,,2459.70,28.6,0,
,00:14:44,147,10.2,05:53,81,,,2462.50,28.4,0,
,00:14:45,147,10.2,05:52,81,,,2465.30,28.5,0,
,00:14:46,147,10.2,05:52,81,,,2468.10,28.5,0,
,00:14:47,147,10.2,05:52,81,,,2471.00,28.5,0,
,00:14:48,147,10.2,05:52,80,,,2473.80,28.5,0,
,00:14:49,147,10.2,05:52,80,,,2476.70,28.6,0,
,00:14:50,147,10.2,05:52,81,,,2479.50,28.5,0,
,00:14:51,147,10.2,05:52,80,,,2482.30,28.4,0,
,00:14:52,147,10.2,05:52,81,,,2485.20,28.5,0,
,00:14:53,147,10.2,05:52,81,,,2487.90,28.4,0,
,00:14:54,147,10.2,05:52,80,,,2490.80,28.4,0,
,00:14:55,147,10.2,05:53,80,,,2493.60,28.5,0,
,00:14:56,147,10.2,05:53,81,,,2496.40,28.5,0,
,00:14:57,147,10.2,05:53,81,,,2499.20,28.6,0,
,00:14:58,147,10.2,05:52,81,,,2502.10,28.4,0,
,00:14:59,147,10.2,05:53,81,,,2504.90,28.4,0,
,00:15:00,147,10.2,05:54,81,,,2507.60,28.5,0,
,00:15:01,147,10.1,05:55,81,,,2510.50,28.6,0,
,00:15:02,148,10.1,05:55,81,,,2513.30,28.4,0,
,00:15:03,148,10.2,05:54,81,,,2516.10,28.5,0,
,00:15:04,148,10.2,05:52,81,,,2518.90,28.4,0,
,00:15:05,148,10.2,05:51,80,,,2521.80,28.4,0,
,00:15:06,148,10.3,05:51,80,,,2524.60,28.4,0,
,00:15:07,148,10.3,05:50,81,,,2527.50,28.4,0,
,00:15:08,149,10.3,05:50,81,,,2530.30,28.4,0,
,00:15:09,149,10.3,05:50,81,,,2530.80,28.5,0,
,00:15:10,148,10.3,05:50,81,,,2533.70,28.5,0,
,00:15:11,148,10.3,05:50,81,,,2536.60,28.4,0,
,00:15:12,148,10.3,05:50,81,,,2539.40,28.4,0,
,00:15:13,148,10.3,05:50,81,,,2542.30,28.4,0,
,00:15:14,148,10.3,05:49,81,,,2545.20,28.3,0,
,00:15:15,148,10.3,05:49,81,,,2548.00,28.4,0,
,00:15:16,148,10.3,05:49,81,,,2550.80,28.4,0,
,00:15:17,148,10.3,05:50,81,,,2553.60,28.3,0,
,00:15:18,148,10.3,05:51,80,,,2556.50,28.3,0,
,00:15:19,148,10.2,05:52,81,,,2559.30,28.3,0,
,00:15:20,148,10.2,05:52,80,,,2562.20,28.4,0,
,00:15:21,147,10.2,05:53,81,,,2565.00,28.4,0,
,00:15:22,147,10.2,05:53,81,,,2567.80,28.3,0,
,00:15:23,147,10.2,05:54,81,,,2570.60,28.3,0,
,00:15:24,147,10.2,05:54,81,,,2573.40,28.4,0,
,00:15:25,147,10.1,05:55,81,,,2576.20,28.3,0,
,00:15:26,146,10.1,05:55,81,,,2579.00,28.4,0,
,00:15:27,146,10.1,05:55,81,,,2581.80,28.3,0,
,00:15:28,147,10.1,05:55,81,,,2584.60,28.4,0,
,00:15:29,147,10.1,05:55,81,,,2587.50,28.2,0,
,00:15:30,147,10.1,05:55,81,,,2590.20,28.2,0,
,00:15:31,147,10.1,05:55,81,,,2593.00,28.2,0,
,00:15:32,147,10.1,05:55,80,,,2595.80,28.2,0,
,00:15:33,148,10.2,05:55,81,,,2598.60,28.2,0,
,00:15:34,148,10.2,05:54,80,,,2601.40,28.2,0,
,00:15:35,147,10.2,05:54,81,,,2604.30,28.2,0,
,00:15:36,148,10.2,05:54,81,,,2607.10,28.2,0,
,00:15:37,148,10.2,05:54,81,,,2609.90,28.3,0,
,00:15:38,148,10.2,05:54,81,,,2612.60,28.2,0,
,00:15:39,149,10.2,05:54,81,,,2615.50,28.4,0,
,00:15:40,149,10.2,05:54,81,,,2618.30,28.2,0,
,00:15:41,149,10.2,05:54,81,,,2621.10,28.3,0,
,00:15:42,149,10.2,05:54,81,,,2623.90,28.3,0,
,00:15:43,149,10.2,05:55,81,,,2626.80,28.2,0,
,00:15:44,150,10.2,05:55,81,,,2629.60,28.3,0,
,00:15:45,150,10.1,05:55,81,,,2632.40,28.3,0,
,00:15:46,150,10.1,05:55,81,,,2635.10,28.3,0,
,00:15:47,150,10.1,05:55,81,,,2637.90,28.2,0,
,00:15:48,150,10.1,05:55,81,,,2640.70,28.2,0,
,00:15:49,150,10.2,05:54,81,,,2643.60,28.2,0,
,00:15:50,150,10.2,05:54,81,,,2646.40,28.2,0,
,00:15:51,150,10.2,05:54,80,,,2649.20,28.3,0,
,00:15:52,150,10.2,05:54,80,,,2652.00,28.2,0,
,00:15:53,150,10.1,05:55,80,,,2654.80,28.2,0,
,00:15:54,150,10.1,05:55,81,,,2657.60,28.2,0,
,00:15:55,150,10.1,05:55,81,,,2660.83,28.2,0,
,00:15:56,150,10.1,05:56,81,,,2663.80,28.2,0,
,00:15:57,150,10.1,05:56,81,,,2666.60,28.3,0,
,00:15:58,150,10.1,05:56,81,,,2669.40,28.2,0,
,00:15:59,150,10.1,05:56,81,,,2672.20,28.2,0,
,00:16:00,150,10.1,05:56,81,,,2674.90,28.2,0,
,00:16:01,150,10.1,05:56,81,,,2677.70,28.2,0,
,00:16:02,151,10.1,05:56,81,,,2680.50,28.2,0,
,00:16:03,150,10.1,05:56,81,,,2683.40,28.2,0,
,00:16:04,150,10.1,05:55,81,,,2686.20,28.2,0,
,00:16:05,150,10.2,05:54,81,,,2689.00,28.2,0,
,00:16:06,150,10.2,05:54,81,,,2691.80,28.2,0,
,00:16:07,150,10.2,05:54,81,,,2694.60,28.2,0,
,00:16:08,150,10.2,05:54,81,,,2697.40,28.2,0,
,00:16:09,150,10.2,05:54,81,,,2700.20,28.1,0,
,00:16:10,150,10.2,05:54,81,,,2703.00,28.2,0,
,00:16:11,150,10.2,05:54,81,,,2705.80,28.2,0,
,00:16:12,150,10.2,05:53,81,,,2708.70,28.2,0,
,00:16:13,151,10.2,05:51,81,,,2711.50,28.1,0,
,00:16:14,151,10.3,05:50,81,,,2714.40,28.2,0,
,00:16:15,151,10.3,05:49,81,,,2717.20,28.1,0,
,00:16:16,151,10.4,05:48,81,,,2720.10,28.2,0,
,00:16:17,151,10.4,05:47,81,,,2723.00,28.1,0,
,00:16:18,151,10.4,05:47,81,,,2725.80,28.0,0,
,00:16:19,151,10.4,05:47,81,,,2728.70,28.1,0,
,00:16:20,151,10.4,05:47,81,,,2731.50,28.1,0,
,00:16:21,151,10.4,05:47,81,,,2734.40,28.2,0,
,00:16:22,151,10.3,05:48,81,,,2737.30,28.2,0,
,00:16:23,151,10.3,05:48,81,,,2740.20,28.1,0,
,00:16:24,151,10.3,05:49,81,,,2743.00,28.2,0,
,00:16:25,151,10.3,05:50,81,,,2745.80,28.2,0,
,00:16:26,151,10.3,05:50,81,,,2748.60,28.0,0,
,00:16:27,151,10.3,05:50,81,,,2751.50,28.1,0,
,00:16:28,151,10.3,05:51,81,,,2754.30,28.1,0,
,00:16:29,151,10.3,05:51,80,,,2757.20,28.1,0,
,00:16:30,151,10.2,05:52,81,,,2760.00,28.3,0,
,00:16:31,151,10.2,05:52,81,,,2762.90,28.2,0,
,00:16:32,151,10.2,05:52,81,,,2765.60,28.1,0,
,00:16:33,151,10.2,05:52,81,,,2768.40,28.1,0,
,00:16:34,151,10.2,05:52,81,,,2771.30,28.1,0,
,00:16:35,151,10.2,05:52,81,,,2774.10,28.1,0,
,00:16:36,151,10.2,05:52,81,,,2776.90,28.0,0,
,00:16:37,150,10.2,05:52,80,,,2779.80,28.0,0,
,00:16:38,151,10.2,05:52,81,,,2782.60,28.1,0,
,00:16:39,150,10.2,05:52,81,,,2785.50,28.1,0,
,00:16:40,150,10.2,05:52,81,,,2788.73,28.0,0,
,00:16:41,150,10.2,05:52,81,,,2791.60,28.0,0,
,00:16:42,150,10.2,05:52,81,,,2794.50,28.1,0,
,00:16:43,150,10.2,05:52,81,,,2797.30,28.0,0,
,00:16:44,150,10.2,05:52,81,,,2800.20,28.0,0,
,00:16:45,150,10.2,05:52,80,,,2803.00,28.0,0,
,00:16:46,150,10.2,05:52,81,,,2805.80,28.0,0,
,00:16:47,151,10.2,05:52,81,,,2808.60,28.0,0,
,00:16:48,151,10.2,05:52,81,,,2811.50,28.0,0,
,00:16:49,151,10.2,05:52,81,,,2814.30,28.0,0,
,00:16:50,151,10.2,05:52,81,,,2817.10,28.0,0,
,00:16:51,151,10.2,05:53,81,,,2820.00,28.0,0,
,00:16:52,151,10.2,05:53,81,,,2822.80,28.0,0,
,00:16:53,151,10.2,05:53,81,,,2825.50,28.0,0,
,00:16:54,151,10.2,05:54,81,,,2828.40,27.9,0,
,00:16:55,151,10.2,05:54,81,,,2831.20,28.0,0,
,00:16:56,151,10.2,05:55,81,,,2834.00,27.9,0,
,00:16:57,151,10.2,05:55,81,,,2836.80,28.1,0,
,00:16:58,151,10.2,05:55,81,,,2839.60,28.0,0,
,00:16:59,151,10.2,05:55,81,,,2842.50,27.9,0,
,00:17:00,151,10.2,05:54,81,,,2845.30,28.1,0,
,00:17:01,151,10.2,05:54,81,,,2848.00,28.0,0,
,00:17:02,151,10.2,05:53,81,,,2850.80,27.9,0,
,00:17:03,151,10.2,05:53,81,,,2853.70,28.0,0,
,00:17:04,151,10.2,05:52,80,,,2856.50,28.0,0,
,00:17:05,151,10.2,05:51,81,,,2859.40,28.0,0,
,00:17:06,151,10.2,05:51,81,,,2862.20,28.0,0,
,00:17:07,152,10.3,05:51,81,,,2865.10,28.0,0,
,00:17:08,151,10.3,05:51,81,,,2867.90,28.0,0,
,00:17:09,152,10.3,05:50,81,,,2870.70,27.9,0,
,00:17:10,151,10.3,05:49,81,,,2873.50,27.9,0,
,00:17:11,151,10.3,05:49,81,,,2876.40,27.9,0,
,00:17:12,152,10.3,05:48,81,,,2879.30,28.0,0,
,00:17:13,152,10.4,05:48,81,,,2882.20,28.0,0,
,00:17:14,152,10.4,05:47,81,,,2885.00,27.9,0,
,00:17:15,152,10.4,05:47,81,,,2887.90,28.0,0,
,00:17:16,152,10.4,05:47,81,,,2890.80,27.9,0,
,00:17:17,152,10.4,05:47,81,,,2893.60,27.9,0,
,00:17:18,152,10.4,05:47,81,,,2896.50,27.9,0,
,00:17:19,152,10.4,05:48,81,,,2899.30,27.9,0,
,00:17:20,152,10.4,05:48,81,,,2902.20,28.0,0,
,00:17:21,152,10.4,05:48,81,,,2905.10,28.0,0,
,00:17:22,152,10.4,05:47,81,,,2908.00,28.0,0,
,00:17:23,152,10.4,05:46,81,,,2911.23,28.0,0,
,00:17:24,152,10.4,05:46,81,,,2914.20,27.9,0,
,00:17:25,152,10.4,05:46,81,,,2917.10,28.0,0,
,00:17:26,152,10.4,05:46,81,,,2920.00,28.0,0,
,00:17:27,152,10.4,05:47,81,,,2922.90,27.9,0,
,00:17:28,152,10.3,05:50,81,,,2925.80,28.0,0,
,00:17:29,152,10.2,05:52,81,,,2928.50,28.0,0,
,00:17:30,152,10.3,05:51,81,,,2931.40,28.0,0,
,00:17:31,153,10.3,05:50,81,,,2934.20,28.0,0,
,00:17:32,153,10.3,05:49,81,,,2937.10,27.9,0,
,00:17:33,153,10.3,05:49,81,,,2939.90,28.0,0,
,00:17:34,153,10.3,05:49,80,,,2942.80,28.0,0,
,00:17:35,153,10.3,05:50,81,,,2945.70,28.0,0,
,00:17:36,153,10.3,05:51,81,,,2948.50,28.0,0,
,00:17:37,154,10.3,05:51,81,,,2951.30,28.0,0,
,00:17:38,154,10.3,05:50,81,,,2954.10,28.0,0,
,00:17:39,154,10.3,05:50,81,,,2957.00,28.0,0,
,00:17:40,154,10.3,05:49,81,,,2959.90,28.0,0,
,00:17:41,155,10.3,05:48,81,,,2962.70,27.9,0,
,00:17:42,155,10.4,05:48,81,,,2965.60,28.0,0,
,00:17:43,155,10.4,05:47,82,,,2968.50,28.0,0,
,00:17:44,155,10.4,05:47,82,,,2971.40,27.9,0,
,00:17:45,155,10.4,05:47,82,,,2974.20,28.0,0,
,00:17:46,155,10.4,05:47,82,,,2977.00,28.0,0,
,00:17:47,155,10.4,05:46,82,,,2979.90,28.0,0,
,00:17:48,155,10.4,05:46,83,,,2982.80,28.0,0,
,00:17:49,155,10.4,05:46,82,,,2985.70,28.0,0,
,00:17:50,155,10.4,05:46,82,,,2988.60,27.9,0,
,00:17:51,155,10.4,05:46,82,,,2991.50,28.0,0,
,00:17:52,155,10.4,05:46,82,,,2994.40,27.9,0,
,00:17:53,154,10.4,05:46,82,,,2997.20,27.9,0,
,00:17:54,154,10.4,05:46,82,,,3000.10,28.0,0,
,00:17:55,154,10.4,05:46,82,,,3003.00,28.0,0,
,00:17:56,154,10.4,05:46,82,,,3005.80,27.9,0,
,00:17:57,154,10.4,05:46,83,,,3008.70,28.0,0,
,00:17:58,154,10.4,05:46,82,,,3011.60,28.0,0,
,00:17:59,154,10.4,05:46,82,,,3014.50,27.9,0,
,00:18:00,154,10.4,05:47,82,,,3017.30,27.9,0,
,00:18:01,154,10.4,05:47,82,,,3020.20,28.0,0,
,00:18:02,154,10.4,05:48,83,,,3023.10,28.0,0,
,00:18:03,155,10.3,05:48,83,,,3025.90,27.9,0,
,00:18:04,155,10.3,05:48,83,,,3028.80,28.0,0,
,00:18:05,155,10.3,05:48,83,,,3031.70,28.0,0,
,00:18:06,155,10.3,05:48,83,,,3034.50,28.0,0,
,00:18:07,154,10.3,05:48,82,,,3037.73,28.0,0,
,00:18:08,154,10.3,05:49,82,,,3040.80,28.0,0,
,00:18:09,154,10.3,05:49,83,,,3043.60,27.9,0,
,00:18:10,154,10.3,05:49,82,,,3046.50,27.9,0,
,00:18:11,154,10.3,05:49,83,,,3049.40,27.9,0,
,00:18:12,154,10.3,05:49,83,,,3052.20,28.0,0,
,00:18:13,153,10.3,05:49,83,,,3055.00,28.0,0,
,00:18:14,153,10.3,05:49,83,,,3057.90,28.0,0,
,00:18:15,153,10.3,05:49,83,,,3060.70,28.0,0,
,00:18:16,153,10.3,05:48,83,,,3063.60,28.0,0,
,00:18:17,153,10.4,05:47,83,,,3066.50,27.9,0,
,00:18:18,153,10.4,05:46,83,,,3069.40,27.9,0,
,00:18:19,153,10.5,05:44,82,,,3072.30,27.9,0,
,00:18:20,153,10.5,05:43,83,,,3075.20,27.9,0,
,00:18:21,153,10.5,05:42,82,,,3078.10,28.1,0,
,00:18:22,153,10.5,05:42,83,,,3081.10,28.1,0,
,00:18:23,152,10.5,05:42,83,,,3083.90,28.0,0,
,00:18:24,152,10.5,05:42,83,,,3086.80,28.0,0,
,00:18:25,152,10.5,05:43,83,,,3089.70,28.0,0,
,00:18:26,152,10.5,05:43,83,,,3092.60,28.0,0,
,00:18:27,152,10.5,05:43,83,,,3095.60,28.0,0,
,00:18:28,152,10.5,05:43,83,,,3098.50,28.0,0,
,00:18:29,151,10.5,05:43,83,,,3101.40,28.2,0,
,00:18:30,152,10.5,05:43,83,,,3104.30,28.0,0,
,00:18:31,152,10.5,05:42,83,,,3107.10,28.0,0,
,00:18:32,152,10.6,05:41,83,,,3110.10,28.1,0,
,00:18:33,152,10.6,05:41,83,,,3113.00,28.0,0,
,00:18:34,152,10.6,05:41,83,,,3115.90,28.0,0,
,00:18:35,151,10.6,05:41,83,,,3118.90,28.1,0,
,00:18:36,151,10.6,05:41,83,,,3121.80,28.0,0,
,00:18:37,151,10.5,05:42,83,,,3124.70,28.1,0,
,00:18:38,151,10.5,05:42,83,,,3127.60,28.0,0,
,00:18:39,151,10.5,05:43,83,,,3130.50,28.0,0,
,00:18:40,151,10.5,05:44,83,,,3133.40,28.1,0,
,00:18:41,151,10.5,05:44,83,,,3136.30,28.1,0,
,00:18:42,151,10.4,05:45,83,,,3139.20,28.0,0,
,00:18:43,151,10.4,05:45,83,,,3142.10,28.0,0,
,00:18:44,151,10.4,05:46,83,,,3145.00,28.0,0,
,00:18:45,151,10.4,05:46,83,,,3147.80,28.0,0,
,00:18:46,150,10.4,05:46,83,,,3150.70,28.1,0,
,00:18:47,150,10.4,05:46,83,,,3153.50,28.0,0,
,00:18:48,151,10.4,05:46,83,,,3156.40,28.1,0,
,00:18:49,151,10.4,05:45,83,,,3159.30,27.9,0,
,00:18:50,151,10.4,05:45,82,,,3162.20,28.0,0,
,00:18:51,152,10.4,05:45,83,,,3165.10,27.9,0,
,00:18:52,152,10.4,05:45,82,,,3165.60,28.0,0,
,00:18:53,152,10.4,05:45,83,,,3168.50,28.0,0,
,00:18:54,152,10.4,05:45,83,,,3171.40,28.0,0,
,00:18:55,152,10.4,05:45,82,,,3174.30,27.9,0,
,00:18:56,152,10.4,05:45,82,,,3177.20,28.0,0,
,00:18:57,152,10.4,05:45,82,,,3180.10,28.0,0,
,00:18:58,152,10.4,05:45,83,,,3183.00,28.2,0,
,00:18:59,152,10.5,05:44,83,,,3186.00,28.0,0,
,00:19:00,152,10.5,05:44,83,,,3188.80,28.0,0,
,00:19:01,152,10.5,05:43,83,,,3191.70,28.0,0,
,00:19:02,152,10.5,05:42,83,,,3194.60,28.0,0,
,00:19:03,152,10.5,05:42,83,,,3197.50,28.0,0,
,00:19:04,152,10.5,05:42,83,,,3200.40,28.0,0,
,00:19:05,153,10.5,05:42,83,,,3203.40,28.0,0,
,00:19:06,153,10.5,05:42,83,,,3206.30,28.0,0,
,00:19:07,153,10.5,05:43,83,,,3209.20,28.0,0,
,00:19:08,153,10.4,05:46,83,,,3212.00,28.1,0,
,00:19:09,154,10.2,05:52,83,,,3214.80,28.0,0,
,00:19:10,153,9.9,06:04,83,,,3217.50,28.1,0,
,00:19:11,154,9.5,06:19,83,,,3220.10,28.0,0,
,00:19:12,154,9.1,06:35,82,,,3222.60,28.1,0,
,00:19:13,153,8.8,06:49,82,,,3225.00,28.1,0,
,00:19:14,153,8.6,06:58,82,,,3227.40,28.1,0,
,00:19:15,153,8.6,07:00,82,,,3229.70,27.9,0,
,00:19:16,153,9.2,06:32,82,,,3232.30,28.0,0,
,00:19:17,153,9.8,06:07,83,,,3235.10,28.1,0,
,00:19:18,153,10.2,05:52,83,,,3238.00,28.0,0,
,00:19:19,153,10.5,05:44,83,,,3240.90,28.1,0,
,00:19:20,153,10.6,05:40,83,,,3243.80,28.0,0,
,00:19:21,153,10.6,05:39,83,,,3246.80,28.1,0,
,00:19:22,152,10.6,05:39,83,,,3249.70,28.1,0,
,00:19:23,153,10.6,05:40,83,,,3252.60,28.1,0,
,00:19:24,153,10.5,05:41,83,,,3255.50,28.0,0,
,00:19:25,153,10.5,05:42,83,,,3258.40,28.0,0,
,00:19:26,153,10.5,05:43,82,,,3261.30,28.2,0,
,00:19:27,153,10.5,05:44,82,,,3264.30,28.1,0,
,00:19:28,153,10.4,05:45,82,,,3267.20,28.1,0,
,00:19:29,153,10.4,05:46,83,,,3269.90,28.1,0,
,00:19:30,153,10.4,05:46,83,,,3272.80,28.1,0,
,00:19:31,153,10.4,05:46,83,,,3275.70,28.0,0,
,00:19:32,153,10.4,05:46,83,,,3278.60,28.0,0,
,00:19:33,153,10.4,05:46,83,,,3281.50,28.1,0,
,00:19:34,153,10.4,05:45,83,,,3284.40,28.1,0,
,00:19:35,153,10.4,05:45,83,,,3287.30,28.1,0,
,00:19:36,152,10.4,05:45,83,,,3290.53,28.2,0,
,00:19:37,152,10.5,05:44,83,,,3293.60,28.1,0,
,00:19:38,152,10.5,05:44,83,,,3296.50,28.1,0,
,00:19:39,151,10.5,05:43,83,,,3299.40,28.2,0,
,00:19:40,150,10.5,05:43,83,,,3302.40,28.1,0,
,00:19:41,150,10.5,05:42,83,,,3305.30,28.2,0,
,00:19:42,150,10.6,05:40,83,,,3308.20,28.2,0,
,00:19:43,150,10.6,05:38,83,,,3311.20,28.1,0,
,00:19:44,150,10.7,05:36,83,,,3314.20,28.0,0,
,00:19:45,150,10.8,05:34,83,,,3317.10,28.1,0,
,00:19:46,150,10.8,05:33,83,,,3320.10,28.1,0,
,00:19:47,150,10.8,05:33,83,,,3323.10,28.1,0,
,00:19:48,150,10.8,05:34,83,,,3326.00,28.2,0,
,00:19:49,150,10.8,05:35,83,,,3329.00,28.2,0,
,00:19:50,150,10.7,05:36,83,,,3332.00,28.1,0,
,00:19:51,150,10.7,05:37,83,,,3335.00,28.2,0,
,00:19:52,150,10.7,05:38,83,,,3337.90,28.1,0,
,00:19:53,150,10.6,05:39,83,,,3340.80,28.2,0,
,00:19:54,150,10.6,05:40,83,,,3343.70,28.1,0,
,00:19:55,151,10.6,05:40,83,,,3346.70,28.2,0,
,00:19:56,151,10.6,05:40,83,,,3349.60,28.1,0,
,00:19:57,151,10.6,05:40,83,,,3352.50,28.2,0,
,00:19:58,152,10.6,05:40,83,,,3355.50,28.1,0,
,00:19:59,152,10.6,05:39,83,,,3358.40,28.1,0,
,00:20:00,152,10.7,05:38,82,,,3361.40,28.2,0,
,00:20:01,153,10.7,05:36,83,,,3364.30,28.1,0,
,00:20:02,153,10.7,05:36,83,,,3367.20,28.2,0,
,00:20:03,154,10.7,05:35,83,,,3370.20,28.0,0,
,00:20:04,154,10.7,05:35,83,,,3373.20,28.1,0,
,00:20:05,154,10.7,05:35,83,,,3376.20,28.2,0,
,00:20:06,154,10.7,05:35,82,,,3379.20,28.2,0,
,00:20:07,154,10.7,05:36,82,,,3382.20,28.1,0,
,00:20:08,154,10.7,05:37,82,,,3385.10,28.2,0,
,00:20:09,155,10.7,05:37,82,,,3388.00,28.1,0,
,00:20:10,155,10.6,05:38,82,,,3390.90,28.2,0,
,00:20:11,155,10.6,05:39,82,,,3393.90,28.1,0,
,00:20:12,155,10.6,05:40,82,,,3396.80,28.1,0,
,00:20:13,155,10.6,05:40,82,,,3399.80,28.1,0,
,00:20:14,155,10.6,05:41,82,,,3402.70,28.1,0,
,00:20:15,156,10.5,05:42,83,,,3405.50,28.2,0,
,00:20:16,156,10.5,05:42,83,,,3408.50,28.0,0,
,00:20:17,156,10.5,05:43,83,,,3411.40,28.1,0,
,00:20:18,155,10.5,05:44,83,,,3414.30,28.2,0,
,00:20:19,155,10.4,05:45,83,,,3417.20,28.0,0,
,00:20:20,155,10.4,05:45,83,,,3420.10,28.1,0,
,00:20:21,155,10.4,05:46,83,,,3423.33,28.0,0,
,00:20:22,155,10.4,05:46,83,,,3426.40,28.0,0,
,00:20:23,155,10.4,05:46,83,,,3429.30,28.2,0,
,00:20:24,155,10.4,05:46,83,,,3432.10,28.1,0,
,00:20:25,155,10.4,05:46,83,,,3435.00,28.2,0,
,00:20:26,154,10.4,05:46,83,,,3437.90,28.1,0,
,00:20:27,154,10.4,05:46,83,,,3440.80,28.0,0,
,00:20:28,154,10.4,05:46,83,,,3443.60,28.2,0,
,00:20:29,154,10.4,05:46,83,,,3446.50,28.1,0,
,00:20:30,154,10.4,05:46,83,,,3449.40,28.2,0,
,00:20:31,154,10.4,05:46,83,,,3452.30,28.2,0,
,00:20:32,154,10.4,05:45,83,,,3455.20,28.1,0,
,00:20:33,154,10.5,05:44,83,,,3458.10,28.1,0,
,00:20:34,154,10.5,05:44,82,,,3461.00,28.1,0,
,00:20:35,154,10.5,05:43,83,,,3463.90,28.1,0,
,00:20:36,154,10.5,05:43,83,,,3466.80,28.1,0,
,00:20:37,154,10.5,05:43,83,,,3469.60,28.1,0,
,00:20:38,154,10.5,05:43,83,,,3472.50,28.1,0,
,00:20:39,154,10.5,05:43,83,,,3475.40,28.1,0,
,00:20:40,154,10.5,05:42,83,,,3478.40,28.1,0,
,00:20:41,154,10.6,05:40,83,,,3481.30,28.2,0,
,00:20:42,154,10.6,05:39,83,,,3484.30,28.2,0,
,00:20:43,154,10.6,05:40,83,,,3487.20,28.0,0,
,00:20:44,155,10.5,05:41,82,,,3490.10,28.1,0,
,00:20:45,154,10.5,05:43,82,,,3493.00,28.2,0,
,00:20:46,154,10.5,05:44,82,,,3495.90,28.1,0,
,00:20:47,154,10.4,05:45,82,,,3498.80,28.1,0,
,00:20:48,154,10.4,05:45,83,,,3501.70,28.2,0,
,00:20:49,154,10.4,05:45,83,,,3504.60,28.2,0,
,00:20:50,154,10.4,05:46,83,,,3507.40,28.2,0,
,00:20:51,154,10.4,05:46,83,,,3510.30,28.2,0,
,00:20:52,154,10.4,05:46,83,,,3513.10,28.2,0,
,00:20:53,154,10.4,05:45,83,,,3516.00,28.2,0,
,00:20:54,154,10.4,05:45,83,,,3518.90,28.2,0,
,00:20:55,154,10.4,05:45,83,,,3521.80,28.2,0,
,00:20:56,155,10.5,05:44,83,,,3524.70,28.2,0,
,00:20:57,155,10.5,05:44,83,,,3527.60,28.1,0,
,00:20:58,154,10.5,05:44,83,,,3530.50,28.2,0,
,00:20:59,154,10.5,05:43,83,,,3533.50,28.1,0,
,00:21:00,154,10.5,05:43,83,,,3536.40,28.1,0,
,00:21:01,154,10.5,05:43,83,,,3539.20,28.1,0,
,00:21:02,154,10.5,05:42,83,,,3542.10,28.1,0,
,00:21:03,154,10.5,05:42,82,,,3545.00,28.2,0,
,00:21:04,154,10.5,05:42,82,,,3548.00,28.2,0,
,00:21:05,154,10.5,05:42,82,,,3550.90,28.1,0,
,00:21:06,155,10.5,05:42,82,,,3553.80,28.2,0,
,00:21:07,155,10.5,05:42,83,,,3557.03,28.2,0,
,00:21:08,156,10.5,05:42,83,,,3560.20,28.2,0,
,00:21:09,157,10.5,05:43,83,,,3563.10,28.2,0,
,00:21:10,157,10.5,05:44,83,,,3566.00,28.3,0,
,00:21:11,157,10.5,05:44,82,,,3568.90,28.1,0,
,00:21:12,157,10.5,05:44,82,,,3571.80,28.3,0,
,00:21:13,156,10.5,05:44,83,,,3574.70,28.1,0,
,00:21:14,157,10.5,05:44,83,,,3577.60,28.2,0,
,00:21:15,157,10.5,05:44,82,,,3580.40,28.3,0,
,00:21:16,157,10.5,05:44,83,,,3583.30,28.1,0,
,00:21:17,157,10.5,05:44,83,,,3586.20,28.2,0,
,00:21:18,157,10.5,05:44,83,,,3589.20,28.1,0,
,00:21:19,157,10.5,05:44,83,,,3592.10,28.2,0,
,00:21:20,157,10.4,05:45,83,,,3595.00,28.1,0,
,00:21:21,157,10.4,05:45,83,,,3597.90,28.3,0,
,00:21:22,156,10.4,05:45,83,,,3600.80,28.2,0,
,00:21:23,156,10.4,05:45,83,,,3603.50,28.1,0,
,00:21:24,156,10.4,05:45,83,,,3606.40,28.3,0,
,00:21:25,156,10.4,05:45,83,,,3609.30,28.3,0,
,00:21:26,156,10.4,05:45,83,,,3612.20,28.2,0,
,00:21:27,156,10.4,05:45,83,,,3615.10,28.3,0,
,00:21:28,155,10.4,05:45,83,,,3618.00,28.2,0,
,00:21:29,155,10.4,05:45,83,,,3620.90,28.3,0,
,00:21:30,155,10.4,05:45,83,,,3623.80,28.3,0,
,00:21:31,155,10.4,05:45,83,,,3626.60,28.1,0,
,00:21:32,154,10.4,05:45,83,,,3629.50,28.3,0,
,00:21:33,154,10.5,05:44,83,,,3632.50,28.2,0,
,00:21:34,154,10.5,05:43,83,,,3635.40,28.2,0,
,00:21:35,154,10.5,05:43,83,,,3638.30,28.2,0,
,00:21:36,154,10.5,05:42,83,,,3641.20,28.2,0,
,00:21:37,154,10.5,05:42,83,,,3644.10,28.2,0,
,00:21:38,153,10.5,05:42,83,,,3647.10,28.2,0,
,00:21:39,153,10.5,05:42,83,,,3649.90,28.2,0,
,00:21:40,153,10.5,05:42,83,,,3652.80,28.2,0,
,00:21:41,153,10.5,05:42,83,,,3655.70,28.3,0,
,00:21:42,154,10.5,05:42,83,,,3658.70,28.2,0,
,00:21:43,154,10.5,05:42,83,,,3661.60,28.2,0,
,00:21:44,153,10.5,05:42,83,,,3664.50,28.2,0,
,00:21:45,154,10.5,05:42,83,,,3667.50,28.2,0,
,00:21:46,154,10.5,05:43,83,,,3670.40,28.2,0,
,00:21:47,154,10.5,05:43,83,,,3673.20,28.3,0,
,00:21:48,153,10.5,05:44,83,,,3676.10,28.2,0,
,00:21:49,153,10.5,05:44,83,,,3679.00,28.2,0,
,00:21:50,153,10.5,05:44,83,,,3681.90,28.2,0,
,00:21:51,153,10.4,05:45,83,,,3684.80,28.2,0,
,00:21:52,154,10.4,05:45,83,,,3687.70,28.3,0,
,00:21:53,154,10.4,05:45,83,,,3690.93,28.3,0,
,00:21:54,154,10.4,05:45,83,,,3694.00,28.2,0,
,00:21:55,154,10.4,05:45,83,,,3696.90,28.2,0,
,00:21:56,154,10.4,05:46,83,,,3699.80,28.3,0,
,00:21:57,155,10.4,05:46,83,,,3702.70,28.2,0,
,00:21:58,155,10.4,05:46,83,,,3705.60,28.3,0,
,00:21:59,154,10.4,05:46,83,,,3708.50,28.2,0,
,00:22:00,154,10.4,05:47,83,,,3711.30,28.3,0,
,00:22:01,154,10.4,05:47,83,,,3714.10,28.2,0,
,00:22:02,155,10.4,05:47,83,,,3717.00,28.3,0,
,00:22:03,155,10.4,05:47,83,,,3719.90,28.2,0,
,00:22:04,155,10.4,05:47,83,,,3722.80,28.2,0,
,00:22:05,155,10.4,05:47,83,,,3725.60,28.3,0,
,00:22:06,155,10.4,05:46,83,,,3728.50,28.3,0,
,00:22:07,156,10.4,05:45,83,,,3731.40,28.2,0,
,00:22:08,156,10.5,05:43,83,,,3734.30,28.3,0,
,00:22:09,157,10.5,05:43,83,,,3737.20,28.2,0,
,00:22:10,157,10.5,05:43,83,,,3740.10,28.2,0,
,00:22:11,157,10.5,05:42,83,,,3743.00,28.3,0,
,00:22:12,157,10.5,05:41,83,,,3745.90,28.3,0,
,00:22:13,157,10.6,05:40,83,,,3748.90,28.3,0,
,00:22:14,157,10.6,05:39,83,,,3751.80,28.3,0,
,00:22:15,158,10.6,05:38,83,,,3754.80,28.4,0,
,00:22:16,158,10.7,05:37,83,,,3757.70,28.3,0,
,00:22:17,158,10.7,05:36,83,,,3760.70,28.2,0,
,00:22:18,157,10.7,05:36,83,,,3763.70,28.2,0,
,00:22:19,157,10.7,05:37,83,,,3766.60,28.2,0,
,00:22:20,157,10.7,05:37,82,,,3769.50,28.4,0,
,00:22:21,157,10.6,05:38,83,,,3772.50,28.3,0,
,00:22:22,157,10.6,05:39,83,,,3775.40,28.3,0,
,00:22:23,157,10.6,05:41,83,,,3778.40,28.3,0,
,00:22:24,157,10.5,05:42,83,,,3781.30,28.3,0,
,00:22:25,157,10.5,05:43,83,,,3784.10,28.4,0,
,00:22:26,156,10.5,05:44,83,,,3787.00,28.4,0,
,00:22:27,156,10.4,05:45,83,,,3789.90,28.3,0,
,00:22:28,156,10.4,05:45,83,,,3792.80,28.4,0,
,00:22:29,156,10.4,05:46,83,,,3795.70,28.3,0,
,00:22:30,156,10.4,05:46,83,,,3798.60,28.4,0,
,00:22:31,156,10.4,05:47,82,,,3801.40,28.4,0,
,00:22:32,156,10.4,05:47,82,,,3804.30,28.3,0,
,00:22:33,156,10.4,05:47,83,,,3807.10,28.3,0,
,00:22:34,155,10.4,05:45,83,,,3810.00,28.2,0,
,00:22:35,155,10.5,05:43,83,,,3813.00,28.4,0,
,00:22:36,155,10.5,05:43,82,,,3815.90,28.4,0,
,00:22:37,155,10.5,05:44,82,,,3818.80,28.3,0,
,00:22:38,154,10.4,05:45,83,,,3821.70,28.3,0,
,00:22:39,154,10.4,05:45,83,,,3822.20,28.4,0,
,00:22:40,155,10.5,05:42,83,,,3825.10,28.3,0,
,00:22:41,155,10.6,05:41,82,,,3828.00,28.3,0,
,00:22:42,155,10.6,05:40,82,,,3831.00,28.4,0,
,00:22:43,155,10.6,05:41,83,,,3833.90,28.3,0,
,00:22:44,155,10.5,05:43,83,,,3836.80,28.2,0,
,00:22:45,155,10.4,05:46,83,,,3839.70,28.4,0,
,00:22:46,155,10.4,05:47,83,,,3842.50,28.3,0,
,00:22:47,155,10.4,05:46,83,,,3845.40,28.3,0,
,00:22:48,156,10.4,05:45,83,,,3848.30,28.4,0,
,00:22:49,156,10.4,05:45,83,,,3851.20,28.4,0,
,00:22:50,155,10.5,05:44,83,,,3854.10,28.4,0,
,00:22:51,156,10.5,05:44,83,,,3857.00,28.3,0,
,00:22:52,156,10.5,05:43,83,,,3859.90,28.4,0,
,00:22:53,156,10.5,05:43,83,,,3862.80,28.4,0,
,00:22:54,156,10.5,05:42,83,,,3865.70,28.4,0,
,00:22:55,156,10.5,05:42,83,,,3868.60,28.4,0,
,00:22:56,156,10.5,05:42,83,,,3871.50,28.4,0,
,00:22:57,156,10.5,05:42,83,,,3874.40,28.4,0,
,00:22:58,157,10.5,05:42,83,,,3877.30,28.4,0,
,00:22:59,157,10.5,05:42,83,,,3880.30,28.3,0,
,00:23:00,157,10.5,05:42,83,,,3883.20,28.4,0,
,00:23:01,157,10.5,05:41,83,,,3886.10,28.5,0,
,00:23:02,157,10.6,05:41,83,,,3889.10,28.4,0,
,00:23:03,157,10.6,05:40,83,,,3891.90,28.4,0,
,00:23:04,158,10.6,05:39,83,,,3894.90,28.3,0,
,00:23:05,158,10.6,05:39,83,,,3897.80,28.4,0,
,00:23:06,159,10.7,05:38,83,,,3900.80,28.3,0,
,00:23:07,159,10.7,05:37,83,,,3903.70,28.4,0,
,00:23:08,159,10.7,05:36,83,,,3906.70,28.4,0,
,00:23:09,159,10.7,05:36,83,,,3909.70,28.5,0,
,00:23:10,159,10.7,05:36,83,,,3912.70,28.4,0,
,00:23:11,159,10.7,05:36,83,,,3915.60,28.4,0,
,00:23:12,158,10.7,05:36,83,,,3918.50,28.3,0,
,00:23:13,159,10.7,05:36,83,,,3921.50,28.4,0,
,00:23:14,159,10.7,05:36,83,,,3924.50,28.4,0,
,00:23:15,159,10.7,05:37,83,,,3927.40,28.4,0,
,00:23:16,159,10.7,05:37,83,,,3930.40,28.5,0,
,00:23:17,159,10.7,05:37,83,,,3933.40,28.4,0,
,00:23:18,159,10.7,05:37,83,,,3936.30,28.4,0,
,00:23:19,159,10.7,05:37,83,,,3939.20,28.4,0,
,00:23:20,159,10.7,05:37,83,,,3942.20,28.4,0,
,00:23:21,158,10.7,05:38,83,,,3945.10,28.5,0,
,00:23:22,158,10.6,05:38,83,,,3948.10,28.4,0,
,00:23:23,159,10.6,05:39,83,,,3951.00,28.5,0,
,00:23:24,159,10.6,05:40,83,,,3954.23,28.4,0,
,00:23:25,159,10.5,05:41,83,,,3957.40,28.5,0,
,00:23:26,159,10.5,05:42,83,,,3960.30,28.4,0,
,00:23:27,158,10.5,05:43,83,,,3963.20,28.4,0,
,00:23:28,158,10.5,05:44,83,,,3966.10,28.4,0,
,00:23:29,158,10.5,05:44,83,,,3969.00,28.5,0,
,00:23:30,158,10.5,05:44,83,,,3972.00,28.5,0,
,00:23:31,158,10.5,05:44,83,,,3974.90,28.4,0,
,00:23:32,158,10.5,05:44,83,,,3977.70,28.5,0,
,00:23:33,158,10.5,05:43,83,,,3980.60,28.4,0,
,00:23:34,158,10.5,05:43,83,,,3983.50,28.5,0,
,00:23:35,158,10.5,05:43,83,,,3986.40,28.4,0,
,00:23:36,158,10.5,05:43,83,,,3989.30,28.5,0,
,00:23:37,157,10.5,05:44,83,,,3992.20,28.4,0,
,00:23:38,157,10.5,05:44,83,,,3995.10,28.5,0,
,00:23:39,157,10.4,05:45,83,,,3998.00,28.5,0,
,00:23:40,157,10.4,05:46,83,,,4000.80,28.5,0,
,00:23:41,157,10.4,05:47,83,,,4003.70,28.5,0,
,00:23:42,156,10.3,05:48,83,,,4006.60,28.5,0,
,00:23:43,156,10.3,05:48,83,,,4009.40,28.5,0,
,00:23:44,156,10.3,05:48,82,,,4012.30,28.4,0,
,00:23:45,156,10.3,05:49,83,,,4015.20,28.5,0,
,00:23:46,155,10.3,05:49,83,,,4018.10,28.5,0,
,00:23:47,155,10.4,05:48,83,,,4020.80,28.5,0,
,00:23:48,155,10.4,05:47,83,,,4023.70,28.5,0,
,00:23:49,154,10.4,05:46,83,,,4026.60,28.5,0,
,00:23:50,155,10.4,05:45,83,,,4029.50,28.4,0,
,00:23:51,155,10.4,05:45,83,,,4032.40,28.5,0,
,00:23:52,154,10.5,05:44,83,,,4035.30,28.5,0,
,00:23:53,154,10.5,05:44,83,,,4038.20,28.6,0,
,00:23:54,154,10.5,05:44,83,,,4041.10,28.5,0,
,00:23:55,154,10.5,05:43,83,,,4043.90,28.5,0,
,00:23:56,154,10.6,05:40,83,,,4046.90,28.5,0,
,00:23:57,154,10.7,05:36,83,,,4049.80,28.5,0,
,00:23:58,154,10.8,05:33,84,,,4052.80,28.5,0,
,00:23:59,154,10.9,05:30,84,,,4055.90,28.5,0,
,00:24:00,154,10.9,05:30,85,,,4058.90,28.4,0,
,00:24:01,155,10.9,05:30,85,,,4061.90,28.5,0,
,00:24:02,155,10.9,05:30,85,,,4065.00,28.5,0,
,00:24:03,155,10.9,05:30,84,,,4068.00,28.5,0,
,00:24:04,155,10.9,05:30,84,,,4071.00,28.5,0,
,00:24:05,155,10.9,05:31,84,,,4074.00,28.5,0,
,00:24:06,154,10.9,05:32,84,,,4077.00,28.5,0,
,00:24:07,154,10.8,05:33,84,,,4080.00,28.5,0,
,00:24:08,154,10.8,05:34,84,,,4083.00,28.5,0,
,00:24:09,154,10.7,05:35,84,,,4086.23,28.5,0,
,00:24:10,153,10.7,05:36,84,,,4089.47,28.6,0,
,00:24:11,153,10.7,05:37,84,,,4092.50,28.5,0,
,00:24:12,153,10.7,05:37,84,,,4095.30,28.6,0,
,00:24:13,153,10.7,05:37,84,,,4098.30,28.5,0,
,00:24:14,153,10.7,05:37,84,,,4101.30,28.5,0,
,00:24:15,153,10.7,05:37,84,,,4104.20,28.5,0,
,00:24:16,153,10.7,05:37,84,,,4107.20,28.7,0,
,00:24:17,153,10.7,05:37,84,,,4110.20,28.5,0,
,00:24:18,153,10.7,05:38,84,,,4113.10,28.5,0,
,00:24:19,153,10.7,05:38,84,,,4116.10,28.5,0,
,00:24:20,153,10.6,05:39,84,,,4118.90,28.5,0,
,00:24:21,152,10.6,05:40,84,,,4121.90,28.5,0,
,00:24:22,152,10.6,05:41,84,,,4124.80,28.5,0,
,00:24:23,152,10.5,05:42,84,,,4127.70,28.6,0,
,00:24:24,151,10.5,05:44,84,,,4130.70,28.6,0,
,00:24:25,151,10.4,05:45,84,,,4133.50,28.5,0,
,00:24:26,151,10.4,05:46,84,,,4136.30,28.5,0,
,00:24:27,151,10.4,05:46,84,,,4139.20,28.6,0,
,00:24:28,151,10.4,05:47,84,,,4142.10,28.5,0,
,00:24:29,150,10.4,05:47,84,,,4145.00,28.5,0,
,00:24:30,150,10.4,05:47,84,,,4147.90,28.5,0,
,00:24:31,150,10.4,05:46,84,,,4150.80,28.5,0,
,00:24:32,150,10.4,05:45,84,,,4153.70,28.6,0,
,00:24:33,151,10.4,05:45,84,,,4156.50,28.5,0,
,00:24:34,151,10.4,05:45,84,,,4159.40,28.5,0,
,00:24:35,151,10.4,05:45,84,,,4162.30,28.5,0,
,00:24:36,151,10.4,05:45,84,,,4165.20,28.5,0,
,00:24:37,151,10.4,05:45,84,,,4168.10,28.5,0,
,00:24:38,151,10.4,05:45,84,,,4171.00,28.5,0,
,00:24:39,151,10.4,05:45,84,,,4173.90,28.5,0,
,00:24:40,151,10.4,05:45,84,,,4176.80,28.5,0,
,00:24:41,152,10.4,05:46,84,,,4179.60,28.5,0,
,00:24:42,152,10.4,05:46,84,,,4182.40,28.5,0,
,00:24:43,152,10.4,05:47,84,,,4185.30,28.5,0,
,00:24:44,153,10.3,05:49,84,,,4188.20,28.5,0,
,00:24:45,154,10.1,05:56,83,,,4191.00,28.6,0,
,00:24:46,154,9.9,06:03,83,,,4193.60,28.5,0,
,00:24:47,154,9.7,06:11,83,,,4196.30,28.6,0,
,00:24:48,154,9.6,06:16,83,,,4199.00,28.5,0,
,00:24:49,154,9.5,06:18,83,,,4201.70,28.5,0,
,00:24:50,154,9.8,06:07,82,,,4204.40,28.5,0,
,00:24:51,155,10.1,05:56,82,,,4207.20,28.5,0,
,00:24:52,155,10.3,05:49,83,,,4210.00,28.6,0,
,00:24:53,155,10.5,05:44,83,,,4213.00,28.5,0,
,00:24:54,154,10.5,05:42,83,,,4215.90,28.5,0,
,00:24:55,154,10.6,05:41,83,,,4219.13,28.5,0,
,00:24:56,154,10.6,05:41,83,,,4222.20,28.5,0,
,00:24:57,155,10.6,05:41,83,,,4225.20,28.5,0,
,00:24:58,155,10.6,05:41,83,,,4228.10,28.5,0,
,00:24:59,155,10.6,05:40,83,,,4231.10,28.5,0,
,00:25:00,155,10.6,05:40,83,,,4234.00,28.5,0,
,00:25:01,155,10.6,05:40,83,,,4236.90,28.5,0,
,00:25:02,156,10.6,05:41,83,,,4239.90,28.6,0,
,00:25:03,156,10.6,05:41,83,,,4242.80,28.6,0,
,00:25:04,157,10.6,05:41,83,,,4245.70,28.5,0,
,00:25:05,157,10.6,05:41,83,,,4248.60,28.4,0,
,00:25:06,157,10.6,05:41,83,,,4251.50,28.5,0,
,00:25:07,157,10.5,05:41,83,,,4254.40,28.5,0,
,00:25:08,157,10.5,05:42,83,,,4257.30,28.6,0,
,00:25:09,158,10.5,05:42,83,,,4260.30,28.4,0,
,00:25:10,158,10.6,05:41,83,,,4263.20,28.6,0,
,00:25:11,158,10.6,05:40,83,,,4266.10,28.5,0,
,00:25:12,158,10.6,05:38,83,,,4269.10,28.5,0,
,00:25:13,158,10.7,05:37,83,,,4272.10,28.5,0,
,00:25:14,158,10.7,05:36,83,,,4274.90,28.6,0,
,00:25:15,158,10.7,05:35,83,,,4277.90,28.5,0,
,00:25:16,158,10.7,05:35,83,,,4280.90,28.6,0,
,00:25:17,158,10.7,05:35,83,,,4283.90,28.5,0,
,00:25:18,159,10.7,05:36,83,,,4286.90,28.5,0,
,00:25:19,159,10.7,05:37,83,,,4289.80,28.5,0,
,00:25:20,159,10.7,05:38,83,,,4292.80,28.5,0,
,00:25:21,159,10.6,05:39,83,,,4295.60,28.5,0,
,00:25:22,159,10.6,05:40,83,,,4298.60,28.7,0,
,00:25:23,159,10.6,05:41,83,,,4301.50,28.5,0,
,00:25:24,159,10.6,05:41,83,,,4304.50,28.5,0,
,00:25:25,159,10.5,05:42,83,,,4307.40,28.5,0,
,00:25:26,159,10.5,05:42,83,,,4310.30,28.5,0,
,00:25:27,159,10.5,05:43,83,,,4313.10,28.7,0,
,00:25:28,159,10.5,05:43,83,,,4316.00,28.6,0,
,00:25:29,159,10.5,05:43,83,,,4318.90,28.6,0,
,00:25:30,158,10.5,05:43,83,,,4321.90,28.5,0,
,00:25:31,158,10.5,05:43,83,,,4324.80,28.5,0,
,00:25:32,158,10.5,05:43,83,,,4327.70,28.6,0,
,00:25:33,158,10.5,05:44,83,,,4330.60,28.5,0,
,00:25:34,158,10.5,05:44,83,,,4333.50,28.5,0,
,00:25:35,158,10.5,05:44,83,,,4336.30,28.6,0,
,00:25:36,158,10.5,05:44,83,,,4339.20,28.5,0,
,00:25:37,158,10.5,05:43,83,,,4342.10,28.5,0,
,00:25:38,158,10.5,05:42,83,,,4345.10,28.5,0,
,00:25:39,157,10.6,05:41,83,,,4348.00,28.5,0,
,00:25:40,157,10.6,05:40,83,,,4350.90,28.5,0,
,00:25:41,157,10.5,05:42,83,,,4354.13,28.6,0,
,00:25:42,157,10.4,05:45,83,,,4357.30,28.6,0,
,00:25:43,156,10.4,05:46,83,,,4360.10,28.6,0,
,00:25:44,156,10.4,05:46,83,,,4363.00,28.4,0,
,00:25:45,156,10.4,05:46,83,,,4365.90,28.5,0,
,00:25:46,156,10.4,05:45,83,,,4368.80,28.6,0,
,00:25:47,156,10.5,05:42,83,,,4371.70,28.5,0,
,00:25:48,156,10.6,05:39,83,,,4374.70,28.5,0,
,00:25:49,156,10.7,05:36,83,,,4377.70,28.5,0,
,00:25:50,156,10.7,05:36,83,,,4380.60,28.5,0,
,00:25:51,156,10.7,05:37,83,,,4383.60,28.5,0,
,00:25:52,156,10.7,05:38,83,,,4386.50,28.5,0,
,00:25:53,156,10.6,05:39,83,,,4389.40,28.5,0,
,00:25:54,156,10.6,05:40,83,,,4392.40,28.5,0,
,00:25:55,156,10.5,05:41,82,,,4395.30,28.5,0,
,00:25:56,157,10.5,05:43,82,,,4398.20,28.5,0,
,00:25:57,157,10.5,05:44,82,,,4401.10,28.4,0,
,00:25:58,156,10.4,05:45,82,,,4403.90,28.5,0,
,00:25:59,157,10.4,05:46,82,,,4406.80,28.5,0,
,00:26:00,156,10.4,05:47,82,,,4409.70,28.5,0,
,00:26:01,156,10.4,05:48,83,,,4412.60,28.5,0,
,00:26:02,157,10.3,05:48,82,,,4415.40,28.5,0,
,00:26:03,157,10.3,05:48,82,,,4418.30,28.5,0,
,00:26:04,157,10.3,05:48,82,,,4421.20,28.5,0,
,00:26:05,157,10.3,05:48,83,,,4424.00,28.4,0,
,00:26:06,156,10.4,05:48,83,,,4426.80,28.5,0,
,00:26:07,156,10.4,05:47,83,,,4429.70,28.5,0,
,00:26:08,156,10.4,05:47,83,,,4432.60,28.5,0,
,00:26:09,156,10.4,05:47,83,,,4435.50,28.5,0,
,00:26:10,156,10.4,05:47,82,,,4438.40,28.5,0,
,00:26:11,157,10.4,05:46,83,,,4441.30,28.5,0,
,00:26:12,157,10.4,05:45,82,,,4444.20,28.4,0,
,00:26:13,157,10.5,05:44,82,,,4447.00,28.4,0,
,00:26:14,157,10.5,05:44,82,,,4449.90,28.5,0,
,00:26:15,156,10.5,05:44,82,,,4452.80,28.5,0,
,00:26:16,156,10.5,05:44,82,,,4455.70,28.4,0,
,00:26:17,156,10.5,05:44,82,,,4458.60,28.5,0,
,00:26:18,156,10.4,05:45,83,,,4461.50,28.5,0,
,00:26:19,156,10.4,05:45,83,,,4464.40,28.5,0,
,00:26:20,156,10.4,05:45,82,,,4467.30,28.3,0,
,00:26:21,157,10.4,05:46,83,,,4470.10,28.5,0,
,00:26:22,156,10.4,05:46,82,,,4473.00,28.5,0,
,00:26:23,156,10.4,05:46,82,,,4475.90,28.4,0,
,00:26:24,156,10.4,05:46,82,,,4478.80,28.4,0,
,00:26:25,156,10.4,05:46,82,,,4481.60,28.5,0,
,00:26:26,155,10.4,05:46,82,,,4484.50,28.5,0,
,00:26:27,155,10.4,05:46,83,,,4485.00,28.5,0,
,00:26:28,155,10.4,05:46,82,,,4487.90,28.4,0,
,00:26:29,156,10.4,05:46,83,,,4490.80,28.3,0,
,00:26:30,156,10.4,05:46,83,,,4493.70,28.3,0,
,00:26:31,155,10.4,05:46,83,,,4496.60,28.6,0,
,00:26:32,155,10.4,05:46,83,,,4499.50,28.5,0,
,00:26:33,155,10.4,05:46,83,,,4502.40,28.4,0,
,00:26:34,155,10.4,05:46,83,,,4505.30,28.5,0,
,00:26:35,155,10.4,05:46,83,,,4508.10,28.4,0,
,00:26:36,156,10.4,05:46,83,,,4510.90,28.4,0,
,00:26:37,156,10.4,05:47,82,,,4513.80,28.4,0,
,00:26:38,156,10.3,05:49,82,,,4516.70,28.5,0,
,00:26:39,155,10.3,05:51,82,,,4519.50,28.4,0,
,00:26:40,155,10.2,05:52,82,,,4522.40,28.5,0,
,00:26:41,155,10.3,05:50,82,,,4525.20,28.5,0,
,00:26:42,155,10.3,05:49,82,,,4528.00,28.5,0,
,00:26:43,155,10.4,05:46,82,,,4530.90,28.5,0,
,00:26:44,156,10.4,05:45,82,,,4533.80,28.4,0,
,00:26:45,156,10.3,05:49,83,,,4536.70,28.5,0,
,00:26:46,156,10.2,05:53,83,,,4539.50,28.5,0,
,00:26:47,156,10.2,05:54,83,,,4542.30,28.5,0,
,00:26:48,156,10.2,05:54,83,,,4545.10,28.5,0,
,00:26:49,156,10.2,05:53,82,,,4547.90,28.5,0,
,00:26:50,156,10.2,05:53,82,,,4550.70,28.5,0,
,00:26:51,156,10.2,05:52,82,,,4553.50,28.5,0,
,00:26:52,156,10.2,05:51,83,,,4556.40,28.5,0,
,00:26:53,156,10.3,05:50,83,,,4559.20,28.5,0,
,00:26:54,156,10.3,05:50,83,,,4562.10,28.4,0,
,00:26:55,156,10.3,05:49,83,,,4565.00,28.4,0,
,00:26:56,156,10.3,05:49,82,,,4567.80,28.5,0,
,00:26:57,156,10.3,05:49,82,,,4570.70,28.5,0,
,00:26:58,156,10.3,05:49,83,,,4573.40,28.5,0,
,00:26:59,156,10.3,05:50,82,,,4576.30,28.5,0,
,00:27:00,156,10.3,05:50,83,,,4579.20,28.5,0,
,00:27:01,156,10.3,05:49,83,,,4582.00,28.4,0,
,00:27:02,157,10.3,05:49,83,,,4584.90,28.5,0,
,00:27:03,157,10.3,05:48,83,,,4587.80,28.4,0,
,00:27:04,157,10.3,05:48,82,,,4590.60,28.5,0,
,00:27:05,157,10.3,05:48,82,,,4593.50,28.5,0,
,00:27:06,158,10.3,05:48,82,,,4596.30,28.6,0,
,00:27:07,158,10.3,05:48,82,,,4599.20,28.5,0,
,00:27:08,158,10.3,05:48,82,,,4602.00,28.5,0,
,00:27:09,158,10.3,05:48,82,,,4604.90,28.5,0,
,00:27:10,158,10.4,05:48,82,,,4607.80,28.5,0,
,00:27:11,158,10.4,05:47,82,,,4610.70,28.5,0,
,00:27:12,158,10.4,05:47,83,,,4613.50,28.5,0,
,00:27:13,158,10.4,05:47,82,,,4616.73,28.4,0,
,00:27:14,158,10.4,05:47,83,,,4619.80,28.5,0,
,00:27:15,158,10.4,05:47,83,,,4622.70,28.4,0,
,00:27:16,159,10.4,05:48,82,,,4625.60,28.6,0,
,00:27:17,159,10.3,05:48,82,,,4628.40,28.5,0,
,00:27:18,159,10.3,05:49,82,,,4631.30,28.5,0,
,00:27:19,159,10.3,05:49,82,,,4634.20,28.5,0,
,00:27:20,159,10.3,05:50,82,,,4636.90,28.5,0,
,00:27:21,159,10.3,05:50,82,,,4639.80,28.5,0,
,00:27:22,159,10.3,05:50,82,,,4642.60,28.5,0,
,00:27:23,158,10.3,05:50,82,,,4645.50,28.5,0,
,00:27:24,158,10.3,05:50,82,,,4648.30,28.5,0,
,00:27:25,158,10.3,05:49,82,,,4651.20,28.6,0,
,00:27:26,159,10.4,05:47,82,,,4654.10,28.6,0,
,00:27:27,159,10.4,05:45,82,,,4657.00,28.5,0,
,00:27:28,159,10.4,05:45,82,,,4659.90,28.6,0,
,00:27:29,159,10.4,05:46,82,,,4662.70,28.5,0,
,00:27:30,159,10.3,05:48,82,,,4665.60,28.5,0,
,00:27:31,159,10.3,05:50,82,,,4668.40,28.6,0,
,00:27:32,159,10.2,05:52,82,,,4671.30,28.5,0,
,00:27:33,158,10.2,05:54,82,,,4674.10,28.5,0,
,00:27:34,158,10.1,05:55,82,,,4676.80,28.5,0,
,00:27:35,158,10.1,05:55,82,,,4679.60,28.5,0,
,00:27:36,158,10.1,05:55,82,,,4682.40,28.5,0,
,00:27:37,158,10.2,05:54,82,,,4685.20,28.6,0,
,00:27:38,158,10.2,05:54,82,,,4688.10,28.6,0,
,00:27:39,158,10.2,05:53,82,,,4690.90,28.5,0,
,00:27:40,158,10.2,05:52,82,,,4693.80,28.7,0,
,00:27:41,157,10.3,05:51,83,,,4696.60,28.5,0,
,00:27:42,157,10.3,05:51,82,,,4699.50,28.5,0,
,00:27:43,157,10.3,05:51,82,,,4702.30,28.6,0,
,00:27:44,156,10.3,05:51,82,,,4705.10,28.5,0,
,00:27:45,155,10.3,05:50,82,,,4707.90,28.6,0,
,00:27:46,155,10.3,05:49,82,,,4710.80,28.6,0,
,00:27:47,155,10.3,05:48,81,,,4713.70,28.6,0,
,00:27:48,154,10.4,05:47,80,,,4716.50,28.7,0,
,00:27:49,154,10.4,05:47,81,,,4719.40,28.6,0,
,00:27:50,155,10.4,05:47,81,,,4722.30,28.6,0,
,00:27:51,154,10.4,05:47,81,,,4725.20,28.5,0,
,00:27:52,154,10.4,05:47,81,,,4728.00,28.6,0,
,00:27:53,154,10.4,05:46,81,,,4730.80,28.6,0,
,00:27:54,154,10.4,05:45,81,,,4733.70,28.5,0,
,00:27:55,154,10.5,05:44,81,,,4736.70,28.6,0,
,00:27:56,154,10.5,05:43,81,,,4739.60,28.6,0,
,00:27:57,154,10.5,05:43,81,,,4742.50,28.6,0,
,00:27:58,154,10.5,05:43,81,,,4745.40,28.5,0,
,00:27:59,154,10.5,05:44,81,,,4748.63,28.6,0,
,00:28:00,153,10.4,05:45,81,,,4751.70,28.6,0,
,00:28:01,153,10.4,05:46,81,,,4754.60,28.6,0,
,00:28:02,153,10.4,05:47,82,,,4757.50,28.6,0,
,00:28:03,153,10.3,05:48,82,,,4760.30,28.6,0,
,00:28:04,153,10.3,05:49,82,,,4763.20,28.5,0,
,00:28:05,153,10.3,05:50,82,,,4766.00,28.6,0,
,00:28:06,152,10.3,05:50,82,,,4768.80,28.6,0,
,00:28:07,152,10.3,05:51,82,,,4771.70,28.6,0,
,00:28:08,152,10.2,05:52,81,,,4774.50,28.6,0,
,00:28:09,152,10.2,05:54,82,,,4777.30,28.7,0,
,00:28:10,152,10.1,05:58,82,,,4780.10,28.7,0,
,00:28:11,152,10.0,06:01,82,,,4782.80,28.7,0,
,00:28:12,153,9.9,06:03,82,,,4785.60,28.8,0,
,00:28:13,153,9.9,06:04,82,,,4788.30,28.7,0,
,00:28:14,152,9.9,06:04,82,,,4791.00,28.6,0,
,00:28:15,153,9.9,06:04,82,,,4793.80,28.6,0,
,00:28:16,153,9.9,06:03,82,,,4796.50,28.6,0,
,00:28:17,153,10.0,06:01,82,,,4799.30,28.6,0,
,00:28:18,153,10.0,06:00,82,,,4802.10,28.7,0,
,00:28:19,153,10.0,05:58,82,,,4804.90,28.6,0,
,00:28:20,153,10.1,05:57,82,,,4807.60,28.7,0,
,00:28:21,153,10.1,05:56,82,,,4810.40,28.6,0,
,00:28:22,153,10.2,05:55,82,,,4813.20,28.7,0,
,00:28:23,153,10.2,05:53,82,,,4816.00,28.7,0,
,00:28:24,153,10.2,05:52,82,,,4818.90,28.7,0,
,00:28:25,153,10.3,05:51,82,,,4821.70,28.7,0,
,00:28:26,153,10.3,05:50,82,,,4824.60,28.7,0,
,00:28:27,153,10.3,05:49,82,,,4827.50,28.7,0,
,00:28:28,153,10.3,05:48,82,,,4830.30,28.6,0,
,00:28:29,153,10.4,05:47,82,,,4833.20,28.7,0,
,00:28:30,153,10.4,05:47,82,,,4836.00,28.7,0,
,00:28:31,153,10.4,05:47,82,,,4838.90,28.5,0,
,00:28:32,153,10.4,05:47,82,,,4841.80,28.7,0,
,00:28:33,153,10.4,05:47,82,,,4844.60,28.7,0,
,00:28:34,153,10.4,05:47,82,,,4847.50,28.7,0,
,00:28:35,153,10.4,05:47,82,,,4850.40,28.7,0,
,00:28:36,154,10.4,05:47,82,,,4853.30,28.6,0,
,00:28:37,154,10.4,05:48,82,,,4856.20,28.6,0,
,00:28:38,154,10.3,05:48,82,,,4858.90,28.7,0,
,00:28:39,155,10.3,05:49,82,,,4861.80,28.7,0,
,00:28:40,155,10.3,05:49,82,,,4864.70,28.7,0,
,00:28:41,155,10.3,05:49,82,,,4867.50,28.6,0,
,00:28:42,155,10.3,05:48,83,,,4870.40,28.7,0,
,00:28:43,155,10.3,05:48,83,,,4873.30,28.6,0,
,00:28:44,155,10.4,05:48,82,,,4876.20,28.7,0,
,00:28:45,155,10.4,05:48,83,,,4879.43,28.7,0,
,00:28:46,155,10.4,05:48,82,,,4882.40,28.7,0,
,00:28:47,154,10.3,05:48,82,,,4885.30,28.7,0,
,00:28:48,154,10.3,05:49,82,,,4888.10,28.7,0,
,00:28:49,154,10.3,05:49,82,,,4891.00,28.7,0,
,00:28:50,154,10.3,05:49,82,,,4893.90,28.8,0,
,00:28:51,154,10.3,05:50,82,,,4896.70,28.7,0,
,00:28:52,154,10.3,05:50,82,,,4899.50,28.7,0,
,00:28:53,154,10.3,05:50,82,,,4902.30,28.7,0,
,00:28:54,154,10.3,05:50,82,,,4905.20,28.7,0,
,00:28:55,154,10.3,05:49,82,,,4908.10,28.7,0,
,00:28:56,154,10.3,05:49,83,,,4910.90,28.7,0,
,00:28:57,154,10.3,05:51,82,,,4913.80,28.7,0,
,00:28:58,154,10.2,05:53,82,,,4916.60,28.7,0,
,00:28:59,154,10.1,05:55,83,,,4919.30,28.7,0,
,00:29:00,154,10.1,05:56,81,,,4922.10,28.7,0,
,00:29:01,154,10.1,05:56,82,,,4924.90,28.8,0,
,00:29:02,154,10.1,05:56,82,,,4927.70,28.8,0,
,00:29:03,153,10.2,05:54,82,,,4930.60,28.7,0,
,00:29:04,153,10.2,05:53,82,,,4933.40,28.6,0,
,00:29:05,154,10.2,05:53,82,,,4936.20,28.7,0,
,00:29:06,154,10.2,05:52,82,,,4939.10,28.8,0,
,00:29:07,154,10.3,05:51,83,,,4941.90,28.7,0,
,00:29:08,154,10.3,05:50,82,,,4944.70,28.6,0,
,00:29:09,154,10.3,05:49,83,,,4947.50,28.7,0,
,00:29:10,154,10.3,05:48,79,,,4950.40,28.7,0,
,00:29:11,155,10.4,05:47,78,,,4953.30,28.8,0,
,00:29:12,154,10.4,05:46,81,,,4956.20,28.7,0,
,00:29:13,154,10.4,05:45,81,,,4959.10,28.8,0,
,00:29:14,154,10.4,05:46,82,,,4962.00,28.7,0,
,00:29:15,154,10.4,05:47,83,,,4964.90,28.7,0,
,00:29:16,154,10.3,05:50,83,,,4967.60,28.8,0,
,00:29:17,154,10.2,05:53,82,,,4970.50,28.8,0,
,00:29:18,154,10.1,05:55,82,,,4973.30,28.7,0,
,00:29:19,154,10.1,05:57,82,,,4976.10,28.8,0,
,00:29:20,154,10.1,05:58,82,,,4978.90,28.8,0,
,00:29:21,154,10.1,05:58,82,,,4981.70,28.8,0,
,00:29:22,154,10.1,05:57,82,,,4984.50,28.8,0,
,00:29:23,154,10.1,05:56,82,,,4987.20,28.7,0,
,00:29:24,153,10.1,05:55,82,,,4990.00,28.8,0,
,00:29:25,153,10.2,05:54,82,,,4992.80,28.7,0,
,00:29:26,153,10.2,05:54,82,,,4995.60,28.8,0,
,00:29:27,153,10.2,05:54,82,,,4998.50,28.8,0,
,00:29:28,153,10.2,05:54,82,,,5001.30,28.8,0,
,00:29:29,153,10.2,05:54,82,,,5004.10,28.8,0,
,00:29:30,152,10.2,05:53,82,,,5007.00,28.8,0,
,00:29:31,152,10.2,05:52,82,,,5009.80,28.9,0,
,00:29:32,152,10.2,05:52,82,,,5013.03,28.8,0,
,00:29:33,152,10.2,05:52,82,,,5016.00,28.8,0,
,00:29:34,152,10.2,05:52,82,,,5018.80,28.8,0,
,00:29:35,152,10.2,05:53,82,,,5021.70,28.8,0,
,00:29:36,152,10.2,05:54,82,,,5024.50,28.7,0,
,00:29:37,152,10.2,05:53,82,,,5027.30,28.8,0,
,00:29:38,152,10.3,05:51,83,,,5030.10,28.9,0,
,00:29:39,152,10.4,05:48,82,,,5033.00,28.7,0,
,00:29:40,152,10.4,05:45,83,,,5035.80,28.9,0,
,00:29:41,152,10.5,05:44,83,,,5038.70,28.8,0,
,00:29:42,152,10.5,05:43,83,,,5041.70,28.9,0,
,00:29:43,152,10.5,05:43,82,,,5044.60,28.9,0,
,00:29:44,152,10.5,05:43,82,,,5047.50,29.0,0,
,00:29:45,152,10.5,05:44,83,,,5050.40,28.9,0,
,00:29:46,152,10.4,05:45,82,,,5053.30,28.9,0,
,00:29:47,153,10.4,05:45,82,,,5056.20,28.8,0,
,00:29:48,153,10.4,05:45,82,,,5059.10,28.9,0,
,00:29:49,153,10.4,05:45,82,,,5061.90,28.9,0,
,00:29:50,153,10.4,05:45,82,,,5064.80,28.9,0,
,00:29:51,153,10.4,05:46,82,,,5067.70,28.9,0,
,00:29:52,154,10.4,05:46,82,,,5070.60,28.9,0,
,00:29:53,154,10.4,05:46,82,,,5073.40,28.9,0,
,00:29:54,154,10.4,05:47,82,,,5076.30,28.9,0,
,00:29:55,154,10.4,05:47,82,,,5079.20,28.9,0,
,00:29:56,154,10.3,05:48,82,,,5082.00,28.9,0,
,00:29:57,154,10.3,05:50,82,,,5084.80,28.8,0,
,00:29:58,154,10.3,05:51,82,,,5087.70,28.7,0,
,00:29:59,154,10.2,05:52,82,,,5090.50,28.8,0,
,00:30:00,154,10.2,05:52,82,,,5093.40,28.9,0,
,00:30:01,154,10.2,05:53,82,,,5096.20,28.8,0,
,00:30:02,153,10.2,05:53,82,,,5099.00,28.9,0,
,00:30:03,153,10.2,05:53,82,,,5101.80,28.9,0,
,00:30:04,152,10.2,05:53,82,,,5104.60,28.9,0,
,00:30:05,151,10.2,05:53,82,,,5107.40,28.9,0,
,00:30:06,151,10.2,05:53,82,,,5110.30,28.9,0,
,00:30:07,150,10.2,05:53,82,,,5113.10,28.9,0,
,00:30:08,150,10.2,05:53,82,,,5115.90,28.9,0,
,00:30:09,150,10.2,05:53,81,,,5118.80,28.9,0,
,00:30:10,149,10.2,05:54,81,,,5121.60,28.9,0,
,00:30:11,148,10.1,05:56,79,,,5124.30,28.9,0,
,00:30:12,149,10.1,05:58,78,,,5127.10,28.9,0,
,00:30:13,149,10.0,06:00,81,,,5129.90,28.9,0,
,00:30:14,149,10.0,06:01,81,,,5132.70,28.9,0,
,00:30:15,149,10.0,06:02,81,,,5135.40,28.9,0,
,00:30:16,149,9.9,06:03,81,,,5138.20,28.9,0,
,00:30:17,149,9.9,06:04,81,,,5140.80,28.9,0,
,00:30:18,149,9.9,06:04,81,,,5143.60,28.9,0,
,00:30:19,150,9.9,06:04,81,,,5144.20,28.9,0,
,00:30:20,150,9.9,06:03,81,,,5146.90,28.8,0,
,00:30:21,150,10.0,06:01,81,,,5149.70,28.9,0,
,00:30:22,150,10.0,06:00,81,,,5152.50,29.0,0,
,00:30:23,150,10.1,05:57,81,,,5155.20,28.8,0,
,00:30:24,151,10.2,05:55,81,,,5158.10,28.9,0,
,00:30:25,151,10.3,05:51,82,,,5161.00,28.9,0,
,00:30:26,151,10.4,05:48,82,,,5163.80,28.9,0,
,00:30:27,152,10.4,05:45,82,,,5166.70,28.9,0,
,00:30:28,152,10.5,05:43,81,,,5169.50,28.9,0,
,00:30:29,152,10.5,05:43,80,,,5172.50,28.9,0,
,00:30:30,152,10.4,05:45,80,,,5175.40,28.9,0,
,00:30:31,153,10.3,05:48,80,,,5178.20,28.9,0,
,00:30:32,153,10.3,05:51,81,,,5181.10,28.9,0,
,00:30:33,153,10.2,05:53,81,,,5183.80,29.0,0,
,00:30:34,153,10.1,05:55,81,,,5186.60,29.0,0,
,00:30:35,154,10.1,05:56,81,,,5189.40,28.9,0,
,00:30:36,154,10.1,05:55,81,,,5192.30,28.9,0,
,00:30:37,155,10.2,05:55,81,,,5195.10,28.9,0,
,00:30:38,154,10.2,05:53,81,,,5197.90,28.9,0,
,00:30:39,155,10.2,05:52,81,,,5200.70,28.9,0,
,00:30:40,154,10.3,05:50,81,,,5203.60,28.9,0,
,00:30:41,154,10.3,05:49,81,,,5206.50,28.9,0,
,00:30:42,154,10.3,05:49,81,,,5209.30,28.8,0,
,00:30:43,155,10.3,05:49,81,,,5212.10,29.0,0,
,00:30:44,154,10.3,05:49,81,,,5215.00,28.9,0,
,00:30:45,154,10.3,05:49,81,,,5217.80,28.9,0,
,00:30:46,154,10.3,05:50,81,,,5220.70,28.8,0,
,00:30:47,154,10.3,05:51,80,,,5223.60,28.9,0,
,00:30:48,153,10.2,05:51,80,,,5226.40,28.8,0,
,00:30:49,153,10.2,05:52,80,,,5229.20,29.0,0,
,00:30:50,152,10.2,05:54,80,,,5232.00,28.9,0,
,00:30:51,152,10.2,05:55,80,,,5234.80,29.0,0,
,00:30:52,152,10.1,05:57,81,,,5237.60,28.9,0,
,00:30:53,152,10.0,05:59,81,,,5240.40,29.0,0,
,00:30:54,152,10.0,06:01,81,,,5243.10,29.0,0,
,00:30:55,152,10.0,06:01,81,,,5245.90,28.9,0,
,00:30:56,152,10.1,05:56,81,,,5248.70,28.9,0,
,00:30:57,151,10.2,05:52,81,,,5251.60,28.9,0,
,00:30:58,151,10.3,05:50,81,,,5254.40,29.0,0,
,00:30:59,152,10.4,05:47,81,,,5257.30,29.0,0,
,00:31:00,152,10.5,05:43,81,,,5260.10,28.8,0,
,00:31:01,152,10.6,05:40,81,,,5263.00,28.9,0,
,00:31:02,152,10.6,05:39,80,,,5266.00,28.8,0,
,00:31:03,152,10.6,05:39,80,,,5268.90,28.9,0,
,00:31:04,153,10.6,05:39,80,,,5271.90,28.9,0,
,00:31:05,153,10.6,05:39,81,,,5274.80,28.9,0,
,00:31:06,153,10.6,05:40,81,,,5277.80,28.8,0,
,00:31:07,153,10.6,05:41,81,,,5281.03,29.0,0,
,00:31:08,153,10.5,05:42,81,,,5284.10,28.9,0,
,00:31:09,152,10.5,05:43,81,,,5287.10,28.9,0,
,00:31:10,152,10.4,05:45,81,,,5290.00,29.0,0,
,00:31:11,152,10.4,05:47,81,,,5292.80,28.9,0,
,00:31:12,152,10.3,05:48,82,,,5295.70,28.9,0,
,00:31:13,152,10.3,05:49,82,,,5298.60,29.0,0,
,00:31:14,152,10.3,05:50,82,,,5301.30,29.0,0,
,00:31:15,151,10.3,05:51,82,,,5304.20,29.0,0,
,00:31:16,151,10.2,05:51,82,,,5307.00,28.9,0,
,00:31:17,151,10.2,05:51,82,,,5309.90,28.8,0,
,00:31:18,151,10.2,05:52,82,,,5312.70,28.9,0,
,00:31:19,151,10.2,05:52,82,,,5315.50,28.9,0,
,00:31:20,150,10.2,05:52,82,,,5318.40,28.9,0,
,00:31:21,150,10.2,05:52,82,,,5321.20,28.9,0,
,00:31:22,150,10.2,05:52,82,,,5324.00,28.9,0,
,00:31:23,150,10.2,05:52,82,,,5326.80,28.9,0,
,00:31:24,150,10.2,05:52,82,,,5329.60,28.9,0,
,00:31:25,151,10.2,05:52,82,,,5332.50,28.9,0,
,00:31:26,151,10.2,05:52,82,,,5335.30,29.0,0,
,00:31:27,151,10.2,05:52,82,,,5338.20,29.0,0,
,00:31:28,151,10.2,05:52,82,,,5341.00,28.9,0,
,00:31:29,151,10.2,05:52,82,,,5343.90,28.9,0,
,00:31:30,152,10.2,05:52,82,,,5346.60,29.0,0,
,00:31:31,152,10.2,05:52,82,,,5349.40,29.0,0,
,00:31:32,152,10.2,05:52,82,,,5352.30,29.0,0,
,00:31:33,152,10.2,05:52,82,,,5355.10,28.9,0,
,00:31:34,152,10.3,05:51,82,,,5358.00,28.9,0,
,00:31:35,152,10.3,05:50,82,,,5360.80,29.0,0,
,00:31:36,152,10.3,05:49,80,,,5363.70,28.9,0,
,00:31:37,152,10.3,05:49,81,,,5366.60,28.8,0,
,00:31:38,152,10.3,05:49,81,,,5369.40,28.9,0,
,00:31:39,152,10.3,05:49,81,,,5372.20,28.9,0,
,00:31:40,152,10.3,05:48,81,,,5375.10,29.0,0,
,00:31:41,152,10.3,05:48,81,,,5377.90,28.9,0,
,00:31:42,152,10.3,05:48,81,,,5380.80,28.9,0,
,00:31:43,152,10.3,05:48,81,,,5383.70,28.9,0,
,00:31:44,152,10.3,05:48,81,,,5386.60,28.9,0,
,00:31:45,152,10.4,05:48,81,,,5389.40,29.0,0,
,00:31:46,152,10.4,05:48,80,,,5392.30,28.9,0,
,00:31:47,152,10.4,05:48,81,,,5395.10,29.0,0,
,00:31:48,152,10.4,05:48,81,,,5398.00,28.9,0,
,00:31:49,153,10.4,05:48,80,,,5400.90,28.9,0,
,00:31:50,153,10.4,05:48,80,,,5403.70,28.9,0,
,00:31:51,153,10.4,05:48,80,,,5406.60,28.9,0,
,00:31:52,153,10.4,05:48,80,,,5409.50,28.9,0,
,00:31:53,153,10.4,05:48,81,,,5412.40,29.0,0,
,00:31:54,153,10.3,05:48,81,,,5415.63,28.9,0,
,00:31:55,153,10.3,05:48,81,,,5418.60,29.0,0,
,00:31:56,153,10.3,05:49,81,,,5421.50,29.0,0,
,00:31:57,153,10.3,05:49,81,,,5424.30,28.9,0,
,00:31:58,153,10.3,05:49,81,,,5427.20,28.9,0,
,00:31:59,153,10.3,05:49,81,,,5430.10,28.9,0,
,00:32:00,154,10.3,05:50,81,,,5432.90,28.9,0,
,00:32:01,154,10.3,05:50,81,,,5435.70,28.9,0,
,00:32:02,154,10.3,05:50,80,,,5438.50,28.9,0,
,00:32:03,154,10.3,05:50,81,,,5441.40,28.9,0,
,00:32:04,154,10.3,05:50,81,,,5444.20,29.0,0,
,00:32:05,154,10.3,05:51,81,,,5447.10,28.9,0,
,00:32:06,154,10.3,05:51,81,,,5449.90,29.0,0,
,00:32:07,154,10.3,05:51,81,,,5452.80,28.9,0,
,00:32:08,154,10.3,05:50,81,,,5455.60,29.0,0,
,00:32:09,154,10.3,05:50,81,,,5458.40,28.9,0,
,00:32:10,154,10.3,05:50,81,,,5461.30,28.9,0,
,00:32:11,154,10.3,05:50,81,,,5464.10,28.9,0,
,00:32:12,154,10.3,05:50,81,,,5467.00,29.0,0,
,00:32:13,154,10.3,05:51,81,,,5469.80,29.0,0,
,00:32:14,154,10.2,05:52,81,,,5472.70,28.9,0,
,00:32:15,155,10.2,05:52,81,,,5475.50,29.0,0,
,00:32:16,155,10.2,05:53,81,,,5478.30,28.9,0,
,00:32:17,154,10.2,05:53,81,,,5481.10,28.9,0,
,00:32:18,153,10.1,05:55,81,,,5483.90,29.0,0,
,00:32:19,152,10.1,05:57,81,,,5486.70,28.9,0,
,00:32:20,152,10.1,05:58,81,,,5489.50,28.9,0,
,00:32:21,152,10.0,05:59,81,,,5492.30,28.9,0,
,00:32:22,151,10.0,06:01,81,,,5495.00,28.9,0,
,00:32:23,151,9.9,06:04,81,,,5497.70,28.9,0,
,00:32:24,151,9.9,06:05,81,,,5500.40,28.9,0,
,00:32:25,151,9.9,06:02,81,,,5503.20,28.9,0,
,00:32:26,150,10.1,05:56,81,,,5506.00,28.9,0,
,00:32:27,150,10.2,05:52,81,,,5508.80,28.9,0,
,00:32:28,150,10.3,05:48,81,,,5511.70,28.9,0,
,00:32:29,150,10.4,05:46,81,,,5514.60,29.0,0,
,00:32:30,150,10.4,05:46,81,,,5517.50,29.0,0,
,00:32:31,150,10.4,05:47,81,,,5520.40,28.9,0,
,00:32:32,151,10.3,05:48,81,,,5523.30,28.9,0,
,00:32:33,151,10.3,05:49,81,,,5526.10,28.9,0,
,00:32:34,151,10.2,05:52,81,,,5528.90,28.9,0,
,00:32:35,151,10.1,05:55,81,,,5531.70,28.9,0,
,00:32:36,151,10.1,05:58,80,,,5534.50,28.9,0,
,00:32:37,151,10.0,06:00,81,,,5537.20,29.0,0,
,00:32:38,152,10.0,06:01,80,,,5540.00,28.9,0,
,00:32:39,152,10.0,06:02,80,,,5542.80,28.9,0,
,00:32:40,152,10.0,06:01,80,,,5545.40,28.9,0,
,00:32:41,152,10.0,06:00,80,,,5548.20,28.9,0,
,00:32:42,152,10.0,05:59,81,,,5551.43,28.9,0,
,00:32:43,152,10.1,05:58,81,,,5554.40,28.9,0,
,00:32:44,152,10.1,05:56,81,,,5557.20,28.9,0,
,00:32:45,152,10.2,05:54,80,,,5560.00,29.0,0,
,00:32:46,152,10.2,05:53,80,,,5562.90,28.9,0,
,00:32:47,153,10.2,05:52,80,,,5565.70,28.8,0,
,00:32:48,153,10.2,05:52,80,,,5568.40,28.9,0,
,00:32:49,153,10.2,05:52,80,,,5571.30,28.9,0,
,00:32:50,153,10.2,05:54,81,,,5574.10,28.9,0,
,00:32:51,153,10.1,05:57,81,,,5576.90,28.9,0,
,00:32:52,153,10.0,05:59,81,,,5579.70,28.9,0,
,00:32:53,153,10.1,05:58,81,,,5582.50,28.9,0,
,00:32:54,153,10.1,05:58,81,,,5585.30,28.9,0,
,00:32:55,154,10.1,05:58,80,,,5588.00,29.0,0,
,00:32:56,154,10.1,05:58,81,,,5590.80,28.9,0,
,00:32:57,154,10.1,05:57,81,,,5593.60,28.9,0,
,00:32:58,154,10.1,05:56,81,,,5596.40,28.9,0,
,00:32:59,153,10.2,05:54,81,,,5599.20,28.9,0,
,00:33:00,153,10.2,05:54,81,,,5602.00,28.9,0,
,00:33:01,153,10.2,05:54,81,,,5604.90,29.0,0,
,00:33:02,153,10.2,05:53,81,,,5607.70,28.9,0,
,00:33:03,153,10.2,05:53,81,,,5610.50,28.9,0,
,00:33:04,153,10.2,05:53,81,,,5613.30,29.0,0,
,00:33:05,153,10.2,05:53,81,,,5616.10,28.9,0,
,00:33:06,154,10.2,05:53,81,,,5618.90,28.9,0,
,00:33:07,154,10.2,05:53,81,,,5621.70,28.9,0,
,00:33:08,154,10.2,05:53,81,,,5624.60,28.9,0,
,00:33:09,153,10.2,05:53,81,,,5627.40,28.9,0,
,00:33:10,154,10.2,05:53,82,,,5630.20,28.9,0,
,00:33:11,153,10.3,05:51,83,,,5633.10,28.9,0,
,00:33:12,154,10.4,05:46,83,,,5636.00,28.9,0,
,00:33:13,154,10.6,05:41,83,,,5638.90,28.9,0,
,00:33:14,154,10.7,05:38,82,,,5641.90,28.8,0,
,00:33:15,154,10.7,05:36,82,,,5644.90,29.0,0,
,00:33:16,154,10.7,05:36,82,,,5647.80,29.0,0,
,00:33:17,154,10.7,05:36,81,,,5650.70,28.9,0,
,00:33:18,154,10.7,05:36,81,,,5653.70,28.9,0,
,00:33:19,154,10.7,05:36,80,,,5656.70,28.9,0,
,00:33:20,154,10.7,05:37,80,,,5659.60,28.9,0,
,00:33:21,154,10.6,05:38,80,,,5662.60,28.9,0,
,00:33:22,154,10.6,05:40,80,,,5665.50,29.0,0,
,00:33:23,154,10.6,05:41,81,,,5668.50,28.9,0,
,00:33:24,154,10.5,05:43,81,,,5671.30,28.8,0,
,00:33:25,154,10.4,05:45,81,,,5674.20,28.9,0,
,00:33:26,153,10.4,05:47,81,,,5677.10,28.9,0,
,00:33:27,153,10.3,05:49,81,,,5679.90,29.0,0,
,00:33:28,153,10.3,05:50,81,,,5682.80,28.9,0,
,00:33:29,153,10.2,05:52,81,,,5685.60,28.9,0,
,00:33:30,153,10.2,05:53,81,,,5688.83,28.9,0,
,00:33:31,153,10.2,05:54,81,,,5691.80,28.9,0,
,00:33:32,153,10.2,05:55,81,,,5694.60,29.0,0,
,00:33:33,153,10.1,05:55,81,,,5697.40,28.9,0,
,00:33:34,153,10.1,05:56,81,,,5700.20,28.9,0,
,00:33:35,154,10.1,05:56,81,,,5703.00,28.9,0,
,00:33:36,154,10.1,05:56,81,,,5705.80,28.9,0,
,00:33:37,153,10.1,05:56,80,,,5708.60,28.9,0,
,00:33:38,153,10.1,05:55,80,,,5711.40,28.9,0,
,00:33:39,152,10.2,05:54,80,,,5714.20,28.9,0,
,00:33:40,152,10.2,05:52,80,,,5717.10,29.0,0,
,00:33:41,152,10.3,05:50,80,,,5719.90,28.9,0,
,00:33:42,152,10.3,05:50,80,,,5722.80,29.0,0,
,00:33:43,153,10.3,05:50,80,,,5725.60,28.9,0,
,00:33:44,152,10.2,05:52,80,,,5728.40,28.9,0,
,00:33:45,152,10.1,05:55,80,,,5731.20,28.9,0,
,00:33:46,152,10.0,05:59,80,,,5734.00,29.0,0,
,00:33:47,151,9.9,06:03,80,,,5736.70,29.0,0,
,00:33:48,151,9.8,06:08,80,,,5739.40,29.0,0,
,00:33:49,151,9.7,06:12,80,,,5742.00,28.9,0,
,00:33:50,151,9.6,06:16,80,,,5744.70,28.9,0,
,00:33:51,151,9.5,06:18,80,,,5747.30,28.9,0,
,00:33:52,151,9.5,06:19,80,,,5750.00,28.9,0,
,00:33:53,151,9.5,06:19,81,,,5752.60,28.9,0,
,00:33:54,151,9.5,06:17,80,,,5755.30,28.9,0,
,00:33:55,151,9.6,06:15,80,,,5757.90,28.9,0,
,00:33:56,152,9.7,06:10,80,,,5760.60,29.0,0,
,00:33:57,153,9.9,06:05,80,,,5763.40,28.9,0,
,00:33:58,153,10.0,06:01,80,,,5766.10,29.0,0,
,00:33:59,154,10.0,05:59,80,,,5768.80,28.9,0,
,00:34:00,154,10.0,05:59,80,,,5771.60,29.0,0,
,00:34:01,154,10.0,06:00,80,,,5774.40,28.9,0,
,00:34:02,154,10.0,06:02,80,,,5777.20,28.9,0,
,00:34:03,155,9.9,06:04,81,,,5779.90,28.9,0,
,00:34:04,155,9.8,06:06,81,,,5782.60,28.9,0,
,00:34:05,156,9.8,06:08,81,,,5785.40,29.0,0,
,00:34:06,156,9.7,06:10,81,,,5788.00,29.0,0,
,00:34:07,156,9.7,06:10,81,,,5790.70,28.9,0,
,00:34:08,156,9.7,06:10,81,,,5793.40,28.9,0,
,00:34:09,156,9.7,06:12,81,,,5796.10,29.0,0,
,00:34:10,156,9.7,06:12,81,,,5798.70,29.0,0,
,00:34:11,156,9.9,06:05,81,,,5801.50,28.9,0,
,00:34:12,156,10.2,05:52,81,,,5804.30,29.0,0,
,00:34:13,156,10.8,05:35,80,,,5807.30,29.0,0,
,00:34:14,156,11.0,05:29,80,,,5810.40,29.0,0,
,00:34:15,156,10.7,05:37,80,,,5813.30,28.9,0,
,00:34:16,156,10.4,05:46,80,,,5816.20,28.9,0,
,00:34:17,156,10.4,05:46,80,,,5816.70,29.0,0,
,00:34:18,156,10.2,05:53,80,,,5819.60,28.9,0,
,00:34:19,155,10.0,05:59,80,,,5822.30,28.9,0,
,00:34:20,155,9.8,06:08,80,,,5825.00,28.9,0,
,00:34:21,155,9.3,06:27,81,,,5827.40,28.9,0,
,00:34:22,154,9.1,06:38,81,,,5830.00,28.9,0,
,00:34:23,154,9.3,06:25,80,,,5832.60,28.9,0,
,00:34:24,153,9.8,06:08,80,,,5835.40,29.0,0,
,00:34:25,152,10.1,05:57,81,,,5838.20,29.1,0,
,00:34:26,152,10.3,05:50,80,,,5841.00,29.0,0,
,00:34:27,152,10.3,05:50,80,,,5843.90,28.9,0,
,00:34:28,152,10.1,05:55,81,,,5846.70,28.8,0,
,00:34:29,152,10.1,05:57,81,,,5849.50,28.9,0,
,00:34:30,153,10.1,05:55,81,,,5852.30,29.0,0,
,00:34:31,153,10.3,05:51,81,,,5855.20,28.8,0,
,00:34:32,153,10.4,05:45,81,,,5858.10,28.9,0,
,00:34:33,152,10.6,05:41,81,,,5861.00,28.8,0,
,00:34:34,152,10.6,05:40,80,,,5863.90,28.9,0,
,00:34:35,153,10.5,05:43,80,,,5866.80,28.8,0,
,00:34:36,152,10.4,05:46,80,,,5869.60,28.9,0,
,00:34:37,153,10.4,05:48,80,,,5872.50,29.0,0,
,00:34:38,153,10.3,05:48,80,,,5875.40,28.9,0,
,00:34:39,153,10.2,05:54,80,,,5878.20,28.9,0,
,00:34:40,153,9.9,06:03,80,,,5880.90,28.9,0,
,00:34:41,153,9.7,06:10,81,,,5883.60,28.9,0,
,00:34:42,153,9.5,06:18,80,,,5886.20,29.0,0,
,00:34:43,153,9.4,06:22,80,,,5888.70,28.8,0,
,00:34:44,153,9.5,06:20,81,,,5891.40,28.9,0,
,00:34:45,153,9.6,06:13,80,,,5894.00,28.9,0,
,00:34:46,153,9.8,06:06,80,,,5896.80,28.7,0,
,00:34:47,154,10.0,06:01,81,,,5899.50,28.7,0,
,00:34:48,154,10.1,05:57,81,,,5902.30,28.7,0,
,00:34:49,154,10.2,05:53,81,,,5905.20,28.8,0,
,00:34:50,154,10.4,05:46,81,,,5908.10,28.7,0,
,00:34:51,154,10.5,05:42,81,,,5911.00,28.8,0,
,00:34:52,154,10.5,05:43,81,,,5913.90,28.7,0,
,00:34:53,154,10.4,05:46,81,,,5916.80,28.8,0,
,00:34:54,154,10.2,05:52,81,,,5919.60,28.8,0,
,00:34:55,154,10.1,05:56,81,,,5922.50,28.8,0,
,00:34:56,154,10.1,05:57,81,,,5925.20,28.9,0,
,00:34:57,154,10.1,05:57,81,,,5928.00,28.7,0,
,00:34:58,154,10.0,05:59,81,,,5930.70,28.8,0,
,00:34:59,154,10.0,06:00,81,,,5933.50,28.8,0,
,00:35:00,154,10.0,06:00,81,,,5936.30,28.7,0,
,00:35:01,154,10.0,06:00,81,,,5939.10,28.8,0,
,00:35:02,154,10.0,06:00,81,,,5941.80,28.8,0,
,00:35:03,154,10.0,06:00,81,,,5944.50,28.8,0,
,00:35:04,154,10.0,06:00,81,,,5947.30,28.8,0,
,00:35:05,154,10.0,06:00,81,,,5950.53,28.8,0,
,00:35:06,154,10.0,06:00,81,,,5953.40,28.8,0,
,00:35:07,154,10.0,06:00,81,,,5956.20,28.8,0,
,00:35:08,154,10.0,06:00,81,,,5958.90,28.8,0,
,00:35:09,154,10.0,06:00,81,,,5961.70,28.8,0,
,00:35:10,153,10.0,06:00,81,,,5964.50,28.8,0,
,00:35:11,153,10.0,05:59,81,,,5967.20,28.8,0,
,00:35:12,152,10.1,05:57,81,,,5970.00,28.7,0,
,00:35:13,152,10.1,05:56,81,,,5972.90,28.8,0,
,00:35:14,152,10.2,05:54,81,,,5975.70,28.8,0,
,00:35:15,152,10.2,05:54,81,,,5978.50,28.7,0,
,00:35:16,152,10.1,05:56,81,,,5981.30,28.7,0,
,00:35:17,153,10.1,05:56,81,,,5984.10,28.7,0,
,00:35:18,152,10.1,05:57,81,,,5986.80,28.7,0,
,00:35:19,152,10.2,05:53,81,,,5989.70,28.8,0,
,00:35:20,152,10.3,05:51,81,,,5992.50,28.9,0,
,00:35:21,151,9.9,06:03,81,,,5995.30,28.8,0,
,00:35:22,151,9.6,06:13,81,,,5997.80,28.7,0,
,00:35:23,151,9.8,06:08,81,,,6000.70,28.7,0,
,00:35:24,151,10.0,05:59,80,,,6003.40,28.7,0,
,00:35:25,151,10.2,05:54,80,,,6006.30,28.7,0,
,00:35:26,151,10.3,05:51,80,,,6009.10,28.8,0,
,00:35:27,151,10.3,05:49,80,,,6012.00,28.7,0,
,00:35:28,150,10.3,05:49,80,,,6014.70,28.9,0,
,00:35:29,151,10.3,05:50,80,,,6017.60,28.7,0,
,00:35:30,151,10.3,05:50,80,,,6020.50,28.7,0,
,00:35:31,151,10.2,05:53,81,,,6023.30,28.6,0,
,00:35:32,152,10.1,05:55,81,,,6026.10,28.8,0,
,00:35:33,151,10.1,05:56,81,,,6028.90,28.7,0,
,00:35:34,151,10.1,05:57,81,,,6031.60,28.8,0,
,00:35:35,151,10.1,05:58,80,,,6034.40,28.8,0,
,00:35:36,152,10.1,05:58,80,,,6037.20,28.7,0,
,00:35:37,151,10.1,05:57,80,,,6040.00,28.8,0,
,00:35:38,152,10.1,05:56,80,,,6042.80,28.8,0,
,00:35:39,152,10.1,05:56,80,,,6045.60,28.7,0,
,00:35:40,152,10.1,05:55,81,,,6048.40,28.7,0,
,00:35:41,151,10.1,05:55,81,,,6051.30,28.7,0,
,00:35:42,151,10.1,05:56,81,,,6054.10,28.8,0,
,00:35:43,151,10.1,05:57,81,,,6056.80,28.8,0,
,00:35:44,151,10.1,05:57,81,,,6059.60,28.7,0,
,00:35:45,151,10.1,05:58,81,,,6062.40,28.7,0,
,00:35:46,151,10.1,05:58,81,,,6065.20,28.6,0,
,00:35:47,151,10.1,05:58,81,,,6067.90,28.7,0,
,00:35:48,151,10.1,05:57,81,,,6070.70,28.6,0,
,00:35:49,151,10.1,05:57,81,,,6073.50,28.7,0,
,00:35:50,151,10.1,05:56,81,,,6076.40,28.7,0,
,00:35:51,152,10.1,05:55,81,,,6079.10,28.7,0,
,00:35:52,152,10.1,05:55,81,,,6082.33,28.7,0,
,00:35:53,152,10.2,05:54,81,,,6085.30,28.7,0,
,00:35:54,151,10.2,05:53,81,,,6088.10,28.7,0,
,00:35:55,151,10.2,05:52,81,,,6091.00,28.7,0,
,00:35:56,151,10.2,05:52,81,,,6093.80,28.6,0,
,00:35:57,150,10.2,05:52,81,,,6096.70,28.8,0,
,00:35:58,150,10.3,05:51,81,,,6099.40,28.8,0,
,00:35:59,150,10.3,05:51,81,,,6102.30,28.8,0,
,00:36:00,150,10.3,05:50,81,,,6105.10,28.7,0,
,00:36:01,150,10.3,05:49,81,,,6108.00,28.7,0,
,00:36:02,150,10.3,05:48,81,,,6110.90,28.7,0,
,00:36:03,150,10.4,05:47,81,,,6113.80,28.8,0,
,00:36:04,150,10.4,05:47,81,,,6116.60,28.7,0,
,00:36:05,150,10.4,05:47,81,,,6119.50,28.7,0,
,00:36:06,151,10.3,05:48,81,,,6122.40,28.7,0,
,00:36:07,151,10.3,05:49,81,,,6125.20,28.7,0,
,00:36:08,151,10.3,05:50,81,,,6128.00,28.7,0,
,00:36:09,152,10.3,05:51,81,,,6130.90,28.8,0,
,00:36:10,152,10.2,05:52,81,,,6133.70,28.7,0,
,00:36:11,152,10.2,05:52,81,,,6136.50,28.7,0,
,00:36:12,152,10.2,05:53,81,,,6139.40,28.7,0,
,00:36:13,152,10.2,05:54,81,,,6142.20,28.7,0,
,00:36:14,152,10.2,05:54,81,,,6144.90,28.7,0,
,00:36:15,152,10.2,05:54,81,,,6147.80,28.7,0,
,00:36:16,153,10.2,05:54,81,,,6150.60,28.7,0,
,00:36:17,153,10.2,05:54,81,,,6153.40,28.7,0,
,00:36:18,153,10.2,05:54,81,,,6156.20,28.7,0,
,00:36:19,153,10.1,05:56,81,,,6159.00,28.7,0,
,00:36:20,154,10.0,05:59,81,,,6161.80,28.7,0,
,00:36:21,154,10.0,06:00,81,,,6164.50,28.7,0,
,00:36:22,154,10.1,05:56,81,,,6167.30,28.7,0,
,00:36:23,155,10.2,05:53,81,,,6170.10,28.7,0,
,00:36:24,155,10.2,05:52,81,,,6173.00,28.7,0,
,00:36:25,156,10.2,05:52,81,,,6175.80,28.7,0,
,00:36:26,156,10.2,05:53,81,,,6178.70,28.9,0,
,00:36:27,156,10.2,05:53,81,,,6181.50,28.7,0,
,00:36:28,156,10.2,05:54,81,,,6184.30,28.7,0,
,00:36:29,156,10.2,05:53,81,,,6187.10,28.9,0,
,00:36:30,157,10.2,05:52,81,,,6190.00,28.7,0,
,00:36:31,157,10.3,05:51,81,,,6192.70,28.8,0,
,00:36:32,157,10.3,05:50,81,,,6195.60,28.7,0,
,00:36:33,158,10.3,05:49,81,,,6198.40,28.7,0,
,00:36:34,158,10.3,05:49,81,,,6201.30,28.7,0,
,00:36:35,158,10.3,05:48,81,,,6204.20,28.7,0,
,00:36:36,158,10.4,05:47,81,,,6207.10,28.7,0,
,00:36:37,157,10.4,05:47,81,,,6210.00,28.7,0,
,00:36:38,157,10.4,05:46,81,,,6212.80,28.7,0,
,00:36:39,157,10.4,05:47,81,,,6216.03,28.7,0,
,00:36:40,157,10.2,05:52,81,,,6219.10,28.7,0,
,00:36:41,157,10.1,05:57,81,,,6221.90,28.7,0,
,00:36:42,157,10.0,06:00,81,,,6224.50,28.8,0,
,00:36:43,157,10.0,06:02,81,,,6227.30,28.7,0,
,00:36:44,157,10.0,06:02,81,,,6230.10,28.8,0,
,00:36:45,157,10.0,06:01,81,,,6232.80,28.7,0,
,00:36:46,157,10.0,05:59,81,,,6235.60,28.7,0,
,00:36:47,157,10.1,05:56,81,,,6238.40,28.7,0,
,00:36:48,157,10.2,05:52,80,,,6241.30,28.7,0,
,00:36:49,157,10.3,05:51,80,,,6244.10,28.7,0,
,00:36:50,157,10.3,05:51,80,,,6247.00,28.7,0,
,00:36:51,156,10.2,05:51,81,,,6249.80,28.7,0,
,00:36:52,156,10.2,05:51,81,,,6252.70,28.7,0,
,00:36:53,156,10.2,05:51,81,,,6255.50,28.7,0,
,00:36:54,155,10.2,05:51,81,,,6258.30,28.7,0,
,00:36:55,155,10.3,05:51,81,,,6261.10,28.7,0,
,00:36:56,155,10.3,05:50,81,,,6264.00,28.7,0,
,00:36:57,155,10.3,05:50,81,,,6266.80,28.6,0,
,00:36:58,154,10.3,05:50,80,,,6269.70,28.7,0,
,00:36:59,154,10.3,05:49,80,,,6272.60,28.7,0,
,00:37:00,154,10.3,05:49,80,,,6275.40,28.7,0,
,00:37:01,154,10.3,05:50,80,,,6278.30,28.7,0,
,00:37:02,154,10.3,05:51,81,,,6281.00,28.7,0,
,00:37:03,154,10.2,05:52,81,,,6283.90,28.7,0,
,00:37:04,154,10.2,05:52,81,,,6286.70,28.8,0,
,00:37:05,154,10.2,05:53,81,,,6289.50,28.8,0,
,00:37:06,154,10.2,05:53,81,,,6292.40,28.8,0,
,00:37:07,154,10.2,05:53,81,,,6295.20,28.8,0,
,00:37:08,154,10.2,05:52,81,,,6298.10,28.7,0,
,00:37:09,154,10.3,05:51,81,,,6300.90,28.8,0,
,00:37:10,154,10.3,05:50,81,,,6303.80,28.8,0,
,00:37:11,153,10.3,05:49,81,,,6306.50,28.8,0,
,00:37:12,153,10.3,05:49,81,,,6309.40,28.7,0,
,00:37:13,153,10.3,05:49,81,,,6312.30,28.7,0,
,00:37:14,152,10.3,05:49,81,,,6315.10,28.8,0,
,00:37:15,152,10.3,05:49,80,,,6318.00,28.8,0,
,00:37:16,152,10.3,05:49,80,,,6320.90,28.7,0,
,00:37:17,151,10.4,05:47,80,,,6323.80,28.9,0,
,00:37:18,151,10.4,05:46,80,,,6326.60,28.8,0,
,00:37:19,151,10.4,05:46,80,,,6329.40,28.8,0,
,00:37:20,151,10.3,05:48,81,,,6332.30,28.9,0,
,00:37:21,150,10.3,05:50,81,,,6335.20,28.7,0,
,00:37:22,150,10.2,05:52,81,,,6338.00,28.9,0,
,00:37:23,150,10.2,05:54,80,,,6340.80,28.9,0,
,00:37:24,150,10.1,05:56,80,,,6343.60,28.9,0,
,00:37:25,151,10.1,05:58,80,,,6346.30,28.8,0,
,00:37:26,151,10.0,05:58,81,,,6349.53,28.8,0,
,00:37:27,150,10.0,05:58,81,,,6352.50,28.9,0,
,00:37:28,150,10.1,05:58,81,,,6355.30,28.8,0,
,00:37:29,150,10.1,05:57,81,,,6358.10,28.7,0,
,00:37:30,150,10.1,05:55,81,,,6360.90,28.8,0,
,00:37:31,150,10.2,05:54,81,,,6363.70,28.7,0,
,00:37:32,150,10.2,05:54,81,,,6366.50,28.8,0,
,00:37:33,150,10.2,05:53,81,,,6369.30,28.7,0,
,00:37:34,150,10.2,05:53,81,,,6372.10,28.9,0,
,00:37:35,150,10.2,05:53,81,,,6375.00,28.9,0,
,00:37:36,151,10.2,05:53,81,,,6377.80,28.8,0,
,00:37:37,152,10.2,05:53,81,,,6380.60,28.8,0,
,00:37:38,152,10.2,05:53,81,,,6383.50,28.7,0,
,00:37:39,152,10.2,05:53,81,,,6386.30,28.8,0,
,00:37:40,152,10.2,05:53,81,,,6389.00,28.9,0,
,00:37:41,153,10.2,05:53,81,,,6391.90,28.8,0,
,00:37:42,153,10.2,05:53,81,,,6394.70,28.8,0,
,00:37:43,154,10.2,05:53,81,,,6397.50,28.8,0,
,00:37:44,154,10.2,05:53,81,,,6400.40,28.9,0,
,00:37:45,154,10.2,05:52,81,,,6403.20,28.8,0,
,00:37:46,155,10.3,05:50,81,,,6406.10,28.9,0,
,00:37:47,155,10.4,05:48,81,,,6409.00,28.9,0,
,00:37:48,156,10.5,05:43,87,,,6411.90,28.9,0,
,00:37:49,156,10.7,05:36,87,,,6414.80,28.8,0,
,00:37:50,157,10.9,05:29,87,,,6417.90,29.0,0,
,00:37:51,157,11.0,05:28,87,,,6420.90,28.9,0,
,00:37:52,157,10.9,05:31,90,,,6424.00,28.9,0,
,00:37:53,157,10.8,05:34,92,,,6426.80,28.8,0,
,00:37:54,158,10.7,05:37,84,,,6429.80,28.7,0,
,00:37:55,158,10.6,05:40,82,,,6432.80,28.8,0,
,00:37:56,158,10.3,05:48,82,,,6435.60,28.7,0,
,00:37:57,158,10.1,05:56,82,,,6438.30,28.7,0,
,00:37:58,158,10.0,06:01,82,,,6441.10,28.8,0,
,00:37:59,158,9.9,06:02,82,,,6443.90,28.9,0,
,00:38:00,159,10.0,06:02,82,,,6446.60,28.8,0,
,00:38:01,158,10.0,06:00,82,,,6449.40,28.8,0,
,00:38:02,158,10.0,05:59,81,,,6452.20,28.8,0,
,00:38:03,158,10.1,05:58,80,,,6455.00,28.8,0,
,00:38:04,158,10.1,05:57,80,,,6457.70,28.8,0,
,00:38:05,158,10.1,05:57,80,,,6460.50,28.8,0,
,00:38:06,158,10.1,05:57,80,,,6463.30,28.7,0,
,00:38:07,158,10.1,05:57,80,,,6466.10,28.7,0,
,00:38:08,158,10.1,05:57,81,,,6468.90,28.8,0,
,00:38:09,158,10.1,05:58,81,,,6471.70,28.7,0,
,00:38:10,158,10.0,05:59,81,,,6474.50,28.7,0,
,00:38:11,158,10.0,06:01,81,,,6477.20,28.8,0,
,00:38:12,157,10.0,06:01,81,,,6479.90,28.8,0,
,00:38:13,157,10.0,06:01,81,,,6480.50,28.9,0,
,00:38:14,157,10.0,06:01,81,,,6483.30,28.8,0,
,00:38:15,156,10.0,06:00,81,,,6486.10,28.8,0,
,00:38:16,156,10.0,05:59,80,,,6488.90,28.9,0,
,00:38:17,156,10.0,05:59,81,,,6491.50,28.7,0,
,00:38:18,155,10.0,05:58,81,,,6494.30,28.8,0,
,00:38:19,155,10.1,05:58,80,,,6497.10,28.7,0,
,00:38:20,155,10.1,05:57,81,,,6499.90,28.7,0,
,00:38:21,155,10.1,05:57,80,,,6502.70,28.8,0,
,00:38:22,155,10.1,05:57,80,,,6505.50,28.9,0,
,00:38:23,155,10.1,05:57,81,,,6508.30,28.8,0,
,00:38:24,155,10.1,05:57,80,,,6511.10,28.8,0,
,00:38:25,155,10.1,05:57,80,,,6513.90,28.8,0,
,00:38:26,156,10.1,05:57,81,,,6516.60,28.9,0,
,00:38:27,156,10.1,05:58,81,,,6519.40,28.8,0,
,00:38:28,155,10.1,05:58,81,,,6522.20,28.9,0,
,00:38:29,155,10.1,05:57,81,,,6525.00,28.8,0,
,00:38:30,155,10.1,05:57,80,,,6527.80,28.8,0,
,00:38:31,155,10.1,05:56,81,,,6530.60,28.8,0,
,00:38:32,155,10.1,05:55,81,,,6533.50,28.8,0,
,00:38:33,155,10.1,05:55,81,,,6536.30,28.7,0,
,00:38:34,155,10.1,05:55,81,,,6539.10,28.8,0,
,00:38:35,155,10.1,05:55,81,,,6541.80,28.9,0,
,00:38:36,155,10.1,05:55,81,,,6544.60,28.8,0,
,00:38:37,155,10.1,05:55,81,,,6547.40,28.8,0,
,00:38:38,156,10.1,05:57,81,,,6550.20,28.8,0,
,00:38:39,156,10.0,06:01,81,,,6553.00,28.8,0,
,00:38:40,156,9.9,06:05,81,,,6555.70,28.7,0,
,00:38:41,156,9.7,06:10,81,,,6558.30,28.8,0,
,00:38:42,156,9.8,06:06,81,,,6561.10,28.8,0,
,00:38:43,156,9.9,06:02,81,,,6563.80,28.9,0,
,00:38:44,156,10.1,05:58,81,,,6566.60,28.9,0,
,00:38:45,156,10.1,05:56,81,,,6569.40,28.8,0,
,00:38:46,155,10.1,05:55,81,,,6572.30,28.7,0,
,00:38:47,155,10.1,05:55,81,,,6575.10,28.8,0,
,00:38:48,156,10.1,05:55,81,,,6577.90,28.7,0,
,00:38:49,155,10.1,05:55,81,,,6580.70,28.8,0,
,00:38:50,155,10.1,05:55,81,,,6583.50,28.8,0,
,00:38:51,155,10.1,05:55,81,,,6586.30,28.7,0,
,00:38:52,155,10.2,05:54,81,,,6589.10,28.8,0,
,00:38:53,156,10.2,05:54,81,,,6591.90,28.7,0,
,00:38:54,156,10.2,05:54,81,,,6594.70,28.7,0,
,00:38:55,156,10.2,05:53,81,,,6597.60,28.8,0,
,00:38:56,156,10.2,05:52,81,,,6600.40,28.9,0,
,00:38:57,156,10.2,05:52,81,,,6603.20,28.8,0,
,00:38:58,156,10.2,05:51,81,,,6606.10,28.9,0,
,00:38:59,156,10.3,05:51,81,,,6608.90,28.9,0,
,00:39:00,156,10.3,05:50,81,,,6612.13,28.7,0,
,00:39:01,156,10.3,05:50,81,,,6615.20,28.9,0,
,00:39:02,156,10.3,05:49,80,,,6618.00,28.8,0,
,00:39:03,156,10.3,05:49,81,,,6620.90,28.9,0,
,00:39:04,156,10.3,05:50,81,,,6623.70,28.9,0,
,00:39:05,156,10.3,05:50,81,,,6626.60,28.8,0,
,00:39:06,156,10.3,05:51,81,,,6629.40,28.7,0,
,00:39:07,156,10.3,05:51,81,,,6632.20,28.7,0,
,00:39:08,156,10.3,05:51,81,,,6635.00,28.8,0,
,00:39:09,156,10.3,05:51,81,,,6637.90,28.8,0,
,00:39:10,156,10.2,05:52,81,,,6640.70,28.9,0,
,00:39:11,156,10.2,05:52,81,,,6643.60,28.9,0,
,00:39:12,156,10.2,05:52,81,,,6646.40,28.9,0,
,00:39:13,156,10.2,05:54,81,,,6649.20,28.8,0,
,00:39:14,156,10.1,05:55,81,,,6651.90,28.9,0,
,00:39:15,156,10.1,05:58,81,,,6654.70,28.9,0,
,00:39:16,156,10.0,06:00,81,,,6657.50,28.8,0,
,00:39:17,156,10.0,06:01,81,,,6660.30,28.9,0,
,00:39:18,156,10.0,06:01,79,,,6663.10,28.9,0,
,00:39:19,156,10.0,05:59,79,,,6665.80,28.9,0,
,00:39:20,156,10.0,06:00,79,,,6668.50,28.9,0,
,00:39:21,156,9.9,06:03,79,,,6671.30,28.9,0,
,00:39:22,156,9.9,06:05,79,,,6674.00,28.8,0,
,00:39:23,156,9.8,06:08,80,,,6676.70,28.8,0,
,00:39:24,155,9.6,06:16,81,,,6679.40,28.9,0,
,00:39:25,155,9.4,06:24,81,,,6681.90,28.9,0,
,00:39:26,155,9.2,06:30,81,,,6684.50,28.9,0,
,00:39:27,154,9.2,06:31,81,,,6687.00,28.9,0,
,00:39:28,154,9.3,06:26,80,,,6689.60,28.8,0,
,00:39:29,154,9.5,06:18,81,,,6692.30,28.9,0,
,00:39:30,154,9.7,06:12,81,,,6694.90,28.9,0,
,00:39:31,154,9.8,06:06,81,,,6697.70,28.9,0,
,00:39:32,154,10.0,06:02,81,,,6700.40,28.7,0,
,00:39:33,154,10.0,05:58,81,,,6703.20,28.9,0,
,00:39:34,154,10.1,05:55,81,,,6706.00,28.9,0,
,00:39:35,153,10.2,05:53,80,,,6708.90,28.9,0,
,00:39:36,154,10.2,05:51,81,,,6711.70,28.9,0,
,00:39:37,153,10.3,05:50,81,,,6714.60,28.9,0,
,00:39:38,154,10.3,05:48,81,,,6717.50,28.9,0,
,00:39:39,154,10.4,05:47,81,,,6720.30,28.9,0,
,00:39:40,154,10.4,05:46,81,,,6723.10,28.9,0,
,00:39:41,154,10.4,05:46,81,,,6726.00,28.8,0,
,00:39:42,155,10.4,05:47,81,,,6728.90,29.0,0,
,00:39:43,155,10.3,05:49,81,,,6731.80,28.8,0,
,00:39:44,155,10.2,05:52,81,,,6734.60,28.9,0,
,00:39:45,155,10.1,05:55,81,,,6737.40,28.9,0,
,00:39:46,155,10.1,05:56,81,,,6740.10,28.9,0,
,00:39:47,155,10.1,05:57,81,,,6743.33,29.0,0,
,00:39:48,155,10.1,05:58,81,,,6746.30,28.9,0,
,00:39:49,155,10.1,05:58,81,,,6749.10,28.9,0,
,00:39:50,155,10.1,05:56,81,,,6751.90,28.8,0,
,00:39:51,155,10.1,05:55,81,,,6754.70,28.9,0,
,00:39:52,155,10.2,05:53,81,,,6757.50,29.0,0,
,00:39:53,155,10.2,05:51,80,,,6760.30,28.9,0,
,00:39:54,155,10.3,05:50,81,,,6763.20,28.9,0,
,00:39:55,156,10.3,05:49,80,,,6766.00,28.9,0,
,00:39:56,156,10.3,05:48,80,,,6768.90,28.9,0,
,00:39:57,156,10.4,05:47,81,,,6771.80,28.9,0,
,00:39:58,156,10.4,05:47,81,,,6774.70,28.8,0,
,00:39:59,156,10.4,05:47,81,,,6777.60,28.8,0,
,00:40:00,156,10.4,05:47,81,,,6780.40,28.9,0,
,00:40:01,156,10.4,05:48,80,,,6783.30,28.9,0,
,00:40:02,156,10.3,05:48,80,,,6786.20,28.9,0,
,00:40:03,156,10.3,05:49,80,,,6789.00,28.9,0,
,00:40:04,156,10.3,05:49,80,,,6791.80,28.8,0,
,00:40:05,156,10.3,05:50,80,,,6794.70,28.9,0,
,00:40:06,156,10.2,05:52,80,,,6797.50,28.9,0,
,00:40:07,156,10.2,05:54,80,,,6800.30,28.9,0,
,00:40:08,156,10.1,05:56,80,,,6803.20,28.9,0,
,00:40:09,156,10.0,05:59,80,,,6805.80,28.8,0,
,00:40:10,156,9.9,06:03,80,,,6808.60,28.8,0,
,00:40:11,156,9.8,06:06,80,,,6811.30,28.9,0,
,00:40:12,156,9.7,06:10,80,,,6814.00,28.9,0,
,00:40:13,156,9.6,06:13,80,,,6816.60,28.8,0,
,00:40:14,156,9.6,06:16,80,,,6819.30,28.9,0,
,00:40:15,156,9.5,06:19,80,,,6821.90,28.9,0,
,00:40:16,156,9.5,06:20,80,,,6824.50,28.9,0,
,00:40:17,155,9.4,06:21,80,,,6827.20,28.9,0,
,00:40:18,156,9.4,06:21,80,,,6829.80,29.0,0,
,00:40:19,155,9.4,06:22,80,,,6832.40,28.9,0,
,00:40:20,156,9.4,06:22,80,,,6834.90,29.0,0,
,00:40:21,156,9.4,06:22,80,,,6837.50,28.9,0,
,00:40:22,156,9.4,06:23,80,,,6840.10,28.8,0,
,00:40:23,157,9.4,06:23,81,,,6842.80,28.9,0,
,00:40:24,157,9.4,06:23,81,,,6845.40,28.9,0,
,00:40:25,157,9.4,06:22,81,,,6848.00,29.0,0,
,00:40:26,157,9.5,06:19,81,,,6850.60,28.9,0,
,00:40:27,157,9.6,06:14,81,,,6853.30,28.9,0,
,00:40:28,157,9.7,06:10,81,,,6856.00,28.9,0,
,00:40:29,156,9.9,06:05,80,,,6858.70,28.9,0,
,00:40:30,156,10.0,06:00,80,,,6861.50,28.9,0,
,00:40:31,156,10.1,05:56,80,,,6864.30,28.9,0,
,00:40:32,156,10.2,05:53,80,,,6867.20,29.0,0,
,00:40:33,156,10.2,05:51,81,,,6870.00,28.9,0,
,00:40:34,156,10.3,05:50,81,,,6873.23,28.9,0,
,00:40:35,155,10.3,05:49,81,,,6876.20,28.9,0,
,00:40:36,155,10.3,05:48,81,,,6879.10,28.9,0,
,00:40:37,154,10.4,05:47,81,,,6882.00,28.9,0,
,00:40:38,154,10.4,05:47,81,,,6884.90,28.9,0,
,00:40:39,154,10.4,05:47,81,,,6887.70,28.9,0,
,00:40:40,154,10.4,05:48,81,,,6890.60,28.9,0,
,00:40:41,154,10.3,05:50,81,,,6893.40,29.0,0,
,00:40:42,153,10.2,05:54,81,,,6896.20,28.9,0,
,00:40:43,154,10.0,06:00,81,,,6899.00,28.9,0,
,00:40:44,154,9.8,06:06,81,,,6901.60,28.9,0,
,00:40:45,154,9.7,06:11,81,,,6904.30,28.9,0,
,00:40:46,154,9.8,06:07,81,,,6907.00,29.0,0,
,00:40:47,154,9.9,06:02,81,,,6909.80,28.9,0,
,00:40:48,154,10.1,05:57,82,,,6912.60,28.9,0,
,00:40:49,154,10.4,05:46,87,,,6915.60,28.9,0,
,00:40:50,155,10.9,05:30,88,,,6918.60,28.9,0,
,00:40:51,155,11.4,05:16,88,,,6921.83,29.0,0,
,00:40:52,155,11.6,05:09,83,,,6925.07,28.9,0,
,00:40:53,155,11.6,05:10,82,,,6928.30,28.9,0,
,00:40:54,155,11.6,05:11,82,,,6931.50,29.0,0,
,00:40:55,155,11.5,05:13,82,,,6934.70,28.9,0,
,00:40:56,155,11.4,05:17,82,,,6937.80,28.9,0,
,00:40:57,155,11.2,05:20,82,,,6940.90,28.9,0,
,00:40:58,155,11.1,05:24,82,,,6943.90,28.9,0,
,00:40:59,155,11.0,05:29,82,,,6947.00,28.9,0,
,00:41:00,155,10.8,05:33,82,,,6950.00,28.9,0,
,00:41:01,155,10.7,05:37,82,,,6952.80,28.9,0,
,00:41:02,155,10.6,05:41,82,,,6955.80,28.8,0,
,00:41:03,156,10.5,05:44,82,,,6958.70,28.9,0,
,00:41:04,156,10.4,05:47,82,,,6961.60,29.0,0,
,00:41:05,156,10.3,05:49,82,,,6964.40,28.9,0,
,00:41:06,156,10.3,05:50,82,,,6967.20,28.9,0,
,00:41:07,156,10.3,05:51,82,,,6970.00,28.9,0,
,00:41:08,156,10.3,05:51,82,,,6972.90,28.9,0,
,00:41:09,156,10.3,05:50,82,,,6975.80,29.0,0,
,00:41:10,156,10.3,05:50,82,,,6978.60,28.8,0,
,00:41:11,156,10.3,05:50,83,,,6981.50,28.8,0,
,00:41:12,155,10.3,05:50,83,,,6984.30,29.0,0,
,00:41:13,155,10.3,05:49,83,,,6987.20,28.9,0,
,00:41:14,156,10.4,05:47,82,,,6990.10,29.0,0,
,00:41:15,156,10.3,05:48,82,,,6992.90,29.0,0,
,00:41:16,156,10.2,05:52,82,,,6995.70,29.0,0,
,00:41:17,156,10.1,05:56,82,,,6998.50,28.9,0,
,00:41:18,156,10.2,05:52,82,,,7001.30,28.9,0,
,00:41:19,156,10.4,05:46,82,,,7004.20,28.9,0,
,00:41:20,156,10.5,05:43,82,,,7007.10,28.9,0,
,00:41:21,156,10.5,05:43,82,,,7010.10,29.0,0,
,00:41:22,156,10.4,05:45,82,,,7013.33,28.9,0,
,00:41:23,156,10.5,05:43,82,,,7016.40,28.9,0,
,00:41:24,156,10.5,05:41,82,,,7019.30,28.9,0,
,00:41:25,156,10.4,05:46,82,,,7022.20,29.0,0,
,00:41:26,156,10.2,05:53,82,,,7025.00,29.0,0,
,00:41:27,156,10.1,05:56,82,,,7027.70,28.9,0,
,00:41:28,156,10.2,05:52,82,,,7030.60,28.9,0,
,00:41:29,155,10.3,05:50,82,,,7033.40,28.9,0,
,00:41:30,156,10.4,05:45,82,,,7036.30,29.0,0,
,00:41:31,155,10.4,05:45,82,,,7039.20,28.9,0,
,00:41:32,155,10.4,05:45,82,,,7042.10,29.0,0,
,00:41:33,155,10.4,05:45,83,,,7045.00,28.9,0,
,00:41:34,155,10.4,05:45,82,,,7047.90,28.9,0,
,00:41:35,155,10.4,05:45,82,,,7047.90,29.0,0,
,00:41:36,155,10.4,05:45,82,,,7047.90,28.8,0,
,00:41:37,155,10.4,05:45,82,,,7047.90,28.8,0,
,00:41:38,155,10.4,05:45,82,,,7047.90,28.8,0,
,00:41:39,154,10.4,05:45,82,,,7047.90,28.9,0,
,00:41:40,154,10.8,05:32,83,,,7051.13,29.0,0,
,00:41:41,154,10.7,05:37,82,,,7054.37,28.9,0,
,00:41:42,154,10.6,05:41,82,,,7057.60,28.9,0,
,00:41:43,153,10.5,05:44,83,,,7060.84,28.9,0,
,00:41:44,153,10.4,05:47,83,,,7064.07,28.9,0,
,00:41:45,153,10.3,05:48,82,,,7067.31,28.9,0,
,00:41:46,153,10.3,05:49,83,,,7070.54,29.0,0,
,00:41:47,153,10.3,05:50,83,,,7073.78,28.9,0,
,00:41:48,153,10.3,05:49,82,,,7077.01,28.9,0,
,00:41:49,153,10.4,05:48,83,,,7080.25,28.9,0,
,00:41:50,153,10.4,05:46,82,,,7083.48,29.0,0,
,00:41:51,153,10.4,05:45,82,,,7086.72,28.9,0,
,00:41:52,153,10.5,05:43,83,,,7089.95,28.9,0,
,00:41:53,153,10.5,05:42,82,,,7093.19,28.9,0,
,00:41:54,153,10.5,05:41,82,,,7096.42,28.9,0,
,00:41:55,153,10.5,05:41,82,,,7099.66,29.0,0,
,00:41:56,153,10.4,05:45,82,,,7102.89,28.9,0,
,00:41:57,153,10.3,05:48,83,,,7106.12,28.9,0,
,00:41:58,154,10.3,05:50,82,,,7109.36,29.0,0,
,00:41:59,154,10.3,05:51,83,,,7112.59,29.0,0,
,00:42:00,155,10.2,05:51,83,,,7115.83,29.0,0,
,00:42:01,155,10.2,05:51,83,,,7119.06,28.9,0,
,00:42:02,154,10.3,05:51,82,,,7122.30,28.9,0,
,00:42:03,154,10.3,05:50,82,,,7125.53,28.9,0,
,00:42:04,155,10.3,05:49,82,,,7128.77,28.9,0,
,00:42:05,155,10.3,05:49,82,,,7132.00,29.0,0,
,00:42:06,155,10.3,05:48,82,,,7135.24,28.9,0,
,00:42:07,155,10.4,05:48,82,,,7138.47,29.0,0,
,00:42:08,155,10.4,05:47,82,,,7141.71,28.9,0,
,00:42:09,155,10.4,05:47,82,,,7144.94,29.0,0,
,00:42:10,155,10.4,05:47,82,,,7148.18,29.0,0,
,00:42:11,155,10.4,05:47,82,,,7151.41,29.0,0,
,00:42:12,155,10.4,05:47,82,,,7154.65,28.9,0,
,00:42:13,155,10.4,05:47,82,,,7157.88,29.1,0,
,00:42:14,156,10.4,05:48,82,,,7161.11,29.0,0,
,00:42:15,156,10.3,05:48,82,,,7164.35,29.0,0,
,00:42:16,156,10.3,05:49,82,,,7167.58,28.9,0,
,00:42:17,155,10.3,05:49,82,,,7170.82,29.0,0,
,00:42:18,155,10.3,05:49,82,,,7174.05,29.0,0,
,00:42:19,155,10.3,05:49,82,,,7177.29,29.0,0,
,00:42:20,155,10.3,05:49,82,,,7180.30,28.9,0,
,00:42:21,155,10.3,05:49,82,,,7183.20,28.9,0,
,00:42:22,155,10.3,05:49,82,,,7186.10,28.9,0,
,00:42:23,155,10.3,05:49,83,,,7188.90,29.0,0,
,00:42:24,155,10.3,05:49,82,,,7191.80,28.9,0,
,00:42:25,155,10.3,05:49,83,,,7194.50,29.0,0,
,00:42:26,155,10.3,05:48,83,,,7197.40,29.0,0,
,00:42:27,154,10.4,05:46,83,,,7200.30,29.0,0,
,00:42:28,154,10.4,05:47,82,,,7203.20,28.8,0,
,00:42:29,154,10.3,05:51,82,,,7206.00,28.9,0,
,00:42:30,154,10.1,05:55,82,,,7208.80,29.0,0,
,00:42:31,154,10.1,05:57,82,,,7211.50,29.0,0,
,00:42:32,153,10.2,05:53,82,,,7214.40,29.0,0,
,00:42:33,153,10.3,05:49,82,,,7217.20,29.0,0,
,00:42:34,153,10.4,05:46,83,,,7220.10,29.0,0,
,00:42:35,152,10.5,05:44,83,,,7223.00,29.0,0,
,00:42:36,152,10.5,05:41,83,,,7226.00,28.9,0,
,00:42:37,152,10.6,05:38,83,,,7228.90,29.0,0,
,00:42:38,152,10.5,05:42,82,,,7231.90,29.0,0,
,00:42:39,152,10.4,05:47,82,,,7234.70,29.0,0,
,00:42:40,152,10.3,05:50,82,,,7237.50,28.9,0,
,00:42:41,152,10.3,05:49,82,,,7240.40,29.0,0,
,00:42:42,152,10.3,05:48,82,,,7243.20,28.9,0,
,00:42:43,152,10.4,05:47,82,,,7246.10,29.0,0,
,00:42:44,152,10.4,05:47,82,,,7249.00,28.9,0,
,00:42:45,152,10.3,05:48,82,,,7251.90,28.9,0,
,00:42:46,152,10.3,05:49,82,,,7254.70,29.0,0,
,00:42:47,152,10.3,05:50,82,,,7257.60,29.0,0,
,00:42:48,152,10.3,05:50,82,,,7260.30,28.9,0,
,00:42:49,152,10.3,05:50,82,,,7263.20,28.9,0,
,00:42:50,152,10.2,05:53,82,,,7266.00,29.0,0,
,00:42:51,152,9.8,06:08,82,,,7268.70,28.9,0,
,00:42:52,152,9.3,06:27,82,,,7271.20,29.0,0,
,00:42:53,152,9.1,06:36,82,,,7273.80,29.0,0,
,00:42:54,152,9.2,06:33,82,,,7276.30,29.0,0,
,00:42:55,152,9.5,06:18,82,,,7279.40,29.0,0,
,00:42:56,151,9.9,06:04,82,,,7282.30,28.9,0,
,00:42:57,151,10.2,05:55,82,,,7285.10,29.0,0,
,00:42:58,152,10.3,05:48,82,,,7288.00,28.9,0,
,00:42:59,152,10.5,05:44,82,,,7290.90,29.0,0,
,00:43:00,151,10.5,05:42,82,,,7293.80,28.9,0,
,00:43:01,151,10.5,05:42,82,,,7296.70,29.0,0,
,00:43:02,151,10.5,05:44,82,,,7299.60,29.0,0,
,00:43:03,151,10.5,05:44,82,,,7302.40,28.9,0,
,00:43:04,151,10.5,05:44,82,,,7305.40,29.0,0,
,00:43:05,151,10.5,05:44,82,,,7308.30,29.0,0,
,00:43:06,151,10.5,05:44,82,,,7311.20,29.0,0,
,00:43:07,151,10.4,05:45,82,,,7314.10,28.9,0,
,00:43:08,151,10.4,05:46,81,,,7317.00,29.0,0,
,00:43:09,152,10.3,05:48,80,,,7319.80,29.1,0,
,00:43:10,152,10.3,05:49,82,,,7322.60,29.1,0,
,00:43:11,152,10.3,05:49,82,,,7325.40,29.0,0,
,00:43:12,152,10.3,05:50,82,,,7328.30,29.0,0,
,00:43:13,152,10.3,05:50,83,,,7331.20,29.0,0,
,00:43:14,152,10.3,05:51,82,,,7334.00,29.0,0,
,00:43:15,152,10.2,05:52,82,,,7336.90,29.0,0,
,00:43:16,152,10.2,05:53,82,,,7339.70,29.0,0,
,00:43:17,152,10.2,05:53,82,,,7342.40,29.1,0,
,00:43:18,152,10.2,05:53,82,,,7345.20,29.0,0,
,00:43:19,152,10.2,05:53,82,,,7348.10,29.0,0,
,00:43:20,152,10.2,05:53,82,,,7350.90,29.0,0,
,00:43:21,151,10.2,05:52,82,,,7353.80,29.0,0,
,00:43:22,151,10.3,05:51,82,,,7356.60,29.1,0,
,00:43:23,150,10.3,05:50,82,,,7359.50,29.0,0,
,00:43:24,150,10.3,05:50,82,,,7362.30,29.0,0,
,00:43:25,150,10.3,05:50,82,,,7365.20,29.0,0,
,00:43:26,150,10.3,05:50,82,,,7367.90,29.0,0,
,00:43:27,150,10.3,05:49,82,,,7370.80,29.0,0,
,00:43:28,150,10.3,05:49,82,,,7373.70,29.0,0,
,00:43:29,150,10.3,05:49,82,,,7376.50,29.0,0,
,00:43:30,150,10.4,05:48,82,,,7379.40,29.0,0,
,00:43:31,150,10.4,05:47,82,,,7382.30,29.0,0,
,00:43:32,150,10.4,05:47,82,,,7385.20,29.0,0,
,00:43:33,150,10.4,05:45,82,,,7388.10,28.9,0,
,00:43:34,150,10.5,05:42,82,,,7391.00,29.0,0,
,00:43:35,150,10.6,05:41,82,,,7393.90,29.0,0,
,00:43:36,150,10.6,05:41,82,,,7396.80,29.1,0,
,00:43:37,150,10.5,05:44,82,,,7399.70,29.1,0,
,00:43:38,150,10.4,05:47,82,,,7402.50,29.0,0,
,00:43:39,149,10.1,05:55,82,,,7405.40,29.1,0,
,00:43:40,149,9.7,06:10,82,,,7408.00,29.0,0,
,00:43:41,148,9.5,06:17,82,,,7410.60,29.1,0,
,00:43:42,149,9.7,06:11,82,,,7413.80,29.0,0,
,00:43:43,149,10.0,06:01,82,,,7416.70,29.0,0,
,00:43:44,149,10.1,05:56,82,,,7419.50,29.0,0,
,00:43:45,149,10.2,05:52,82,,,7422.30,29.1,0,
,00:43:46,149,10.3,05:51,82,,,7425.20,29.0,0,
,00:43:47,149,10.3,05:51,82,,,7428.00,28.9,0,
,00:43:48,149,10.2,05:51,82,,,7430.80,29.0,0,
,00:43:49,149,10.2,05:52,82,,,7433.60,29.0,0,
,00:43:50,149,10.2,05:54,82,,,7436.40,29.1,0,
,00:43:51,150,10.1,05:55,82,,,7439.30,29.1,0,
,00:43:52,150,10.1,05:56,82,,,7442.10,29.0,0,
,00:43:53,150,10.1,05:55,82,,,7444.90,29.1,0,
,00:43:54,150,10.1,05:57,82,,,7447.70,29.0,0,
,00:43:55,151,10.0,06:01,82,,,7450.40,29.1,0,
,00:43:56,151,9.9,06:04,82,,,7453.10,29.1,0,
,00:43:57,151,9.9,06:05,81,,,7455.90,29.0,0,
,00:43:58,152,10.0,05:58,80,,,7458.60,29.0,0,
,00:43:59,152,10.2,05:53,81,,,7461.50,29.0,0,
,00:44:00,152,10.3,05:51,81,,,7464.30,29.1,0,
,00:44:01,152,10.3,05:50,81,,,7467.20,29.0,0,
,00:44:02,152,10.3,05:51,81,,,7470.00,29.0,0,
,00:44:03,152,10.2,05:52,81,,,7472.90,29.0,0,
,00:44:04,153,10.2,05:53,81,,,7475.60,29.1,0,
,00:44:05,153,10.2,05:54,81,,,7478.40,29.0,0,
,00:44:06,154,10.2,05:54,81,,,7481.30,29.1,0,
,00:44:07,154,10.2,05:55,81,,,7484.10,29.0,0,
,00:44:08,154,10.1,05:55,81,,,7486.90,29.1,0,
,00:44:09,154,10.1,05:56,81,,,7489.70,29.2,0,
,00:44:10,154,10.1,05:56,81,,,7492.50,29.1,0,
,00:44:11,154,10.1,05:56,81,,,7495.20,29.1,0,
,00:44:12,155,10.1,05:56,81,,,7498.00,29.0,0,
,00:44:13,155,10.1,05:55,81,,,7500.80,29.1,0,
,00:44:14,155,10.2,05:54,81,,,7503.70,29.0,0,
,00:44:15,156,10.2,05:53,81,,,7506.50,29.1,0,
,00:44:16,156,10.2,05:52,81,,,7509.40,29.0,0,
,00:44:17,156,10.3,05:51,81,,,7512.20,29.1,0,
,00:44:18,156,10.3,05:50,81,,,7515.10,29.1,0,
,00:44:19,156,10.3,05:50,81,,,7517.90,29.1,0,
,00:44:20,156,10.3,05:50,81,,,7520.80,29.2,0,
,00:44:21,156,10.3,05:50,81,,,7523.50,29.1,0,
,00:44:22,156,10.3,05:51,81,,,7526.40,29.0,0,
,00:44:23,157,10.3,05:51,81,,,7529.20,29.0,0,
,00:44:24,157,10.3,05:51,81,,,7532.10,29.1,0,
,00:44:25,157,10.3,05:51,81,,,7534.90,29.0,0,
,00:44:26,157,10.3,05:50,80,,,7537.80,29.0,0,
,00:44:27,157,10.3,05:49,81,,,7540.60,29.2,0,
,00:44:28,157,10.3,05:49,81,,,7543.50,29.2,0,
,00:44:29,157,10.3,05:49,81,,,7546.73,29.0,0,
,00:44:30,158,10.3,05:49,81,,,7549.70,29.1,0,
,00:44:31,157,10.3,05:49,81,,,7552.60,29.0,0,
,00:44:32,157,10.3,05:49,81,,,7555.50,29.2,0,
,00:44:33,157,10.3,05:49,81,,,7558.30,29.2,0,
,00:44:34,157,10.3,05:50,81,,,7561.20,29.1,0,
,00:44:35,157,10.3,05:50,81,,,7564.00,29.1,0,
,00:44:36,157,10.3,05:50,81,,,7566.80,29.0,0,
,00:44:37,157,10.3,05:50,81,,,7569.60,29.1,0,
,00:44:38,157,10.3,05:50,80,,,7572.50,29.2,0,
,00:44:39,157,10.3,05:50,82,,,7575.40,29.0,0,
,00:44:40,157,10.3,05:50,81,,,7578.20,29.1,0,
,00:44:41,157,10.3,05:48,81,,,7581.10,29.1,0,
,00:44:42,157,10.4,05:47,81,,,7584.00,29.1,0,
,00:44:43,157,10.4,05:47,80,,,7586.90,29.2,0,
,00:44:44,157,10.3,05:49,81,,,7589.70,29.2,0,
,00:44:45,157,10.2,05:52,81,,,7592.50,29.1,0,
,00:44:46,157,10.2,05:54,81,,,7595.30,29.1,0,
,00:44:47,157,10.2,05:54,81,,,7598.10,29.1,0,
,00:44:48,157,10.1,05:56,81,,,7600.90,29.2,0,
,00:44:49,156,10.1,05:56,81,,,7603.70,29.1,0,
,00:44:50,156,10.1,05:55,81,,,7606.50,29.0,0,
,00:44:51,156,10.2,05:54,81,,,7609.30,29.1,0,
,00:44:52,156,10.2,05:54,81,,,7612.10,29.2,0,
,00:44:53,155,10.2,05:54,81,,,7614.90,29.1,0,
,00:44:54,155,10.2,05:54,81,,,7617.70,29.1,0,
,00:44:55,155,10.2,05:54,81,,,7620.60,29.1,0,
,00:44:56,155,10.2,05:53,81,,,7623.40,29.1,0,
,00:44:57,156,10.2,05:52,81,,,7626.20,29.1,0,
,00:44:58,156,10.3,05:51,81,,,7629.10,29.1,0,
,00:44:59,156,10.3,05:49,81,,,7631.90,29.0,0,
,00:45:00,155,10.4,05:48,79,,,7634.80,29.2,0,
,00:45:01,155,10.4,05:47,79,,,7637.60,29.1,0,
,00:45:02,155,10.4,05:47,79,,,7640.50,29.2,0,
,00:45:03,155,10.4,05:47,79,,,7643.40,29.2,0,
,00:45:04,155,10.3,05:49,80,,,7646.20,29.2,0,
,00:45:05,155,10.2,05:51,81,,,7649.10,29.1,0,
,00:45:06,155,10.2,05:54,81,,,7651.90,29.2,0,
,00:45:07,155,10.1,05:56,81,,,7654.70,29.2,0,
,00:45:08,155,10.0,05:59,81,,,7657.40,29.1,0,
,00:45:09,155,10.0,06:01,81,,,7660.20,29.2,0,
,00:45:10,155,9.9,06:02,81,,,7662.90,29.2,0,
,00:45:11,155,9.9,06:02,81,,,7665.70,29.1,0,
,00:45:12,156,10.0,06:00,81,,,7668.50,29.1,0,
,00:45:13,156,10.0,05:58,81,,,7671.30,29.1,0,
,00:45:14,155,10.1,05:56,81,,,7674.10,29.2,0,
,00:45:15,155,10.2,05:55,81,,,7676.90,29.2,0,
,00:45:16,155,10.2,05:53,81,,,7679.70,29.1,0,
,00:45:17,155,10.2,05:52,81,,,7682.93,29.1,0,
,00:45:18,155,10.3,05:51,81,,,7685.90,29.2,0,
,00:45:19,155,10.3,05:51,81,,,7688.80,29.3,0,
,00:45:20,155,10.3,05:51,81,,,7691.60,29.4,0,
,00:45:21,155,10.3,05:51,81,,,7694.50,29.1,0,
,00:45:22,156,10.3,05:51,81,,,7697.30,29.1,0,
,00:45:23,156,10.2,05:51,81,,,7700.20,29.2,0,
,00:45:24,156,10.2,05:52,81,,,7702.90,29.2,0,
,00:45:25,156,10.2,05:53,81,,,7705.70,29.2,0,
,00:45:26,155,10.2,05:53,81,,,7708.60,29.2,0,
,00:45:27,155,10.2,05:53,81,,,7711.40,29.2,0,
,00:45:28,154,10.2,05:52,81,,,7714.30,29.2,0,
,00:45:29,155,10.3,05:51,81,,,7717.10,29.1,0,
,00:45:30,156,10.3,05:50,80,,,7720.00,29.1,0,
,00:45:31,156,10.3,05:49,81,,,7722.80,29.2,0,
,00:45:32,156,10.3,05:49,81,,,7725.70,29.2,0,
,00:45:33,156,10.3,05:49,81,,,7728.40,29.1,0,
,00:45:34,156,10.3,05:50,81,,,7731.30,29.2,0,
,00:45:35,156,10.3,05:50,81,,,7734.20,29.1,0,
,00:45:36,155,10.3,05:51,81,,,7737.00,29.2,0,
,00:45:37,155,10.2,05:52,81,,,7739.90,29.1,0,
,00:45:38,155,10.2,05:52,81,,,7742.70,29.2,0,
,00:45:39,155,10.2,05:52,81,,,7745.60,29.2,0,
,00:45:40,155,10.2,05:52,81,,,7748.40,29.3,0,
,00:45:41,155,10.2,05:52,81,,,7751.30,29.3,0,
,00:45:42,155,10.2,05:52,81,,,7751.30,29.2,0,
,00:45:43,155,10.2,05:52,81,,,7751.30,29.2,0,
,00:45:44,155,10.2,05:52,81,,,7751.30,29.2,0,
,00:45:45,155,10.2,05:52,81,,,7751.30,29.2,0,
,00:45:46,155,10.2,05:52,81,,,7751.30,29.3,0,
,00:45:47,154,10.0,05:58,81,,,7754.53,29.2,0,
,00:45:48,154,10.1,05:56,81,,,7757.77,29.2,0,
,00:45:49,154,10.0,06:00,81,,,7761.00,29.2,0,
,00:45:50,154,9.9,06:05,81,,,7764.24,29.2,0,
,00:45:51,155,9.9,06:04,81,,,7767.47,29.2,0,
,00:45:52,155,9.9,06:04,81,,,7770.71,29.2,0,
,00:45:53,155,9.6,06:14,81,,,7773.94,29.2,0,
,00:45:54,155,9.1,06:36,81,,,7777.18,29.2,0,
,00:45:55,155,8.4,07:07,79,,,7780.41,29.2,0,
,00:45:56,154,8.0,07:31,77,,,7783.65,29.2,0,
,00:45:57,154,7.8,07:39,78,,,7786.88,29.1,0,
,00:45:58,154,8.0,07:31,79,,,7790.12,29.2,0,
,00:45:59,155,8.3,07:16,79,,,7793.35,29.2,0,
,00:46:00,154,8.6,06:58,79,,,7796.59,29.2,0,
,00:46:01,154,8.8,06:47,80,,,7799.82,29.2,0,
,00:46:02,155,9.0,06:40,80,,,7803.06,29.3,0,
,00:46:03,155,9.1,06:35,81,,,7806.29,29.2,0,
,00:46:04,155,9.3,06:29,81,,,7808.90,29.2,0,
,00:46:05,155,9.3,06:29,80,,,7809.40,29.3,0,
,00:46:06,155,9.5,06:20,80,,,7812.00,29.2,0,
,00:46:07,155,9.7,06:10,81,,,7814.70,29.2,0,
,00:46:08,155,10.0,06:01,80,,,7817.50,29.2,0,
,00:46:09,155,10.1,05:56,81,,,7820.40,29.1,0,
,00:46:10,155,10.2,05:51,81,,,7823.30,29.1,0,
,00:46:11,155,10.3,05:48,81,,,7826.10,29.1,0,
,00:46:12,156,10.4,05:45,81,,,7829.00,29.1,0,
,00:46:13,156,10.5,05:43,81,,,7832.00,29.2,0,
,00:46:14,156,10.5,05:41,81,,,7834.90,29.1,0,
,00:46:15,156,10.6,05:41,81,,,7837.70,29.2,0,
,00:46:16,156,10.6,05:41,81,,,7840.60,29.2,0,
,00:46:17,156,10.5,05:41,81,,,7843.60,29.1,0,
,00:46:18,156,10.5,05:42,81,,,7846.50,29.2,0,
,00:46:19,156,10.5,05:43,81,,,7849.40,29.2,0,
,00:46:20,156,10.5,05:43,81,,,7852.30,29.2,0,
,00:46:21,157,10.5,05:44,81,,,7855.20,29.2,0,
,00:46:22,157,10.4,05:45,81,,,7858.00,29.1,0,
,00:46:23,157,10.4,05:46,81,,,7860.90,29.3,0,
,00:46:24,157,10.4,05:46,81,,,7863.80,29.2,0,
,00:46:25,157,10.4,05:47,81,,,7866.70,29.3,0,
,00:46:26,157,10.3,05:48,81,,,7869.60,29.2,0,
,00:46:27,157,10.3,05:49,81,,,7872.40,29.2,0,
,00:46:28,158,10.3,05:50,80,,,7875.30,29.2,0,
,00:46:29,157,10.3,05:50,81,,,7878.00,29.2,0,
,00:46:30,157,10.3,05:50,81,,,7880.90,29.3,0,
,00:46:31,157,10.3,05:51,81,,,7883.80,29.2,0,
,00:46:32,156,10.3,05:51,81,,,7886.60,29.3,0,
,00:46:33,156,10.3,05:51,81,,,7889.40,29.2,0,
,00:46:34,156,10.2,05:52,81,,,7892.30,29.3,0,
,00:46:35,156,10.2,05:52,82,,,7895.10,29.2,0,
,00:46:36,155,10.2,05:52,82,,,7897.90,29.3,0,
,00:46:37,155,10.2,05:52,82,,,7900.70,29.2,0,
,00:46:38,156,10.2,05:53,82,,,7903.50,29.2,0,
,00:46:39,156,10.2,05:53,82,,,7906.40,29.3,0,
,00:46:40,157,10.2,05:53,82,,,7909.20,29.2,0,
,00:46:41,157,10.2,05:55,82,,,7912.00,29.3,0,
,00:46:42,156,10.1,05:57,82,,,7914.80,29.2,0,
,00:46:43,156,10.1,05:58,82,,,7917.60,29.2,0,
,00:46:44,155,10.1,05:55,82,,,7920.30,29.4,0,
,00:46:45,155,10.2,05:53,82,,,7923.20,29.2,0,
,00:46:46,155,10.2,05:52,82,,,7926.00,29.2,0,
,00:46:47,155,10.2,05:52,82,,,7928.90,29.2,0,
,00:46:48,155,10.2,05:52,82,,,7931.70,29.2,0,
,00:46:49,155,10.2,05:53,82,,,7934.50,29.3,0,
,00:46:50,155,10.2,05:54,82,,,7937.30,29.2,0,
,00:46:51,155,10.2,05:55,82,,,7940.20,29.2,0,
,00:46:52,154,10.2,05:55,82,,,7943.00,29.2,0,
,00:46:53,155,10.2,05:54,82,,,7945.70,29.2,0,
,00:46:54,155,10.2,05:53,82,,,7948.93,29.2,0,
,00:46:55,155,10.2,05:53,82,,,7952.00,29.2,0,
,00:46:56,155,10.2,05:53,82,,,7954.80,29.3,0,
,00:46:57,155,10.2,05:53,80,,,7957.60,29.3,0,
,00:46:58,155,10.2,05:53,80,,,7960.50,29.2,0,
