Name,Sport,Date,Start time,Duration,Total distance (km),Average heart rate (bpm),Average speed (km/h),Max speed (km/h),Average pace (min/km),Max pace (min/km),Calories,Fat percentage of calories(%),Carbohydrate percentage of calories(%),Protein percentage of calories(%),Average cadence (rpm),Average stride length (cm),Running index,Training load,Ascent (m),Descent (m),Average power (W),Max power (W),Notes,Height (cm),Weight (kg),HR max,HR sit,VO2max
Александр Мартынов,RUNNING,2026-06-09,11:10:09,00:46:52,8.01,144,10.3,12.1,05:51,04:56,677,37,62,1,82,,,,,,,,,182.0,76.0,192,55,63
Sample rate,Time,HR (bpm),Speed (km/h),Pace (min/km),Cadence,Altitude (m),Stride length (m),Distances (m),Temperatures (C),Power (W)
1,00:00:00,96,0.0,00:00,0,,,0.00,30.1,0
,00:00:01,96,0.0,00:00,0,,,0.00,30.1,0
,00:00:02,96,0.0,00:00,0,,,0.00,29.9,0
,00:00:03,95,0.0,00:00,0,,,0.00,30.0,0
,00:00:04,94,0.0,00:00,0,,,0.00,30.0,0
,00:00:05,93,0.0,00:00,0,,,0.00,30.0,0
,00:00:06,93,0.1,985:13,0,,,0.00,29.9,0
,00:00:07,93,0.3,224:13,0,,,0.00,30.1,0
,00:00:08,93,0.6,101:31,0,,,0.00,30.0,0
,00:00:09,93,0.0,00:00,0,,,0.00,30.0,0
,00:00:10,94,0.0,00:00,0,,,0.00,30.1,0
,00:00:11,95,1.0,61:26,0,,,0.00,29.9,0
,00:00:12,96,1.4,41:55,0,,,0.40,30.2,0
,00:00:13,96,1.9,30:51,0,,,0.90,30.1,0
,00:00:14,96,2.5,24:26,0,,,1.40,29.9,0
,00:00:15,94,0.0,00:00,0,,,2.20,30.0,0
,00:00:16,93,0.0,00:00,0,,,2.20,30.1,0
,00:00:17,92,0.0,00:00,0,,,2.20,30.1,0
,00:00:18,92,2.9,20:37,0,,,2.20,30.1,0
,00:00:19,92,3.3,18:00,0,,,3.10,30.0,0
,00:00:20,93,3.8,16:00,0,,,4.00,29.9,0
,00:00:21,93,0.0,00:00,0,,,5.20,30.1,0
,00:00:22,94,0.0,00:00,0,,,5.20,30.1,0
,00:00:23,95,0.0,00:00,0,,,5.20,30.2,0
,00:00:24,95,0.0,00:00,0,,,5.20,29.9,0
,00:00:25,95,0.0,00:00,0,,,5.20,30.0,0
,00:00:26,95,0.0,00:00,0,,,5.20,30.1,0
,00:00:27,95,0.0,00:00,0,,,5.20,30.0,0
,00:00:28,95,0.0,00:00,0,,,5.20,30.1,0
,00:00:29,95,0.0,00:00,0,,,5.20,30.0,0
,00:00:30,95,0.0,00:00,0,,,5.20,30.0,0
,00:00:31,95,0.0,00:00,0,,,5.20,30.1,0
,00:00:32,95,0.0,00:00,0,,,5.20,30.1,0
,00:00:33,95,0.0,00:00,0,,,5.20,30.0,0
,00:00:34,95,0.0,00:00,0,,,5.20,30.1,0
,00:00:35,95,4.1,14:38,0,,,5.20,30.0,0
,00:00:36,95,4.3,13:50,0,,,6.40,29.9,0
,00:00:37,94,4.5,13:21,0,,,7.70,29.9,0
,00:00:38,95,4.6,12:59,0,,,9.00,29.9,0
,00:00:39,95,4.8,12:36,0,,,10.20,29.9,0
,00:00:40,95,4.9,12:13,0,,,11.60,29.9,0
,00:00:41,96,5.1,11:52,0,,,13.00,30.0,0
,00:00:42,97,5.2,11:32,0,,,14.40,29.9,0
,00:00:43,98,5.4,11:08,43,,,15.90,29.9,0
,00:00:44,99,5.6,10:42,43,,,17.40,29.9,0
,00:00:45,100,5.9,10:15,47,,,18.90,30.0,0
,00:00:46,101,6.4,09:20,47,,,20.70,29.9,0
,00:00:47,102,6.8,08:53,58,,,22.50,29.8,0
,00:00:48,103,7.1,08:29,75,,,24.40,29.9,0
,00:00:49,104,7.4,08:05,77,,,26.40,29.9,0
,00:00:50,106,7.7,07:45,78,,,28.60,29.9,0
,00:00:51,107,7.9,07:34,80,,,30.70,29.9,0
,00:00:52,108,8.1,07:24,80,,,33.00,29.9,0
,00:00:53,109,8.3,07:12,80,,,35.30,29.9,0
,00:00:54,111,8.5,07:03,80,,,37.60,29.9,0
,00:00:55,112,8.7,06:53,80,,,39.90,29.9,0
,00:00:56,112,9.0,06:40,80,,,42.40,29.9,0
,00:00:57,113,9.3,06:27,80,,,45.00,29.9,0
,00:00:58,114,9.6,06:16,80,,,47.50,29.8,0
,00:00:59,116,9.8,06:07,80,,,50.20,29.9,0
,00:01:00,116,10.0,06:00,80,,,53.00,29.8,0
,00:01:01,117,10.1,05:56,80,,,55.80,29.8,0
,00:01:02,117,10.1,05:58,80,,,58.60,29.8,0
,00:01:03,118,10.0,06:01,80,,,61.40,29.8,0
,00:01:04,118,10.0,06:01,80,,,64.10,29.8,0
,00:01:05,119,9.9,06:03,82,,,66.80,29.9,0
,00:01:06,120,10.1,05:55,83,,,70.20,29.8,0
,00:01:07,121,10.4,05:47,83,,,73.00,29.8,0
,00:01:08,121,10.6,05:39,80,,,75.90,29.9,0
,00:01:09,122,10.8,05:34,80,,,78.90,29.8,0
,00:01:10,122,10.9,05:31,80,,,81.90,29.8,0
,00:01:11,123,10.9,05:31,80,,,84.90,29.8,0
,00:01:12,123,10.8,05:32,80,,,88.00,29.8,0
,00:01:13,123,10.7,05:36,80,,,91.00,29.7,0
,00:01:14,124,10.6,05:40,80,,,93.90,29.8,0
,00:01:15,124,10.5,05:44,80,,,96.80,29.8,0
,00:01:16,124,10.3,05:49,81,,,99.70,29.8,0
,00:01:17,124,10.2,05:53,81,,,102.50,29.8,0
,00:01:18,124,10.1,05:57,80,,,105.30,29.6,0
,00:01:19,124,10.0,05:59,80,,,108.10,29.8,0
,00:01:20,125,10.0,06:00,80,,,110.80,29.8,0
,00:01:21,125,10.0,06:00,80,,,113.60,29.7,0
,00:01:22,125,10.0,06:00,80,,,116.30,29.7,0
,00:01:23,125,10.0,06:00,80,,,119.10,29.6,0
,00:01:24,126,10.0,06:00,80,,,121.90,29.7,0
,00:01:25,126,10.0,06:00,80,,,124.70,29.7,0
,00:01:26,126,10.0,06:01,80,,,127.40,29.8,0
,00:01:27,127,10.0,06:02,81,,,130.20,29.7,0
,00:01:28,127,9.9,06:02,79,,,132.90,29.8,0
,00:01:29,127,9.9,06:02,78,,,135.60,29.6,0
,00:01:30,128,9.9,06:02,78,,,138.40,29.7,0
,00:01:31,128,9.9,06:02,79,,,141.10,29.6,0
,00:01:32,128,9.9,06:02,79,,,143.90,29.8,0
,00:01:33,128,9.9,06:02,81,,,146.70,29.6,0
,00:01:34,128,9.9,06:02,80,,,149.40,29.6,0
,00:01:35,129,10.0,06:02,81,,,152.20,29.7,0
,00:01:36,129,10.0,06:01,79,,,154.90,29.6,0
,00:01:37,129,10.0,05:59,78,,,157.60,29.6,0
,00:01:38,130,10.1,05:58,80,,,160.40,29.6,0
,00:01:39,130,10.1,05:57,81,,,163.20,29.6,0
,00:01:40,131,10.1,05:57,81,,,166.00,29.5,0
,00:01:41,132,10.1,05:57,81,,,168.80,29.6,0
,00:01:42,132,10.1,05:57,81,,,171.60,29.6,0
,00:01:43,132,10.1,05:56,80,,,174.40,29.5,0
,00:01:44,132,10.2,05:53,80,,,177.20,29.6,0
,00:01:45,132,10.3,05:50,80,,,180.00,29.6,0
,00:01:46,132,10.4,05:47,80,,,182.90,29.6,0
,00:01:47,132,10.5,05:44,80,,,185.80,29.5,0
,00:01:48,132,10.5,05:42,80,,,188.70,29.4,0
,00:01:49,132,10.6,05:40,80,,,191.60,29.5,0
,00:01:50,132,10.6,05:40,80,,,194.60,29.5,0
,00:01:51,132,10.6,05:40,80,,,197.50,29.5,0
,00:01:52,132,10.5,05:42,80,,,200.40,29.5,0
,00:01:53,133,10.4,05:45,81,,,203.30,29.5,0
,00:01:54,133,10.4,05:48,80,,,206.20,29.4,0
,00:01:55,133,10.4,05:48,81,,,209.00,29.4,0
,00:01:56,133,10.3,05:51,80,,,211.90,29.4,0
,00:01:57,134,10.3,05:49,80,,,215.20,29.4,0
,00:01:58,134,10.4,05:46,80,,,218.10,29.4,0
,00:01:59,134,10.5,05:44,80,,,221.00,29.4,0
,00:02:00,134,10.5,05:42,80,,,223.90,29.5,0
,00:02:01,134,10.5,05:42,81,,,226.80,29.4,0
,00:02:02,134,10.5,05:42,81,,,229.80,29.4,0
,00:02:03,134,10.5,05:42,85,,,232.70,29.3,0
,00:02:04,134,10.5,05:43,87,,,235.60,29.4,0
,00:02:05,134,10.5,05:43,81,,,238.50,29.4,0
,00:02:06,134,10.5,05:43,81,,,241.40,29.4,0
,00:02:07,134,10.5,05:43,82,,,244.30,29.5,0
,00:02:08,134,10.5,05:43,81,,,247.20,29.3,0
,00:02:09,135,10.5,05:44,80,,,250.10,29.3,0
,00:02:10,135,10.5,05:44,80,,,253.00,29.4,0
,00:02:11,135,10.5,05:44,80,,,255.90,29.3,0
,00:02:12,135,10.5,05:44,80,,,258.80,29.3,0
,00:02:13,135,10.5,05:44,80,,,261.70,29.3,0
,00:02:14,135,10.4,05:45,80,,,264.60,29.3,0
,00:02:15,135,10.4,05:46,81,,,267.50,29.4,0
,00:02:16,135,10.4,05:47,80,,,270.30,29.3,0
,00:02:17,135,10.3,05:49,80,,,273.20,29.3,0
,00:02:18,135,10.3,05:50,80,,,276.00,29.2,0
,00:02:19,135,10.3,05:51,80,,,278.90,29.3,0
,00:02:20,135,10.2,05:52,80,,,281.70,29.2,0
,00:02:21,135,10.2,05:54,80,,,284.60,29.2,0
,00:02:22,135,10.2,05:54,80,,,287.30,29.3,0
,00:02:23,134,10.2,05:53,80,,,290.10,29.3,0
,00:02:24,135,10.3,05:51,80,,,293.00,29.2,0
,00:02:25,134,10.3,05:49,80,,,295.80,29.1,0
,00:02:26,134,10.4,05:48,80,,,298.70,29.2,0
,00:02:27,135,10.4,05:48,80,,,301.60,29.2,0
,00:02:28,135,10.3,05:49,80,,,304.40,29.2,0
,00:02:29,135,10.3,05:51,80,,,307.30,29.3,0
,00:02:30,135,10.2,05:54,81,,,310.10,29.3,0
,00:02:31,134,10.1,05:57,80,,,312.90,29.1,0
,00:02:32,135,10.0,05:59,81,,,315.70,29.2,0
,00:02:33,135,10.0,06:00,81,,,318.50,29.2,0
,00:02:34,135,10.0,06:00,80,,,321.20,29.0,0
,00:02:35,135,10.0,05:59,80,,,324.00,29.0,0
,00:02:36,135,10.1,05:58,80,,,326.80,29.1,0
,00:02:37,135,10.1,05:57,80,,,329.50,29.0,0
,00:02:38,135,10.1,05:57,81,,,332.30,29.1,0
,00:02:39,135,10.1,05:58,81,,,335.10,29.0,0
,00:02:40,135,10.0,05:59,81,,,337.90,29.1,0
,00:02:41,134,10.0,05:59,81,,,340.70,29.0,0
,00:02:42,134,10.0,05:59,81,,,343.50,29.0,0
,00:02:43,134,10.1,05:57,81,,,346.20,29.1,0
,00:02:44,134,10.1,05:56,81,,,349.00,29.1,0
,00:02:45,134,10.1,05:56,81,,,351.90,29.1,0
,00:02:46,134,10.2,05:53,81,,,354.60,29.0,0
,00:02:47,134,10.2,05:52,81,,,358.00,29.1,0
,00:02:48,134,10.3,05:51,81,,,360.80,29.1,0
,00:02:49,134,10.3,05:49,81,,,363.70,29.1,0
,00:02:50,134,10.4,05:47,81,,,366.60,29.0,0
,00:02:51,134,10.4,05:46,81,,,369.40,29.0,0
,00:02:52,134,10.4,05:45,81,,,372.30,29.0,0
,00:02:53,134,10.5,05:44,81,,,375.20,29.0,0
,00:02:54,133,10.5,05:44,81,,,378.10,29.0,0
,00:02:55,134,10.5,05:44,81,,,381.00,29.0,0
,00:02:56,134,10.5,05:44,81,,,384.00,29.0,0
,00:02:57,134,10.5,05:44,80,,,386.80,29.0,0
,00:02:58,134,10.5,05:44,81,,,389.70,29.0,0
,00:02:59,134,10.4,05:45,81,,,392.60,28.9,0
,00:03:00,134,10.4,05:45,81,,,395.50,28.9,0
,00:03:01,134,10.4,05:46,81,,,398.40,28.9,0
,00:03:02,134,10.4,05:46,81,,,401.30,29.0,0
,00:03:03,134,10.4,05:47,81,,,404.10,28.9,0
,00:03:04,134,10.4,05:47,80,,,406.90,28.9,0
,00:03:05,134,10.4,05:47,81,,,409.80,28.9,0
,00:03:06,134,10.4,05:47,81,,,412.70,28.9,0
,00:03:07,135,10.4,05:47,80,,,415.60,28.9,0
,00:03:08,135,10.4,05:47,80,,,418.50,28.9,0
,00:03:09,135,10.4,05:46,80,,,421.30,28.9,0
,00:03:10,135,10.4,05:46,80,,,424.20,28.9,0
,00:03:11,135,10.4,05:46,80,,,427.10,28.8,0
,00:03:12,135,10.4,05:46,81,,,430.00,28.9,0
,00:03:13,136,10.4,05:46,80,,,432.80,28.8,0
,00:03:14,136,10.4,05:46,80,,,435.70,28.8,0
,00:03:15,136,10.4,05:46,81,,,438.60,28.7,0
,00:03:16,136,10.4,05:46,80,,,441.50,28.8,0
,00:03:17,136,10.4,05:47,81,,,444.30,28.9,0
,00:03:18,136,10.4,05:47,81,,,447.20,28.8,0
,00:03:19,136,10.4,05:47,81,,,450.10,28.8,0
,00:03:20,136,10.4,05:47,81,,,453.00,28.7,0
,00:03:21,136,10.4,05:47,80,,,455.80,28.8,0
,00:03:22,137,10.4,05:47,81,,,458.70,28.8,0
,00:03:23,137,10.4,05:47,80,,,461.50,28.8,0
,00:03:24,137,10.4,05:47,81,,,464.40,28.8,0
,00:03:25,137,10.4,05:47,81,,,467.30,28.7,0
,00:03:26,137,10.4,05:47,80,,,470.20,28.8,0
,00:03:27,137,10.4,05:46,81,,,473.10,28.8,0
,00:03:28,137,10.4,05:46,81,,,476.00,28.7,0
,00:03:29,137,10.4,05:46,81,,,478.80,28.8,0
,00:03:30,137,10.4,05:46,81,,,481.70,28.7,0
,00:03:31,137,10.4,05:45,81,,,484.50,28.7,0
,00:03:32,136,10.4,05:45,81,,,487.40,28.7,0
,00:03:33,137,10.4,05:45,81,,,490.30,28.6,0
,00:03:34,136,10.4,05:45,81,,,493.20,28.7,0
,00:03:35,136,10.4,05:45,81,,,496.70,28.7,0
,00:03:36,136,10.4,05:45,81,,,499.50,28.6,0
,00:03:37,136,10.5,05:44,81,,,502.40,28.6,0
,00:03:38,136,10.5,05:43,81,,,505.30,28.6,0
,00:03:39,136,10.5,05:43,81,,,508.30,28.6,0
,00:03:40,135,10.5,05:43,81,,,511.20,28.7,0
,00:03:41,135,10.5,05:43,80,,,514.10,28.7,0
,00:03:42,134,10.5,05:43,81,,,517.00,28.5,0
,00:03:43,134,10.5,05:44,81,,,519.90,28.6,0
,00:03:44,134,10.5,05:44,81,,,522.80,28.7,0
,00:03:45,133,10.5,05:44,81,,,525.60,28.5,0
,00:03:46,133,10.5,05:44,81,,,528.60,28.6,0
,00:03:47,132,10.5,05:43,81,,,531.50,28.5,0
,00:03:48,132,10.5,05:43,81,,,534.40,28.5,0
,00:03:49,132,10.5,05:44,81,,,537.30,28.5,0
,00:03:50,132,10.4,05:45,81,,,540.20,28.5,0
,00:03:51,132,10.4,05:45,81,,,543.10,28.5,0
,00:03:52,132,10.4,05:46,81,,,545.90,28.5,0
,00:03:53,132,10.4,05:47,81,,,548.80,28.6,0
,00:03:54,132,10.4,05:48,81,,,551.70,28.4,0
,00:03:55,132,10.3,05:48,81,,,554.50,28.5,0
,00:03:56,132,10.3,05:48,81,,,557.40,28.5,0
,00:03:57,132,10.3,05:48,81,,,560.30,28.5,0
,00:03:58,132,10.3,05:48,81,,,563.20,28.5,0
,00:03:59,132,10.4,05:48,81,,,565.90,28.4,0
,00:04:00,132,10.4,05:47,81,,,568.80,28.4,0
,00:04:01,132,10.4,05:46,81,,,571.70,28.5,0
,00:04:02,132,10.4,05:45,81,,,574.60,28.5,0
,00:04:03,132,10.4,05:45,81,,,577.50,28.5,0
,00:04:04,132,10.5,05:44,81,,,580.40,28.4,0
,00:04:05,132,10.5,05:44,80,,,583.30,28.5,0
,00:04:06,132,10.5,05:44,81,,,586.20,28.3,0
,00:04:07,132,10.4,05:45,81,,,589.10,28.3,0
,00:04:08,132,10.4,05:45,81,,,592.00,28.3,0
,00:04:09,132,10.4,05:45,81,,,594.80,28.4,0
,00:04:10,132,10.4,05:45,81,,,597.70,28.4,0
,00:04:11,131,10.4,05:46,81,,,600.60,28.4,0
,00:04:12,132,10.4,05:46,81,,,603.50,28.3,0
,00:04:13,132,10.4,05:47,81,,,606.30,28.3,0
,00:04:14,132,10.4,05:47,81,,,609.20,28.4,0
,00:04:15,132,10.4,05:48,81,,,612.10,28.4,0
,00:04:16,132,10.4,05:48,81,,,614.90,28.3,0
,00:04:17,132,10.4,05:48,81,,,617.80,28.3,0
,00:04:18,133,10.4,05:48,81,,,620.60,28.4,0
,00:04:19,133,10.4,05:48,81,,,623.50,28.2,0
,00:04:20,133,10.4,05:48,81,,,626.40,28.2,0
,00:04:21,133,10.4,05:48,81,,,627.00,28.4,0
,00:04:22,133,10.4,05:48,81,,,629.80,28.4,0
,00:04:23,133,10.4,05:47,81,,,632.60,28.3,0
,00:04:24,133,10.4,05:45,81,,,635.50,28.3,0
,00:04:25,133,10.5,05:44,81,,,638.40,28.2,0
,00:04:26,133,10.5,05:43,81,,,641.30,28.3,0
,00:04:27,134,10.5,05:42,81,,,644.20,28.2,0
,00:04:28,134,10.6,05:41,81,,,647.20,28.2,0
,00:04:29,134,10.6,05:40,81,,,650.10,28.2,0
,00:04:30,134,10.6,05:40,80,,,653.00,28.3,0
,00:04:31,134,10.6,05:40,81,,,656.00,28.2,0
,00:04:32,134,10.6,05:40,80,,,658.90,28.2,0
,00:04:33,134,10.6,05:40,80,,,661.80,28.2,0
,00:04:34,135,10.6,05:41,80,,,664.70,28.2,0
,00:04:35,134,10.6,05:41,80,,,667.60,28.2,0
,00:04:36,135,10.5,05:42,81,,,670.60,28.2,0
,00:04:37,135,10.5,05:42,81,,,673.50,28.1,0
,00:04:38,135,10.5,05:43,81,,,676.40,28.2,0
,00:04:39,135,10.5,05:43,81,,,679.30,28.2,0
,00:04:40,135,10.5,05:44,81,,,682.20,28.1,0
,00:04:41,135,10.5,05:44,81,,,685.10,28.1,0
,00:04:42,135,10.4,05:45,81,,,688.00,28.2,0
,00:04:43,135,10.4,05:46,81,,,690.90,28.2,0
,00:04:44,135,10.4,05:46,81,,,693.80,28.1,0
,00:04:45,135,10.4,05:47,81,,,696.60,28.1,0
,00:04:46,135,10.4,05:47,81,,,699.40,28.0,0
,00:04:47,135,10.4,05:47,81,,,702.30,28.0,0
,00:04:48,135,10.4,05:46,81,,,705.20,28.1,0
,00:04:49,135,10.4,05:45,81,,,708.10,28.0,0
,00:04:50,136,10.5,05:44,81,,,711.00,28.0,0
,00:04:51,136,10.5,05:43,81,,,713.90,28.0,0
,00:04:52,136,10.5,05:44,82,,,716.80,28.0,0
,00:04:53,136,10.4,05:45,82,,,719.70,28.0,0
,00:04:54,136,10.4,05:45,82,,,722.50,28.2,0
,00:04:55,137,10.4,05:46,82,,,725.40,28.0,0
,00:04:56,137,10.4,05:46,82,,,728.30,28.0,0
,00:04:57,137,10.4,05:46,82,,,731.20,28.0,0
,00:04:58,137,10.4,05:46,82,,,734.10,28.0,0
,00:04:59,137,10.4,05:46,83,,,737.00,28.0,0
,00:05:00,136,10.4,05:46,83,,,739.80,28.0,0
,00:05:01,136,10.4,05:45,83,,,742.70,28.0,0
,00:05:02,136,10.5,05:44,82,,,745.50,28.0,0
,00:05:03,137,10.5,05:43,82,,,748.40,28.0,0
,00:05:04,137,10.5,05:43,82,,,751.40,28.0,0
,00:05:05,137,10.5,05:43,82,,,754.30,28.0,0
,00:05:06,137,10.5,05:42,82,,,757.20,28.0,0
,00:05:07,137,10.5,05:41,82,,,760.70,28.0,0
,00:05:08,137,10.6,05:41,82,,,763.70,27.9,0
,00:05:09,137,10.6,05:41,82,,,766.60,27.9,0
,00:05:10,137,10.6,05:41,82,,,769.40,27.9,0
,00:05:11,137,10.5,05:42,82,,,772.40,28.0,0
,00:05:12,136,10.5,05:42,82,,,775.30,27.9,0
,00:05:13,137,10.5,05:43,82,,,778.20,27.9,0
,00:05:14,137,10.5,05:43,82,,,781.10,27.9,0
,00:05:15,137,10.5,05:44,83,,,784.00,27.9,0
,00:05:16,137,10.5,05:44,82,,,786.90,27.8,0
,00:05:17,137,10.5,05:44,83,,,789.70,28.0,0
,00:05:18,138,10.4,05:45,82,,,792.60,27.9,0
,00:05:19,138,10.4,05:45,82,,,795.50,27.9,0
,00:05:20,138,10.4,05:45,83,,,798.40,27.9,0
,00:05:21,138,10.4,05:46,83,,,801.30,27.9,0
,00:05:22,138,10.4,05:46,83,,,804.20,27.9,0
,00:05:23,138,10.4,05:46,82,,,807.10,27.9,0
,00:05:24,138,10.4,05:45,83,,,809.90,27.8,0
,00:05:25,138,10.5,05:44,82,,,812.80,27.9,0
,00:05:26,138,10.5,05:44,82,,,815.70,27.8,0
,00:05:27,139,10.5,05:43,82,,,818.60,27.8,0
,00:05:28,138,10.5,05:43,82,,,821.50,27.9,0
,00:05:29,139,10.5,05:43,82,,,824.50,27.7,0
,00:05:30,139,10.5,05:43,82,,,827.40,27.8,0
,00:05:31,139,10.5,05:43,82,,,830.30,27.9,0
,00:05:32,139,10.5,05:43,82,,,833.20,27.8,0
,00:05:33,139,10.4,05:46,82,,,836.00,27.9,0
,00:05:34,139,10.3,05:48,82,,,838.90,27.9,0
,00:05:35,139,10.3,05:51,82,,,841.80,27.8,0
,00:05:36,139,10.2,05:53,82,,,844.60,27.9,0
,00:05:37,139,10.2,05:53,82,,,847.40,27.7,0
,00:05:38,139,10.2,05:53,82,,,850.20,27.8,0
,00:05:39,139,10.2,05:52,82,,,853.00,27.9,0
,00:05:40,139,10.3,05:51,82,,,855.90,27.8,0
,00:05:41,139,10.3,05:49,83,,,858.70,27.7,0
,00:05:42,138,10.4,05:48,82,,,861.60,27.7,0
,00:05:43,138,10.4,05:46,82,,,864.50,27.7,0
,00:05:44,138,10.5,05:44,82,,,867.40,27.8,0
,00:05:45,138,10.5,05:43,82,,,870.30,27.8,0
,00:05:46,138,10.6,05:41,82,,,873.20,27.8,0
,00:05:47,138,10.6,05:40,82,,,876.10,27.7,0
,00:05:48,138,10.7,05:38,83,,,879.10,27.7,0
,00:05:49,138,10.7,05:35,83,,,881.90,27.7,0
,00:05:50,138,10.8,05:33,83,,,884.90,27.8,0
,00:05:51,138,10.9,05:31,83,,,888.50,27.6,0
,00:05:52,138,10.9,05:30,82,,,891.50,27.8,0
,00:05:53,137,10.9,05:29,83,,,894.60,27.6,0
,00:05:54,137,11.0,05:29,82,,,897.60,27.7,0
,00:05:55,137,11.0,05:29,82,,,900.60,27.6,0
,00:05:56,137,11.0,05:29,83,,,903.70,27.8,0
,00:05:57,136,11.0,05:29,82,,,906.70,27.7,0
,00:05:58,136,10.9,05:29,83,,,909.80,27.8,0
,00:05:59,136,10.9,05:29,82,,,912.80,27.6,0
,00:06:00,136,10.9,05:30,82,,,915.70,27.7,0
,00:06:01,136,10.9,05:31,82,,,918.80,27.6,0
,00:06:02,135,10.8,05:33,82,,,921.80,27.6,0
,00:06:03,135,10.8,05:34,83,,,924.80,27.6,0
,00:06:04,135,10.7,05:35,82,,,927.80,27.7,0
,00:06:05,135,10.7,05:36,82,,,930.70,27.6,0
,00:06:06,135,10.7,05:37,82,,,933.70,27.7,0
,00:06:07,135,10.7,05:38,82,,,936.60,27.6,0
,00:06:08,134,10.6,05:38,83,,,939.60,27.6,0
,00:06:09,133,10.6,05:39,83,,,942.50,27.6,0
,00:06:10,133,10.6,05:39,82,,,945.50,27.6,0
,00:06:11,133,10.6,05:39,82,,,948.30,27.6,0
,00:06:12,133,10.6,05:39,82,,,951.30,27.6,0
,00:06:13,132,10.6,05:39,82,,,954.20,27.6,0
,00:06:14,132,10.6,05:39,82,,,957.20,27.6,0
,00:06:15,132,10.6,05:39,83,,,960.10,27.6,0
,00:06:16,132,10.6,05:39,83,,,963.10,27.6,0
,00:06:17,132,10.6,05:39,82,,,966.00,27.6,0
,00:06:18,132,10.6,05:39,82,,,968.90,27.6,0
,00:06:19,132,10.6,05:39,82,,,971.80,27.7,0
,00:06:20,133,10.6,05:38,82,,,974.80,27.6,0
,00:06:21,133,10.7,05:37,82,,,977.70,27.6,0
,00:06:22,133,10.7,05:36,82,,,980.70,27.6,0
,00:06:23,134,10.7,05:35,82,,,983.70,27.6,0
,00:06:24,134,10.8,05:34,81,,,986.60,27.5,0
,00:06:25,135,10.8,05:32,81,,,989.60,27.6,0
,00:06:26,135,10.9,05:30,81,,,992.60,27.6,0
,00:06:27,135,11.0,05:28,81,,,995.70,27.6,0
,00:06:28,135,11.0,05:28,81,,,998.70,27.6,0
,00:06:29,135,11.0,05:29,81,,,1001.70,27.5,0
,00:06:30,135,10.9,05:30,81,,,1004.70,27.6,0
,00:06:31,135,10.9,05:31,81,,,1007.70,27.6,0
,00:06:32,135,10.8,05:33,81,,,1010.80,27.5,0
,00:06:33,135,10.8,05:33,81,,,1013.80,27.6,0
,00:06:34,135,10.7,05:36,81,,,1016.60,27.6,0
,00:06:35,135,10.7,05:37,81,,,1020.20,27.5,0
,00:06:36,135,10.6,05:38,81,,,1023.20,27.5,0
,00:06:37,135,10.6,05:39,81,,,1026.10,27.5,0
,00:06:38,135,10.6,05:40,81,,,1029.10,27.5,0
,00:06:39,135,10.6,05:41,81,,,1031.90,27.5,0
,00:06:40,135,10.5,05:42,81,,,1034.90,27.6,0
,00:06:41,135,10.5,05:42,82,,,1037.80,27.6,0
,00:06:42,135,10.5,05:43,82,,,1040.70,27.5,0
,00:06:43,135,10.5,05:43,82,,,1043.60,27.5,0
,00:06:44,135,10.5,05:43,82,,,1046.60,27.5,0
,00:06:45,135,10.5,05:43,82,,,1049.40,27.5,0
,00:06:46,135,10.5,05:43,82,,,1052.30,27.4,0
,00:06:47,136,10.5,05:42,82,,,1055.20,27.5,0
,00:06:48,136,10.5,05:42,82,,,1058.10,27.5,0
,00:06:49,136,10.6,05:41,82,,,1061.00,27.6,0
,00:06:50,137,10.6,05:40,82,,,1064.00,27.4,0
,00:06:51,137,10.6,05:39,82,,,1066.90,27.4,0
,00:06:52,137,10.6,05:39,82,,,1069.90,27.5,0
,00:06:53,137,10.6,05:39,82,,,1072.80,27.5,0
,00:06:54,137,10.6,05:39,82,,,1075.70,27.5,0
,00:06:55,137,10.6,05:39,82,,,1078.60,27.6,0
,00:06:56,137,10.6,05:39,82,,,1081.50,27.5,0
,00:06:57,138,10.6,05:39,82,,,1084.50,27.5,0
,00:06:58,138,10.6,05:39,82,,,1087.40,27.4,0
,00:06:59,138,10.6,05:38,82,,,1090.40,27.5,0
,00:07:00,137,10.6,05:38,82,,,1093.30,27.5,0
,00:07:01,137,10.6,05:38,82,,,1096.20,27.5,0
,00:07:02,137,10.7,05:38,82,,,1099.20,27.6,0
,00:07:03,137,10.7,05:38,82,,,1102.10,27.5,0
,00:07:04,138,10.7,05:38,82,,,1105.10,27.5,0
,00:07:05,138,10.7,05:38,82,,,1108.00,27.5,0
,00:07:06,138,10.6,05:38,82,,,1111.00,27.5,0
,00:07:07,138,10.6,05:39,82,,,1114.00,27.5,0
,00:07:08,138,10.6,05:39,82,,,1116.80,27.4,0
,00:07:09,138,10.6,05:40,82,,,1119.80,27.5,0
,00:07:10,138,10.6,05:40,82,,,1122.70,27.4,0
,00:07:11,138,10.6,05:40,82,,,1125.60,27.5,0
,00:07:12,138,10.6,05:39,82,,,1128.60,27.4,0
,00:07:13,138,10.6,05:39,82,,,1131.50,27.5,0
,00:07:14,138,10.6,05:39,82,,,1134.50,27.5,0
,00:07:15,138,10.6,05:40,82,,,1137.30,27.4,0
,00:07:16,138,10.6,05:40,83,,,1140.30,27.5,0
,00:07:17,138,10.6,05:40,82,,,1143.20,27.5,0
,00:07:18,138,10.6,05:40,82,,,1146.80,27.4,0
,00:07:19,138,10.6,05:41,82,,,1149.70,27.5,0
,00:07:20,138,10.6,05:41,82,,,1152.60,27.4,0
,00:07:21,138,10.5,05:41,82,,,1155.50,27.4,0
,00:07:22,138,10.5,05:42,83,,,1158.40,27.4,0
,00:07:23,138,10.5,05:42,83,,,1161.30,27.5,0
,00:07:24,137,10.5,05:42,83,,,1164.30,27.4,0
,00:07:25,137,10.5,05:42,83,,,1167.20,27.5,0
,00:07:26,137,10.6,05:41,83,,,1170.10,27.5,0
,00:07:27,137,10.6,05:40,83,,,1173.00,27.5,0
,00:07:28,137,10.6,05:40,83,,,1175.90,27.5,0
,00:07:29,137,10.6,05:39,83,,,1178.80,27.5,0
,00:07:30,137,10.6,05:39,83,,,1181.80,27.4,0
,00:07:31,137,10.6,05:38,83,,,1184.70,27.4,0
,00:07:32,137,10.6,05:38,82,,,1187.70,27.4,0
,00:07:33,137,10.7,05:38,82,,,1190.60,27.4,0
,00:07:34,137,10.7,05:38,83,,,1193.60,27.3,0
,00:07:35,137,10.7,05:38,82,,,1196.60,27.4,0
,00:07:36,137,10.7,05:38,83,,,1199.50,27.4,0
,00:07:37,137,10.7,05:38,83,,,1202.40,27.3,0
,00:07:38,137,10.7,05:38,83,,,1205.30,27.5,0
,00:07:39,136,10.7,05:37,83,,,1208.30,27.4,0
,00:07:40,136,10.7,05:36,83,,,1211.30,27.4,0
,00:07:41,136,10.8,05:35,83,,,1214.30,27.5,0
,00:07:42,136,10.8,05:34,83,,,1217.20,27.4,0
,00:07:43,136,10.8,05:34,83,,,1220.20,27.3,0
,00:07:44,136,10.8,05:34,83,,,1223.20,27.4,0
,00:07:45,137,10.8,05:34,82,,,1226.10,27.4,0
,00:07:46,137,10.8,05:35,83,,,1229.10,27.3,0
,00:07:47,138,10.8,05:35,83,,,1232.10,27.5,0
,00:07:48,137,10.7,05:35,82,,,1235.10,27.4,0
,00:07:49,138,10.7,05:35,83,,,1238.10,27.5,0
,00:07:50,138,10.7,05:36,83,,,1241.00,27.4,0
,00:07:51,138,10.7,05:36,83,,,1243.90,27.4,0
,00:07:52,138,10.7,05:37,83,,,1246.90,27.3,0
,00:07:53,137,10.7,05:37,82,,,1249.90,27.4,0
,00:07:54,137,10.7,05:38,82,,,1252.80,27.3,0
,00:07:55,137,10.7,05:38,82,,,1255.80,27.4,0
,00:07:56,137,10.7,05:38,82,,,1258.80,27.3,0
,00:07:57,137,10.6,05:38,83,,,1261.70,27.3,0
,00:07:58,137,10.6,05:38,83,,,1264.60,27.4,0
,00:07:59,136,10.6,05:38,83,,,1267.50,27.3,0
,00:08:00,136,10.6,05:39,83,,,1268.10,27.4,0
,00:08:01,136,10.6,05:39,83,,,1271.10,27.4,0
,00:08:02,136,10.6,05:39,83,,,1274.00,27.4,0
,00:08:03,136,10.6,05:40,83,,,1277.00,27.3,0
,00:08:04,136,10.6,05:40,83,,,1279.80,27.4,0
,00:08:05,136,10.6,05:41,82,,,1282.70,27.5,0
,00:08:06,136,10.6,05:41,83,,,1285.70,27.4,0
,00:08:07,136,10.5,05:42,82,,,1288.60,27.4,0
,00:08:08,135,10.5,05:42,83,,,1291.50,27.4,0
,00:08:09,135,10.5,05:42,83,,,1294.50,27.4,0
,00:08:10,135,10.5,05:42,82,,,1297.30,27.5,0
,00:08:11,135,10.5,05:41,83,,,1300.20,27.5,0
,00:08:12,135,10.5,05:41,83,,,1303.10,27.4,0
,00:08:13,135,10.6,05:41,82,,,1306.10,27.4,0
,00:08:14,134,10.6,05:41,82,,,1309.00,27.3,0
,00:08:15,134,10.6,05:41,83,,,1311.90,27.4,0
,00:08:16,134,10.6,05:41,83,,,1314.90,27.4,0
,00:08:17,134,10.6,05:41,83,,,1317.80,27.3,0
,00:08:18,134,10.6,05:41,83,,,1320.60,27.5,0
,00:08:19,134,10.6,05:41,83,,,1323.60,27.5,0
,00:08:20,134,10.6,05:40,83,,,1326.50,27.4,0
,00:08:21,134,10.6,05:40,83,,,1329.50,27.5,0
,00:08:22,134,10.6,05:40,82,,,1332.40,27.4,0
,00:08:23,134,10.6,05:40,82,,,1335.30,27.4,0
,00:08:24,135,10.6,05:41,82,,,1338.30,27.3,0
,00:08:25,135,10.5,05:41,82,,,1341.10,27.4,0
,00:08:26,136,10.5,05:42,82,,,1344.10,27.4,0
,00:08:27,136,10.5,05:43,82,,,1347.00,27.5,0
,00:08:28,136,10.5,05:43,82,,,1349.90,27.3,0
,00:08:29,136,10.5,05:43,82,,,1352.80,27.3,0
,00:08:30,137,10.5,05:43,82,,,1355.70,27.3,0
,00:08:31,137,10.5,05:43,82,,,1358.70,27.5,0
,00:08:32,137,10.5,05:43,82,,,1361.50,27.3,0
,00:08:33,137,10.5,05:43,82,,,1364.40,27.4,0
,00:08:34,138,10.5,05:43,82,,,1367.30,27.4,0
,00:08:35,138,10.5,05:44,83,,,1370.20,27.5,0
,00:08:36,138,10.5,05:44,82,,,1373.10,27.4,0
,00:08:37,138,10.5,05:44,82,,,1376.00,27.5,0
,00:08:38,138,10.5,05:43,82,,,1378.90,27.4,0
,00:08:39,139,10.5,05:43,82,,,1381.80,27.3,0
,00:08:40,138,10.5,05:42,83,,,1384.70,27.5,0
,00:08:41,139,10.6,05:41,83,,,1387.60,27.5,0
,00:08:42,139,10.6,05:40,83,,,1391.10,27.4,0
,00:08:43,138,10.6,05:39,82,,,1394.10,27.4,0
,00:08:44,139,10.6,05:39,82,,,1397.00,27.5,0
,00:08:45,138,10.6,05:39,82,,,1400.00,27.4,0
,00:08:46,139,10.6,05:39,82,,,1402.80,27.5,0
,00:08:47,139,10.6,05:40,83,,,1405.80,27.4,0
,00:08:48,139,10.6,05:40,82,,,1408.70,27.3,0
,00:08:49,139,10.6,05:41,82,,,1411.70,27.4,0
,00:08:50,140,10.6,05:41,82,,,1414.60,27.4,0
,00:08:51,139,10.5,05:41,82,,,1417.50,27.4,0
,00:08:52,140,10.5,05:42,82,,,1420.40,27.5,0
,00:08:53,140,10.5,05:42,82,,,1423.30,27.4,0
,00:08:54,140,10.5,05:43,82,,,1426.20,27.3,0
,00:08:55,140,10.5,05:43,82,,,1429.10,27.3,0
,00:08:56,140,10.5,05:43,82,,,1432.00,27.5,0
,00:08:57,140,10.5,05:43,82,,,1434.90,27.5,0
,00:08:58,140,10.5,05:42,82,,,1437.90,27.5,0
,00:08:59,139,10.5,05:42,82,,,1440.70,27.5,0
,00:09:00,139,10.5,05:42,82,,,1443.60,27.5,0
,00:09:01,139,10.5,05:42,82,,,1446.50,27.5,0
,00:09:02,139,10.5,05:42,82,,,1449.50,27.4,0
,00:09:03,139,10.5,05:42,83,,,1452.40,27.5,0
,00:09:04,139,10.5,05:42,82,,,1455.30,27.4,0
,00:09:05,140,10.5,05:42,82,,,1458.20,27.4,0
,00:09:06,139,10.5,05:41,82,,,1461.10,27.5,0
,00:09:07,140,10.6,05:41,83,,,1464.00,27.5,0
,00:09:08,140,10.6,05:40,82,,,1466.90,27.5,0
,00:09:09,140,10.6,05:40,83,,,1469.90,27.5,0
,00:09:10,140,10.6,05:40,82,,,1472.80,27.5,0
,00:09:11,140,10.6,05:40,82,,,1475.70,27.5,0
,00:09:12,140,10.6,05:40,82,,,1478.70,27.4,0
,00:09:13,140,10.6,05:40,82,,,1481.60,27.5,0
,00:09:14,139,10.6,05:41,82,,,1484.50,27.4,0
,00:09:15,140,10.5,05:42,82,,,1487.40,27.4,0
,00:09:16,139,10.5,05:42,83,,,1490.30,27.5,0
,00:09:17,139,10.5,05:42,83,,,1493.30,27.5,0
,00:09:18,139,10.6,05:41,83,,,1496.20,27.6,0
,00:09:19,139,10.6,05:40,83,,,1499.10,27.5,0
,00:09:20,139,10.6,05:39,82,,,1502.10,27.5,0
,00:09:21,139,10.6,05:38,83,,,1505.00,27.5,0
,00:09:22,139,10.6,05:38,82,,,1507.90,27.5,0
,00:09:23,139,10.6,05:38,82,,,1510.80,27.6,0
,00:09:24,139,10.6,05:38,82,,,1514.40,27.4,0
,00:09:25,139,10.6,05:39,82,,,1517.30,27.5,0
,00:09:26,139,10.6,05:39,82,,,1520.30,27.6,0
,00:09:27,139,10.6,05:39,82,,,1523.20,27.5,0
,00:09:28,139,10.6,05:39,83,,,1526.20,27.5,0
,00:09:29,139,10.7,05:38,83,,,1529.00,27.5,0
,00:09:30,139,10.7,05:37,83,,,1532.00,27.5,0
,00:09:31,138,10.7,05:35,83,,,1535.00,27.5,0
,00:09:32,138,10.8,05:35,82,,,1537.90,27.5,0
,00:09:33,138,10.8,05:35,82,,,1540.90,27.5,0
,00:09:34,138,10.8,05:35,82,,,1543.90,27.4,0
,00:09:35,138,10.7,05:35,82,,,1546.90,27.5,0
,00:09:36,138,10.7,05:36,82,,,1549.90,27.5,0
,00:09:37,138,10.7,05:36,83,,,1552.80,27.6,0
,00:09:38,138,10.7,05:36,83,,,1555.70,27.5,0
,00:09:39,137,10.7,05:36,83,,,1558.70,27.5,0
,00:09:40,138,10.7,05:36,83,,,1561.70,27.6,0
,00:09:41,137,10.7,05:37,83,,,1564.70,27.6,0
,00:09:42,138,10.7,05:37,83,,,1567.60,27.5,0
,00:09:43,138,10.7,05:38,82,,,1570.60,27.5,0
,00:09:44,138,10.6,05:39,82,,,1573.50,27.5,0
,00:09:45,138,10.6,05:40,82,,,1576.40,27.5,0
,00:09:46,137,10.6,05:41,83,,,1579.30,27.5,0
,00:09:47,138,10.5,05:42,83,,,1582.30,27.6,0
,00:09:48,137,10.5,05:43,83,,,1585.20,27.5,0
,00:09:49,138,10.5,05:43,82,,,1588.00,27.5,0
,00:09:50,137,10.5,05:44,82,,,1590.90,27.6,0
,00:09:51,137,10.5,05:44,82,,,1593.80,27.6,0
,00:09:52,138,10.5,05:44,82,,,1596.70,27.6,0
,00:09:53,137,10.4,05:45,82,,,1599.60,27.5,0
,00:09:54,138,10.4,05:45,82,,,1602.50,27.6,0
,00:09:55,137,10.4,05:45,82,,,1605.30,27.6,0
,00:09:56,137,10.4,05:45,82,,,1608.20,27.6,0
,00:09:57,137,10.4,05:46,82,,,1611.10,27.5,0
,00:09:58,137,10.4,05:46,82,,,1614.00,27.6,0
,00:09:59,137,10.4,05:46,83,,,1616.90,27.6,0
,00:10:00,137,10.4,05:46,83,,,1619.80,27.6,0
,00:10:01,137,10.4,05:46,82,,,1622.70,27.5,0
,00:10:02,138,10.4,05:46,82,,,1625.50,27.6,0
,00:10:03,138,10.5,05:44,82,,,1628.40,27.6,0
,00:10:04,138,10.6,05:41,82,,,1631.30,27.6,0
,00:10:05,138,10.6,05:41,82,,,1634.20,27.6,0
,00:10:06,138,10.8,05:33,82,,,1637.20,27.6,0
,00:10:07,139,10.9,05:31,82,,,1640.80,27.6,0
,00:10:08,139,10.9,05:31,82,,,1643.80,27.5,0
,00:10:09,139,10.9,05:31,82,,,1646.80,27.6,0
,00:10:10,139,10.8,05:32,85,,,1649.80,27.7,0
,00:10:11,139,10.8,05:34,85,,,1652.90,27.7,0
,00:10:12,139,10.7,05:36,84,,,1655.90,27.6,0
,00:10:13,139,10.7,05:38,84,,,1658.70,27.7,0
,00:10:14,139,10.6,05:40,83,,,1661.70,27.6,0
,00:10:15,139,10.5,05:41,82,,,1664.60,27.6,0
,00:10:16,139,10.5,05:43,82,,,1667.60,27.6,0
,00:10:17,140,10.5,05:44,82,,,1670.40,27.6,0
,00:10:18,139,10.4,05:47,82,,,1673.30,27.6,0
,00:10:19,140,10.3,05:51,82,,,1676.20,27.6,0
,00:10:20,140,10.1,05:56,82,,,1679.00,27.7,0
,00:10:21,140,10.0,06:00,82,,,1681.70,27.7,0
,00:10:22,140,9.9,06:02,82,,,1684.50,27.7,0
,00:10:23,140,9.9,06:03,82,,,1687.30,27.7,0
,00:10:24,140,10.0,06:01,82,,,1689.90,27.7,0
,00:10:25,140,10.1,05:58,83,,,1692.70,27.7,0
,00:10:26,140,10.2,05:55,82,,,1695.50,27.7,0
,00:10:27,140,10.2,05:51,82,,,1698.30,27.7,0
,00:10:28,140,10.3,05:48,82,,,1701.20,27.7,0
,00:10:29,140,10.4,05:46,82,,,1704.00,27.8,0
,00:10:30,140,10.5,05:43,82,,,1706.90,27.7,0
,00:10:31,140,10.5,05:41,82,,,1709.80,27.7,0
,00:10:32,140,10.6,05:40,82,,,1712.80,27.7,0
,00:10:33,140,10.6,05:39,82,,,1715.70,27.7,0
,00:10:34,140,10.6,05:39,83,,,1718.60,27.8,0
,00:10:35,140,10.6,05:39,83,,,1721.60,27.7,0
,00:10:36,140,10.6,05:39,82,,,1724.50,27.6,0
,00:10:37,140,10.6,05:39,83,,,1727.50,27.7,0
,00:10:38,140,10.6,05:39,82,,,1730.40,27.7,0
,00:10:39,140,10.6,05:39,82,,,1733.40,27.8,0
,00:10:40,140,10.6,05:40,82,,,1736.20,27.8,0
,00:10:41,141,10.6,05:40,82,,,1739.20,27.8,0
,00:10:42,141,10.6,05:40,82,,,1742.10,27.7,0
,00:10:43,141,10.6,05:40,82,,,1745.10,27.8,0
,00:10:44,141,10.6,05:41,82,,,1748.00,27.7,0
,00:10:45,141,10.6,05:41,82,,,1750.90,27.7,0
,00:10:46,141,10.6,05:41,82,,,1753.80,27.9,0
,00:10:47,141,10.6,05:41,82,,,1756.70,27.8,0
,00:10:48,141,10.6,05:41,83,,,1759.60,27.7,0
,00:10:49,141,10.6,05:41,83,,,1762.60,27.7,0
,00:10:50,141,10.6,05:41,82,,,1766.10,27.8,0
,00:10:51,141,10.6,05:41,83,,,1769.00,27.7,0
,00:10:52,142,10.6,05:41,82,,,1772.00,27.6,0
,00:10:53,142,10.5,05:41,82,,,1774.80,27.6,0
,00:10:54,142,10.5,05:42,83,,,1777.70,27.7,0
,00:10:55,142,10.5,05:42,83,,,1780.70,27.6,0
,00:10:56,142,10.6,05:41,83,,,1783.60,27.8,0
,00:10:57,142,10.6,05:39,83,,,1786.50,27.8,0
,00:10:58,142,10.7,05:37,83,,,1789.50,27.6,0
,00:10:59,142,10.7,05:35,83,,,1792.40,27.8,0
,00:11:00,142,10.8,05:33,82,,,1795.40,27.7,0
,00:11:01,142,10.8,05:32,82,,,1798.40,27.8,0
,00:11:02,142,10.9,05:31,82,,,1801.40,27.7,0
,00:11:03,142,10.9,05:30,83,,,1804.50,27.8,0
,00:11:04,142,10.9,05:30,83,,,1807.40,27.8,0
,00:11:05,142,10.9,05:29,83,,,1810.40,27.8,0
,00:11:06,142,10.9,05:29,83,,,1813.50,27.8,0
,00:11:07,142,10.9,05:29,82,,,1816.50,27.8,0
,00:11:08,142,10.9,05:29,83,,,1819.50,27.8,0
,00:11:09,142,10.9,05:30,82,,,1822.60,27.8,0
,00:11:10,143,10.9,05:31,83,,,1825.60,27.8,0
,00:11:11,143,10.8,05:32,82,,,1828.50,27.9,0
,00:11:12,142,10.8,05:34,82,,,1831.50,27.7,0
,00:11:13,143,10.7,05:35,82,,,1834.50,27.8,0
,00:11:14,143,10.7,05:36,82,,,1837.50,27.8,0
,00:11:15,143,10.7,05:37,83,,,1840.50,27.8,0
,00:11:16,143,10.7,05:38,83,,,1843.30,27.8,0
,00:11:17,142,10.7,05:37,82,,,1846.30,27.8,0
,00:11:18,142,10.7,05:36,83,,,1849.30,27.7,0
,00:11:19,143,10.8,05:35,83,,,1852.20,27.8,0
,00:11:20,143,10.8,05:34,83,,,1855.20,27.8,0
,00:11:21,143,10.8,05:34,83,,,1858.20,27.8,0
,00:11:22,143,10.8,05:34,83,,,1861.20,27.8,0
,00:11:23,142,10.8,05:34,83,,,1864.20,27.9,0
,00:11:24,143,10.8,05:34,83,,,1867.20,27.7,0
,00:11:25,143,10.7,05:35,83,,,1870.10,27.8,0
,00:11:26,143,10.7,05:36,83,,,1873.10,27.9,0
,00:11:27,143,10.7,05:37,83,,,1876.10,27.8,0
,00:11:28,143,10.6,05:38,83,,,1879.00,27.8,0
,00:11:29,143,10.6,05:39,82,,,1882.00,27.7,0
,00:11:30,143,10.6,05:40,82,,,1884.80,27.8,0
,00:11:31,143,10.6,05:40,82,,,1887.80,27.8,0
,00:11:32,142,10.6,05:40,82,,,1890.70,27.8,0
,00:11:33,142,10.6,05:40,82,,,1891.30,27.9,0
,00:11:34,142,10.6,05:40,82,,,1894.30,27.8,0
,00:11:35,142,10.6,05:40,82,,,1897.20,27.8,0
,00:11:36,142,10.6,05:40,82,,,1900.20,27.8,0
,00:11:37,142,10.6,05:39,83,,,1903.00,27.8,0
,00:11:38,142,10.6,05:39,82,,,1906.00,27.7,0
,00:11:39,142,10.6,05:39,82,,,1908.90,27.8,0
,00:11:40,141,10.6,05:39,82,,,1911.90,27.9,0
,00:11:41,142,10.6,05:39,82,,,1914.80,27.9,0
,00:11:42,141,10.6,05:39,83,,,1917.80,27.8,0
,00:11:43,141,10.6,05:39,82,,,1920.70,27.9,0
,00:11:44,141,10.6,05:39,82,,,1923.70,27.9,0
,00:11:45,141,10.6,05:39,83,,,1926.50,27.8,0
,00:11:46,141,10.6,05:39,83,,,1929.50,27.9,0
,00:11:47,141,10.6,05:39,83,,,1932.40,28.0,0
,00:11:48,141,10.6,05:39,83,,,1935.40,27.8,0
,00:11:49,142,10.6,05:38,83,,,1938.30,27.9,0
,00:11:50,142,10.7,05:38,83,,,1941.30,27.9,0
,00:11:51,141,10.7,05:37,83,,,1944.20,27.8,0
,00:11:52,141,10.7,05:37,83,,,1947.10,27.9,0
,00:11:53,141,10.7,05:36,82,,,1950.10,27.9,0
,00:11:54,142,10.7,05:36,82,,,1953.10,27.8,0
,00:11:55,142,10.7,05:36,82,,,1956.00,27.8,0
,00:11:56,142,10.7,05:36,82,,,1959.00,27.9,0
,00:11:57,142,10.7,05:36,82,,,1962.00,27.9,0
,00:11:58,142,10.7,05:37,82,,,1965.00,27.9,0
,00:11:59,141,10.7,05:37,82,,,1967.90,27.9,0
,00:12:00,142,10.7,05:37,82,,,1970.80,27.8,0
,00:12:01,142,10.7,05:37,82,,,1973.80,27.8,0
,00:12:02,142,10.7,05:37,82,,,1976.70,27.9,0
,00:12:03,142,10.7,05:38,82,,,1979.70,27.9,0
,00:12:04,142,10.6,05:39,82,,,1982.70,27.8,0
,00:12:05,142,10.6,05:41,82,,,1985.60,27.9,0
,00:12:06,142,10.5,05:42,81,,,1988.40,27.8,0
,00:12:07,142,10.5,05:43,80,,,1991.40,27.9,0
,00:12:08,142,10.4,05:45,76,,,1994.30,27.9,0
,00:12:09,142,10.4,05:46,73,,,1997.20,27.9,0
,00:12:10,142,10.4,05:46,73,,,2000.10,27.9,0
,00:12:11,142,10.5,05:42,79,,,2002.80,27.8,0
,00:12:12,142,10.6,05:39,84,,,2005.80,27.9,0
,00:12:13,142,10.6,05:39,83,,,2008.80,27.9,0
,00:12:14,142,10.6,05:39,82,,,2011.70,27.9,0
,00:12:15,142,10.6,05:40,82,,,2014.60,27.8,0
,00:12:16,142,10.5,05:41,82,,,2018.20,27.9,0
,00:12:17,142,10.5,05:42,82,,,2021.10,27.8,0
,00:12:18,142,10.5,05:43,83,,,2024.00,27.9,0
,00:12:19,141,10.5,05:43,82,,,2026.80,28.0,0
,00:12:20,142,10.5,05:43,82,,,2029.70,27.9,0
,00:12:21,142,10.5,05:42,83,,,2032.70,27.9,0
,00:12:22,141,10.6,05:41,83,,,2035.60,27.9,0
,00:12:23,141,10.6,05:41,83,,,2038.50,27.9,0
,00:12:24,141,10.6,05:40,83,,,2041.50,27.9,0
,00:12:25,141,10.6,05:40,83,,,2044.40,27.8,0
,00:12:26,141,10.6,05:40,82,,,2047.30,27.9,0
,00:12:27,141,10.6,05:40,83,,,2050.20,27.9,0
,00:12:28,142,10.6,05:40,83,,,2053.10,27.8,0
,00:12:29,141,10.6,05:40,83,,,2056.10,27.9,0
,00:12:30,141,10.6,05:40,83,,,2059.00,27.9,0
,00:12:31,141,10.6,05:40,83,,,2061.90,27.9,0
,00:12:32,141,10.6,05:40,83,,,2064.90,27.9,0
,00:12:33,141,10.6,05:40,83,,,2067.80,27.9,0
,00:12:34,141,10.6,05:40,83,,,2070.80,27.9,0
,00:12:35,141,10.6,05:40,83,,,2073.60,27.9,0
,00:12:36,141,10.6,05:40,83,,,2076.60,28.0,0
,00:12:37,141,10.6,05:39,83,,,2079.50,27.9,0
,00:12:38,141,10.6,05:38,83,,,2082.50,27.9,0
,00:12:39,140,10.7,05:37,83,,,2085.40,27.9,0
,00:12:40,141,10.7,05:36,83,,,2088.40,27.9,0
,00:12:41,141,10.8,05:34,83,,,2091.40,27.9,0
,00:12:42,141,10.8,05:33,83,,,2094.40,28.0,0
,00:12:43,141,10.8,05:32,83,,,2097.40,27.9,0
,00:12:44,140,10.9,05:32,83,,,2100.40,27.9,0
,00:12:45,140,10.9,05:31,83,,,2103.30,28.0,0
,00:12:46,140,10.9,05:31,83,,,2106.30,28.0,0
,00:12:47,140,10.9,05:31,83,,,2109.30,27.9,0
,00:12:48,140,10.9,05:30,83,,,2112.30,27.9,0
,00:12:49,140,10.9,05:29,83,,,2115.40,27.8,0
,00:12:50,140,10.9,05:29,83,,,2118.40,28.0,0
,00:12:51,140,11.0,05:28,83,,,2121.50,28.0,0
,00:12:52,140,11.0,05:28,83,,,2124.50,27.9,0
,00:12:53,140,11.0,05:28,83,,,2127.40,27.9,0
,00:12:54,140,10.9,05:29,83,,,2130.50,27.8,0
,00:12:55,140,10.9,05:29,83,,,2133.50,27.8,0
,00:12:56,141,10.9,05:30,83,,,2136.60,28.0,0
,00:12:57,141,10.9,05:30,83,,,2139.60,27.9,0
,00:12:58,141,10.9,05:30,82,,,2142.60,28.0,0
,00:12:59,140,10.9,05:29,82,,,2145.70,27.9,0
,00:13:00,141,11.0,05:27,82,,,2149.30,27.9,0
,00:13:01,141,11.1,05:23,82,,,2152.40,28.0,0
,00:13:02,141,11.2,05:20,82,,,2155.50,27.9,0
,00:13:03,141,11.3,05:19,82,,,2158.60,28.0,0
,00:13:04,141,11.3,05:19,82,,,2161.70,28.0,0
,00:13:05,141,11.3,05:19,82,,,2164.90,28.0,0
,00:13:06,142,11.3,05:20,82,,,2167.90,27.9,0
,00:13:07,142,11.2,05:21,82,,,2171.00,27.9,0
,00:13:08,142,11.2,05:23,82,,,2174.10,28.0,0
,00:13:09,142,11.1,05:25,82,,,2177.20,27.9,0
,00:13:10,142,11.0,05:27,82,,,2180.20,28.0,0
,00:13:11,143,10.9,05:29,82,,,2183.30,28.0,0
,00:13:12,143,10.9,05:31,83,,,2186.30,28.0,0
,00:13:13,143,10.8,05:33,82,,,2189.30,28.1,0
,00:13:14,144,10.8,05:34,83,,,2192.20,28.0,0
,00:13:15,144,10.7,05:35,83,,,2195.20,27.9,0
,00:13:16,143,10.7,05:35,83,,,2198.20,28.0,0
,00:13:17,143,10.7,05:35,83,,,2201.20,28.0,0
,00:13:18,143,10.7,05:36,83,,,2204.20,28.1,0
,00:13:19,143,10.7,05:36,83,,,2207.20,28.0,0
,00:13:20,143,10.7,05:36,83,,,2210.00,28.0,0
,00:13:21,143,10.7,05:36,83,,,2213.00,28.0,0
,00:13:22,143,10.7,05:36,83,,,2216.00,28.0,0
,00:13:23,143,10.7,05:36,83,,,2219.00,28.0,0
,00:13:24,143,10.7,05:36,83,,,2221.90,27.9,0
,00:13:25,144,10.7,05:36,83,,,2224.90,28.0,0
,00:13:26,144,10.7,05:36,83,,,2227.90,28.0,0
,00:13:27,144,10.7,05:37,83,,,2230.80,28.0,0
,00:13:28,144,10.7,05:37,83,,,2233.70,27.9,0
,00:13:29,144,10.7,05:38,83,,,2236.70,28.0,0
,00:13:30,144,10.7,05:38,83,,,2239.70,27.9,0
,00:13:31,144,10.7,05:38,83,,,2242.60,28.0,0
,00:13:32,144,10.7,05:38,83,,,2245.60,28.1,0
,00:13:33,144,10.7,05:37,83,,,2248.50,28.1,0
,00:13:34,144,10.7,05:36,83,,,2251.40,28.0,0
,00:13:35,144,10.7,05:35,83,,,2254.40,28.0,0
,00:13:36,144,10.8,05:35,83,,,2257.40,28.0,0
,00:13:37,145,10.8,05:34,83,,,2260.30,28.0,0
,00:13:38,144,10.8,05:34,83,,,2263.30,28.0,0
,00:13:39,145,10.8,05:34,83,,,2266.30,28.0,0
,00:13:40,145,10.8,05:34,83,,,2269.30,28.1,0
,00:13:41,145,10.8,05:34,83,,,2272.30,28.0,0
,00:13:42,145,10.8,05:35,83,,,2275.20,28.0,0
,00:13:43,146,10.7,05:35,83,,,2278.80,28.1,0
,00:13:44,146,10.7,05:36,83,,,2281.80,28.1,0
,00:13:45,146,10.7,05:36,83,,,2284.80,28.1,0
,00:13:46,146,10.7,05:36,83,,,2287.70,28.0,0
,00:13:47,146,10.7,05:36,83,,,2290.70,28.0,0
,00:13:48,146,10.7,05:36,83,,,2293.60,28.2,0
,00:13:49,147,10.8,05:35,83,,,2296.60,28.0,0
,00:13:50,147,10.8,05:34,83,,,2299.50,28.1,0
,00:13:51,147,10.8,05:34,83,,,2302.50,28.0,0
,00:13:52,147,10.8,05:34,83,,,2305.50,28.0,0
,00:13:53,147,10.8,05:34,83,,,2308.50,28.0,0
,00:13:54,147,10.8,05:34,83,,,2311.50,28.0,0
,00:13:55,147,10.8,05:35,83,,,2314.50,28.1,0
,00:13:56,147,10.7,05:36,83,,,2317.40,28.0,0
,00:13:57,147,10.7,05:36,83,,,2320.40,28.0,0
,00:13:58,147,10.7,05:36,83,,,2323.40,28.1,0
,00:13:59,147,10.7,05:36,83,,,2326.30,28.1,0
,00:14:00,147,10.7,05:36,83,,,2329.30,28.0,0
,00:14:01,147,10.7,05:36,83,,,2332.30,28.0,0
,00:14:02,147,10.7,05:35,83,,,2335.30,28.2,0
,00:14:03,147,10.8,05:34,83,,,2338.10,28.1,0
,00:14:04,147,10.8,05:33,83,,,2341.10,28.0,0
,00:14:05,147,10.8,05:32,83,,,2344.10,28.1,0
,00:14:06,147,10.9,05:31,83,,,2347.10,28.0,0
,00:14:07,147,10.9,05:30,83,,,2350.20,28.0,0
,00:14:08,147,10.9,05:30,83,,,2353.20,27.9,0
,00:14:09,147,10.9,05:30,83,,,2356.20,28.1,0
,00:14:10,147,10.9,05:30,83,,,2359.30,28.1,0
,00:14:11,147,10.9,05:30,83,,,2362.30,28.1,0
,00:14:12,147,10.9,05:31,83,,,2365.20,28.1,0
,00:14:13,147,10.9,05:32,83,,,2368.20,28.1,0
,00:14:14,147,10.8,05:33,83,,,2371.20,28.1,0
,00:14:15,147,10.8,05:34,83,,,2374.20,28.1,0
,00:14:16,147,10.7,05:35,83,,,2377.20,28.1,0
,00:14:17,147,10.7,05:36,83,,,2380.20,28.1,0
,00:14:18,147,10.7,05:38,83,,,2383.10,28.1,0
,00:14:19,147,10.6,05:39,83,,,2386.10,28.1,0
,00:14:20,146,10.6,05:40,83,,,2389.00,28.0,0
,00:14:21,147,10.6,05:41,83,,,2392.00,28.2,0
,00:14:22,147,10.6,05:41,83,,,2394.90,28.2,0
,00:14:23,147,10.6,05:41,83,,,2397.70,28.0,0
,00:14:24,147,10.6,05:39,83,,,2400.70,28.2,0
,00:14:25,147,10.6,05:39,83,,,2403.60,28.1,0
,00:14:26,147,10.7,05:37,83,,,2406.60,28.2,0
,00:14:27,147,10.7,05:35,83,,,2410.10,28.2,0
,00:14:28,147,10.8,05:34,83,,,2413.10,28.1,0
,00:14:29,147,10.8,05:33,83,,,2416.10,28.2,0
,00:14:30,147,10.8,05:32,83,,,2419.10,28.2,0
,00:14:31,147,10.8,05:32,82,,,2422.10,28.2,0
,00:14:32,147,10.8,05:32,83,,,2425.10,28.2,0
,00:14:33,147,10.8,05:32,83,,,2428.20,28.0,0
,00:14:34,147,10.8,05:32,83,,,2431.10,28.2,0
,00:14:35,148,10.8,05:32,83,,,2434.10,28.2,0
,00:14:36,148,10.8,05:32,83,,,2437.10,28.2,0
,00:14:37,147,10.8,05:32,83,,,2440.10,28.1,0
,00:14:38,148,10.8,05:33,83,,,2443.10,28.2,0
,00:14:39,148,10.8,05:33,83,,,2446.10,28.1,0
,00:14:40,148,10.8,05:34,83,,,2449.10,28.0,0
,00:14:41,147,10.8,05:35,83,,,2452.00,28.1,0
,00:14:42,147,10.7,05:35,82,,,2455.00,28.2,0
,00:14:43,147,10.7,05:36,82,,,2458.00,28.2,0
,00:14:44,147,10.7,05:37,82,,,2460.90,28.2,0
,00:14:45,147,10.6,05:40,82,,,2463.90,28.2,0
,00:14:46,147,10.5,05:44,82,,,2466.80,28.2,0
,00:14:47,147,10.4,05:47,82,,,2469.70,28.1,0
,00:14:48,147,10.3,05:48,83,,,2472.50,28.2,0
,00:14:49,147,10.4,05:48,83,,,2475.40,28.2,0
,00:14:50,147,10.4,05:45,82,,,2478.20,28.2,0
,00:14:51,147,10.5,05:43,83,,,2481.10,28.1,0
,00:14:52,147,10.5,05:42,82,,,2484.00,28.3,0
,00:14:53,147,10.6,05:40,83,,,2486.90,28.2,0
,00:14:54,147,10.6,05:39,83,,,2489.90,28.2,0
,00:14:55,147,10.6,05:38,83,,,2492.80,28.2,0
,00:14:56,147,10.7,05:38,83,,,2495.80,28.2,0
,00:14:57,147,10.7,05:37,82,,,2498.70,28.1,0
,00:14:58,147,10.7,05:37,83,,,2501.70,28.2,0
,00:14:59,147,10.7,05:37,82,,,2504.70,28.2,0
,00:15:00,147,10.7,05:38,82,,,2507.60,28.2,0
,00:15:01,147,10.6,05:38,82,,,2510.50,28.4,0
,00:15:02,147,10.6,05:39,82,,,2513.40,28.2,0
,00:15:03,148,10.6,05:40,82,,,2516.40,28.2,0
,00:15:04,148,10.6,05:41,83,,,2519.30,28.3,0
,00:15:05,148,10.6,05:41,83,,,2522.30,28.2,0
,00:15:06,147,10.6,05:41,83,,,2525.20,28.2,0
,00:15:07,148,10.5,05:42,83,,,2528.10,28.2,0
,00:15:08,148,10.5,05:42,82,,,2531.00,28.3,0
,00:15:09,148,10.5,05:42,82,,,2533.90,28.2,0
,00:15:10,148,10.5,05:42,82,,,2536.80,28.1,0
,00:15:11,148,10.5,05:42,82,,,2537.40,28.3,0
,00:15:12,148,10.5,05:42,82,,,2540.40,28.3,0
,00:15:13,148,10.5,05:42,82,,,2543.30,28.2,0
,00:15:14,148,10.5,05:42,83,,,2546.20,28.2,0
,00:15:15,148,10.6,05:41,83,,,2549.00,28.3,0
,00:15:16,148,10.6,05:40,83,,,2552.00,28.2,0
,00:15:17,148,10.6,05:38,83,,,2554.90,28.1,0
,00:15:18,148,10.7,05:37,83,,,2557.90,28.2,0
,00:15:19,149,10.7,05:35,83,,,2560.80,28.3,0
,00:15:20,148,10.8,05:33,83,,,2563.80,28.2,0
,00:15:21,148,10.9,05:31,83,,,2566.80,28.2,0
,00:15:22,148,11.0,05:29,83,,,2569.80,28.2,0
,00:15:23,148,11.0,05:27,83,,,2572.90,28.2,0
,00:15:24,148,11.1,05:25,83,,,2575.90,28.2,0
,00:15:25,148,11.1,05:24,83,,,2579.00,28.2,0
,00:15:26,148,11.1,05:24,83,,,2582.10,28.3,0
,00:15:27,148,11.1,05:24,83,,,2585.20,28.3,0
,00:15:28,148,11.1,05:24,83,,,2588.30,28.3,0
,00:15:29,148,11.1,05:25,83,,,2591.30,28.3,0
,00:15:30,148,11.1,05:25,83,,,2594.30,28.1,0
,00:15:31,147,11.1,05:26,83,,,2597.40,28.3,0
,00:15:32,147,11.0,05:26,83,,,2600.50,28.3,0
,00:15:33,147,11.0,05:26,83,,,2603.50,28.3,0
,00:15:34,147,11.1,05:25,83,,,2606.60,28.2,0
,00:15:35,146,11.1,05:24,83,,,2609.70,28.2,0
,00:15:36,146,11.1,05:24,83,,,2612.80,28.3,0
,00:15:37,146,11.1,05:24,83,,,2615.90,28.2,0
,00:15:38,146,11.1,05:24,83,,,2618.80,28.2,0
,00:15:39,146,11.1,05:24,83,,,2621.90,28.4,0
,00:15:40,146,11.1,05:25,83,,,2625.00,28.3,0
,00:15:41,146,11.1,05:26,83,,,2628.10,28.2,0
,00:15:42,146,11.0,05:26,82,,,2631.20,28.3,0
,00:15:43,146,11.0,05:28,83,,,2634.20,28.4,0
,00:15:44,146,10.9,05:29,83,,,2637.20,28.2,0
,00:15:45,146,10.9,05:30,83,,,2640.20,28.3,0
,00:15:46,146,10.8,05:32,83,,,2643.20,28.2,0
,00:15:47,145,10.8,05:33,83,,,2646.30,28.3,0
,00:15:48,145,10.8,05:34,83,,,2649.20,28.2,0
,00:15:49,145,10.7,05:35,83,,,2652.10,28.3,0
,00:15:50,145,10.7,05:35,83,,,2655.10,28.3,0
,00:15:51,145,10.7,05:35,83,,,2658.10,28.3,0
,00:15:52,145,10.7,05:35,83,,,2661.10,28.2,0
,00:15:53,145,10.7,05:35,83,,,2664.10,28.2,0
,00:15:54,145,10.7,05:35,83,,,2667.10,28.3,0
,00:15:55,145,10.7,05:35,83,,,2670.00,28.3,0
,00:15:56,145,10.7,05:36,83,,,2672.90,28.3,0
,00:15:57,145,10.7,05:36,83,,,2676.50,28.5,0
,00:15:58,146,10.7,05:36,82,,,2679.50,28.3,0
,00:15:59,145,10.7,05:36,83,,,2682.50,28.3,0
,00:16:00,145,10.7,05:35,83,,,2685.40,28.4,0
,00:16:01,145,10.8,05:34,83,,,2688.40,28.3,0
,00:16:02,144,10.8,05:32,83,,,2691.40,28.3,0
,00:16:03,144,10.9,05:31,83,,,2694.40,28.2,0
,00:16:04,144,10.9,05:30,83,,,2697.50,28.4,0
,00:16:05,144,11.0,05:28,83,,,2700.50,28.4,0
,00:16:06,145,11.0,05:27,83,,,2703.40,28.4,0
,00:16:07,145,11.0,05:26,83,,,2706.50,28.3,0
,00:16:08,145,11.0,05:26,83,,,2709.50,28.3,0
,00:16:09,145,11.0,05:26,83,,,2712.60,28.4,0
,00:16:10,145,11.0,05:26,83,,,2715.70,28.3,0
,00:16:11,145,11.0,05:26,83,,,2718.70,28.4,0
,00:16:12,146,11.0,05:27,83,,,2721.80,28.2,0
,00:16:13,146,11.0,05:27,83,,,2724.90,28.4,0
,00:16:14,145,11.0,05:27,83,,,2727.80,28.4,0
,00:16:15,146,11.0,05:27,83,,,2730.90,28.3,0
,00:16:16,146,11.0,05:26,83,,,2733.90,28.4,0
,00:16:17,146,11.0,05:26,83,,,2737.00,28.5,0
,00:16:18,146,11.0,05:26,83,,,2740.10,28.4,0
,00:16:19,146,11.0,05:26,83,,,2743.10,28.4,0
,00:16:20,146,11.0,05:26,83,,,2746.20,28.4,0
,00:16:21,146,11.0,05:26,83,,,2749.30,28.4,0
,00:16:22,146,11.0,05:26,83,,,2752.20,28.4,0
,00:16:23,147,11.0,05:27,83,,,2755.30,28.4,0
,00:16:24,147,11.0,05:27,83,,,2758.40,28.4,0
,00:16:25,147,11.0,05:28,83,,,2761.40,28.3,0
,00:16:26,147,11.0,05:28,83,,,2764.50,28.3,0
,00:16:27,147,10.9,05:29,83,,,2767.50,28.5,0
,00:16:28,147,10.9,05:30,83,,,2770.50,28.4,0
,00:16:29,147,10.9,05:31,83,,,2773.50,28.5,0
,00:16:30,147,10.8,05:33,83,,,2776.50,28.4,0
,00:16:31,147,10.8,05:34,83,,,2779.50,28.5,0
,00:16:32,147,10.7,05:36,83,,,2782.50,28.4,0
,00:16:33,147,10.6,05:39,83,,,2785.50,28.4,0
,00:16:34,147,10.5,05:43,83,,,2788.40,28.4,0
,00:16:35,147,10.4,05:47,83,,,2791.30,28.4,0
,00:16:36,147,10.3,05:51,83,,,2794.20,28.4,0
,00:16:37,147,10.1,05:55,83,,,2796.90,28.4,0
,00:16:38,147,10.1,05:58,83,,,2799.70,28.5,0
,00:16:39,147,10.0,05:58,83,,,2802.50,28.3,0
,00:16:40,148,10.1,05:57,83,,,2805.30,28.4,0
,00:16:41,147,10.1,05:57,83,,,2808.10,28.5,0
,00:16:42,147,10.3,05:49,83,,,2810.90,28.4,0
,00:16:43,147,10.4,05:45,83,,,2814.30,28.5,0
,00:16:44,147,10.5,05:42,83,,,2817.30,28.5,0
,00:16:45,147,10.6,05:39,83,,,2820.20,28.5,0
,00:16:46,147,10.7,05:37,83,,,2823.20,28.5,0
,00:16:47,147,10.7,05:35,83,,,2826.20,28.4,0
,00:16:48,147,10.8,05:34,83,,,2829.10,28.5,0
,00:16:49,147,10.8,05:34,83,,,2832.10,28.5,0
,00:16:50,147,10.8,05:33,83,,,2835.00,28.6,0
,00:16:51,147,10.8,05:33,83,,,2838.00,28.4,0
,00:16:52,147,10.8,05:32,83,,,2841.00,28.5,0
,00:16:53,147,10.8,05:32,83,,,2844.00,28.4,0
,00:16:54,147,10.8,05:32,83,,,2847.10,28.5,0
,00:16:55,147,10.8,05:32,83,,,2850.10,28.4,0
,00:16:56,147,10.8,05:32,83,,,2853.10,28.5,0
,00:16:57,147,10.8,05:33,83,,,2856.10,28.6,0
,00:16:58,147,10.8,05:33,83,,,2859.00,28.4,0
,00:16:59,147,10.8,05:33,83,,,2862.00,28.5,0
,00:17:00,147,10.8,05:33,83,,,2865.00,28.5,0
,00:17:01,147,10.8,05:34,83,,,2868.00,28.5,0
,00:17:02,147,10.8,05:34,83,,,2871.00,28.5,0
,00:17:03,147,10.8,05:34,83,,,2874.00,28.6,0
,00:17:04,147,10.8,05:34,83,,,2877.00,28.5,0
,00:17:05,147,10.8,05:34,83,,,2879.90,28.5,0
,00:17:06,147,10.8,05:34,83,,,2882.90,28.4,0
,00:17:07,147,10.7,05:35,83,,,2885.80,28.5,0
,00:17:08,147,10.7,05:36,83,,,2888.80,28.5,0
,00:17:09,147,10.7,05:36,83,,,2891.80,28.5,0
,00:17:10,148,10.7,05:37,83,,,2894.80,28.5,0
,00:17:11,147,10.7,05:37,83,,,2897.70,28.5,0
,00:17:12,147,10.7,05:37,83,,,2900.60,28.4,0
,00:17:13,148,10.7,05:37,83,,,2903.60,28.5,0
,00:17:14,147,10.7,05:37,83,,,2906.60,28.5,0
,00:17:15,147,10.7,05:36,83,,,2909.50,28.5,0
,00:17:16,148,10.8,05:35,83,,,2912.50,28.6,0
,00:17:17,148,10.8,05:33,83,,,2915.50,28.5,0
,00:17:18,147,10.8,05:32,83,,,2918.50,28.5,0
,00:17:19,147,10.9,05:31,83,,,2921.50,28.6,0
,00:17:20,147,10.9,05:30,83,,,2924.50,28.6,0
,00:17:21,147,10.9,05:30,83,,,2927.60,28.7,0
,00:17:22,147,10.9,05:30,83,,,2930.50,28.5,0
,00:17:23,147,10.9,05:30,83,,,2933.50,28.5,0
,00:17:24,147,10.9,05:31,83,,,2936.50,28.5,0
,00:17:25,147,10.9,05:31,83,,,2939.60,28.5,0
,00:17:26,148,10.8,05:32,83,,,2942.60,28.5,0
,00:17:27,148,10.8,05:33,83,,,2945.60,28.5,0
,00:17:28,147,10.8,05:33,83,,,2948.50,28.5,0
,00:17:29,148,10.8,05:33,83,,,2952.10,28.6,0
,00:17:30,147,10.8,05:33,83,,,2955.10,28.5,0
,00:17:31,147,10.8,05:32,83,,,2958.10,28.6,0
,00:17:32,148,10.9,05:32,83,,,2961.10,28.5,0
,00:17:33,148,10.9,05:32,83,,,2964.10,28.6,0
,00:17:34,147,10.8,05:32,83,,,2967.10,28.6,0
,00:17:35,147,10.8,05:32,83,,,2970.20,28.7,0
,00:17:36,148,10.8,05:33,83,,,2973.20,28.6,0
,00:17:37,148,10.8,05:34,83,,,2976.10,28.6,0
,00:17:38,148,10.8,05:34,83,,,2979.10,28.5,0
,00:17:39,148,10.7,05:35,83,,,2982.10,28.7,0
,00:17:40,148,10.7,05:36,83,,,2985.00,28.7,0
,00:17:41,148,10.7,05:37,83,,,2988.00,28.6,0
,00:17:42,148,10.6,05:38,83,,,2990.90,28.6,0
,00:17:43,148,10.6,05:39,83,,,2993.80,28.6,0
,00:17:44,148,10.6,05:39,83,,,2996.80,28.7,0
,00:17:45,148,10.7,05:37,83,,,2999.70,28.6,0
,00:17:46,149,10.7,05:36,83,,,3002.70,28.7,0
,00:17:47,148,10.7,05:35,83,,,3005.70,28.6,0
,00:17:48,148,10.7,05:35,83,,,3008.70,28.6,0
,00:17:49,148,10.8,05:34,83,,,3011.70,28.6,0
,00:17:50,148,10.8,05:33,83,,,3014.60,28.7,0
,00:17:51,148,10.9,05:32,83,,,3017.60,28.6,0
,00:17:52,148,10.9,05:30,85,,,3020.60,28.7,0
,00:17:53,148,11.0,05:28,83,,,3023.60,28.5,0
,00:17:54,147,11.0,05:27,84,,,3026.60,28.6,0
,00:17:55,147,11.1,05:25,82,,,3029.70,28.6,0
,00:17:56,147,11.1,05:23,84,,,3032.80,28.6,0
,00:17:57,147,11.2,05:21,86,,,3035.90,28.7,0
,00:17:58,147,11.3,05:19,85,,,3039.00,28.6,0
,00:17:59,147,11.3,05:18,84,,,3042.10,28.6,0
,00:18:00,147,11.4,05:16,84,,,3045.30,28.7,0
,00:18:01,147,11.5,05:13,84,,,3048.40,28.7,0
,00:18:02,147,11.7,05:08,84,,,3051.60,28.7,0
,00:18:03,147,11.8,05:04,83,,,3054.90,28.8,0
,00:18:04,147,12.0,05:01,83,,,3058.20,28.8,0
,00:18:05,147,12.0,04:59,82,,,3061.50,28.7,0
,00:18:06,147,12.1,04:58,82,,,3064.80,28.5,0
,00:18:07,147,12.1,04:56,82,,,3068.20,28.7,0
,00:18:08,147,12.1,04:57,82,,,3071.60,28.7,0
,00:18:09,148,12.1,04:58,82,,,3074.90,28.7,0
,00:18:10,147,12.0,05:00,82,,,3078.30,28.7,0
,00:18:11,147,11.9,05:02,82,,,3081.60,28.7,0
,00:18:12,147,11.8,05:05,83,,,3084.80,28.7,0
,00:18:13,147,11.8,05:05,83,,,3088.10,28.7,0
,00:18:14,148,11.5,05:13,83,,,3091.40,28.7,0
,00:18:15,147,11.4,05:17,83,,,3095.20,28.7,0
,00:18:16,148,11.2,05:20,83,,,3098.20,28.7,0
,00:18:17,148,11.1,05:24,83,,,3101.30,28.7,0
,00:18:18,148,11.0,05:28,82,,,3104.30,28.6,0
,00:18:19,148,10.9,05:32,83,,,3107.40,28.7,0
,00:18:20,148,10.8,05:35,83,,,3110.40,28.7,0
,00:18:21,148,10.7,05:37,82,,,3113.30,28.7,0
,00:18:22,148,10.6,05:40,83,,,3116.20,28.5,0
,00:18:23,149,10.5,05:42,83,,,3119.20,28.7,0
,00:18:24,149,10.5,05:43,83,,,3122.10,28.6,0
,00:18:25,149,10.5,05:44,83,,,3124.90,28.7,0
,00:18:26,149,10.5,05:44,83,,,3127.80,28.7,0
,00:18:27,149,10.5,05:43,83,,,3130.70,28.7,0
,00:18:28,149,10.5,05:42,83,,,3133.70,28.7,0
,00:18:29,149,10.6,05:41,83,,,3136.60,28.7,0
,00:18:30,149,10.6,05:39,83,,,3139.50,28.7,0
,00:18:31,149,10.6,05:38,83,,,3142.50,28.7,0
,00:18:32,148,10.7,05:37,83,,,3145.40,28.7,0
,00:18:33,148,10.7,05:37,83,,,3148.40,28.7,0
,00:18:34,149,10.7,05:35,83,,,3151.40,28.7,0
,00:18:35,149,10.8,05:34,83,,,3154.30,28.6,0
,00:18:36,149,10.8,05:33,83,,,3157.30,28.8,0
,00:18:37,149,10.8,05:32,83,,,3160.20,28.6,0
,00:18:38,149,10.8,05:32,83,,,3163.20,28.7,0
,00:18:39,149,10.8,05:32,83,,,3166.30,28.8,0
,00:18:40,149,10.9,05:32,82,,,3169.30,28.7,0
,00:18:41,150,10.9,05:32,82,,,3172.30,28.7,0
,00:18:42,150,10.9,05:32,83,,,3175.30,28.7,0
,00:18:43,149,10.9,05:32,83,,,3178.30,28.7,0
,00:18:44,150,10.9,05:31,83,,,3181.30,28.7,0
,00:18:45,150,10.9,05:30,83,,,3184.30,28.7,0
,00:18:46,150,10.9,05:30,83,,,3187.30,28.8,0
,00:18:47,149,11.0,05:28,83,,,3190.30,28.7,0
,00:18:48,150,11.0,05:27,83,,,3193.40,28.6,0
,00:18:49,150,11.0,05:26,83,,,3196.40,28.7,0
,00:18:50,150,11.0,05:26,83,,,3199.50,28.7,0
,00:18:51,149,11.0,05:26,83,,,3202.60,28.7,0
,00:18:52,149,11.0,05:26,83,,,3205.60,28.7,0
,00:18:53,150,11.0,05:27,83,,,3208.70,28.7,0
,00:18:54,149,11.0,05:28,83,,,3211.60,28.7,0
,00:18:55,149,10.9,05:29,83,,,3214.70,28.7,0
,00:18:56,150,10.9,05:30,83,,,3217.70,28.7,0
,00:18:57,150,10.9,05:30,83,,,3220.80,28.7,0
,00:18:58,150,10.9,05:30,83,,,3223.80,28.7,0
,00:18:59,150,10.9,05:31,83,,,3226.80,28.7,0
,00:19:00,149,10.9,05:31,83,,,3227.40,28.6,0
,00:19:01,149,10.9,05:30,83,,,3230.30,28.8,0
,00:19:02,150,10.9,05:30,83,,,3233.40,28.7,0
,00:19:03,150,10.9,05:29,83,,,3236.40,28.6,0
,00:19:04,150,10.9,05:29,83,,,3239.50,28.7,0
,00:19:05,150,10.9,05:29,83,,,3242.50,28.7,0
,00:19:06,150,10.9,05:30,83,,,3245.50,28.7,0
,00:19:07,150,10.9,05:30,83,,,3248.60,28.7,0
,00:19:08,150,10.9,05:31,83,,,3251.50,28.7,0
,00:19:09,150,10.8,05:32,83,,,3254.50,28.8,0
,00:19:10,150,10.8,05:32,83,,,3257.50,28.8,0
,00:19:11,150,10.8,05:32,83,,,3260.50,28.7,0
,00:19:12,149,10.8,05:33,83,,,3263.50,28.7,0
,00:19:13,150,10.8,05:33,83,,,3266.50,28.7,0
,00:19:14,149,10.9,05:32,83,,,3269.50,28.5,0
,00:19:15,149,10.9,05:30,83,,,3272.50,28.7,0
,00:19:16,149,10.9,05:30,84,,,3275.50,28.7,0
,00:19:17,149,10.9,05:29,85,,,3278.50,28.6,0
,00:19:18,148,10.9,05:29,84,,,3281.60,28.7,0
,00:19:19,148,10.9,05:29,84,,,3284.60,28.7,0
,00:19:20,148,10.9,05:29,84,,,3287.60,28.7,0
,00:19:21,148,10.9,05:30,84,,,3290.70,28.6,0
,00:19:22,148,10.9,05:30,84,,,3293.70,28.7,0
,00:19:23,148,10.9,05:30,84,,,3296.60,28.7,0
,00:19:24,148,10.9,05:30,84,,,3299.70,28.5,0
,00:19:25,148,10.9,05:30,84,,,3302.70,28.7,0
,00:19:26,148,10.9,05:30,84,,,3305.70,28.7,0
,00:19:27,148,10.9,05:30,84,,,3308.80,28.7,0
,00:19:28,148,10.9,05:30,84,,,3311.80,28.7,0
,00:19:29,148,10.9,05:30,84,,,3314.80,28.6,0
,00:19:30,148,10.9,05:30,84,,,3317.90,28.7,0
,00:19:31,148,10.9,05:31,84,,,3320.80,28.6,0
,00:19:32,148,10.9,05:31,84,,,3323.80,28.7,0
,00:19:33,148,10.8,05:32,84,,,3326.80,28.7,0
,00:19:34,148,10.8,05:32,84,,,3329.90,28.7,0
,00:19:35,148,10.8,05:32,84,,,3332.90,28.7,0
,00:19:36,147,10.8,05:33,84,,,3335.90,28.6,0
,00:19:37,147,10.8,05:33,84,,,3338.80,28.7,0
,00:19:38,147,10.8,05:33,84,,,3341.80,28.7,0
,00:19:39,147,10.8,05:33,84,,,3344.80,28.7,0
,00:19:40,147,10.8,05:34,84,,,3347.80,28.7,0
,00:19:41,147,10.8,05:34,84,,,3350.80,28.7,0
,00:19:42,148,10.8,05:34,84,,,3353.80,28.6,0
,00:19:43,147,10.8,05:33,84,,,3356.80,28.7,0
,00:19:44,147,10.8,05:33,84,,,3359.80,28.7,0
,00:19:45,147,10.7,05:35,84,,,3362.70,28.7,0
,00:19:46,147,10.7,05:37,84,,,3366.20,28.7,0
,00:19:47,147,10.6,05:38,84,,,3369.20,28.7,0
,00:19:48,147,10.6,05:39,84,,,3372.20,28.7,0
,00:19:49,147,10.6,05:40,84,,,3375.10,28.7,0
,00:19:50,147,10.6,05:41,84,,,3377.90,28.7,0
,00:19:51,147,10.7,05:37,84,,,3380.90,28.7,0
,00:19:52,147,10.9,05:31,84,,,3383.80,28.7,0
,00:19:53,147,10.8,05:32,84,,,3386.90,28.6,0
,00:19:54,147,10.5,05:42,84,,,3389.90,28.6,0
,00:19:55,147,10.1,05:56,84,,,3392.80,28.6,0
,00:19:56,146,0.0,00:00,84,,,3395.50,28.7,0
,00:19:57,146,0.0,00:00,84,,,3395.50,28.7,0
,00:19:58,146,0.0,00:00,66,,,3395.50,28.7,0
,00:19:59,146,9.6,06:15,66,,,3395.50,28.7,0
,00:20:00,145,9.1,06:36,66,,,3398.00,28.7,0
,00:20:01,145,8.6,06:58,66,,,3400.40,28.7,0
,00:20:02,145,8.2,07:21,58,,,3402.70,28.7,0
,00:20:03,145,7.7,07:45,50,,,3405.00,28.7,0
,00:20:04,146,7.4,08:06,54,,,3407.00,28.6,0
,00:20:05,147,7.2,08:23,56,,,3409.00,28.7,0
,00:20:06,148,7.0,08:33,76,,,3411.00,28.8,0
,00:20:07,149,7.6,07:55,80,,,3412.80,28.8,0
,00:20:08,149,8.2,07:20,82,,,3415.00,28.7,0
,00:20:09,149,8.6,06:59,83,,,3417.40,28.8,0
,00:20:10,149,9.0,06:41,83,,,3419.90,28.7,0
,00:20:11,149,9.5,06:21,83,,,3422.40,28.7,0
,00:20:12,149,9.9,06:02,83,,,3425.10,28.7,0
,00:20:13,149,10.3,05:49,83,,,3427.90,28.7,0
,00:20:14,148,10.5,05:43,83,,,3430.80,28.7,0
,00:20:15,148,10.6,05:39,82,,,3433.70,28.7,0
,00:20:16,148,10.7,05:36,83,,,3436.70,28.8,0
,00:20:17,148,10.8,05:34,82,,,3439.70,28.7,0
,00:20:18,147,10.8,05:33,82,,,3442.70,28.7,0
,00:20:19,147,10.8,05:33,83,,,3445.70,28.7,0
,00:20:20,146,10.8,05:33,83,,,3448.70,28.8,0
,00:20:21,146,10.8,05:33,83,,,3451.70,28.8,0
,00:20:22,145,10.8,05:34,83,,,3454.70,28.7,0
,00:20:23,145,10.7,05:35,83,,,3457.60,28.7,0
,00:20:24,145,10.7,05:36,83,,,3460.60,28.8,0
,00:20:25,144,10.7,05:38,83,,,3463.60,28.8,0
,00:20:26,144,10.6,05:39,83,,,3466.50,28.8,0
,00:20:27,144,10.6,05:39,83,,,3469.50,28.9,0
,00:20:28,144,10.6,05:40,83,,,3472.40,28.8,0
,00:20:29,144,10.6,05:40,83,,,3475.30,28.7,0
,00:20:30,143,10.6,05:40,83,,,3478.20,28.8,0
,00:20:31,143,10.6,05:40,83,,,3481.70,28.7,0
,00:20:32,143,10.6,05:40,83,,,3484.70,28.8,0
,00:20:33,142,10.6,05:39,83,,,3487.60,28.8,0
,00:20:34,143,10.6,05:38,83,,,3490.60,28.7,0
,00:20:35,143,10.6,05:38,83,,,3493.50,28.8,0
,00:20:36,143,10.6,05:38,83,,,3496.40,28.7,0
,00:20:37,143,10.6,05:38,83,,,3499.40,28.9,0
,00:20:38,143,10.6,05:38,83,,,3502.30,28.9,0
,00:20:39,143,10.6,05:39,82,,,3505.30,28.7,0
,00:20:40,143,10.6,05:39,83,,,3508.20,28.8,0
,00:20:41,142,10.6,05:39,83,,,3511.20,28.8,0
,00:20:42,142,10.6,05:38,83,,,3514.10,28.7,0
,00:20:43,142,10.7,05:37,83,,,3517.10,28.8,0
,00:20:44,142,10.7,05:37,82,,,3519.90,28.7,0
,00:20:45,142,10.7,05:36,82,,,3522.90,28.9,0
,00:20:46,142,10.7,05:36,83,,,3525.90,28.8,0
,00:20:47,142,10.7,05:36,83,,,3528.90,28.8,0
,00:20:48,142,10.7,05:36,83,,,3531.80,28.8,0
,00:20:49,143,10.7,05:36,82,,,3534.80,28.8,0
,00:20:50,142,10.7,05:36,83,,,3537.80,28.8,0
,00:20:51,143,10.7,05:36,83,,,3540.80,28.7,0
,00:20:52,142,10.7,05:35,83,,,3543.70,28.9,0
,00:20:53,143,10.7,05:35,83,,,3546.60,28.7,0
,00:20:54,143,10.7,05:35,83,,,3549.60,28.8,0
,00:20:55,143,10.7,05:35,83,,,3552.60,28.8,0
,00:20:56,144,10.7,05:35,83,,,3555.60,28.8,0
,00:20:57,144,10.7,05:35,83,,,3558.60,28.7,0
,00:20:58,144,10.7,05:35,82,,,3561.60,28.8,0
,00:20:59,144,10.7,05:35,82,,,3564.50,28.8,0
,00:21:00,144,10.7,05:35,83,,,3567.50,28.7,0
,00:21:01,144,10.7,05:35,82,,,3570.40,28.9,0
,00:21:02,144,10.7,05:36,83,,,3573.40,28.9,0
,00:21:03,144,10.7,05:36,83,,,3576.40,28.8,0
,00:21:04,144,10.7,05:36,82,,,3579.30,28.7,0
,00:21:05,144,10.7,05:36,82,,,3582.30,28.8,0
,00:21:06,144,10.7,05:36,83,,,3585.30,28.8,0
,00:21:07,144,10.7,05:36,82,,,3588.20,28.9,0
,00:21:08,145,10.7,05:36,83,,,3591.10,28.9,0
,00:21:09,145,10.7,05:36,83,,,3594.10,28.9,0
,00:21:10,144,10.7,05:36,82,,,3597.10,28.8,0
,00:21:11,145,10.7,05:36,83,,,3600.00,28.8,0
,00:21:12,145,10.7,05:36,83,,,3603.00,28.8,0
,00:21:13,145,10.7,05:35,83,,,3606.00,28.7,0
,00:21:14,145,10.7,05:35,83,,,3609.00,28.7,0
,00:21:15,145,10.7,05:35,83,,,3612.00,28.9,0
,00:21:16,145,10.7,05:35,83,,,3614.80,28.9,0
,00:21:17,145,10.7,05:35,83,,,3618.40,28.8,0
,00:21:18,145,10.7,05:36,83,,,3621.40,28.8,0
,00:21:19,145,10.7,05:36,83,,,3624.40,28.8,0
,00:21:20,146,10.7,05:36,83,,,3627.40,28.8,0
,00:21:21,146,10.7,05:36,83,,,3630.30,28.8,0
,00:21:22,146,10.7,05:35,83,,,3633.30,28.8,0
,00:21:23,146,10.7,05:35,83,,,3636.30,28.9,0
,00:21:24,147,10.7,05:35,83,,,3639.20,28.7,0
,00:21:25,147,10.7,05:35,83,,,3642.20,28.8,0
,00:21:26,147,10.7,05:36,83,,,3645.10,28.9,0
,00:21:27,147,10.7,05:36,83,,,3648.10,28.9,0
,00:21:28,147,10.7,05:37,83,,,3651.10,28.9,0
,00:21:29,147,10.7,05:37,83,,,3654.10,28.9,0
,00:21:30,147,10.7,05:37,83,,,3656.90,28.9,0
,00:21:31,148,10.7,05:38,82,,,3659.90,28.8,0
,00:21:32,148,10.7,05:38,83,,,3662.80,28.8,0
,00:21:33,148,10.6,05:38,83,,,3665.80,28.8,0
,00:21:34,148,10.6,05:39,83,,,3668.80,28.8,0
,00:21:35,148,10.6,05:39,82,,,3671.70,28.8,0
,00:21:36,148,10.6,05:39,83,,,3674.70,28.8,0
,00:21:37,147,10.6,05:39,83,,,3677.60,28.9,0
,00:21:38,148,10.6,05:39,83,,,3680.50,28.8,0
,00:21:39,147,10.6,05:39,83,,,3683.40,28.8,0
,00:21:40,147,10.6,05:38,83,,,3686.40,28.9,0
,00:21:41,147,10.7,05:38,83,,,3689.30,28.9,0
,00:21:42,148,10.7,05:37,83,,,3692.30,28.9,0
,00:21:43,147,10.7,05:36,83,,,3695.30,28.8,0
,00:21:44,147,10.7,05:36,83,,,3698.20,28.9,0
,00:21:45,148,10.8,05:35,83,,,3701.20,29.0,0
,00:21:46,148,10.8,05:34,83,,,3704.20,28.8,0
,00:21:47,147,10.8,05:34,83,,,3707.10,29.0,0
,00:21:48,147,10.8,05:33,83,,,3710.10,29.0,0
,00:21:49,147,10.8,05:33,82,,,3713.10,28.8,0
,00:21:50,147,10.8,05:32,82,,,3716.10,28.9,0
,00:21:51,147,10.9,05:31,83,,,3719.10,28.9,0
,00:21:52,147,10.9,05:30,83,,,3722.10,28.9,0
,00:21:53,147,10.9,05:30,83,,,3725.20,28.9,0
,00:21:54,147,10.9,05:30,83,,,3728.20,29.0,0
,00:21:55,147,10.9,05:30,83,,,3731.20,28.8,0
,00:21:56,148,10.9,05:31,83,,,3734.10,28.9,0
,00:21:57,147,10.8,05:32,83,,,3737.20,28.8,0
,00:21:58,148,10.8,05:33,83,,,3740.20,29.0,0
,00:21:59,148,10.8,05:34,83,,,3743.20,28.9,0
,00:22:00,148,10.7,05:36,83,,,3746.20,28.9,0
,00:22:01,148,10.7,05:37,83,,,3749.10,28.8,0
,00:22:02,148,10.7,05:37,83,,,3752.00,28.9,0
,00:22:03,148,10.7,05:37,83,,,3755.60,28.9,0
,00:22:04,148,10.7,05:37,83,,,3758.50,28.9,0
,00:22:05,148,10.7,05:36,83,,,3761.50,28.9,0
,00:22:06,148,10.8,05:35,83,,,3764.50,28.8,0
,00:22:07,148,10.8,05:34,83,,,3767.50,28.9,0
,00:22:08,147,10.8,05:33,83,,,3770.50,28.9,0
,00:22:09,147,10.8,05:33,83,,,3773.50,28.9,0
,00:22:10,148,10.8,05:33,83,,,3776.50,28.9,0
,00:22:11,147,10.8,05:33,83,,,3779.40,28.9,0
,00:22:12,147,10.8,05:33,83,,,3782.40,28.9,0
,00:22:13,148,10.8,05:34,83,,,3785.40,28.9,0
,00:22:14,147,10.8,05:34,83,,,3788.40,29.0,0
,00:22:15,147,10.7,05:35,83,,,3791.40,28.9,0
,00:22:16,148,10.7,05:36,83,,,3794.40,28.9,0
,00:22:17,148,10.7,05:36,83,,,3797.40,28.9,0
,00:22:18,147,10.7,05:36,83,,,3800.20,28.9,0
,00:22:19,147,10.7,05:35,83,,,3803.20,28.9,0
,00:22:20,147,10.8,05:35,83,,,3806.20,29.0,0
,00:22:21,147,10.8,05:34,83,,,3809.20,28.9,0
,00:22:22,147,10.8,05:34,83,,,3812.20,29.0,0
,00:22:23,147,10.8,05:32,83,,,3815.20,28.9,0
,00:22:24,147,10.9,05:31,83,,,3818.20,28.9,0
,00:22:25,147,10.9,05:30,83,,,3821.20,28.9,0
,00:22:26,148,11.0,05:28,83,,,3824.20,28.9,0
,00:22:27,148,11.0,05:27,83,,,3827.30,29.0,0
,00:22:28,148,11.0,05:26,83,,,3830.20,28.9,0
,00:22:29,148,11.0,05:26,83,,,3833.30,28.9,0
,00:22:30,148,11.1,05:25,83,,,3836.40,28.9,0
,00:22:31,148,11.1,05:25,83,,,3839.40,29.0,0
,00:22:32,148,11.1,05:25,83,,,3842.50,29.0,0
,00:22:33,149,11.1,05:25,84,,,3845.60,28.9,0
,00:22:34,149,11.1,05:25,84,,,3848.70,29.0,0
,00:22:35,149,11.1,05:25,84,,,3851.80,28.9,0
,00:22:36,149,11.0,05:26,84,,,3854.80,29.0,0
,00:22:37,149,11.0,05:27,84,,,3857.80,29.0,0
,00:22:38,149,11.0,05:28,84,,,3860.90,28.9,0
,00:22:39,149,10.9,05:29,84,,,3863.90,28.9,0
,00:22:40,149,10.9,05:30,84,,,3867.00,28.9,0
,00:22:41,149,10.9,05:31,85,,,3870.00,28.9,0
,00:22:42,149,10.8,05:32,84,,,3872.90,28.9,0
,00:22:43,149,10.8,05:33,84,,,3875.90,28.9,0
,00:22:44,149,10.8,05:33,84,,,3878.90,28.9,0
,00:22:45,148,10.8,05:33,84,,,3881.90,28.9,0
,00:22:46,149,10.8,05:33,84,,,3884.90,28.9,0
,00:22:47,148,10.8,05:33,84,,,3887.90,29.0,0
,00:22:48,148,10.8,05:33,84,,,3890.90,29.0,0
,00:22:49,148,10.8,05:33,84,,,3893.80,29.0,0
,00:22:50,148,10.8,05:34,84,,,3894.40,29.0,0
,00:22:51,147,10.8,05:34,84,,,3897.40,29.0,0
,00:22:52,147,10.8,05:34,84,,,3900.40,29.0,0
,00:22:53,147,10.8,05:34,84,,,3903.40,29.0,0
,00:22:54,147,10.8,05:34,84,,,3906.40,29.0,0
,00:22:55,147,10.8,05:34,84,,,3909.40,28.9,0
,00:22:56,147,10.8,05:34,84,,,3912.40,29.0,0
,00:22:57,147,10.8,05:34,84,,,3915.30,28.9,0
,00:22:58,147,10.8,05:34,84,,,3918.20,28.9,0
,00:22:59,147,10.8,05:34,84,,,3921.20,29.0,0
,00:23:00,147,10.8,05:33,84,,,3924.20,29.0,0
,00:23:01,147,10.8,05:32,84,,,3927.20,29.0,0
,00:23:02,147,10.9,05:31,84,,,3930.20,29.0,0
,00:23:03,147,10.9,05:31,84,,,3933.30,29.0,0
,00:23:04,147,10.9,05:30,84,,,3936.30,29.0,0
,00:23:05,147,10.9,05:30,84,,,3939.30,29.0,0
,00:23:06,147,10.9,05:30,84,,,3942.20,29.0,0
,00:23:07,147,10.9,05:30,84,,,3945.30,29.0,0
,00:23:08,147,10.9,05:30,84,,,3948.30,29.0,0
,00:23:09,147,10.9,05:31,84,,,3951.30,29.0,0
,00:23:10,147,10.8,05:32,84,,,3954.30,29.0,0
,00:23:11,148,10.8,05:33,84,,,3957.40,29.0,0
,00:23:12,148,10.8,05:33,84,,,3960.40,29.0,0
,00:23:13,148,10.8,05:34,84,,,3963.30,29.0,0
,00:23:14,148,10.8,05:34,84,,,3966.30,29.0,0
,00:23:15,148,10.8,05:34,84,,,3969.30,29.0,0
,00:23:16,148,10.8,05:34,84,,,3972.30,29.0,0
,00:23:17,148,10.8,05:34,84,,,3975.30,29.2,0
,00:23:18,148,10.8,05:33,84,,,3978.30,29.1,0
,00:23:19,148,10.8,05:32,84,,,3981.30,29.0,0
,00:23:20,148,10.9,05:31,84,,,3984.30,29.0,0
,00:23:21,148,10.9,05:31,84,,,3987.20,29.0,0
,00:23:22,148,10.9,05:31,84,,,3990.20,29.1,0
,00:23:23,149,10.9,05:30,84,,,3993.20,29.0,0
,00:23:24,149,10.9,05:29,84,,,3996.30,29.0,0
,00:23:25,149,10.9,05:29,84,,,3999.30,29.1,0
,00:23:26,149,10.9,05:29,84,,,4002.30,29.1,0
,00:23:27,149,10.9,05:29,84,,,4005.40,29.2,0
,00:23:28,149,10.9,05:29,84,,,4008.40,29.2,0
,00:23:29,149,10.9,05:30,84,,,4011.40,29.1,0
,00:23:30,149,10.9,05:30,84,,,4014.40,29.1,0
,00:23:31,149,10.9,05:31,84,,,4017.40,29.1,0
,00:23:32,149,10.9,05:31,84,,,4020.40,29.1,0
,00:23:33,149,10.9,05:32,84,,,4023.50,29.1,0
,00:23:34,149,10.9,05:32,84,,,4026.50,29.0,0
,00:23:35,149,10.9,05:32,84,,,4029.50,29.0,0
,00:23:36,149,10.8,05:32,84,,,4032.40,29.0,0
,00:23:37,149,10.8,05:32,84,,,4036.00,29.2,0
,00:23:38,149,10.8,05:32,84,,,4039.00,29.0,0
,00:23:39,149,10.8,05:32,84,,,4042.00,29.2,0
,00:23:40,149,10.8,05:32,84,,,4045.00,29.0,0
,00:23:41,149,10.8,05:33,84,,,4048.00,29.0,0
,00:23:42,149,10.8,05:34,84,,,4051.00,29.1,0
,00:23:43,149,10.8,05:35,84,,,4054.00,29.2,0
,00:23:44,149,10.7,05:36,84,,,4056.90,29.0,0
,00:23:45,149,10.7,05:38,84,,,4059.90,29.2,0
,00:23:46,149,10.6,05:39,84,,,4062.90,29.1,0
,00:23:47,149,10.6,05:39,84,,,4065.80,29.1,0
,00:23:48,149,10.6,05:40,84,,,4068.80,29.0,0
,00:23:49,149,10.6,05:40,84,,,4071.60,29.0,0
,00:23:50,149,10.6,05:40,84,,,4074.50,29.2,0
,00:23:51,148,10.6,05:40,84,,,4077.50,29.1,0
,00:23:52,148,10.6,05:40,84,,,4080.40,29.1,0
,00:23:53,149,10.6,05:40,84,,,4083.40,29.1,0
,00:23:54,148,10.6,05:40,84,,,4086.30,29.2,0
,00:23:55,148,10.6,05:40,85,,,4089.20,29.2,0
,00:23:56,149,10.6,05:38,85,,,4092.20,29.1,0
,00:23:57,149,10.8,05:34,85,,,4095.10,29.2,0
,00:23:58,148,10.9,05:30,85,,,4098.10,29.2,0
,00:23:59,148,10.9,05:29,85,,,4101.10,29.2,0
,00:24:00,148,11.0,05:28,84,,,4104.20,29.2,0
,00:24:01,148,11.0,05:28,84,,,4107.20,29.1,0
,00:24:02,148,10.8,05:33,84,,,4110.20,29.2,0
,00:24:03,148,10.6,05:39,84,,,4113.20,29.2,0
,00:24:04,147,10.5,05:42,84,,,4116.10,29.1,0
,00:24:05,147,10.5,05:42,84,,,4119.00,29.2,0
,00:24:06,148,10.6,05:41,84,,,4121.90,29.2,0
,00:24:07,148,10.6,05:40,84,,,4124.80,29.1,0
,00:24:08,148,10.6,05:39,84,,,4127.80,29.2,0
,00:24:09,148,10.7,05:38,84,,,4130.70,29.2,0
,00:24:10,147,10.7,05:37,84,,,4133.70,29.2,0
,00:24:11,147,10.7,05:35,84,,,4136.60,29.2,0
,00:24:12,147,10.8,05:34,84,,,4139.60,29.1,0
,00:24:13,147,10.8,05:33,84,,,4142.60,29.2,0
,00:24:14,147,10.9,05:32,84,,,4145.60,29.2,0
,00:24:15,147,10.9,05:31,84,,,4148.60,29.2,0
,00:24:16,147,10.9,05:30,84,,,4151.60,29.2,0
,00:24:17,147,10.9,05:30,84,,,4154.60,29.1,0
,00:24:18,147,10.9,05:29,84,,,4157.60,29.2,0
,00:24:19,148,10.9,05:29,84,,,4160.70,29.2,0
,00:24:20,148,11.0,05:28,84,,,4163.70,29.2,0
,00:24:21,148,11.0,05:28,84,,,4166.70,29.2,0
,00:24:22,148,11.0,05:28,84,,,4169.80,29.1,0
,00:24:23,148,11.0,05:28,84,,,4172.80,29.2,0
,00:24:24,148,11.0,05:28,84,,,4176.50,29.2,0
,00:24:25,148,10.9,05:29,84,,,4179.50,29.2,0
,00:24:26,148,10.9,05:30,84,,,4182.50,29.2,0
,00:24:27,148,10.9,05:31,84,,,4185.50,29.2,0
,00:24:28,148,10.9,05:31,84,,,4188.50,29.2,0
,00:24:29,148,10.9,05:32,84,,,4191.60,29.2,0
,00:24:30,148,10.9,05:32,84,,,4194.60,29.1,0
,00:24:31,148,10.8,05:32,84,,,4197.60,29.2,0
,00:24:32,148,10.8,05:33,84,,,4200.50,29.1,0
,00:24:33,148,10.8,05:34,84,,,4203.50,29.3,0
,00:24:34,148,10.8,05:35,84,,,4206.50,29.2,0
,00:24:35,148,10.7,05:36,84,,,4209.50,29.1,0
,00:24:36,148,10.7,05:37,84,,,4212.50,29.2,0
,00:24:37,148,10.6,05:38,84,,,4215.30,29.2,0
,00:24:38,148,10.6,05:39,85,,,4218.30,29.3,0
,00:24:39,148,10.6,05:40,84,,,4221.20,29.2,0
,00:24:40,149,10.6,05:40,84,,,4224.20,29.3,0
,00:24:41,149,10.6,05:40,84,,,4227.10,29.3,0
,00:24:42,149,10.6,05:39,84,,,4230.00,29.2,0
,00:24:43,148,10.6,05:38,84,,,4233.00,29.2,0
,00:24:44,149,10.7,05:37,84,,,4236.00,29.2,0
,00:24:45,149,10.7,05:37,84,,,4238.80,29.3,0
,00:24:46,149,10.7,05:36,84,,,4241.80,29.2,0
,00:24:47,149,10.7,05:36,84,,,4244.80,29.4,0
,00:24:48,149,10.7,05:36,84,,,4247.70,29.3,0
,00:24:49,149,10.7,05:36,84,,,4250.70,29.4,0
,00:24:50,149,10.7,05:36,84,,,4253.70,29.3,0
,00:24:51,149,10.7,05:37,84,,,4256.70,29.2,0
,00:24:52,149,10.7,05:37,84,,,4259.60,29.4,0
,00:24:53,148,10.7,05:37,84,,,4262.60,29.2,0
,00:24:54,149,10.7,05:37,84,,,4265.50,29.2,0
,00:24:55,149,10.7,05:37,84,,,4268.40,29.3,0
,00:24:56,149,10.7,05:37,84,,,4271.40,29.2,0
,00:24:57,149,10.7,05:36,84,,,4274.40,29.3,0
,00:24:58,149,10.7,05:36,84,,,4277.30,29.3,0
,00:24:59,149,10.7,05:35,84,,,4280.30,29.4,0
,00:25:00,148,10.7,05:35,84,,,4283.30,29.4,0
,00:25:01,149,10.8,05:35,84,,,4286.30,29.3,0
,00:25:02,149,10.8,05:34,84,,,4289.20,29.3,0
,00:25:03,149,10.8,05:33,84,,,4292.20,29.3,0
,00:25:04,149,10.8,05:33,84,,,4295.20,29.3,0
,00:25:05,149,10.8,05:33,84,,,4298.20,29.3,0
,00:25:06,148,10.8,05:32,84,,,4301.20,29.3,0
,00:25:07,148,10.9,05:32,84,,,4304.20,29.3,0
,00:25:08,149,10.9,05:32,84,,,4307.20,29.2,0
,00:25:09,149,10.9,05:32,84,,,4310.20,29.2,0
,00:25:10,148,10.9,05:32,84,,,4313.20,29.4,0
,00:25:11,147,10.9,05:32,84,,,4316.20,29.3,0
,00:25:12,147,10.9,05:32,84,,,4319.80,29.4,0
,00:25:13,147,10.9,05:32,84,,,4322.80,29.2,0
,00:25:14,147,10.8,05:32,84,,,4325.80,29.3,0
,00:25:15,145,10.8,05:32,84,,,4328.80,29.4,0
,00:25:16,145,10.8,05:32,84,,,4331.80,29.2,0
,00:25:17,145,10.8,05:32,84,,,4334.80,29.2,0
,00:25:18,145,10.8,05:32,84,,,4337.80,29.4,0
,00:25:19,145,10.8,05:32,84,,,4340.80,29.3,0
,00:25:20,145,10.8,05:32,84,,,4343.70,29.3,0
,00:25:21,145,10.8,05:32,85,,,4346.70,29.4,0
,00:25:22,146,10.8,05:32,85,,,4349.70,29.4,0
,00:25:23,146,10.8,05:32,84,,,4352.80,29.4,0
,00:25:24,146,10.8,05:32,84,,,4355.80,29.3,0
,00:25:25,147,10.8,05:32,84,,,4358.80,29.4,0
,00:25:26,146,10.9,05:32,84,,,4361.80,29.4,0
,00:25:27,147,10.9,05:30,84,,,4364.80,29.3,0
,00:25:28,147,10.9,05:29,84,,,4367.80,29.3,0
,00:25:29,147,11.0,05:29,84,,,4370.80,29.3,0
,00:25:30,147,11.0,05:28,84,,,4373.80,29.3,0
,00:25:31,147,11.0,05:28,84,,,4376.80,29.4,0
,00:25:32,147,11.0,05:28,84,,,4379.90,29.4,0
,00:25:33,147,11.0,05:28,84,,,4383.00,29.4,0
,00:25:34,147,11.0,05:28,84,,,4386.00,29.4,0
,00:25:35,147,10.9,05:29,84,,,4389.00,29.4,0
,00:25:36,147,10.9,05:29,84,,,4392.10,29.4,0
,00:25:37,148,10.9,05:30,84,,,4395.00,29.4,0
,00:25:38,147,10.9,05:30,84,,,4398.10,29.3,0
,00:25:39,147,10.9,05:30,84,,,4401.10,29.6,0
,00:25:40,147,10.9,05:31,84,,,4404.10,29.4,0
,00:25:41,147,10.9,05:31,84,,,4407.10,29.4,0
,00:25:42,147,10.9,05:31,84,,,4410.20,29.4,0
,00:25:43,148,10.9,05:32,84,,,4413.20,29.4,0
,00:25:44,148,10.8,05:32,84,,,4416.10,29.4,0
,00:25:45,148,10.8,05:33,84,,,4419.10,29.5,0
,00:25:46,148,10.8,05:34,84,,,4422.10,29.5,0
,00:25:47,148,10.7,05:35,84,,,4425.10,29.5,0
,00:25:48,148,10.7,05:36,84,,,4428.10,29.4,0
,00:25:49,148,10.7,05:36,84,,,4431.10,29.4,0
,00:25:50,148,10.7,05:36,84,,,4433.90,29.5,0
,00:25:51,148,10.7,05:36,84,,,4436.90,29.5,0
,00:25:52,148,10.7,05:36,84,,,4439.90,29.5,0
,00:25:53,148,10.7,05:36,84,,,4442.90,29.5,0
,00:25:54,148,10.7,05:35,84,,,4445.80,29.5,0
,00:25:55,148,10.7,05:35,84,,,4448.80,29.5,0
,00:25:56,148,10.7,05:35,84,,,4451.80,29.5,0
,00:25:57,148,10.7,05:35,84,,,4454.80,29.6,0
,00:25:58,148,10.7,05:35,84,,,4457.80,29.6,0
,00:25:59,148,10.7,05:35,84,,,4460.60,29.4,0
,00:26:00,149,10.7,05:35,84,,,4464.20,29.5,0
,00:26:01,148,10.7,05:35,84,,,4467.20,29.4,0
,00:26:02,148,10.7,05:35,84,,,4470.20,29.5,0
,00:26:03,148,10.7,05:35,84,,,4473.20,29.5,0
,00:26:04,148,10.7,05:35,84,,,4476.10,29.5,0
,00:26:05,148,10.7,05:36,84,,,4479.10,29.5,0
,00:26:06,148,10.7,05:36,84,,,4482.00,29.6,0
,00:26:07,148,10.7,05:36,84,,,4485.00,29.4,0
,00:26:08,148,10.7,05:36,84,,,4487.90,29.5,0
,00:26:09,148,10.7,05:37,84,,,4490.90,29.6,0
,00:26:10,148,10.7,05:37,84,,,4493.90,29.5,0
,00:26:11,148,10.7,05:38,84,,,4496.90,29.6,0
,00:26:12,149,10.6,05:39,84,,,4499.80,29.5,0
,00:26:13,149,10.6,05:39,84,,,4502.70,29.6,0
,00:26:14,149,10.6,05:39,84,,,4505.60,29.6,0
,00:26:15,149,10.6,05:39,84,,,4508.60,29.6,0
,00:26:16,149,10.6,05:39,84,,,4511.50,29.6,0
,00:26:17,149,10.6,05:39,84,,,4514.50,29.7,0
,00:26:18,149,10.6,05:39,84,,,4517.40,29.6,0
,00:26:19,149,10.6,05:40,84,,,4520.30,29.6,0
,00:26:20,149,10.6,05:40,84,,,4523.30,29.7,0
,00:26:21,149,10.6,05:39,84,,,4526.10,29.6,0
,00:26:22,149,10.6,05:38,84,,,4529.10,29.6,0
,00:26:23,149,10.7,05:38,84,,,4532.00,29.6,0
,00:26:24,150,10.7,05:37,84,,,4535.00,29.5,0
,00:26:25,150,10.7,05:37,84,,,4538.00,29.6,0
,00:26:26,150,10.7,05:37,84,,,4540.90,29.5,0
,00:26:27,150,10.7,05:38,84,,,4543.90,29.6,0
,00:26:28,150,10.6,05:38,84,,,4546.80,29.6,0
,00:26:29,150,10.6,05:39,84,,,4549.80,29.6,0
,00:26:30,150,10.6,05:39,84,,,4552.70,29.6,0
,00:26:31,150,10.6,05:40,84,,,4555.60,29.6,0
,00:26:32,150,10.6,05:40,85,,,4558.50,29.6,0
,00:26:33,150,10.6,05:40,85,,,4561.50,29.6,0
,00:26:34,150,10.6,05:40,85,,,4564.40,29.6,0
,00:26:35,150,10.6,05:39,84,,,4567.40,29.6,0
,00:26:36,150,10.6,05:38,84,,,4570.30,29.5,0
,00:26:37,150,10.7,05:37,84,,,4573.30,29.6,0
,00:26:38,150,10.7,05:36,84,,,4576.10,29.6,0
,00:26:39,150,10.7,05:35,84,,,4579.10,29.7,0
,00:26:40,150,10.8,05:34,84,,,4582.10,29.5,0
,00:26:41,150,10.8,05:33,84,,,4585.10,29.6,0
,00:26:42,150,10.8,05:32,84,,,4588.10,29.6,0
,00:26:43,150,10.9,05:31,84,,,4591.10,29.6,0
,00:26:44,150,10.9,05:31,84,,,4594.10,29.6,0
,00:26:45,150,10.9,05:31,84,,,4597.10,29.5,0
,00:26:46,150,10.9,05:31,84,,,4600.20,29.7,0
,00:26:47,149,10.9,05:31,84,,,4603.20,29.7,0
,00:26:48,150,10.9,05:31,84,,,4606.10,29.7,0
,00:26:49,150,10.9,05:31,84,,,4606.70,29.6,0
,00:26:50,150,10.9,05:30,85,,,4609.70,29.6,0
,00:26:51,150,11.0,05:29,84,,,4612.70,29.6,0
,00:26:52,150,11.0,05:27,84,,,4615.80,29.7,0
,00:26:53,150,11.1,05:25,84,,,4618.80,29.7,0
,00:26:54,150,11.1,05:24,84,,,4621.90,29.5,0
,00:26:55,150,11.2,05:23,84,,,4625.00,29.6,0
,00:26:56,150,11.2,05:21,84,,,4628.10,29.6,0
,00:26:57,150,11.2,05:20,84,,,4631.20,29.7,0
,00:26:58,150,11.3,05:19,84,,,4634.30,29.6,0
,00:26:59,150,11.3,05:19,84,,,4637.50,29.7,0
,00:27:00,151,11.3,05:18,84,,,4640.60,29.6,0
,00:27:01,150,11.4,05:17,84,,,4643.80,29.6,0
,00:27:02,150,11.4,05:17,84,,,4646.90,29.6,0
,00:27:03,150,11.4,05:17,84,,,4650.10,29.6,0
,00:27:04,150,11.4,05:17,84,,,4653.20,29.6,0
,00:27:05,150,11.3,05:18,84,,,4656.30,29.6,0
,00:27:06,150,11.3,05:19,84,,,4659.40,29.6,0
,00:27:07,151,11.3,05:20,84,,,4662.60,29.6,0
,00:27:08,151,11.2,05:21,84,,,4665.70,29.6,0
,00:27:09,151,11.1,05:23,84,,,4668.80,29.6,0
,00:27:10,151,11.1,05:25,84,,,4671.80,29.5,0
,00:27:11,151,11.0,05:26,84,,,4674.90,29.6,0
,00:27:12,151,11.0,05:27,84,,,4677.90,29.6,0
,00:27:13,151,11.0,05:27,84,,,4681.00,29.6,0
,00:27:14,151,11.0,05:27,84,,,4684.00,29.6,0
,00:27:15,151,11.0,05:26,84,,,4687.10,29.6,0
,00:27:16,151,11.0,05:26,84,,,4690.10,29.6,0
,00:27:17,151,11.0,05:26,84,,,4693.10,29.6,0
,00:27:18,150,11.0,05:26,84,,,4696.20,29.7,0
,00:27:19,151,11.0,05:26,84,,,4699.30,29.7,0
,00:27:20,151,11.0,05:26,84,,,4702.30,29.6,0
,00:27:21,151,11.0,05:27,84,,,4705.40,29.6,0
,00:27:22,150,11.0,05:27,84,,,4708.50,29.6,0
,00:27:23,150,11.0,05:27,84,,,4711.50,29.6,0
,00:27:24,150,11.0,05:28,84,,,4714.50,29.6,0
,00:27:25,150,11.0,05:29,84,,,4717.50,29.6,0
,00:27:26,150,10.9,05:29,84,,,4720.60,29.6,0
,00:27:27,150,10.9,05:30,84,,,4723.60,29.6,0
,00:27:28,150,10.9,05:31,84,,,4726.60,29.6,0
,00:27:29,150,10.9,05:31,84,,,4729.70,29.7,0
,00:27:30,150,10.8,05:32,84,,,4732.60,29.7,0
,00:27:31,151,10.8,05:34,84,,,4735.60,29.6,0
,00:27:32,150,10.7,05:38,84,,,4738.60,29.7,0
,00:27:33,150,10.5,05:44,84,,,4741.50,29.6,0
,00:27:34,150,10.3,05:50,84,,,4744.40,29.6,0
,00:27:35,150,10.1,05:56,84,,,4747.20,29.7,0
,00:27:36,150,10.1,05:56,84,,,4750.00,29.6,0
,00:27:37,150,10.0,06:00,84,,,4752.70,29.6,0
,00:27:38,150,10.1,05:58,84,,,4756.10,29.7,0
,00:27:39,150,10.1,05:55,84,,,4758.90,29.5,0
,00:27:40,150,10.2,05:52,84,,,4761.70,29.6,0
,00:27:41,150,10.3,05:49,84,,,4764.50,29.6,0
,00:27:42,150,10.4,05:46,84,,,4767.40,29.7,0
,00:27:43,150,10.5,05:43,84,,,4770.30,29.7,0
,00:27:44,149,10.6,05:40,84,,,4773.20,29.7,0
,00:27:45,150,10.7,05:37,84,,,4776.20,29.7,0
,00:27:46,150,10.8,05:35,84,,,4779.10,29.6,0
,00:27:47,149,10.8,05:32,84,,,4782.10,29.7,0
,00:27:48,149,10.9,05:30,84,,,4785.10,29.6,0
,00:27:49,149,10.9,05:29,84,,,4788.20,29.6,0
,00:27:50,149,10.9,05:29,84,,,4791.20,29.6,0
,00:27:51,149,10.9,05:29,84,,,4794.20,29.6,0
,00:27:52,149,10.9,05:29,84,,,4797.30,29.6,0
,00:27:53,149,10.9,05:30,84,,,4800.30,29.6,0
,00:27:54,149,10.9,05:31,84,,,4803.30,29.6,0
,00:27:55,149,10.9,05:31,84,,,4806.30,29.6,0
,00:27:56,150,10.9,05:31,84,,,4809.30,29.6,0
,00:27:57,150,10.9,05:32,84,,,4812.30,29.6,0
,00:27:58,149,10.9,05:31,84,,,4815.30,29.6,0
,00:27:59,149,10.9,05:30,84,,,4818.30,29.6,0
,00:28:00,149,10.9,05:30,84,,,4821.40,29.7,0
,00:28:01,149,10.9,05:30,84,,,4824.40,29.6,0
,00:28:02,149,10.9,05:30,84,,,4827.40,29.6,0
,00:28:03,150,10.9,05:31,84,,,4830.40,29.6,0
,00:28:04,150,10.9,05:31,84,,,4833.40,29.7,0
,00:28:05,150,10.9,05:31,84,,,4836.40,29.7,0
,00:28:06,150,10.9,05:30,84,,,4839.40,29.8,0
,00:28:07,150,10.9,05:30,84,,,4842.50,29.6,0
,00:28:08,150,10.9,05:29,84,,,4845.50,29.7,0
,00:28:09,150,11.0,05:29,84,,,4848.50,29.7,0
,00:28:10,151,11.0,05:28,84,,,4851.60,29.7,0
,00:28:11,151,11.0,05:28,84,,,4854.60,29.6,0
,00:28:12,151,11.0,05:28,84,,,4857.60,29.7,0
,00:28:13,151,11.0,05:28,84,,,4860.60,29.8,0
,00:28:14,151,11.0,05:28,84,,,4863.70,29.6,0
,00:28:15,151,11.0,05:28,84,,,4866.70,29.6,0
,00:28:16,151,11.0,05:29,84,,,4869.80,29.6,0
,00:28:17,151,10.9,05:29,84,,,4872.80,29.7,0
,00:28:18,151,10.9,05:30,85,,,4875.80,29.7,0
,00:28:19,151,10.9,05:30,85,,,4878.80,29.7,0
,00:28:20,151,10.9,05:30,85,,,4881.80,29.7,0
,00:28:21,150,10.9,05:29,85,,,4884.90,29.7,0
,00:28:22,150,10.9,05:29,85,,,4887.90,29.6,0
,00:28:23,150,11.0,05:29,84,,,4890.90,29.8,0
,00:28:24,151,11.0,05:29,84,,,4894.00,29.6,0
,00:28:25,151,11.0,05:29,85,,,4897.00,29.6,0
,00:28:26,151,10.9,05:30,84,,,4900.10,29.7,0
,00:28:27,151,10.9,05:30,85,,,4903.70,29.7,0
,00:28:28,151,10.9,05:31,84,,,4906.60,29.6,0
,00:28:29,151,10.9,05:32,84,,,4909.60,29.8,0
,00:28:30,152,10.8,05:32,84,,,4912.60,29.7,0
,00:28:31,151,10.8,05:33,84,,,4915.70,29.7,0
,00:28:32,151,10.8,05:34,84,,,4918.70,29.6,0
,00:28:33,151,10.8,05:34,84,,,4921.70,29.7,0
,00:28:34,151,10.8,05:34,84,,,4924.50,29.7,0
,00:28:35,151,10.8,05:33,84,,,4927.50,29.7,0
,00:28:36,151,10.8,05:33,84,,,4930.50,29.7,0
,00:28:37,151,10.9,05:32,84,,,4933.50,29.7,0
,00:28:38,151,10.9,05:31,84,,,4936.60,29.8,0
,00:28:39,151,10.9,05:30,84,,,4939.60,29.7,0
,00:28:40,151,10.9,05:29,84,,,4942.60,29.7,0
,00:28:41,152,10.9,05:29,84,,,4945.60,29.7,0
,00:28:42,151,10.9,05:29,84,,,4948.70,29.7,0
,00:28:43,151,10.9,05:29,84,,,4951.70,29.8,0
,00:28:44,151,10.9,05:30,84,,,4954.70,29.8,0
,00:28:45,151,10.9,05:30,84,,,4957.70,29.7,0
,00:28:46,151,10.9,05:31,84,,,4960.70,29.8,0
,00:28:47,151,10.9,05:31,84,,,4963.70,29.8,0
,00:28:48,151,10.9,05:29,84,,,4966.80,29.6,0
,00:28:49,151,11.0,05:29,84,,,4969.80,29.7,0
,00:28:50,151,11.0,05:29,84,,,4972.80,29.7,0
,00:28:51,150,11.0,05:29,84,,,4975.90,29.8,0
,00:28:52,151,10.9,05:29,84,,,4978.90,29.8,0
,00:28:53,151,10.9,05:30,84,,,4981.90,29.7,0
,00:28:54,150,10.9,05:30,84,,,4984.90,29.7,0
,00:28:55,150,10.9,05:30,84,,,4987.90,29.7,0
,00:28:56,150,10.9,05:31,84,,,4991.00,29.7,0
,00:28:57,150,10.9,05:31,84,,,4994.00,29.7,0
,00:28:58,149,10.9,05:32,84,,,4997.00,29.7,0
,00:28:59,149,10.8,05:32,84,,,4999.90,29.8,0
,00:29:00,149,10.8,05:33,84,,,5002.90,29.7,0
,00:29:01,149,10.8,05:34,84,,,5005.90,29.6,0
,00:29:02,149,10.8,05:35,84,,,5008.90,29.7,0
,00:29:03,149,10.7,05:36,84,,,5011.90,29.7,0
,00:29:04,149,10.7,05:37,84,,,5014.90,29.8,0
,00:29:05,149,10.7,05:38,84,,,5017.80,29.8,0
,00:29:06,149,10.6,05:39,84,,,5020.70,29.8,0
,00:29:07,149,10.6,05:39,83,,,5023.70,29.8,0
,00:29:08,149,10.6,05:39,82,,,5026.60,29.7,0
,00:29:09,148,10.6,05:39,83,,,5029.60,29.7,0
,00:29:10,148,10.6,05:39,83,,,5032.50,29.7,0
,00:29:11,148,10.6,05:39,83,,,5035.50,29.7,0
,00:29:12,148,10.6,05:38,83,,,5038.40,29.8,0
,00:29:13,148,10.6,05:38,83,,,5041.30,29.8,0
,00:29:14,149,10.6,05:38,83,,,5044.20,29.7,0
,00:29:15,148,10.7,05:37,83,,,5047.20,29.8,0
,00:29:16,148,10.7,05:37,83,,,5050.80,29.7,0
,00:29:17,148,10.7,05:37,83,,,5053.70,29.7,0
,00:29:18,148,10.7,05:37,83,,,5056.70,29.7,0
,00:29:19,148,10.7,05:37,83,,,5059.70,29.7,0
,00:29:20,148,10.7,05:36,83,,,5062.60,29.8,0
,00:29:21,148,10.7,05:36,83,,,5065.60,29.8,0
,00:29:22,148,10.7,05:36,83,,,5068.50,29.6,0
,00:29:23,148,10.7,05:35,83,,,5071.50,29.9,0
,00:29:24,149,10.8,05:35,83,,,5074.40,29.6,0
,00:29:25,148,10.8,05:34,83,,,5077.40,29.8,0
,00:29:26,148,10.8,05:34,83,,,5080.40,29.6,0
,00:29:27,148,10.8,05:33,83,,,5083.40,29.7,0
,00:29:28,148,10.8,05:33,83,,,5086.40,29.8,0
,00:29:29,148,10.8,05:33,83,,,5089.40,29.7,0
,00:29:30,148,10.8,05:33,83,,,5092.40,29.7,0
,00:29:31,148,10.8,05:33,83,,,5095.30,29.7,0
,00:29:32,148,10.8,05:34,83,,,5098.30,29.7,0
,00:29:33,148,10.8,05:34,83,,,5101.30,29.7,0
,00:29:34,148,10.8,05:34,83,,,5104.30,29.8,0
,00:29:35,148,10.8,05:34,83,,,5107.30,29.9,0
,00:29:36,148,10.8,05:33,83,,,5110.30,29.8,0
,00:29:37,148,10.9,05:31,83,,,5113.30,29.7,0
,00:29:38,147,10.9,05:30,83,,,5116.30,29.8,0
,00:29:39,147,10.9,05:29,83,,,5119.40,29.8,0
,00:29:40,148,11.0,05:28,83,,,5122.40,29.8,0
,00:29:41,148,11.0,05:27,83,,,5125.50,29.8,0
,00:29:42,148,11.0,05:27,83,,,5128.40,29.8,0
,00:29:43,148,11.0,05:28,83,,,5131.50,29.9,0
,00:29:44,149,11.0,05:28,83,,,5134.50,29.8,0
,00:29:45,148,11.0,05:29,83,,,5137.60,29.8,0
,00:29:46,148,11.0,05:29,83,,,5140.60,29.7,0
,00:29:47,149,11.0,05:28,83,,,5143.70,29.8,0
,00:29:48,149,11.0,05:27,84,,,5146.70,29.7,0
,00:29:49,149,11.0,05:26,85,,,5149.80,29.9,0
,00:29:50,149,11.0,05:26,84,,,5152.80,29.8,0
,00:29:51,149,11.0,05:26,85,,,5155.80,29.7,0
,00:29:52,149,11.0,05:26,84,,,5158.90,29.9,0
,00:29:53,149,11.0,05:26,84,,,5161.90,29.8,0
,00:29:54,149,11.0,05:27,84,,,5165.00,29.9,0
,00:29:55,149,11.0,05:28,84,,,5168.00,29.8,0
,00:29:56,149,11.0,05:28,84,,,5171.10,29.8,0
,00:29:57,149,11.0,05:28,84,,,5174.10,29.8,0
,00:29:58,149,11.0,05:29,84,,,5177.10,29.8,0
,00:29:59,149,10.9,05:30,84,,,5180.10,29.8,0
,00:30:00,149,10.9,05:31,84,,,5183.20,29.8,0
,00:30:01,149,10.8,05:33,84,,,5186.20,29.9,0
,00:30:02,149,10.8,05:35,84,,,5189.20,29.8,0
,00:30:03,150,10.8,05:35,84,,,5192.10,29.8,0
,00:30:04,150,10.7,05:38,84,,,5195.00,29.8,0
,00:30:05,150,10.6,05:39,84,,,5198.60,29.8,0
,00:30:06,150,10.6,05:40,84,,,5201.60,29.8,0
,00:30:07,150,10.6,05:40,84,,,5204.50,29.8,0
,00:30:08,150,10.6,05:40,84,,,5207.40,29.8,0
,00:30:09,150,10.6,05:40,85,,,5210.30,29.8,0
,00:30:10,150,10.6,05:39,85,,,5213.20,29.8,0
,00:30:11,150,10.6,05:38,85,,,5216.20,29.8,0
,00:30:12,150,10.7,05:38,84,,,5219.10,29.8,0
,00:30:13,150,10.7,05:37,84,,,5222.10,29.8,0
,00:30:14,150,10.7,05:37,84,,,5225.00,29.8,0
,00:30:15,150,10.7,05:36,84,,,5228.00,29.8,0
,00:30:16,150,10.7,05:35,84,,,5231.00,29.8,0
,00:30:17,150,10.7,05:35,84,,,5234.00,29.8,0
,00:30:18,150,10.7,05:35,84,,,5236.90,29.8,0
,00:30:19,151,10.7,05:35,84,,,5239.90,29.7,0
,00:30:20,151,10.7,05:36,84,,,5242.80,29.8,0
,00:30:21,151,10.7,05:36,84,,,5245.80,29.8,0
,00:30:22,151,10.7,05:36,84,,,5248.80,29.8,0
,00:30:23,151,10.7,05:36,84,,,5251.70,29.8,0
,00:30:24,151,10.7,05:36,84,,,5254.70,29.9,0
,00:30:25,151,10.7,05:36,84,,,5257.70,29.8,0
,00:30:26,151,10.7,05:35,84,,,5260.70,29.9,0
,00:30:27,151,10.7,05:35,84,,,5263.70,29.8,0
,00:30:28,150,10.7,05:35,84,,,5266.50,29.8,0
,00:30:29,150,10.7,05:35,84,,,5269.50,29.8,0
,00:30:30,150,10.7,05:35,84,,,5272.50,29.8,0
,00:30:31,150,10.7,05:35,84,,,5275.50,29.8,0
,00:30:32,150,10.8,05:34,84,,,5278.50,29.8,0
,00:30:33,150,10.8,05:34,84,,,5281.50,29.8,0
,00:30:34,150,10.8,05:33,84,,,5284.50,29.8,0
,00:30:35,150,10.8,05:33,84,,,5287.50,29.7,0
,00:30:36,150,10.8,05:33,84,,,5290.50,29.8,0
,00:30:37,150,10.8,05:33,84,,,5293.40,29.8,0
,00:30:38,150,10.8,05:33,84,,,5296.40,29.8,0
,00:30:39,150,10.8,05:33,84,,,5299.40,29.8,0
,00:30:40,150,10.8,05:33,84,,,5302.40,29.8,0
,00:30:41,151,10.8,05:33,84,,,5305.40,29.8,0
,00:30:42,151,10.8,05:33,84,,,5308.40,29.8,0
,00:30:43,150,10.8,05:32,84,,,5311.40,29.8,0
,00:30:44,150,10.8,05:32,84,,,5314.40,29.8,0
,00:30:45,150,10.8,05:32,84,,,5317.40,29.8,0
,00:30:46,151,10.8,05:33,84,,,5320.30,29.8,0
,00:30:47,150,10.8,05:33,84,,,5323.30,29.9,0
,00:30:48,150,10.8,05:33,84,,,5326.30,29.8,0
,00:30:49,150,10.8,05:33,84,,,5329.30,29.8,0
,00:30:50,150,10.8,05:34,84,,,5332.30,29.8,0
,00:30:51,149,10.7,05:35,84,,,5335.30,29.8,0
,00:30:52,149,10.7,05:38,84,,,5338.30,29.8,0
,00:30:53,150,10.7,05:38,84,,,5341.20,29.8,0
,00:30:54,149,10.5,05:42,84,,,5341.80,29.8,0
,00:30:55,149,10.4,05:46,84,,,5344.70,29.8,0
,00:30:56,149,10.4,05:48,85,,,5347.50,29.8,0
,00:30:57,149,10.4,05:45,83,,,5350.40,29.8,0
,00:30:58,149,10.7,05:37,83,,,5353.30,29.8,0
,00:30:59,149,10.9,05:30,83,,,5356.30,29.8,0
,00:31:00,149,11.0,05:27,83,,,5359.40,29.8,0
,00:31:01,149,11.0,05:28,82,,,5362.40,29.8,0
,00:31:02,149,10.9,05:31,82,,,5365.50,29.8,0
,00:31:03,149,10.8,05:35,83,,,5368.40,29.8,0
,00:31:04,149,10.6,05:39,83,,,5371.40,29.7,0
,00:31:05,150,10.5,05:41,83,,,5374.30,29.8,0
,00:31:06,149,10.5,05:44,83,,,5377.20,29.8,0
,00:31:07,149,10.4,05:45,83,,,5380.10,29.8,0
,00:31:08,150,10.4,05:45,83,,,5383.00,29.7,0
,00:31:09,150,10.4,05:45,83,,,5385.90,29.8,0
,00:31:10,150,10.5,05:43,83,,,5388.80,29.9,0
,00:31:11,150,10.5,05:42,83,,,5391.70,29.9,0
,00:31:12,150,10.6,05:41,83,,,5394.60,29.8,0
,00:31:13,150,10.6,05:40,83,,,5397.60,29.8,0
,00:31:14,150,10.6,05:38,83,,,5400.50,29.9,0
,00:31:15,150,10.7,05:37,83,,,5403.50,29.8,0
,00:31:16,151,10.7,05:37,83,,,5406.30,29.8,0
,00:31:17,151,10.7,05:37,83,,,5409.30,29.9,0
,00:31:18,151,10.7,05:36,83,,,5412.30,29.9,0
,00:31:19,151,10.7,05:36,83,,,5415.20,29.8,0
,00:31:20,151,10.7,05:36,83,,,5418.20,29.8,0
,00:31:21,151,10.7,05:35,83,,,5421.20,29.9,0
,00:31:22,151,10.8,05:35,83,,,5424.20,29.8,0
,00:31:23,152,10.8,05:34,83,,,5427.20,29.8,0
,00:31:24,152,10.8,05:33,83,,,5430.10,29.8,0
,00:31:25,152,10.9,05:32,83,,,5433.20,29.8,0
,00:31:26,152,10.9,05:30,83,,,5436.20,29.8,0
,00:31:27,152,11.0,05:29,83,,,5439.20,29.8,0
,00:31:28,152,11.0,05:28,83,,,5442.10,29.8,0
,00:31:29,152,11.0,05:28,83,,,5445.20,29.8,0
,00:31:30,152,11.0,05:28,83,,,5448.20,29.8,0
,00:31:31,152,11.0,05:29,83,,,5451.30,29.8,0
,00:31:32,152,10.9,05:29,83,,,5454.30,29.8,0
,00:31:33,152,10.9,05:30,83,,,5457.40,29.7,0
,00:31:34,152,10.9,05:30,83,,,5460.40,29.8,0
,00:31:35,152,10.9,05:31,83,,,5463.40,29.8,0
,00:31:36,153,10.8,05:32,83,,,5466.40,29.8,0
,00:31:37,152,10.7,05:36,83,,,5469.40,29.8,0
,00:31:38,152,10.6,05:40,83,,,5472.30,29.8,0
,00:31:39,152,10.5,05:43,83,,,5475.30,29.8,0
,00:31:40,152,10.4,05:46,83,,,5478.10,29.8,0
,00:31:41,152,10.4,05:47,83,,,5481.00,29.8,0
,00:31:42,152,10.4,05:47,83,,,5483.90,29.8,0
,00:31:43,152,10.4,05:46,83,,,5487.40,29.8,0
,00:31:44,152,10.5,05:44,83,,,5490.20,29.7,0
,00:31:45,152,10.5,05:42,83,,,5493.20,29.8,0
,00:31:46,152,10.6,05:39,83,,,5496.10,29.8,0
,00:31:47,151,10.7,05:38,83,,,5499.00,29.8,0
,00:31:48,151,10.7,05:36,83,,,5502.00,29.8,0
,00:31:49,152,10.7,05:35,83,,,5505.00,29.8,0
,00:31:50,151,10.8,05:34,83,,,5507.80,29.7,0
,00:31:51,151,10.8,05:33,83,,,5510.80,29.8,0
,00:31:52,151,10.8,05:32,83,,,5513.80,29.8,0
,00:31:53,151,10.9,05:32,83,,,5516.90,29.8,0
,00:31:54,151,10.9,05:32,83,,,5519.90,29.8,0
,00:31:55,151,10.9,05:32,83,,,5522.90,29.7,0
,00:31:56,151,10.9,05:32,83,,,5525.90,29.8,0
,00:31:57,151,10.8,05:32,83,,,5528.90,29.8,0
,00:31:58,151,10.8,05:33,83,,,5531.90,29.7,0
,00:31:59,151,10.8,05:33,83,,,5534.80,29.7,0
,00:32:00,151,10.8,05:34,83,,,5537.80,29.8,0
,00:32:01,151,10.8,05:35,83,,,5540.80,29.7,0
,00:32:02,151,10.7,05:35,83,,,5543.80,29.7,0
,00:32:03,151,10.7,05:36,83,,,5546.80,29.8,0
,00:32:04,151,10.7,05:36,83,,,5549.80,29.7,0
,00:32:05,151,10.7,05:36,83,,,5552.80,29.8,0
,00:32:06,151,10.7,05:36,83,,,5555.60,29.7,0
,00:32:07,150,10.7,05:36,83,,,5558.60,29.8,0
,00:32:08,151,10.7,05:36,83,,,5561.60,29.7,0
,00:32:09,151,10.7,05:36,83,,,5564.60,29.7,0
,00:32:10,150,10.7,05:36,83,,,5567.50,29.7,0
,00:32:11,150,10.7,05:36,83,,,5570.50,29.8,0
,00:32:12,151,10.7,05:36,83,,,5573.50,29.7,0
,00:32:13,151,10.7,05:36,83,,,5576.50,29.7,0
,00:32:14,150,10.7,05:36,83,,,5579.30,29.8,0
,00:32:15,151,10.7,05:35,83,,,5582.30,29.8,0
,00:32:16,151,10.8,05:35,83,,,5585.30,29.8,0
,00:32:17,151,10.8,05:34,83,,,5588.30,29.8,0
,00:32:18,151,10.8,05:34,83,,,5591.30,29.7,0
,00:32:19,151,10.8,05:33,83,,,5594.30,29.7,0
,00:32:20,151,10.8,05:33,84,,,5597.30,29.8,0
,00:32:21,152,10.8,05:33,84,,,5600.30,29.7,0
,00:32:22,151,10.8,05:32,84,,,5603.30,29.8,0
,00:32:23,152,10.9,05:32,84,,,5606.30,29.7,0
,00:32:24,152,10.9,05:31,84,,,5609.20,29.8,0
,00:32:25,152,10.9,05:31,83,,,5612.20,29.8,0
,00:32:26,151,10.9,05:30,83,,,5615.30,29.8,0
,00:32:27,151,10.9,05:29,84,,,5618.30,29.7,0
,00:32:28,151,11.0,05:27,85,,,5621.30,29.8,0
,00:32:29,151,11.1,05:25,85,,,5624.40,29.8,0
,00:32:30,151,11.1,05:24,85,,,5627.50,29.8,0
,00:32:31,151,11.1,05:24,84,,,5630.60,29.8,0
,00:32:32,151,11.1,05:24,84,,,5633.60,29.8,0
,00:32:33,150,11.1,05:24,84,,,5637.30,29.8,0
,00:32:34,151,11.1,05:24,84,,,5640.40,29.8,0
,00:32:35,151,11.1,05:25,84,,,5643.50,29.9,0
,00:32:36,151,11.1,05:25,84,,,5646.60,29.8,0
,00:32:37,151,11.1,05:26,84,,,5649.60,29.7,0
,00:32:38,151,11.0,05:26,84,,,5652.60,29.7,0
,00:32:39,151,11.0,05:26,84,,,5655.70,29.7,0
,00:32:40,151,11.0,05:26,84,,,5658.80,29.8,0
,00:32:41,150,11.0,05:26,84,,,5661.80,29.8,0
,00:32:42,150,11.0,05:27,84,,,5664.90,29.8,0
,00:32:43,150,11.0,05:27,84,,,5668.00,29.7,0
,00:32:44,150,11.0,05:28,84,,,5670.90,29.8,0
,00:32:45,150,11.0,05:29,84,,,5674.00,29.8,0
,00:32:46,150,10.9,05:29,83,,,5677.00,29.7,0
,00:32:47,150,10.9,05:30,83,,,5680.00,29.8,0
,00:32:48,150,10.9,05:31,83,,,5683.10,29.8,0
,00:32:49,150,10.9,05:31,83,,,5686.10,29.8,0
,00:32:50,150,10.9,05:31,83,,,5689.00,29.8,0
,00:32:51,150,10.9,05:31,83,,,5692.00,29.8,0
,00:32:52,150,10.9,05:31,83,,,5695.10,29.8,0
,00:32:53,150,10.9,05:31,83,,,5698.10,29.8,0
,00:32:54,150,10.9,05:32,83,,,5701.10,29.8,0
,00:32:55,150,10.8,05:32,84,,,5704.10,29.8,0
,00:32:56,150,10.8,05:32,85,,,5707.10,29.7,0
,00:32:57,150,10.9,05:32,84,,,5710.00,29.9,0
,00:32:58,150,10.9,05:31,84,,,5713.00,29.8,0
,00:32:59,150,10.9,05:30,84,,,5716.10,29.7,0
,00:33:00,150,10.9,05:30,84,,,5719.10,29.8,0
,00:33:01,150,11.0,05:29,84,,,5722.10,29.7,0
,00:33:02,150,11.0,05:28,84,,,5725.20,29.8,0
,00:33:03,151,11.0,05:27,84,,,5728.20,29.8,0
,00:33:04,151,11.0,05:27,84,,,5731.30,29.7,0
,00:33:05,151,11.0,05:27,84,,,5734.30,29.8,0
,00:33:06,151,11.0,05:27,84,,,5737.40,29.8,0
,00:33:07,151,11.0,05:28,84,,,5740.40,29.8,0
,00:33:08,151,11.0,05:28,85,,,5743.40,29.8,0
,00:33:09,151,11.0,05:28,84,,,5746.50,29.9,0
,00:33:10,151,11.0,05:28,84,,,5749.50,29.7,0
,00:33:11,151,10.9,05:29,84,,,5752.50,29.7,0
,00:33:12,151,10.9,05:29,84,,,5755.60,29.9,0
,00:33:13,151,10.9,05:30,84,,,5758.60,29.8,0
,00:33:14,151,10.9,05:31,84,,,5761.60,29.8,0
,00:33:15,151,10.9,05:31,85,,,5764.60,29.8,0
,00:33:16,151,10.8,05:32,85,,,5767.60,29.8,0
,00:33:17,150,10.8,05:32,84,,,5770.60,29.8,0
,00:33:18,151,10.8,05:33,84,,,5773.60,29.8,0
,00:33:19,151,10.7,05:36,83,,,5776.60,29.9,0
,00:33:20,150,10.7,05:36,83,,,5779.50,29.8,0
,00:33:21,150,10.2,05:53,83,,,5782.40,29.9,0
,00:33:22,150,9.9,06:04,83,,,5785.80,29.7,0
,00:33:23,150,9.7,06:12,83,,,5788.50,29.8,0
,00:33:24,150,9.6,06:15,83,,,5791.10,29.7,0
,00:33:25,150,10.0,06:01,83,,,5793.80,29.9,0
,00:33:26,151,10.4,05:45,82,,,5796.50,29.8,0
,00:33:27,151,10.7,05:35,82,,,5799.50,29.8,0
,00:33:28,150,10.9,05:30,84,,,5802.50,29.8,0
,00:33:29,151,11.0,05:29,84,,,5805.60,29.9,0
,00:33:30,151,11.0,05:29,84,,,5808.70,29.8,0
,00:33:31,151,10.9,05:29,84,,,5811.70,29.8,0
,00:33:32,151,10.9,05:29,84,,,5814.70,29.8,0
,00:33:33,151,10.9,05:29,84,,,5817.70,29.8,0
,00:33:34,151,11.0,05:29,84,,,5820.70,29.9,0
,00:33:35,151,11.0,05:28,84,,,5823.80,29.9,0
,00:33:36,151,11.0,05:28,83,,,5826.80,29.8,0
,00:33:37,151,11.0,05:28,83,,,5829.90,29.9,0
,00:33:38,152,10.9,05:29,83,,,5832.90,29.8,0
,00:33:39,152,10.9,05:29,83,,,5836.00,29.7,0
,00:33:40,152,10.9,05:30,83,,,5838.90,29.8,0
,00:33:41,152,10.9,05:31,83,,,5841.90,29.8,0
,00:33:42,152,10.9,05:31,83,,,5845.00,29.8,0
,00:33:43,152,10.9,05:32,83,,,5848.00,29.8,0
,00:33:44,152,10.9,05:32,83,,,5851.00,29.9,0
,00:33:45,152,10.9,05:32,83,,,5854.00,29.8,0
,00:33:46,152,10.9,05:32,83,,,5856.90,29.8,0
,00:33:47,152,10.9,05:31,83,,,5859.90,29.8,0
,00:33:48,152,10.9,05:31,83,,,5863.00,29.8,0
,00:33:49,152,10.9,05:31,83,,,5866.00,29.8,0
,00:33:50,152,10.9,05:31,83,,,5869.00,29.9,0
,00:33:51,152,10.9,05:31,83,,,5872.00,29.8,0
,00:33:52,152,10.9,05:31,83,,,5875.00,29.9,0
,00:33:53,151,10.9,05:31,83,,,5878.00,29.8,0
,00:33:54,151,10.9,05:31,83,,,5881.10,29.8,0
,00:33:55,152,10.9,05:31,83,,,5884.00,29.9,0
,00:33:56,152,10.9,05:31,83,,,5887.00,29.8,0
,00:33:57,151,10.9,05:31,83,,,5890.00,29.8,0
,00:33:58,151,10.9,05:30,83,,,5893.00,29.8,0
,00:33:59,151,10.9,05:29,83,,,5896.10,29.8,0
,00:34:00,151,11.0,05:28,83,,,5899.10,29.8,0
,00:34:01,151,11.0,05:28,83,,,5902.10,29.9,0
,00:34:02,151,11.0,05:28,83,,,5905.20,29.8,0
,00:34:03,151,11.0,05:28,83,,,5908.20,29.9,0
,00:34:04,151,10.9,05:29,83,,,5911.20,29.9,0
,00:34:05,151,10.9,05:30,83,,,5914.20,29.8,0
,00:34:06,151,10.9,05:31,83,,,5917.20,29.8,0
,00:34:07,151,10.9,05:31,83,,,5920.30,29.8,0
,00:34:08,151,10.9,05:31,83,,,5923.30,29.8,0
,00:34:09,151,10.9,05:31,83,,,5926.30,29.8,0
,00:34:10,151,10.9,05:30,83,,,5929.30,29.9,0
,00:34:11,151,10.9,05:29,83,,,5933.00,29.9,0
,00:34:12,151,10.9,05:29,83,,,5935.90,29.8,0
,00:34:13,151,10.9,05:29,83,,,5938.90,29.8,0
,00:34:14,151,10.9,05:29,83,,,5942.00,29.8,0
,00:34:15,151,11.0,05:28,83,,,5945.00,29.9,0
,00:34:16,151,11.0,05:28,83,,,5948.10,29.8,0
,00:34:17,151,11.0,05:26,83,,,5951.10,29.9,0
,00:34:18,151,11.0,05:26,82,,,5954.20,29.8,0
,00:34:19,151,11.0,05:26,83,,,5957.30,29.8,0
,00:34:20,151,11.0,05:26,84,,,5960.30,29.9,0
,00:34:21,151,11.0,05:26,84,,,5963.40,29.9,0
,00:34:22,151,11.0,05:26,84,,,5966.40,29.9,0
,00:34:23,151,11.0,05:26,84,,,5969.40,29.7,0
,00:34:24,151,11.0,05:26,84,,,5972.50,29.8,0
,00:34:25,151,11.0,05:26,84,,,5975.60,29.8,0
,00:34:26,151,11.0,05:26,84,,,5978.60,29.8,0
,00:34:27,151,11.0,05:26,84,,,5981.70,29.8,0
,00:34:28,151,11.0,05:26,84,,,5984.70,29.9,0
,00:34:29,151,11.1,05:25,84,,,5987.80,29.9,0
,00:34:30,150,11.1,05:25,84,,,5990.80,29.9,0
,00:34:31,151,11.1,05:25,83,,,5993.90,29.8,0
,00:34:32,151,11.1,05:25,83,,,5996.90,29.8,0
,00:34:33,150,11.1,05:25,83,,,6000.00,29.9,0
,00:34:34,150,11.1,05:25,83,,,6003.10,29.8,0
,00:34:35,150,11.1,05:25,83,,,6006.20,29.8,0
,00:34:36,151,11.1,05:25,83,,,6009.30,29.8,0
,00:34:37,151,11.1,05:25,83,,,6012.30,29.9,0
,00:34:38,151,11.1,05:25,83,,,6015.30,29.9,0
,00:34:39,151,11.1,05:25,83,,,6018.40,29.8,0
,00:34:40,151,11.1,05:25,83,,,6021.50,29.8,0
,00:34:41,151,11.1,05:25,83,,,6024.50,29.8,0
,00:34:42,151,11.1,05:25,83,,,6027.60,29.8,0
,00:34:43,151,11.1,05:25,83,,,6030.70,29.9,0
,00:34:44,151,11.0,05:26,83,,,6033.80,29.9,0
,00:34:45,151,11.0,05:27,83,,,6036.80,29.9,0
,00:34:46,151,11.0,05:28,83,,,6039.80,29.9,0
,00:34:47,151,11.0,05:28,83,,,6042.80,29.9,0
,00:34:48,151,10.9,05:29,83,,,6045.90,29.8,0
,00:34:49,150,10.9,05:29,83,,,6048.90,29.9,0
,00:34:50,150,10.9,05:29,83,,,6052.00,29.8,0
,00:34:51,150,10.9,05:29,83,,,6055.00,29.9,0
,00:34:52,151,10.9,05:29,83,,,6058.10,29.8,0
,00:34:53,151,10.9,05:30,83,,,6061.00,29.8,0
,00:34:54,151,10.9,05:31,83,,,6064.00,29.8,0
,00:34:55,151,10.9,05:32,83,,,6067.00,29.9,0
,00:34:56,151,10.8,05:33,83,,,6070.10,29.9,0
,00:34:57,151,10.8,05:34,83,,,6073.10,29.8,0
,00:34:58,150,10.8,05:34,83,,,6076.10,29.9,0
,00:34:59,151,10.7,05:36,83,,,6078.90,29.8,0
,00:35:00,151,10.7,05:37,83,,,6079.50,29.9,0
,00:35:01,150,10.7,05:38,83,,,6082.50,29.9,0
,00:35:02,151,10.6,05:38,83,,,6085.50,29.8,0
,00:35:03,151,10.6,05:39,83,,,6088.40,29.8,0
,00:35:04,151,10.6,05:39,83,,,6091.40,29.9,0
,00:35:05,151,10.6,05:39,82,,,6094.20,29.9,0
,00:35:06,151,10.6,05:39,83,,,6097.20,29.9,0
,00:35:07,151,10.6,05:39,83,,,6100.10,29.9,0
,00:35:08,151,10.6,05:38,83,,,6103.10,29.8,0
,00:35:09,151,10.7,05:38,83,,,6106.00,29.8,0
,00:35:10,151,10.7,05:37,83,,,6109.00,29.8,0
,00:35:11,152,10.7,05:36,82,,,6112.00,29.8,0
,00:35:12,152,10.8,05:35,83,,,6114.90,29.9,0
,00:35:13,152,10.8,05:34,83,,,6117.90,29.8,0
,00:35:14,152,10.8,05:32,83,,,6120.90,29.8,0
,00:35:15,153,10.9,05:31,85,,,6123.90,29.9,0
,00:35:16,153,10.9,05:30,85,,,6127.00,29.8,0
,00:35:17,153,10.9,05:30,85,,,6130.00,29.9,0
,00:35:18,153,10.9,05:29,85,,,6132.90,29.9,0
,00:35:19,153,11.0,05:29,85,,,6136.00,29.9,0
,00:35:20,153,11.0,05:28,84,,,6139.00,29.9,0
,00:35:21,153,11.0,05:28,84,,,6142.10,29.9,0
,00:35:22,153,10.9,05:30,84,,,6145.10,29.9,0
,00:35:23,153,10.8,05:34,84,,,6148.10,29.8,0
,00:35:24,153,10.6,05:39,84,,,6151.00,29.8,0
,00:35:25,153,10.5,05:43,84,,,6154.00,29.8,0
,00:35:26,153,10.4,05:47,84,,,6156.90,29.8,0
,00:35:27,153,10.3,05:49,84,,,6159.70,29.9,0
,00:35:28,153,10.3,05:50,84,,,6162.50,29.9,0
,00:35:29,154,10.3,05:49,84,,,6165.40,29.8,0
,00:35:30,154,10.4,05:48,84,,,6168.30,29.9,0
,00:35:31,153,10.4,05:45,84,,,6171.10,29.9,0
,00:35:32,153,10.5,05:42,84,,,6174.00,29.9,0
,00:35:33,154,10.6,05:40,84,,,6177.00,29.8,0
,00:35:34,153,10.7,05:38,84,,,6179.90,29.9,0
,00:35:35,153,10.7,05:36,84,,,6182.90,29.8,0
,00:35:36,153,10.8,05:34,84,,,6185.80,29.9,0
,00:35:37,152,10.8,05:32,84,,,6188.80,29.9,0
,00:35:38,153,10.9,05:32,84,,,6191.80,29.9,0
,00:35:39,153,10.9,05:32,84,,,6194.90,29.7,0
,00:35:40,152,10.9,05:32,84,,,6197.90,29.8,0
,00:35:41,152,10.8,05:32,84,,,6200.80,29.9,0
,00:35:42,152,10.8,05:33,84,,,6203.80,29.9,0
,00:35:43,152,10.8,05:33,84,,,6206.80,29.9,0
,00:35:44,152,10.8,05:34,84,,,6209.80,29.9,0
,00:35:45,151,10.7,05:35,84,,,6212.80,29.9,0
,00:35:46,151,10.7,05:35,84,,,6215.80,29.9,0
,00:35:47,152,10.7,05:35,84,,,6218.80,30.0,0
,00:35:48,151,10.7,05:35,84,,,6221.60,29.8,0
,00:35:49,151,10.8,05:34,84,,,6224.60,29.8,0
,00:35:50,151,10.8,05:32,84,,,6228.20,29.8,0
,00:35:51,151,10.9,05:30,84,,,6231.20,29.9,0
,00:35:52,151,11.0,05:29,84,,,6234.30,29.8,0
,00:35:53,151,11.0,05:28,84,,,6237.30,29.8,0
,00:35:54,151,11.0,05:27,84,,,6240.40,29.9,0
,00:35:55,151,11.0,05:27,84,,,6243.40,29.9,0
,00:35:56,151,11.0,05:27,84,,,6246.50,30.0,0
,00:35:57,150,11.0,05:27,84,,,6249.50,30.0,0
,00:35:58,151,11.0,05:28,84,,,6252.60,29.8,0
,00:35:59,151,11.0,05:28,84,,,6255.60,29.9,0
,00:36:00,151,11.0,05:29,84,,,6258.60,29.9,0
,00:36:01,151,11.0,05:29,84,,,6261.60,29.9,0
,00:36:02,151,11.0,05:29,84,,,6264.70,29.9,0
,00:36:03,151,11.0,05:29,84,,,6267.70,29.9,0
,00:36:04,151,11.0,05:29,84,,,6270.70,29.9,0
,00:36:05,151,11.0,05:28,84,,,6273.80,29.9,0
,00:36:06,151,11.0,05:28,85,,,6276.80,29.9,0
,00:36:07,151,11.0,05:28,84,,,6279.90,29.9,0
,00:36:08,151,11.0,05:27,84,,,6282.80,29.9,0
,00:36:09,151,11.0,05:26,84,,,6285.90,29.9,0
,00:36:10,151,11.1,05:24,84,,,6289.00,29.9,0
,00:36:11,151,11.1,05:23,84,,,6292.00,29.9,0
,00:36:12,151,11.2,05:23,84,,,6295.10,29.9,0
,00:36:13,151,11.2,05:23,84,,,6298.20,29.9,0
,00:36:14,151,11.2,05:23,84,,,6301.30,29.8,0
,00:36:15,150,11.1,05:23,84,,,6304.40,29.9,0
,00:36:16,150,11.1,05:25,84,,,6307.50,29.9,0
,00:36:17,151,11.0,05:26,84,,,6310.60,29.8,0
,00:36:18,151,11.0,05:28,84,,,6313.60,29.8,0
,00:36:19,151,10.9,05:30,84,,,6316.60,29.9,0
,00:36:20,150,10.9,05:31,84,,,6319.70,29.9,0
,00:36:21,151,10.8,05:33,84,,,6322.70,29.9,0
,00:36:22,151,10.7,05:35,84,,,6325.60,29.9,0
,00:36:23,151,10.7,05:36,84,,,6328.60,29.9,0
,00:36:24,151,10.7,05:38,84,,,6331.50,29.8,0
,00:36:25,151,10.6,05:39,84,,,6334.50,30.0,0
,00:36:26,151,10.6,05:39,84,,,6337.40,29.9,0
,00:36:27,151,10.6,05:38,84,,,6340.40,29.9,0
,00:36:28,151,10.7,05:37,84,,,6343.30,29.9,0
,00:36:29,152,10.7,05:36,84,,,6346.20,30.0,0
,00:36:30,151,10.7,05:35,84,,,6349.20,29.9,0
,00:36:31,151,10.8,05:34,85,,,6352.20,29.9,0
,00:36:32,152,10.8,05:34,85,,,6355.20,29.9,0
,00:36:33,152,10.8,05:33,85,,,6358.20,29.9,0
,00:36:34,152,10.8,05:32,84,,,6361.20,30.0,0
,00:36:35,152,10.8,05:32,84,,,6364.20,30.0,0
,00:36:36,153,10.8,05:32,84,,,6367.20,29.9,0
,00:36:37,153,10.8,05:32,85,,,6370.20,30.0,0
,00:36:38,153,10.8,05:32,84,,,6373.20,30.0,0
,00:36:39,153,10.8,05:32,84,,,6376.70,29.9,0
,00:36:40,153,10.8,05:32,84,,,6379.70,29.9,0
,00:36:41,153,10.8,05:33,84,,,6382.70,30.0,0
,00:36:42,153,10.8,05:33,84,,,6385.80,29.9,0
,00:36:43,153,10.9,05:31,84,,,6388.80,29.9,0
,00:36:44,153,10.9,05:31,84,,,6391.80,29.9,0
,00:36:45,153,10.9,05:30,84,,,6394.80,29.9,0
,00:36:46,153,10.9,05:30,84,,,6397.80,29.9,0
,00:36:47,153,10.9,05:30,84,,,6400.90,29.9,0
,00:36:48,153,10.9,05:30,84,,,6403.90,29.9,0
,00:36:49,153,10.9,05:30,84,,,6406.80,29.9,0
,00:36:50,153,10.9,05:30,84,,,6409.90,30.0,0
,00:36:51,153,10.9,05:29,84,,,6412.90,30.1,0
,00:36:52,153,11.0,05:28,84,,,6416.00,29.9,0
,00:36:53,153,11.0,05:27,84,,,6419.00,29.9,0
,00:36:54,153,11.0,05:27,84,,,6422.10,29.9,0
,00:36:55,153,11.0,05:27,84,,,6425.10,29.9,0
,00:36:56,153,11.0,05:27,84,,,6428.20,29.9,0
,00:36:57,153,11.0,05:27,84,,,6431.20,29.9,0
,00:36:58,153,11.0,05:27,84,,,6434.20,29.9,0
,00:36:59,153,11.0,05:27,84,,,6437.20,29.9,0
,00:37:00,153,11.0,05:27,84,,,6440.30,29.9,0
,00:37:01,152,11.0,05:27,84,,,6443.40,30.1,0
,00:37:02,152,11.0,05:27,84,,,6446.40,29.9,0
,00:37:03,152,11.0,05:26,84,,,6449.50,30.0,0
,00:37:04,153,11.0,05:26,84,,,6452.50,29.9,0
,00:37:05,153,11.1,05:25,84,,,6455.60,30.0,0
,00:37:06,153,11.1,05:25,84,,,6458.70,30.0,0
,00:37:07,153,11.1,05:24,84,,,6461.70,29.9,0
,00:37:08,153,11.1,05:24,85,,,6464.70,30.1,0
,00:37:09,153,11.1,05:24,84,,,6467.80,30.1,0
,00:37:10,153,11.1,05:24,84,,,6470.90,29.9,0
,00:37:11,153,11.1,05:24,84,,,6474.00,30.0,0
,00:37:12,153,11.1,05:25,84,,,6477.10,30.1,0
,00:37:13,153,11.1,05:25,84,,,6480.20,29.9,0
,00:37:14,153,11.0,05:26,84,,,6483.20,30.0,0
,00:37:15,153,11.0,05:26,84,,,6486.20,29.9,0
,00:37:16,153,11.0,05:26,84,,,6489.30,29.9,0
,00:37:17,153,11.0,05:26,84,,,6492.30,29.9,0
,00:37:18,153,11.0,05:26,84,,,6495.40,30.0,0
,00:37:19,153,11.0,05:26,84,,,6498.40,30.0,0
,00:37:20,153,11.0,05:26,84,,,6501.50,29.9,0
,00:37:21,153,11.0,05:26,84,,,6504.60,30.0,0
,00:37:22,153,11.0,05:26,84,,,6504.60,29.9,0
,00:37:23,154,11.0,05:26,84,,,6504.60,29.9,0
,00:37:24,154,11.0,05:26,84,,,6504.60,29.9,0
,00:37:25,153,11.0,05:26,84,,,6504.60,30.0,0
,00:37:26,154,10.6,05:39,84,,,6504.60,30.0,0
,00:37:27,154,10.6,05:39,84,,,6522.20,30.0,0
,00:37:28,154,10.6,05:38,84,,,6525.20,29.9,0
,00:37:29,154,10.7,05:37,84,,,6528.70,30.0,0
,00:37:30,154,10.8,05:34,84,,,6531.70,30.0,0
,00:37:31,153,10.9,05:30,82,,,6534.70,30.0,0
,00:37:32,153,11.1,05:26,82,,,6537.70,30.0,0
,00:37:33,154,11.2,05:20,82,,,6540.80,29.9,0
,00:37:34,154,11.4,05:16,83,,,6544.00,30.0,0
,00:37:35,154,11.5,05:14,83,,,6547.20,30.1,0
,00:37:36,153,11.5,05:14,83,,,6550.40,30.0,0
,00:37:37,153,11.5,05:14,83,,,6553.50,30.0,0
,00:37:38,153,11.4,05:15,83,,,6556.60,29.9,0
,00:37:39,154,11.4,05:17,82,,,6559.80,29.9,0
,00:37:40,154,11.3,05:19,83,,,6563.00,29.9,0
,00:37:41,153,11.2,05:22,83,,,6566.10,30.0,0
,00:37:42,153,11.1,05:24,83,,,6569.10,30.0,0
,00:37:43,153,11.0,05:27,83,,,6572.20,30.0,0
,00:37:44,154,10.9,05:29,83,,,6575.20,30.0,0
,00:37:45,154,10.9,05:31,83,,,6578.30,30.0,0
,00:37:46,154,10.8,05:33,83,,,6581.20,30.0,0
,00:37:47,154,10.8,05:35,83,,,6584.20,30.0,0
,00:37:48,154,10.7,05:36,83,,,6587.20,29.9,0
,00:37:49,154,10.7,05:37,83,,,6590.10,30.0,0
,00:37:50,154,10.7,05:37,83,,,6593.10,30.0,0
,00:37:51,154,10.7,05:37,83,,,6596.10,29.9,0
,00:37:52,153,10.7,05:35,83,,,6599.00,30.0,0
,00:37:53,153,10.8,05:34,83,,,6601.90,30.0,0
,00:37:54,154,10.8,05:33,83,,,6604.90,30.0,0
,00:37:55,153,10.8,05:32,83,,,6607.90,29.9,0
,00:37:56,153,10.8,05:32,83,,,6611.00,30.1,0
,00:37:57,153,10.8,05:32,83,,,6614.00,30.0,0
,00:37:58,154,10.8,05:32,83,,,6617.00,30.0,0
,00:37:59,154,10.8,05:32,83,,,6620.00,30.1,0
,00:38:00,154,10.9,05:30,83,,,6623.00,30.1,0
,00:38:01,153,11.0,05:29,83,,,6626.00,30.1,0
,00:38:02,153,10.9,05:29,83,,,6629.10,30.1,0
,00:38:03,154,10.9,05:30,83,,,6632.00,30.1,0
,00:38:04,154,10.8,05:32,83,,,6635.00,30.0,0
,00:38:05,154,10.8,05:34,83,,,6638.00,30.1,0
,00:38:06,154,10.7,05:35,83,,,6641.00,30.0,0
,00:38:07,154,10.7,05:36,83,,,6644.00,30.1,0
,00:38:08,154,10.7,05:37,83,,,6647.00,30.0,0
,00:38:09,154,10.7,05:37,83,,,6649.90,30.0,0
,00:38:10,154,10.7,05:37,83,,,6652.80,30.0,0
,00:38:11,154,10.7,05:37,83,,,6655.80,30.1,0
,00:38:12,154,10.7,05:36,83,,,6658.80,30.0,0
,00:38:13,154,10.7,05:35,81,,,6661.70,30.0,0
,00:38:14,154,10.8,05:34,82,,,6664.70,30.0,0
,00:38:15,154,10.8,05:32,83,,,6667.70,30.1,0
,00:38:16,154,10.9,05:31,83,,,6670.70,30.1,0
,00:38:17,154,10.9,05:31,83,,,6673.80,30.0,0
,00:38:18,154,10.9,05:31,83,,,6676.80,30.0,0
,00:38:19,154,10.9,05:31,83,,,6680.40,30.1,0
,00:38:20,155,10.9,05:31,82,,,6683.30,30.1,0
,00:38:21,155,10.9,05:30,82,,,6686.40,30.1,0
,00:38:22,154,10.9,05:30,83,,,6689.40,30.0,0
,00:38:23,154,10.9,05:29,83,,,6692.40,29.9,0
,00:38:24,154,10.9,05:29,83,,,6695.40,30.0,0
,00:38:25,154,10.9,05:29,83,,,6698.50,30.1,0
,00:38:26,154,10.9,05:30,83,,,6701.50,30.0,0
,00:38:27,154,10.9,05:30,83,,,6704.50,30.0,0
,00:38:28,154,10.9,05:30,83,,,6707.50,30.1,0
,00:38:29,153,10.9,05:30,83,,,6710.50,30.0,0
,00:38:30,153,10.9,05:30,83,,,6713.50,30.0,0
,00:38:31,154,10.9,05:29,83,,,6716.60,30.0,0
,00:38:32,154,11.0,05:28,83,,,6719.60,30.1,0
,00:38:33,153,11.0,05:27,83,,,6722.60,30.0,0
,00:38:34,153,11.1,05:26,83,,,6725.70,30.0,0
,00:38:35,153,11.1,05:25,83,,,6728.80,29.9,0
,00:38:36,154,11.1,05:24,83,,,6731.90,30.0,0
,00:38:37,154,11.1,05:23,83,,,6734.90,30.1,0
,00:38:38,153,11.2,05:23,83,,,6738.00,30.1,0
,00:38:39,154,11.2,05:22,83,,,6741.10,30.0,0
,00:38:40,154,11.2,05:22,83,,,6744.10,30.0,0
,00:38:41,154,11.2,05:21,83,,,6747.20,29.9,0
,00:38:42,154,11.2,05:21,83,,,6750.40,30.1,0
,00:38:43,153,11.2,05:21,83,,,6753.50,30.0,0
,00:38:44,154,11.2,05:21,83,,,6756.60,30.0,0
,00:38:45,154,11.2,05:22,83,,,6759.70,30.1,0
,00:38:46,154,11.2,05:23,83,,,6762.80,30.1,0
,00:38:47,154,11.1,05:24,83,,,6765.90,30.0,0
,00:38:48,154,11.1,05:25,83,,,6768.90,30.0,0
,00:38:49,154,11.1,05:25,83,,,6772.00,30.0,0
,00:38:50,154,11.0,05:26,83,,,6775.00,30.0,0
,00:38:51,154,11.0,05:27,83,,,6778.10,29.9,0
,00:38:52,153,11.0,05:29,83,,,6781.20,30.0,0
,00:38:53,153,10.9,05:30,83,,,6784.10,29.9,0
,00:38:54,153,10.9,05:31,83,,,6787.10,30.0,0
,00:38:55,153,10.8,05:32,83,,,6790.20,30.0,0
,00:38:56,153,10.8,05:33,83,,,6793.20,30.0,0
,00:38:57,153,10.8,05:34,83,,,6796.20,29.9,0
,00:38:58,153,10.7,05:35,83,,,6799.20,30.0,0
,00:38:59,153,10.7,05:36,83,,,6802.10,29.9,0
,00:39:00,153,10.7,05:36,83,,,6805.00,30.0,0
,00:39:01,153,10.8,05:35,83,,,6808.00,30.1,0
,00:39:02,153,10.8,05:34,83,,,6811.00,30.0,0
,00:39:03,153,10.8,05:33,83,,,6814.00,30.1,0
,00:39:04,154,10.8,05:32,83,,,6817.00,30.1,0
,00:39:05,154,10.8,05:32,83,,,6820.00,30.1,0
,00:39:06,154,10.8,05:32,83,,,6823.00,30.1,0
,00:39:07,154,10.8,05:32,82,,,6826.00,30.1,0
,00:39:08,153,10.8,05:32,84,,,6829.00,29.9,0
,00:39:09,153,10.8,05:32,85,,,6829.60,30.0,0
,00:39:10,153,10.8,05:32,84,,,6832.60,30.1,0
,00:39:11,153,10.8,05:32,83,,,6835.60,30.0,0
,00:39:12,153,10.8,05:32,82,,,6838.60,30.0,0
,00:39:13,153,10.8,05:33,81,,,6841.60,30.0,0
,00:39:14,153,10.8,05:33,83,,,6844.60,30.0,0
,00:39:15,153,10.8,05:33,84,,,6847.60,30.0,0
,00:39:16,154,10.8,05:32,82,,,6850.60,30.1,0
,00:39:17,154,10.9,05:31,83,,,6853.50,30.0,0
,00:39:18,153,10.9,05:31,83,,,6856.50,30.0,0
,00:39:19,153,10.9,05:31,83,,,6859.60,30.0,0
,00:39:20,153,10.9,05:31,83,,,6862.60,30.1,0
,00:39:21,153,10.9,05:31,82,,,6865.60,30.0,0
,00:39:22,153,10.9,05:31,83,,,6868.60,30.1,0
,00:39:23,153,10.9,05:31,83,,,6871.60,30.1,0
,00:39:24,153,10.9,05:32,83,,,6874.70,30.0,0
,00:39:25,153,10.9,05:31,83,,,6877.70,30.1,0
,00:39:26,153,10.9,05:30,83,,,6880.60,30.0,0
,00:39:27,153,10.9,05:29,83,,,6883.60,30.1,0
,00:39:28,153,11.0,05:29,83,,,6886.70,30.0,0
,00:39:29,153,11.0,05:29,83,,,6889.70,30.1,0
,00:39:30,153,11.0,05:28,83,,,6892.70,30.0,0
,00:39:31,153,11.0,05:28,83,,,6895.80,30.0,0
,00:39:32,153,11.0,05:27,83,,,6898.80,30.0,0
,00:39:33,153,11.0,05:26,83,,,6901.90,30.0,0
,00:39:34,153,11.1,05:26,83,,,6905.00,30.0,0
,00:39:35,153,11.1,05:25,83,,,6908.00,30.1,0
,00:39:36,153,11.1,05:25,83,,,6911.10,30.0,0
,00:39:37,153,11.1,05:25,83,,,6914.10,30.1,0
,00:39:38,153,11.1,05:25,83,,,6917.20,29.9,0
,00:39:39,153,11.1,05:25,83,,,6920.20,29.9,0
,00:39:40,153,11.1,05:25,83,,,6923.30,29.9,0
,00:39:41,153,11.1,05:26,83,,,6926.40,29.9,0
,00:39:42,153,11.0,05:26,83,,,6929.50,30.0,0
,00:39:43,153,11.0,05:27,83,,,6932.50,30.0,0
,00:39:44,153,11.0,05:29,84,,,6935.50,30.0,0
,00:39:45,153,10.9,05:29,84,,,6938.50,30.0,0
,00:39:46,153,11.1,05:26,84,,,6941.60,30.0,0
,00:39:47,153,11.2,05:20,85,,,6944.60,30.0,0
,00:39:48,153,11.4,05:16,85,,,6947.80,29.9,0
,00:39:49,154,11.5,05:13,84,,,6950.90,29.9,0
,00:39:50,154,11.6,05:11,84,,,6954.10,30.0,0
,00:39:51,154,11.6,05:11,84,,,6957.40,30.0,0
,00:39:52,154,11.5,05:12,84,,,6960.60,30.0,0
,00:39:53,154,11.5,05:13,84,,,6963.80,30.0,0
,00:39:54,154,11.4,05:14,84,,,6967.00,30.0,0
,00:39:55,155,11.4,05:16,84,,,6970.10,30.0,0
,00:39:56,155,11.3,05:17,84,,,6973.30,29.9,0
,00:39:57,155,11.3,05:17,84,,,6976.40,30.0,0
,00:39:58,155,11.3,05:20,84,,,6979.50,30.0,0
,00:39:59,155,11.2,05:21,83,,,6983.20,29.9,0
,00:40:00,155,11.2,05:22,82,,,6986.30,30.0,0
,00:40:01,155,11.1,05:23,82,,,6989.40,30.0,0
,00:40:02,155,11.1,05:25,82,,,6992.50,30.0,0
,00:40:03,155,10.9,05:30,81,,,6995.50,30.1,0
,00:40:04,156,10.6,05:39,81,,,6998.50,29.9,0
,00:40:05,156,10.3,05:51,81,,,7001.40,30.0,0
,00:40:06,155,9.8,06:06,81,,,7004.20,30.0,0
,00:40:07,155,9.4,06:25,79,,,7006.90,30.0,0
,00:40:08,155,8.9,06:47,79,,,7009.40,30.0,0
,00:40:09,155,8.4,07:09,79,,,7011.70,30.0,0
,00:40:10,155,8.0,07:29,79,,,7014.00,30.0,0
,00:40:11,155,7.7,07:48,79,,,7016.10,29.9,0
,00:40:12,155,7.4,08:07,68,,,7018.10,29.9,0
,00:40:13,154,7.2,08:22,68,,,7020.20,30.1,0
,00:40:14,155,7.1,08:29,68,,,7022.10,30.0,0
,00:40:15,156,7.0,08:32,68,,,7024.00,30.0,0
,00:40:16,156,7.0,08:32,68,,,7026.00,30.1,0
,00:40:17,156,7.0,08:34,68,,,7028.00,30.0,0
,00:40:18,156,7.0,08:38,68,,,7029.90,29.9,0
,00:40:19,156,6.9,08:41,68,,,7031.70,29.9,0
,00:40:20,156,6.9,08:41,73,,,7033.60,30.1,0
,00:40:21,156,6.9,08:38,79,,,7035.60,30.0,0
,00:40:22,156,7.5,07:58,80,,,7037.50,30.0,0
,00:40:23,156,8.1,07:22,81,,,7039.70,30.1,0
,00:40:24,155,8.6,06:57,81,,,7042.00,30.1,0
,00:40:25,155,9.1,06:36,82,,,7044.50,30.1,0
,00:40:26,155,9.6,06:16,83,,,7047.10,30.0,0
,00:40:27,154,10.0,05:58,83,,,7049.80,30.0,0
,00:40:28,155,10.4,05:47,83,,,7052.70,30.0,0
,00:40:29,155,10.6,05:40,82,,,7055.60,30.1,0
,00:40:30,154,10.7,05:36,82,,,7058.60,30.1,0
,00:40:31,154,10.8,05:33,83,,,7061.50,29.9,0
,00:40:32,154,10.8,05:32,83,,,7064.50,30.0,0
,00:40:33,154,10.9,05:31,83,,,7067.50,30.0,0
,00:40:34,154,10.9,05:30,83,,,7070.60,30.1,0
,00:40:35,153,10.9,05:30,82,,,7073.60,30.0,0
,00:40:36,153,10.9,05:30,82,,,7076.60,30.1,0
,00:40:37,152,10.9,05:30,82,,,7079.70,30.0,0
,00:40:38,152,10.9,05:31,83,,,7082.70,30.0,0
,00:40:39,152,10.8,05:32,83,,,7085.70,30.0,0
,00:40:40,152,10.8,05:33,83,,,7088.60,30.1,0
,00:40:41,152,10.8,05:34,83,,,7091.60,30.0,0
,00:40:42,152,10.7,05:35,83,,,7094.60,30.1,0
,00:40:43,151,10.7,05:37,82,,,7097.60,30.0,0
,00:40:44,151,10.7,05:38,82,,,7100.60,30.1,0
,00:40:45,151,10.6,05:38,82,,,7103.50,30.0,0
,00:40:46,151,10.6,05:39,82,,,7106.40,30.1,0
,00:40:47,150,10.6,05:39,83,,,7109.30,30.0,0
,00:40:48,151,10.6,05:39,83,,,7112.30,30.2,0
,00:40:49,151,10.6,05:38,83,,,7115.80,30.1,0
,00:40:50,151,10.7,05:38,83,,,7118.80,30.1,0
,00:40:51,150,10.7,05:38,83,,,7121.80,30.1,0
,00:40:52,150,10.7,05:38,82,,,7124.70,30.1,0
,00:40:53,150,10.7,05:38,82,,,7127.70,30.1,0
,00:40:54,149,10.7,05:38,82,,,7130.60,30.0,0
,00:40:55,148,10.7,05:38,82,,,7133.50,30.0,0
,00:40:56,148,10.7,05:38,83,,,7136.50,30.0,0
,00:40:57,148,10.7,05:37,83,,,7139.40,30.0,0
,00:40:58,148,10.7,05:36,83,,,7142.40,30.0,0
,00:40:59,147,10.7,05:35,83,,,7145.40,30.1,0
,00:41:00,148,10.8,05:34,82,,,7148.40,30.1,0
,00:41:01,148,10.8,05:34,83,,,7151.30,30.0,0
,00:41:02,148,10.8,05:34,82,,,7154.30,30.1,0
,00:41:03,148,10.7,05:35,82,,,7157.30,30.0,0
,00:41:04,148,10.7,05:35,83,,,7160.20,30.0,0
,00:41:05,149,10.7,05:36,82,,,7163.20,30.1,0
,00:41:06,149,10.7,05:37,82,,,7166.20,30.0,0
,00:41:07,149,10.7,05:38,82,,,7169.10,30.1,0
,00:41:08,150,10.6,05:38,82,,,7172.10,30.1,0
,00:41:09,150,10.6,05:40,82,,,7175.10,30.1,0
,00:41:10,150,10.5,05:44,82,,,7177.90,30.1,0
,00:41:11,150,10.3,05:48,82,,,7180.80,30.1,0
,00:41:12,150,10.2,05:52,82,,,7183.70,30.0,0
,00:41:13,151,10.2,05:54,82,,,7186.50,30.0,0
,00:41:14,151,10.2,05:54,82,,,7189.20,30.2,0
,00:41:15,150,10.2,05:52,82,,,7192.10,30.1,0
,00:41:16,151,10.3,05:49,82,,,7194.90,30.1,0
,00:41:17,151,10.4,05:46,82,,,7197.80,30.1,0
,00:41:18,151,10.5,05:42,82,,,7200.70,30.0,0
,00:41:19,151,10.6,05:39,83,,,7203.60,30.0,0
,00:41:20,151,10.7,05:35,83,,,7206.50,30.0,0
,00:41:21,151,10.8,05:32,83,,,7209.50,29.9,0
,00:41:22,151,10.9,05:30,83,,,7212.50,30.1,0
,00:41:23,151,11.0,05:29,83,,,7215.60,30.1,0
,00:41:24,151,11.0,05:28,83,,,7218.60,30.1,0
,00:41:25,151,11.0,05:27,83,,,7221.60,30.1,0
,00:41:26,151,11.0,05:26,82,,,7224.70,30.1,0
,00:41:27,152,11.0,05:26,83,,,7227.80,30.0,0
,00:41:28,152,11.1,05:26,83,,,7230.80,30.0,0
,00:41:29,151,11.1,05:26,83,,,7233.90,30.1,0
,00:41:30,151,11.0,05:26,83,,,7237.00,30.1,0
,00:41:31,152,11.0,05:27,83,,,7240.00,30.0,0
,00:41:32,152,11.0,05:28,82,,,7243.10,30.1,0
,00:41:33,152,10.9,05:29,82,,,7246.10,30.0,0
,00:41:34,152,10.9,05:31,82,,,7249.10,30.1,0
,00:41:35,152,10.8,05:32,83,,,7252.10,30.0,0
,00:41:36,152,10.8,05:33,83,,,7255.10,29.9,0
,00:41:37,152,10.8,05:33,83,,,7258.10,30.1,0
,00:41:38,151,10.8,05:34,82,,,7261.00,30.1,0
,00:41:39,151,10.8,05:34,82,,,7264.60,30.0,0
,00:41:40,151,10.7,05:35,82,,,7267.60,30.1,0
,00:41:41,152,10.7,05:36,82,,,7270.60,30.1,0
,00:41:42,152,10.7,05:37,83,,,7273.60,30.1,0
,00:41:43,152,10.7,05:37,82,,,7276.60,30.0,0
,00:41:44,152,10.7,05:38,82,,,7279.50,29.9,0
,00:41:45,152,10.6,05:38,82,,,7282.40,30.1,0
,00:41:46,152,10.6,05:38,82,,,7285.30,30.1,0
,00:41:47,152,10.7,05:38,83,,,7288.30,30.0,0
,00:41:48,152,10.7,05:37,82,,,7291.30,30.0,0
,00:41:49,152,10.7,05:36,83,,,7294.20,30.1,0
,00:41:50,152,10.7,05:35,83,,,7297.20,30.0,0
,00:41:51,152,10.8,05:34,83,,,7300.20,30.1,0
,00:41:52,152,10.8,05:33,83,,,7303.20,30.1,0
,00:41:53,152,10.8,05:32,83,,,7306.20,30.1,0
,00:41:54,152,10.9,05:31,82,,,7309.20,30.1,0
,00:41:55,152,10.9,05:31,82,,,7312.20,30.0,0
,00:41:56,152,10.9,05:30,82,,,7315.10,30.0,0
,00:41:57,153,10.9,05:29,83,,,7318.20,30.1,0
,00:41:58,153,10.9,05:29,83,,,7321.20,30.0,0
,00:41:59,152,10.9,05:29,83,,,7324.20,30.0,0
,00:42:00,152,10.9,05:29,82,,,7327.30,30.0,0
,00:42:01,152,10.9,05:29,82,,,7330.30,29.9,0
,00:42:02,152,10.9,05:29,82,,,7333.40,30.1,0
,00:42:03,153,10.9,05:30,82,,,7336.40,30.0,0
,00:42:04,153,10.9,05:30,82,,,7339.40,30.1,0
,00:42:05,152,10.9,05:31,82,,,7342.40,30.1,0
,00:42:06,152,10.9,05:31,82,,,7345.40,29.9,0
,00:42:07,152,10.9,05:31,82,,,7348.40,30.1,0
,00:42:08,152,10.9,05:32,82,,,7351.40,29.9,0
,00:42:09,152,10.9,05:32,82,,,7354.40,30.0,0
,00:42:10,152,10.9,05:31,83,,,7357.50,30.1,0
,00:42:11,152,10.9,05:30,83,,,7360.50,30.0,0
,00:42:12,152,10.9,05:29,83,,,7363.50,30.1,0
,00:42:13,152,10.9,05:29,83,,,7366.50,30.1,0
,00:42:14,153,11.0,05:29,83,,,7369.50,30.1,0
,00:42:15,152,11.0,05:28,83,,,7372.50,30.0,0
,00:42:16,152,11.0,05:28,83,,,7375.60,30.1,0
,00:42:17,153,11.0,05:27,83,,,7378.60,30.1,0
,00:42:18,153,11.0,05:27,82,,,7381.70,30.1,0
,00:42:19,153,11.0,05:27,82,,,7384.70,30.1,0
,00:42:20,153,11.0,05:26,82,,,7387.80,30.1,0
,00:42:21,152,11.1,05:26,83,,,7390.90,30.1,0
,00:42:22,152,11.1,05:25,83,,,7393.90,30.1,0
,00:42:23,153,11.1,05:25,83,,,7397.00,30.1,0
,00:42:24,153,11.0,05:26,83,,,7400.00,30.1,0
,00:42:25,153,10.9,05:31,83,,,7403.10,30.1,0
,00:42:26,153,10.6,05:39,83,,,7406.10,30.1,0
,00:42:27,153,10.5,05:44,83,,,7408.90,30.0,0
,00:42:28,154,10.5,05:44,83,,,7411.80,30.1,0
,00:42:29,154,10.8,05:32,83,,,7414.70,30.1,0
,00:42:30,154,11.0,05:27,82,,,7418.30,30.1,0
,00:42:31,154,11.0,05:27,82,,,7421.50,30.1,0
,00:42:32,153,10.9,05:30,82,,,7424.60,30.1,0
,00:42:33,153,10.8,05:34,82,,,7427.50,30.1,0
,00:42:34,153,10.7,05:37,82,,,7430.50,30.1,0
,00:42:35,154,10.7,05:38,82,,,7433.40,30.0,0
,00:42:36,154,10.7,05:38,82,,,7436.30,30.1,0
,00:42:37,154,10.7,05:38,82,,,7439.30,30.1,0
,00:42:38,154,10.7,05:38,82,,,7442.20,30.1,0
,00:42:39,153,10.7,05:37,82,,,7445.20,30.0,0
,00:42:40,153,10.7,05:35,82,,,7448.10,30.1,0
,00:42:41,153,10.8,05:33,82,,,7451.10,30.1,0
,00:42:42,153,10.8,05:32,82,,,7454.10,30.1,0
,00:42:43,153,10.8,05:32,82,,,7457.10,30.1,0
,00:42:44,153,10.8,05:32,82,,,7460.20,30.1,0
,00:42:45,153,10.8,05:33,82,,,7463.20,30.1,0
,00:42:46,153,10.7,05:35,82,,,7466.10,30.1,0
,00:42:47,153,10.7,05:38,82,,,7469.00,30.2,0
,00:42:48,153,10.6,05:40,82,,,7472.00,30.2,0
,00:42:49,153,10.5,05:42,82,,,7475.00,30.1,0
,00:42:50,153,10.5,05:44,82,,,7477.80,30.1,0
,00:42:51,153,10.4,05:46,82,,,7480.70,30.1,0
,00:42:52,153,10.4,05:47,82,,,7483.60,30.1,0
,00:42:53,152,10.4,05:47,82,,,7486.50,30.1,0
,00:42:54,152,10.4,05:47,82,,,7489.30,30.2,0
,00:42:55,151,10.4,05:46,82,,,7492.20,30.1,0
,00:42:56,152,10.4,05:46,82,,,7495.10,30.2,0
,00:42:57,151,10.4,05:45,82,,,7498.00,30.2,0
,00:42:58,151,10.4,05:45,82,,,7500.80,30.1,0
,00:42:59,151,10.4,05:45,82,,,7503.70,30.1,0
,00:43:00,151,10.4,05:47,82,,,7506.60,30.1,0
,00:43:01,151,10.3,05:51,82,,,7509.50,30.1,0
,00:43:02,151,10.1,05:56,81,,,7512.30,30.1,0
,00:43:03,151,10.0,06:00,80,,,7515.00,30.1,0
,00:43:04,152,9.9,06:03,81,,,7517.80,30.1,0
,00:43:05,151,9.9,06:05,81,,,7520.60,30.1,0
,00:43:06,151,9.9,06:05,81,,,7523.30,30.1,0
,00:43:07,151,9.9,06:05,81,,,7526.00,30.1,0
,00:43:08,152,9.9,06:03,81,,,7528.70,30.1,0
,00:43:09,152,9.9,06:02,81,,,7531.40,30.1,0
,00:43:10,152,10.0,06:00,80,,,7534.20,30.2,0
,00:43:11,152,10.0,05:58,80,,,7537.00,30.2,0
,00:43:12,152,10.1,05:56,80,,,7539.80,30.1,0
,00:43:13,151,10.2,05:54,81,,,7542.60,30.2,0
,00:43:14,151,10.3,05:51,81,,,7545.40,30.0,0
,00:43:15,151,10.3,05:49,81,,,7548.20,30.2,0
,00:43:16,151,10.4,05:47,81,,,7551.10,30.2,0
,00:43:17,151,10.4,05:45,81,,,7554.00,30.1,0
,00:43:18,151,10.5,05:43,81,,,7556.90,30.2,0
,00:43:19,151,10.5,05:43,81,,,7559.80,30.1,0
,00:43:20,151,10.5,05:42,81,,,7562.70,30.2,0
,00:43:21,151,10.6,05:41,81,,,7563.30,30.2,0
,00:43:22,151,10.6,05:40,81,,,7566.30,30.1,0
,00:43:23,151,10.6,05:39,81,,,7569.20,30.2,0
,00:43:24,151,10.6,05:38,81,,,7572.10,30.1,0
,00:43:25,150,10.7,05:38,81,,,7575.10,30.3,0
,00:43:26,150,10.7,05:38,81,,,7578.00,30.2,0
,00:43:27,150,10.7,05:38,81,,,7580.90,30.1,0
,00:43:28,150,10.7,05:38,81,,,7583.90,30.1,0
,00:43:29,150,10.6,05:38,81,,,7586.80,30.2,0
,00:43:30,150,10.6,05:39,81,,,7589.80,30.2,0
,00:43:31,150,10.6,05:40,81,,,7592.70,30.2,0
,00:43:32,150,10.6,05:41,81,,,7595.70,30.2,0
,00:43:33,150,10.5,05:42,81,,,7598.50,30.3,0
,00:43:34,150,10.5,05:43,81,,,7601.40,30.1,0
,00:43:35,150,10.5,05:44,80,,,7604.40,30.3,0
,00:43:36,149,10.5,05:44,80,,,7607.30,30.2,0
,00:43:37,149,10.5,05:44,80,,,7610.20,30.3,0
,00:43:38,149,10.5,05:44,81,,,7613.10,30.2,0
,00:43:39,150,10.5,05:44,81,,,7616.00,30.1,0
,00:43:40,150,10.5,05:44,82,,,7618.90,30.2,0
,00:43:41,150,10.5,05:44,81,,,7618.90,30.2,0
,00:43:42,149,10.5,05:44,80,,,7618.90,30.3,0
,00:43:43,149,10.5,05:44,81,,,7618.90,30.2,0
,00:43:44,149,10.5,05:44,81,,,7618.90,30.3,0
,00:43:45,149,10.2,05:54,81,,,7618.90,30.2,0
,00:43:46,149,10.2,05:53,81,,,7635.50,30.1,0
,00:43:47,149,10.2,05:52,81,,,7638.30,30.2,0
,00:43:48,149,10.3,05:51,81,,,7641.20,30.1,0
,00:43:49,149,10.3,05:49,81,,,7644.00,30.2,0
,00:43:50,150,10.3,05:48,81,,,7646.90,30.2,0
,00:43:51,150,10.3,05:49,81,,,7649.80,30.2,0
,00:43:52,150,10.3,05:51,82,,,7652.60,30.3,0
,00:43:53,150,10.3,05:51,82,,,7655.50,30.3,0
,00:43:54,150,10.3,05:51,83,,,7658.30,30.3,0
,00:43:55,150,10.1,05:55,83,,,7661.10,30.2,0
,00:43:56,149,9.9,06:04,83,,,7663.90,30.2,0
,00:43:57,149,9.6,06:14,74,,,7666.60,30.3,0
,00:43:58,149,9.3,06:26,70,,,7669.20,30.3,0
,00:43:59,149,9.1,06:37,68,,,7671.80,30.2,0
,00:44:00,149,8.8,06:48,69,,,7674.20,30.3,0
,00:44:01,149,8.6,06:58,70,,,7676.70,30.1,0
,00:44:02,149,8.4,07:09,70,,,7679.00,30.3,0
,00:44:03,149,8.0,07:29,70,,,7681.30,30.2,0
,00:44:04,149,8.0,07:29,70,,,7683.40,30.2,0
,00:44:05,149,7.9,07:37,70,,,7685.60,30.2,0
,00:44:06,148,7.1,08:29,70,,,7687.80,30.2,0
,00:44:07,148,5.9,10:14,70,,,7689.70,30.3,0
,00:44:08,147,4.9,12:15,68,,,7691.10,30.2,0
,00:44:09,146,4.2,14:26,68,,,7692.30,30.3,0
,00:44:10,146,4.2,14:26,68,,,7693.30,30.3,0
,00:44:11,146,3.3,18:22,66,,,7694.20,30.3,0
,00:44:12,145,3.1,19:22,0,,,7695.40,30.2,0
,00:44:13,145,3.0,19:49,0,,,7696.10,30.2,0
,00:44:14,145,3.0,19:55,0,,,7697.00,30.2,0
,00:44:15,145,3.0,19:44,0,,,7697.80,30.3,0
,00:44:16,145,3.1,19:10,0,,,7698.60,30.3,0
,00:44:17,144,3.3,18:06,22,,,7699.50,30.3,0
,00:44:18,143,3.6,16:49,40,,,7700.50,30.3,0
,00:44:19,142,3.9,15:34,49,,,7701.50,30.2,0
,00:44:20,141,4.2,14:27,53,,,7702.70,30.2,0
,00:44:21,141,4.5,13:26,53,,,7703.80,30.3,0
,00:44:22,141,4.8,12:36,53,,,7705.20,30.3,0
,00:44:23,141,5.0,12:02,55,,,7706.50,30.3,0
,00:44:24,142,5.2,11:37,55,,,7707.90,30.3,0
,00:44:25,142,5.3,11:16,56,,,7709.40,30.3,0
,00:44:26,141,5.5,10:57,56,,,7710.90,30.2,0
,00:44:27,140,5.6,10:40,59,,,7712.40,30.3,0
,00:44:28,140,5.8,10:25,60,,,7714.00,30.3,0
,00:44:29,139,5.9,10:11,61,,,7715.70,30.3,0
,00:44:30,138,6.0,10:00,61,,,7717.30,30.3,0
,00:44:31,138,6.1,09:51,61,,,7719.00,30.2,0
,00:44:32,137,6.2,09:44,61,,,7720.70,30.3,0
,00:44:33,137,6.2,09:38,61,,,7722.40,30.3,0
,00:44:34,136,6.3,09:34,61,,,7724.10,30.3,0
,00:44:35,136,6.3,09:31,61,,,7725.90,30.2,0
,00:44:36,136,6.3,09:28,61,,,7727.60,30.3,0
,00:44:37,136,6.4,09:26,61,,,7729.40,30.2,0
,00:44:38,135,6.4,09:25,61,,,7731.20,30.2,0
,00:44:39,135,6.4,09:25,61,,,7732.90,30.2,0
,00:44:40,134,6.4,09:23,61,,,7734.70,30.3,0
,00:44:41,134,6.4,09:20,61,,,7736.50,30.2,0
,00:44:42,134,6.5,09:16,59,,,7738.30,30.2,0
,00:44:43,133,6.5,09:12,59,,,7740.10,30.2,0
,00:44:44,133,6.6,09:05,59,,,7741.90,30.3,0
,00:44:45,133,6.7,08:56,69,,,7743.70,30.3,0
,00:44:46,132,7.3,08:14,75,,,7745.60,30.3,0
,00:44:47,132,7.8,07:40,78,,,7747.70,30.3,0
,00:44:48,132,8.2,07:20,80,,,7750.00,30.4,0
,00:44:49,132,8.4,07:08,81,,,7752.20,30.3,0
,00:44:50,132,8.6,06:57,80,,,7754.60,30.2,0
,00:44:51,132,8.9,06:43,81,,,7757.10,30.1,0
,00:44:52,132,9.3,06:28,80,,,7759.60,30.2,0
,00:44:53,133,9.7,06:12,80,,,7762.10,30.3,0
,00:44:54,133,10.0,06:01,81,,,7764.90,30.3,0
,00:44:55,133,10.2,05:53,81,,,7767.70,30.3,0
,00:44:56,133,10.4,05:48,81,,,7770.50,30.3,0
,00:44:57,133,10.5,05:44,81,,,7773.40,30.3,0
,00:44:58,133,10.5,05:44,81,,,7776.30,30.3,0
,00:44:59,134,10.4,05:46,80,,,7779.20,30.3,0
,00:45:00,134,10.3,05:49,80,,,7782.10,30.3,0
,00:45:01,134,10.3,05:49,81,,,7785.00,30.2,0
,00:45:02,135,10.2,05:54,81,,,7787.80,30.3,0
,00:45:03,135,10.1,05:56,81,,,7791.10,30.3,0
,00:45:04,135,10.1,05:58,81,,,7793.90,30.2,0
,00:45:05,136,10.0,05:58,81,,,7796.70,30.3,0
,00:45:06,136,10.0,05:58,81,,,7799.50,30.3,0
,00:45:07,136,10.0,05:58,81,,,7802.20,30.3,0
,00:45:08,136,10.0,05:58,81,,,7805.00,30.3,0
,00:45:09,137,10.1,05:57,81,,,7807.80,30.3,0
,00:45:10,137,10.1,05:56,81,,,7810.60,30.2,0
,00:45:11,137,10.2,05:54,81,,,7813.40,30.3,0
,00:45:12,137,10.2,05:52,81,,,7816.20,30.3,0
,00:45:13,137,10.3,05:51,81,,,7819.10,30.5,0
,00:45:14,138,10.3,05:50,81,,,7821.90,30.3,0
,00:45:15,138,10.3,05:49,82,,,7824.80,30.3,0
,00:45:16,138,10.4,05:48,83,,,7827.60,30.4,0
,00:45:17,139,10.4,05:47,83,,,7830.50,30.3,0
,00:45:18,139,10.4,05:46,83,,,7833.40,30.3,0
,00:45:19,139,10.4,05:45,82,,,7836.30,30.4,0
,00:45:20,140,10.5,05:44,83,,,7839.20,30.3,0
,00:45:21,140,10.5,05:43,82,,,7842.10,30.3,0
,00:45:22,141,10.5,05:42,82,,,7845.00,30.3,0
,00:45:23,141,10.5,05:41,82,,,7847.90,30.4,0
,00:45:24,141,10.5,05:41,82,,,7850.80,30.3,0
,00:45:25,141,10.6,05:41,82,,,7853.70,30.3,0
,00:45:26,141,10.6,05:41,82,,,7856.60,30.3,0
,00:45:27,141,10.6,05:41,82,,,7859.60,30.3,0
,00:45:28,141,10.5,05:42,82,,,7862.50,30.3,0
,00:45:29,141,10.5,05:43,82,,,7865.40,30.3,0
,00:45:30,141,10.5,05:44,82,,,7868.30,30.3,0
,00:45:31,141,10.4,05:46,82,,,7871.20,30.3,0
,00:45:32,141,10.2,05:53,82,,,7874.00,30.3,0
,00:45:33,141,10.0,06:00,82,,,7876.90,30.4,0
,00:45:34,141,9.7,06:11,82,,,7879.60,30.4,0
,00:45:35,141,9.3,06:26,82,,,7882.20,30.4,0
,00:45:36,141,8.9,06:43,82,,,7884.70,30.3,0
,00:45:37,142,8.5,07:02,82,,,7887.20,30.3,0
,00:45:38,142,8.1,07:23,82,,,7889.50,30.4,0
,00:45:39,142,7.8,07:43,72,,,7891.60,30.3,0
,00:45:40,142,7.5,08:00,67,,,7893.70,30.3,0
,00:45:41,142,7.3,08:13,62,,,7895.80,30.4,0
,00:45:42,142,7.1,08:25,62,,,7897.80,30.3,0
,00:45:43,142,7.0,08:34,62,,,7899.70,30.3,0
,00:45:44,142,6.9,08:42,62,,,7901.60,30.2,0
,00:45:45,142,6.8,08:49,62,,,7903.60,30.4,0
,00:45:46,142,6.7,08:54,62,,,7905.40,30.4,0
,00:45:47,143,6.7,09:00,62,,,7907.20,30.3,0
,00:45:48,143,6.6,09:09,61,,,7909.10,30.3,0
,00:45:49,144,6.4,09:23,61,,,7910.90,30.3,0
,00:45:50,143,6.2,09:40,61,,,7912.70,30.3,0
,00:45:51,143,6.0,09:56,61,,,7914.30,30.4,0
,00:45:52,143,5.9,10:10,61,,,7916.00,30.3,0
,00:45:53,142,5.9,10:10,61,,,7917.60,30.3,0
,00:45:54,142,5.8,10:21,61,,,7919.10,30.3,0
,00:45:55,142,5.9,10:09,61,,,7921.10,30.2,0
,00:45:56,142,6.1,09:53,61,,,7922.80,30.4,0
,00:45:57,141,6.2,09:38,61,,,7924.50,30.3,0
,00:45:58,141,6.4,09:23,60,,,7926.20,30.3,0
,00:45:59,140,6.5,09:10,60,,,7928.10,30.3,0
,00:46:00,140,6.7,09:00,60,,,7929.90,30.3,0
,00:46:01,140,6.7,08:56,60,,,7931.70,30.4,0
,00:46:02,140,6.7,08:57,60,,,7933.60,30.3,0
,00:46:03,139,6.7,09:01,60,,,7935.50,30.3,0
,00:46:04,138,6.6,09:03,60,,,7937.30,30.5,0
,00:46:05,138,6.6,09:01,60,,,7939.20,30.4,0
,00:46:06,138,6.7,08:57,60,,,7941.00,30.3,0
,00:46:07,137,7.4,08:07,60,,,7942.90,30.3,0
,00:46:08,137,8.2,07:18,60,,,7945.00,30.2,0
,00:46:09,137,8.5,07:06,60,,,7947.40,30.3,0
,00:46:10,137,8.4,07:10,60,,,7949.70,30.4,0
,00:46:11,136,7.9,07:37,60,,,7952.10,30.3,0
,00:46:12,136,6.7,08:59,60,,,7954.20,30.3,0
,00:46:13,135,5.7,10:33,60,,,7955.80,30.3,0
,00:46:14,135,4.9,12:09,60,,,7957.20,30.3,0
,00:46:15,135,4.4,13:38,60,,,7958.50,30.3,0
,00:46:16,135,4.0,14:51,60,,,7959.60,30.3,0
,00:46:17,135,3.8,15:38,60,,,7960.60,30.4,0
,00:46:18,135,3.7,16:01,60,,,7961.70,30.3,0
,00:46:19,135,3.7,16:13,60,,,7962.70,30.3,0
,00:46:20,135,3.7,16:13,60,,,7963.70,30.3,0
,00:46:21,134,3.8,15:58,60,,,7964.80,30.4,0
,00:46:22,133,3.9,15:22,60,,,7965.80,30.4,0
,00:46:23,133,4.1,14:35,60,,,7966.90,30.4,0
,00:46:24,133,0.0,00:00,60,,,7968.00,30.4,0
,00:46:25,133,4.4,13:46,58,,,7968.00,30.3,0
,00:46:26,133,4.6,13:02,57,,,7969.30,30.3,0
,00:46:27,133,4.8,12:25,57,,,7970.60,30.4,0
,00:46:28,134,4.8,12:25,57,,,7972.00,30.4,0
,00:46:29,134,4.8,12:25,57,,,7973.40,30.4,0
,00:46:30,134,4.8,12:25,56,,,7974.70,30.4,0
,00:46:31,134,4.8,12:25,56,,,7976.00,30.4,0
,00:46:32,134,4.8,12:25,56,,,7977.40,30.3,0
,00:46:33,134,4.8,12:25,56,,,7977.40,30.4,0
,00:46:34,133,4.8,12:25,55,,,7977.40,30.4,0
,00:46:35,133,4.8,12:25,55,,,7977.40,30.3,0
,00:46:36,133,4.8,12:25,56,,,7977.40,30.3,0
,00:46:37,133,5.7,10:28,56,,,7977.40,30.3,0
,00:46:38,133,5.8,10:24,57,,,7987.20,30.4,0
,00:46:39,133,5.8,10:21,57,,,7988.80,30.3,0
,00:46:40,131,5.8,10:17,57,,,7990.40,30.4,0
,00:46:41,131,5.9,10:14,60,,,7992.10,30.3,0
,00:46:42,131,5.9,10:10,60,,,7993.70,30.3,0
,00:46:43,131,5.9,10:06,60,,,7995.30,30.3,0
,00:46:44,131,6.0,10:03,61,,,7997.00,30.3,0
,00:46:45,131,6.0,10:03,59,,,7998.60,30.3,0
,00:46:46,131,6.0,10:02,60,,,8000.30,30.2,0
,00:46:47,132,6.0,10:02,59,,,8002.30,30.4,0
,00:46:48,131,6.0,10:02,58,,,8003.90,30.3,0
,00:46:49,131,6.0,10:02,58,,,8005.60,30.4,0
,00:46:50,131,6.0,10:00,58,,,8007.20,30.4,0
,00:46:51,131,6.0,09:57,58,,,8008.90,30.4,0
,00:46:52,130,6.1,09:52,58,,,8010.60,30.4,0
