<?xml version="1.0" encoding="UTF-8" standalone="no" ?>
<gpx xmlns="http://www.topografix.com/GPX/1/1" creator="http://nakarte.me" xmlns:xsi="http://www.w3.org/2001/XMLSchema-instance" xsi:schemaLocation="http://www.topografix.com/GPX/1/1 http://www.topografix.com/GPX/1/1/gpx.xsd" version="1.1">
	<metadata>
		<time>2026-09-03T11:29:36.583Z</time>
	</metadata>
	<wpt lat="43.713873" lon="40.201788">
		<ele>1722.9</ele>
		<name>ПП Хмелёвские озёра</name>
	</wpt>
	<wpt lat="43.666237" lon="40.178163">
		<ele>406.1</ele>
		<name>ПП Монашка</name>
	</wpt>
	<wpt lat="43.618407" lon="40.316350">
		<ele>2208.2</ele>
		<name>ПП Юрьев Хутор</name>
	</wpt>
	<wpt lat="43.682180" lon="40.277598">
		<ele>564.6</ele>
		<name>ПП Эстосадок</name>
	</wpt>
	<trk>
		<name>Резерв 80 RWT</name>
		<trkseg>
			<trkpt lat="43.660529" lon="40.319827"><ele>1150.9</ele><time>1970-01-01T00:00:01.000Z</time></trkpt>
			<trkpt lat="43.660550" lon="40.320041"><ele>1152.4</ele><time>1970-01-01T00:00:01.000Z</time></trkpt>
			<trkpt lat="43.660679" lon="40.320020"><ele>1152.6</ele><time>1970-01-01T00:00:01.000Z</time></trkpt>
			<trkpt lat="43.660937" lon="40.319655"><ele>1147.8</ele><time>1970-01-01T00:00:01.000Z</time></trkpt>
			<trkpt lat="43.660572" lon="40.319462"><ele>1147.7</ele><time>1970-01-01T00:00:01.000Z</time></trkpt>
			<trkpt lat="43.660379" lon="40.319290"><ele>1147.6</ele><time>1970-01-01T00:00:01.000Z</time></trkpt>
			<trkpt lat="43.660314" lon="40.318968"><ele>1147.6</ele><time>1970-01-01T00:00:01.000Z</time></trkpt>
			<trkpt lat="43.660529" lon="40.318904"><ele>1144.6</ele><time>1970-01-01T00:00:01.000Z</time></trkpt>
			<trkpt lat="43.660743" lon="40.318689"><ele>1139.6</ele><time>1970-01-01T00:00:01.000Z</time></trkpt>
			<trkpt lat="43.660894" lon="40.318325"><ele>1133.5</ele><time>1970-01-01T00:00:01.000Z</time></trkpt>
			<trkpt lat="43.661194" lon="40.318282"><ele>1131.0</ele><time>1970-01-01T00:00:01.000Z</time></trkpt>
			<trkpt lat="43.661816" lon="40.318410"><ele>1129.1</ele><time>1970-01-01T00:00:01.000Z</time></trkpt>
			<trkpt lat="43.661945" lon="40.318368"><ele>1129.6</ele><time>1970-01-01T00:00:01.000Z</time></trkpt>
			<trkpt lat="43.662138" lon="40.318131"><ele>1130.6</ele><time>1970-01-01T00:00:01.000Z</time></trkpt>
			<trkpt lat="43.662739" lon="40.317230"><ele>1124.6</ele><time>1970-01-01T00:00:01.000Z</time></trkpt>
			<trkpt lat="43.662954" lon="40.316844"><ele>1122.0</ele><time>1970-01-01T00:00:01.000Z</time></trkpt>
			<trkpt lat="43.663125" lon="40.316436"><ele>1120.2</ele><time>1970-01-01T00:00:01.000Z</time></trkpt>
			<trkpt lat="43.663275" lon="40.315878"><ele>1115.7</ele><time>1970-01-01T00:00:01.000Z</time></trkpt>
			<trkpt lat="43.663597" lon="40.315557"><ele>1111.5</ele><time>1970-01-01T00:00:01.000Z</time></trkpt>
			<trkpt lat="43.663619" lon="40.315449"><ele>1110.7</ele><time>1970-01-01T00:00:01.000Z</time></trkpt>
			<trkpt lat="43.663533" lon="40.315149"><ele>1108.7</ele><time>1970-01-01T00:00:01.000Z</time></trkpt>
			<trkpt lat="43.663297" lon="40.315256"><ele>1109.3</ele><time>1970-01-01T00:00:01.000Z</time></trkpt>
			<trkpt lat="43.663061" lon="40.315449"><ele>1108.1</ele><time>1970-01-01T00:00:01.000Z</time></trkpt>
			<trkpt lat="43.663039" lon="40.315321"><ele>1106.5</ele><time>1970-01-01T00:00:01.000Z</time></trkpt>
			<trkpt lat="43.662760" lon="40.315428"><ele>1103.7</ele><time>1970-01-01T00:00:01.000Z</time></trkpt>
			<trkpt lat="43.662782" lon="40.315793"><ele>1107.7</ele><time>1970-01-01T00:00:01.000Z</time></trkpt>
			<trkpt lat="43.662503" lon="40.316072"><ele>1107.8</ele><time>1970-01-01T00:00:01.000Z</time></trkpt>
			<trkpt lat="43.662310" lon="40.316136"><ele>1106.5</ele><time>1970-01-01T00:00:01.000Z</time></trkpt>
			<trkpt lat="43.662138" lon="40.316737"><ele>1115.7</ele><time>1970-01-01T00:00:01.000Z</time></trkpt>
			<trkpt lat="43.661945" lon="40.317144"><ele>1122.4</ele><time>1970-01-01T00:00:01.000Z</time></trkpt>
			<trkpt lat="43.661731" lon="40.317230"><ele>1123.4</ele><time>1970-01-01T00:00:01.000Z</time></trkpt>
			<trkpt lat="43.661537" lon="40.317230"><ele>1124.3</ele><time>1970-01-01T00:00:01.000Z</time></trkpt>
			<trkpt lat="43.661022" lon="40.316844"><ele>1123.6</ele><time>1970-01-01T00:00:01.000Z</time></trkpt>
			<trkpt lat="43.661065" lon="40.316565"><ele>1117.9</ele><time>1970-01-01T00:00:01.000Z</time></trkpt>
			<trkpt lat="43.661001" lon="40.316436"><ele>1115.7</ele><time>1970-01-01T00:00:01.000Z</time></trkpt>
			<trkpt lat="43.660765" lon="40.316436"><ele>1119.7</ele><time>1970-01-01T00:00:01.000Z</time></trkpt>
			<trkpt lat="43.660550" lon="40.316501"><ele>1125.9</ele><time>1970-01-01T00:00:01.000Z</time></trkpt>
			<trkpt lat="43.660336" lon="40.316308"><ele>1126.1</ele><time>1970-01-01T00:00:01.000Z</time></trkpt>
			<trkpt lat="43.660121" lon="40.315835"><ele>1121.0</ele><time>1970-01-01T00:00:01.000Z</time></trkpt>
			<trkpt lat="43.659649" lon="40.315406"><ele>1119.0</ele><time>1970-01-01T00:00:01.000Z</time></trkpt>
			<trkpt lat="43.659048" lon="40.314634"><ele>1112.7</ele><time>1970-01-01T00:00:01.000Z</time></trkpt>
			<trkpt lat="43.658941" lon="40.314398"><ele>1109.8</ele><time>1970-01-01T00:00:01.000Z</time></trkpt>
			<trkpt lat="43.658791" lon="40.313883"><ele>1100.4</ele><time>1970-01-01T00:00:01.000Z</time></trkpt>
			<trkpt lat="43.658619" lon="40.313540"><ele>1096.4</ele><time>1970-01-01T00:00:01.000Z</time></trkpt>
			<trkpt lat="43.658490" lon="40.313432"><ele>1097.7</ele><time>1970-01-01T00:00:01.000Z</time></trkpt>
			<trkpt lat="43.658340" lon="40.313389"><ele>1101.4</ele><time>1970-01-01T00:00:01.000Z</time></trkpt>
			<trkpt lat="43.658061" lon="40.313239"><ele>1105.1</ele><time>1970-01-01T00:00:01.000Z</time></trkpt>
			<trkpt lat="43.657761" lon="40.312896"><ele>1105.0</ele><time>1970-01-01T00:00:01.000Z</time></trkpt>
			<trkpt lat="43.657675" lon="40.312703"><ele>1103.0</ele><time>1970-01-01T00:00:01.000Z</time></trkpt>
			<trkpt lat="43.657546" lon="40.312209"><ele>1094.9</ele><time>1970-01-01T00:00:01.000Z</time></trkpt>
			<trkpt lat="43.657418" lon="40.311480"><ele>1079.8</ele><time>1970-01-01T00:00:01.000Z</time></trkpt>
			<trkpt lat="43.657224" lon="40.311050"><ele>1074.4</ele><time>1970-01-01T00:00:01.000Z</time></trkpt>
			<trkpt lat="43.657031" lon="40.310771"><ele>1071.5</ele><time>1970-01-01T00:00:01.000Z</time></trkpt>
			<trkpt lat="43.656838" lon="40.310557"><ele>1069.7</ele><time>1970-01-01T00:00:01.000Z</time></trkpt>
			<trkpt lat="43.656709" lon="40.310493"><ele>1069.7</ele><time>1970-01-01T00:00:01.000Z</time></trkpt>
			<trkpt lat="43.656473" lon="40.310450"><ele>1071.8</ele><time>1970-01-01T00:00:01.000Z</time></trkpt>
			<trkpt lat="43.655937" lon="40.310450"><ele>1079.2</ele><time>1970-01-01T00:00:01.000Z</time></trkpt>
			<trkpt lat="43.655851" lon="40.310385"><ele>1079.2</ele><time>1970-01-01T00:00:01.000Z</time></trkpt>
			<trkpt lat="43.655765" lon="40.310085"><ele>1076.7</ele><time>1970-01-01T00:00:01.000Z</time></trkpt>
			<trkpt lat="43.655808" lon="40.309699"><ele>1069.3</ele><time>1970-01-01T00:00:01.000Z</time></trkpt>
			<trkpt lat="43.655744" lon="40.309055"><ele>1061.6</ele><time>1970-01-01T00:00:01.000Z</time></trkpt>
			<trkpt lat="43.655637" lon="40.308948"><ele>1061.7</ele><time>1970-01-01T00:00:01.000Z</time></trkpt>
			<trkpt lat="43.655379" lon="40.308819"><ele>1064.4</ele><time>1970-01-01T00:00:01.000Z</time></trkpt>
			<trkpt lat="43.655293" lon="40.308712"><ele>1063.5</ele><time>1970-01-01T00:00:01.000Z</time></trkpt>
			<trkpt lat="43.655186" lon="40.308111"><ele>1049.2</ele><time>1970-01-01T00:00:01.000Z</time></trkpt>
			<trkpt lat="43.655122" lon="40.307982"><ele>1047.0</ele><time>1970-01-01T00:00:01.000Z</time></trkpt>
			<trkpt lat="43.654993" lon="40.307918"><ele>1048.0</ele><time>1970-01-01T00:00:01.000Z</time></trkpt>
			<trkpt lat="43.653984" lon="40.308046"><ele>1057.8</ele><time>1970-01-01T00:00:01.000Z</time></trkpt>
			<trkpt lat="43.653341" lon="40.307746"><ele>1052.9</ele><time>1970-01-01T00:00:01.000Z</time></trkpt>
			<trkpt lat="43.653083" lon="40.307424"><ele>1046.0</ele><time>1970-01-01T00:00:01.000Z</time></trkpt>
			<trkpt lat="43.652997" lon="40.306931"><ele>1039.6</ele><time>1970-01-01T00:00:01.000Z</time></trkpt>
			<trkpt lat="43.652997" lon="40.306458"><ele>1037.2</ele><time>1970-01-01T00:00:01.000Z</time></trkpt>
			<trkpt lat="43.653083" lon="40.306351"><ele>1034.2</ele><time>1970-01-01T00:00:01.000Z</time></trkpt>
			<trkpt lat="43.653190" lon="40.306308"><ele>1029.2</ele><time>1970-01-01T00:00:01.000Z</time></trkpt>
			<trkpt lat="43.653405" lon="40.306008"><ele>1023.3</ele><time>1970-01-01T00:00:01.000Z</time></trkpt>
			<trkpt lat="43.654070" lon="40.304613"><ele>1014.8</ele><time>1970-01-01T00:00:01.000Z</time></trkpt>
			<trkpt lat="43.654156" lon="40.304227"><ele>1010.6</ele><time>1970-01-01T00:00:01.000Z</time></trkpt>
			<trkpt lat="43.654156" lon="40.303884"><ele>1015.0</ele><time>1970-01-01T00:00:01.000Z</time></trkpt>
			<trkpt lat="43.654220" lon="40.303583"><ele>1017.2</ele><time>1970-01-01T00:00:01.000Z</time></trkpt>
			<trkpt lat="43.654413" lon="40.303240"><ele>1013.6</ele><time>1970-01-01T00:00:01.000Z</time></trkpt>
			<trkpt lat="43.654907" lon="40.302875"><ele>993.1</ele><time>1970-01-01T00:00:01.000Z</time></trkpt>
			<trkpt lat="43.654993" lon="40.302725"><ele>988.9</ele><time>1970-01-01T00:00:01.000Z</time></trkpt>
			<trkpt lat="43.655057" lon="40.302317"><ele>987.1</ele><time>1970-01-01T00:00:01.000Z</time></trkpt>
			<trkpt lat="43.655400" lon="40.301180"><ele>983.4</ele><time>1970-01-01T00:00:01.000Z</time></trkpt>
			<trkpt lat="43.655529" lon="40.300858"><ele>980.3</ele><time>1970-01-01T00:00:01.000Z</time></trkpt>
			<trkpt lat="43.655679" lon="40.299935"><ele>979.1</ele><time>1970-01-01T00:00:01.000Z</time></trkpt>
			<trkpt lat="43.655787" lon="40.299635"><ele>982.1</ele><time>1970-01-01T00:00:01.000Z</time></trkpt>
			<trkpt lat="43.655894" lon="40.299485"><ele>982.7</ele><time>1970-01-01T00:00:01.000Z</time></trkpt>
			<trkpt lat="43.656774" lon="40.298669"><ele>978.0</ele><time>1970-01-01T00:00:01.000Z</time></trkpt>
			<trkpt lat="43.657418" lon="40.297897"><ele>976.7</ele><time>1970-01-01T00:00:01.000Z</time></trkpt>
			<trkpt lat="43.657589" lon="40.297554"><ele>979.9</ele><time>1970-01-01T00:00:01.000Z</time></trkpt>
			<trkpt lat="43.657718" lon="40.297532"><ele>981.1</ele><time>1970-01-01T00:00:01.000Z</time></trkpt>
			<trkpt lat="43.658877" lon="40.297961"><ele>970.1</ele><time>1970-01-01T00:00:01.000Z</time></trkpt>
			<trkpt lat="43.659456" lon="40.298090"><ele>961.7</ele><time>1970-01-01T00:00:01.000Z</time></trkpt>
			<trkpt lat="43.660379" lon="40.297833"><ele>954.6</ele><time>1970-01-01T00:00:01.000Z</time></trkpt>
			<trkpt lat="43.660979" lon="40.297468"><ele>949.4</ele><time>1970-01-01T00:00:01.000Z</time></trkpt>
			<trkpt lat="43.661323" lon="40.297167"><ele>949.7</ele><time>1970-01-01T00:00:01.000Z</time></trkpt>
			<trkpt lat="43.661580" lon="40.297103"><ele>945.8</ele><time>1970-01-01T00:00:01.000Z</time></trkpt>
			<trkpt lat="43.662181" lon="40.297446"><ele>936.3</ele><time>1970-01-01T00:00:01.000Z</time></trkpt>
			<trkpt lat="43.662675" lon="40.297661"><ele>933.5</ele><time>1970-01-01T00:00:01.000Z</time></trkpt>
			<trkpt lat="43.663061" lon="40.297725"><ele>930.0</ele><time>1970-01-01T00:00:01.000Z</time></trkpt>
			<trkpt lat="43.663726" lon="40.298111"><ele>915.6</ele><time>1970-01-01T00:00:01.000Z</time></trkpt>
			<trkpt lat="43.663790" lon="40.298026"><ele>915.8</ele><time>1970-01-01T00:00:01.000Z</time></trkpt>
			<trkpt lat="43.663855" lon="40.297747"><ele>917.1</ele><time>1970-01-01T00:00:01.000Z</time></trkpt>
			<trkpt lat="43.663855" lon="40.297403"><ele>917.0</ele><time>1970-01-01T00:00:01.000Z</time></trkpt>
			<trkpt lat="43.663683" lon="40.296910"><ele>914.0</ele><time>1970-01-01T00:00:01.000Z</time></trkpt>
			<trkpt lat="43.663275" lon="40.296373"><ele>919.3</ele><time>1970-01-01T00:00:01.000Z</time></trkpt>
			<trkpt lat="43.662932" lon="40.295773"><ele>913.5</ele><time>1970-01-01T00:00:01.000Z</time></trkpt>
			<trkpt lat="43.662546" lon="40.295343"><ele>913.1</ele><time>1970-01-01T00:00:01.000Z</time></trkpt>
			<trkpt lat="43.662224" lon="40.294743"><ele>912.1</ele><time>1970-01-01T00:00:01.000Z</time></trkpt>
			<trkpt lat="43.662074" lon="40.294185"><ele>912.0</ele><time>1970-01-01T00:00:01.000Z</time></trkpt>
			<trkpt lat="43.662074" lon="40.293541"><ele>904.3</ele><time>1970-01-01T00:00:01.000Z</time></trkpt>
			<trkpt lat="43.661988" lon="40.293241"><ele>903.2</ele><time>1970-01-01T00:00:01.000Z</time></trkpt>
			<trkpt lat="43.661816" lon="40.292897"><ele>903.1</ele><time>1970-01-01T00:00:01.000Z</time></trkpt>
			<trkpt lat="43.661773" lon="40.292511"><ele>898.1</ele><time>1970-01-01T00:00:01.000Z</time></trkpt>
			<trkpt lat="43.661323" lon="40.291996"><ele>902.8</ele><time>1970-01-01T00:00:01.000Z</time></trkpt>
			<trkpt lat="43.661258" lon="40.291631"><ele>897.8</ele><time>1970-01-01T00:00:01.000Z</time></trkpt>
			<trkpt lat="43.661108" lon="40.291266"><ele>899.9</ele><time>1970-01-01T00:00:01.000Z</time></trkpt>
			<trkpt lat="43.661044" lon="40.290902"><ele>899.7</ele><time>1970-01-01T00:00:01.000Z</time></trkpt>
			<trkpt lat="43.661065" lon="40.290408"><ele>899.3</ele><time>1970-01-01T00:00:01.000Z</time></trkpt>
			<trkpt lat="43.661173" lon="40.290151"><ele>895.1</ele><time>1970-01-01T00:00:01.000Z</time></trkpt>
			<trkpt lat="43.661387" lon="40.289915"><ele>886.2</ele><time>1970-01-01T00:00:01.000Z</time></trkpt>
			<trkpt lat="43.661409" lon="40.289764"><ele>886.0</ele><time>1970-01-01T00:00:01.000Z</time></trkpt>
			<trkpt lat="43.661237" lon="40.289679"><ele>893.7</ele><time>1970-01-01T00:00:01.000Z</time></trkpt>
			<trkpt lat="43.660979" lon="40.289207"><ele>904.7</ele><time>1970-01-01T00:00:01.000Z</time></trkpt>
			<trkpt lat="43.660593" lon="40.288134"><ele>917.9</ele><time>1970-01-01T00:00:01.000Z</time></trkpt>
			<trkpt lat="43.660400" lon="40.287769"><ele>919.9</ele><time>1970-01-01T00:00:01.000Z</time></trkpt>
			<trkpt lat="43.660422" lon="40.286911"><ele>904.1</ele><time>1970-01-01T00:00:01.000Z</time></trkpt>
			<trkpt lat="43.660572" lon="40.285945"><ele>890.7</ele><time>1970-01-01T00:00:01.000Z</time></trkpt>
			<trkpt lat="43.660808" lon="40.285409"><ele>886.2</ele><time>1970-01-01T00:00:01.000Z</time></trkpt>
			<trkpt lat="43.660958" lon="40.285215"><ele>883.3</ele><time>1970-01-01T00:00:01.000Z</time></trkpt>
			<trkpt lat="43.661130" lon="40.285087"><ele>879.5</ele><time>1970-01-01T00:00:01.000Z</time></trkpt>
			<trkpt lat="43.661688" lon="40.284829"><ele>866.0</ele><time>1970-01-01T00:00:01.000Z</time></trkpt>
			<trkpt lat="43.661967" lon="40.284786"><ele>857.6</ele><time>1970-01-01T00:00:01.000Z</time></trkpt>
			<trkpt lat="43.662374" lon="40.284593"><ele>846.2</ele><time>1970-01-01T00:00:01.000Z</time></trkpt>
			<trkpt lat="43.663082" lon="40.284464"><ele>832.7</ele><time>1970-01-01T00:00:01.000Z</time></trkpt>
			<trkpt lat="43.663447" lon="40.284486"><ele>826.5</ele><time>1970-01-01T00:00:01.000Z</time></trkpt>
			<trkpt lat="43.663683" lon="40.284250"><ele>826.2</ele><time>1970-01-01T00:00:01.000Z</time></trkpt>
			<trkpt lat="43.664005" lon="40.284143"><ele>824.5</ele><time>1970-01-01T00:00:01.000Z</time></trkpt>
			<trkpt lat="43.664327" lon="40.284143"><ele>824.2</ele><time>1970-01-01T00:00:01.000Z</time></trkpt>
			<trkpt lat="43.665164" lon="40.284464"><ele>816.5</ele><time>1970-01-01T00:00:01.000Z</time></trkpt>
			<trkpt lat="43.665486" lon="40.284529"><ele>811.5</ele><time>1970-01-01T00:00:01.000Z</time></trkpt>
			<trkpt lat="43.665893" lon="40.284486"><ele>808.3</ele><time>1970-01-01T00:00:01.000Z</time></trkpt>
			<trkpt lat="43.666966" lon="40.284636"><ele>775.0</ele><time>1970-01-01T00:00:01.000Z</time></trkpt>
			<trkpt lat="43.667138" lon="40.284679"><ele>769.3</ele><time>1970-01-01T00:00:01.000Z</time></trkpt>
			<trkpt lat="43.667438" lon="40.284829"><ele>757.3</ele><time>1970-01-01T00:00:01.000Z</time></trkpt>
			<trkpt lat="43.667953" lon="40.284829"><ele>744.4</ele><time>1970-01-01T00:00:01.000Z</time></trkpt>
			<trkpt lat="43.668447" lon="40.284700"><ele>732.5</ele><time>1970-01-01T00:00:01.000Z</time></trkpt>
			<trkpt lat="43.668854" lon="40.284657"><ele>718.3</ele><time>1970-01-01T00:00:01.000Z</time></trkpt>
			<trkpt lat="43.669048" lon="40.284529"><ele>712.2</ele><time>1970-01-01T00:00:01.000Z</time></trkpt>
			<trkpt lat="43.669498" lon="40.283949"><ele>704.6</ele><time>1970-01-01T00:00:01.000Z</time></trkpt>
			<trkpt lat="43.669820" lon="40.283842"><ele>697.1</ele><time>1970-01-01T00:00:01.000Z</time></trkpt>
			<trkpt lat="43.670099" lon="40.283649"><ele>691.2</ele><time>1970-01-01T00:00:01.000Z</time></trkpt>
			<trkpt lat="43.670356" lon="40.283198"><ele>688.3</ele><time>1970-01-01T00:00:01.000Z</time></trkpt>
			<trkpt lat="43.670635" lon="40.282984"><ele>683.5</ele><time>1970-01-01T00:00:01.000Z</time></trkpt>
			<trkpt lat="43.670979" lon="40.282812"><ele>676.5</ele><time>1970-01-01T00:00:01.000Z</time></trkpt>
			<trkpt lat="43.672116" lon="40.282469"><ele>652.0</ele><time>1970-01-01T00:00:01.000Z</time></trkpt>
			<trkpt lat="43.673897" lon="40.282705"><ele>611.3</ele><time>1970-01-01T00:00:01.000Z</time></trkpt>
			<trkpt lat="43.674090" lon="40.282877"><ele>600.3</ele><time>1970-01-01T00:00:01.000Z</time></trkpt>
			<trkpt lat="43.674412" lon="40.283477"><ele>576.5</ele><time>1970-01-01T00:00:01.000Z</time></trkpt>
			<trkpt lat="43.674841" lon="40.283692"><ele>565.9</ele><time>1970-01-01T00:00:01.000Z</time></trkpt>
			<trkpt lat="43.675120" lon="40.283713"><ele>560.6</ele><time>1970-01-01T00:00:01.000Z</time></trkpt>
			<trkpt lat="43.675270" lon="40.283649"><ele>558.3</ele><time>1970-01-01T00:00:01.000Z</time></trkpt>
			<trkpt lat="43.675227" lon="40.283091"><ele>561.2</ele><time>1970-01-01T00:00:01.000Z</time></trkpt>
			<trkpt lat="43.675335" lon="40.282919"><ele>561.1</ele><time>1970-01-01T00:00:01.000Z</time></trkpt>
			<trkpt lat="43.675506" lon="40.282877"><ele>557.9</ele><time>1970-01-01T00:00:01.000Z</time></trkpt>
			<trkpt lat="43.675657" lon="40.282791"><ele>555.0</ele><time>1970-01-01T00:00:01.000Z</time></trkpt>
			<trkpt lat="43.675828" lon="40.282640"><ele>551.1</ele><time>1970-01-01T00:00:01.000Z</time></trkpt>
			<trkpt lat="43.676172" lon="40.282190"><ele>547.8</ele><time>1970-01-01T00:00:01.000Z</time></trkpt>
			<trkpt lat="43.676279" lon="40.282125"><ele>546.4</ele><time>1970-01-01T00:00:01.000Z</time></trkpt>
			<trkpt lat="43.676386" lon="40.282211"><ele>545.1</ele><time>1970-01-01T00:00:01.000Z</time></trkpt>
			<trkpt lat="43.676923" lon="40.282855"><ele>541.6</ele><time>1970-01-01T00:00:01.000Z</time></trkpt>
			<trkpt lat="43.678124" lon="40.283070"><ele>546.0</ele><time>1970-01-01T00:00:01.000Z</time></trkpt>
			<trkpt lat="43.678768" lon="40.281310"><ele>553.3</ele><time>1970-01-01T00:00:01.000Z</time></trkpt>
			<trkpt lat="43.678940" lon="40.280731"><ele>548.7</ele><time>1970-01-01T00:00:01.000Z</time></trkpt>
			<trkpt lat="43.678982" lon="40.279958"><ele>543.5</ele><time>1970-01-01T00:00:01.000Z</time></trkpt>
			<trkpt lat="43.679991" lon="40.277276"><ele>533.5</ele><time>1970-01-01T00:00:01.000Z</time></trkpt>
			<trkpt lat="43.680270" lon="40.277061"><ele>536.1</ele><time>1970-01-01T00:00:01.000Z</time></trkpt>
			<trkpt lat="43.680485" lon="40.277104"><ele>538.4</ele><time>1970-01-01T00:00:01.000Z</time></trkpt>
			<trkpt lat="43.680635" lon="40.277212"><ele>539.3</ele><time>1970-01-01T00:00:01.000Z</time></trkpt>
			<trkpt lat="43.681107" lon="40.277877"><ele>549.6</ele><time>1970-01-01T00:00:01.000Z</time></trkpt>
			<trkpt lat="43.681836" lon="40.279121"><ele>546.8</ele><time>1970-01-01T00:00:01.000Z</time></trkpt>
			<trkpt lat="43.682287" lon="40.279465"><ele>549.7</ele><time>1970-01-01T00:00:01.000Z</time></trkpt>
			<trkpt lat="43.682373" lon="40.279443"><ele>547.6</ele><time>1970-01-01T00:00:01.000Z</time></trkpt>
			<trkpt lat="43.682330" lon="40.278928"><ele>542.7</ele><time>1970-01-01T00:00:01.000Z</time></trkpt>
			<trkpt lat="43.682266" lon="40.278671"><ele>542.5</ele><time>1970-01-01T00:00:01.000Z</time></trkpt>
			<trkpt lat="43.682308" lon="40.277984"><ele>555.5</ele><time>1970-01-01T00:00:01.000Z</time></trkpt>
			<trkpt lat="43.682201" lon="40.277662"><ele>563.4</ele><time>1970-01-01T00:00:01.000Z</time></trkpt>
			<trkpt lat="43.682051" lon="40.277448"><ele>563.1</ele><time>1970-01-01T00:00:01.000Z</time></trkpt>
			<trkpt lat="43.681729" lon="40.277212"><ele>551.9</ele><time>1970-01-01T00:00:01.000Z</time></trkpt>
			<trkpt lat="43.681514" lon="40.276911"><ele>551.2</ele><time>1970-01-01T00:00:01.000Z</time></trkpt>
			<trkpt lat="43.680978" lon="40.276482"><ele>547.2</ele><time>1970-01-01T00:00:01.000Z</time></trkpt>
			<trkpt lat="43.680828" lon="40.276117"><ele>539.7</ele><time>1970-01-01T00:00:01.000Z</time></trkpt>
			<trkpt lat="43.680935" lon="40.275538"><ele>535.0</ele><time>1970-01-01T00:00:01.000Z</time></trkpt>
			<trkpt lat="43.681042" lon="40.275388"><ele>535.5</ele><time>1970-01-01T00:00:01.000Z</time></trkpt>
			<trkpt lat="43.681193" lon="40.275323"><ele>538.4</ele><time>1970-01-01T00:00:01.000Z</time></trkpt>
			<trkpt lat="43.681514" lon="40.275323"><ele>547.6</ele><time>1970-01-01T00:00:01.000Z</time></trkpt>
			<trkpt lat="43.681708" lon="40.275195"><ele>548.6</ele><time>1970-01-01T00:00:01.000Z</time></trkpt>
			<trkpt lat="43.682330" lon="40.274487"><ele>554.3</ele><time>1970-01-01T00:00:01.000Z</time></trkpt>
			<trkpt lat="43.682502" lon="40.273950"><ele>541.0</ele><time>1970-01-01T00:00:01.000Z</time></trkpt>
			<trkpt lat="43.682931" lon="40.273049"><ele>542.2</ele><time>1970-01-01T00:00:01.000Z</time></trkpt>
			<trkpt lat="43.683424" lon="40.271826"><ele>535.5</ele><time>1970-01-01T00:00:01.000Z</time></trkpt>
			<trkpt lat="43.684347" lon="40.270152"><ele>545.0</ele><time>1970-01-01T00:00:01.000Z</time></trkpt>
			<trkpt lat="43.684883" lon="40.267963"><ele>533.5</ele><time>1970-01-01T00:00:01.000Z</time></trkpt>
			<trkpt lat="43.685098" lon="40.267770"><ele>536.0</ele><time>1970-01-01T00:00:01.000Z</time></trkpt>
			<trkpt lat="43.685892" lon="40.266311"><ele>530.5</ele><time>1970-01-01T00:00:01.000Z</time></trkpt>
			<trkpt lat="43.686578" lon="40.265324"><ele>538.9</ele><time>1970-01-01T00:00:01.000Z</time></trkpt>
			<trkpt lat="43.686815" lon="40.264530"><ele>537.9</ele><time>1970-01-01T00:00:01.000Z</time></trkpt>
			<trkpt lat="43.686750" lon="40.263693"><ele>530.0</ele><time>1970-01-01T00:00:01.000Z</time></trkpt>
			<trkpt lat="43.686772" lon="40.263114"><ele>530.4</ele><time>1970-01-01T00:00:01.000Z</time></trkpt>
			<trkpt lat="43.687523" lon="40.259273"><ele>530.9</ele><time>1970-01-01T00:00:01.000Z</time></trkpt>
			<trkpt lat="43.688145" lon="40.257471"><ele>536.3</ele><time>1970-01-01T00:00:01.000Z</time></trkpt>
			<trkpt lat="43.688617" lon="40.256398"><ele>539.2</ele><time>1970-01-01T00:00:01.000Z</time></trkpt>
			<trkpt lat="43.688896" lon="40.256548"><ele>551.5</ele><time>1970-01-01T00:00:01.000Z</time></trkpt>
			<trkpt lat="43.689046" lon="40.255840"><ele>558.2</ele><time>1970-01-01T00:00:01.000Z</time></trkpt>
			<trkpt lat="43.689347" lon="40.255497"><ele>573.5</ele><time>1970-01-01T00:00:01.000Z</time></trkpt>
			<trkpt lat="43.689647" lon="40.254853"><ele>593.0</ele><time>1970-01-01T00:00:01.000Z</time></trkpt>
			<trkpt lat="43.689904" lon="40.254402"><ele>606.9</ele><time>1970-01-01T00:00:01.000Z</time></trkpt>
			<trkpt lat="43.690355" lon="40.254617"><ele>630.1</ele><time>1970-01-01T00:00:01.000Z</time></trkpt>
			<trkpt lat="43.690334" lon="40.255067"><ele>637.6</ele><time>1970-01-01T00:00:01.000Z</time></trkpt>
			<trkpt lat="43.690784" lon="40.255303"><ele>656.5</ele><time>1970-01-01T00:00:01.000Z</time></trkpt>
			<trkpt lat="43.690977" lon="40.255454"><ele>661.7</ele><time>1970-01-01T00:00:01.000Z</time></trkpt>
			<trkpt lat="43.691020" lon="40.255754"><ele>663.1</ele><time>1970-01-01T00:00:01.000Z</time></trkpt>
			<trkpt lat="43.691342" lon="40.256054"><ele>680.0</ele><time>1970-01-01T00:00:01.000Z</time></trkpt>
			<trkpt lat="43.691643" lon="40.255840"><ele>696.8</ele><time>1970-01-01T00:00:01.000Z</time></trkpt>
			<trkpt lat="43.691836" lon="40.256097"><ele>707.5</ele><time>1970-01-01T00:00:01.000Z</time></trkpt>
			<trkpt lat="43.692243" lon="40.255861"><ele>720.0</ele><time>1970-01-01T00:00:01.000Z</time></trkpt>
			<trkpt lat="43.692372" lon="40.256398"><ele>737.6</ele><time>1970-01-01T00:00:01.000Z</time></trkpt>
			<trkpt lat="43.692329" lon="40.257428"><ele>747.6</ele><time>1970-01-01T00:00:01.000Z</time></trkpt>
			<trkpt lat="43.692587" lon="40.258093"><ele>773.9</ele><time>1970-01-01T00:00:01.000Z</time></trkpt>
			<trkpt lat="43.692630" lon="40.258501"><ele>780.7</ele><time>1970-01-01T00:00:01.000Z</time></trkpt>
			<trkpt lat="43.692887" lon="40.259380"><ele>800.7</ele><time>1970-01-01T00:00:01.000Z</time></trkpt>
			<trkpt lat="43.692994" lon="40.260003"><ele>812.3</ele><time>1970-01-01T00:00:01.000Z</time></trkpt>
			<trkpt lat="43.692823" lon="40.260882"><ele>821.0</ele><time>1970-01-01T00:00:01.000Z</time></trkpt>
			<trkpt lat="43.693338" lon="40.260646"><ele>836.2</ele><time>1970-01-01T00:00:01.000Z</time></trkpt>
			<trkpt lat="43.693810" lon="40.260088"><ele>852.4</ele><time>1970-01-01T00:00:01.000Z</time></trkpt>
			<trkpt lat="43.694260" lon="40.260088"><ele>866.7</ele><time>1970-01-01T00:00:01.000Z</time></trkpt>
			<trkpt lat="43.695011" lon="40.259273"><ele>887.5</ele><time>1970-01-01T00:00:01.000Z</time></trkpt>
			<trkpt lat="43.695355" lon="40.259230"><ele>891.2</ele><time>1970-01-01T00:00:01.000Z</time></trkpt>
			<trkpt lat="43.695441" lon="40.258865"><ele>890.7</ele><time>1970-01-01T00:00:01.000Z</time></trkpt>
			<trkpt lat="43.696149" lon="40.258586"><ele>896.8</ele><time>1970-01-01T00:00:01.000Z</time></trkpt>
			<trkpt lat="43.696749" lon="40.258415"><ele>904.8</ele><time>1970-01-01T00:00:01.000Z</time></trkpt>
			<trkpt lat="43.696943" lon="40.257921"><ele>910.0</ele><time>1970-01-01T00:00:01.000Z</time></trkpt>
			<trkpt lat="43.697179" lon="40.257943"><ele>916.1</ele><time>1970-01-01T00:00:01.000Z</time></trkpt>
			<trkpt lat="43.697415" lon="40.257556"><ele>928.0</ele><time>1970-01-01T00:00:01.000Z</time></trkpt>
			<trkpt lat="43.697543" lon="40.257256"><ele>932.2</ele><time>1970-01-01T00:00:01.000Z</time></trkpt>
			<trkpt lat="43.697908" lon="40.257149"><ele>933.3</ele><time>1970-01-01T00:00:01.000Z</time></trkpt>
			<trkpt lat="43.698273" lon="40.256376"><ele>952.1</ele><time>1970-01-01T00:00:01.000Z</time></trkpt>
			<trkpt lat="43.698509" lon="40.256205"><ele>955.1</ele><time>1970-01-01T00:00:01.000Z</time></trkpt>
			<trkpt lat="43.698874" lon="40.255647"><ele>965.2</ele><time>1970-01-01T00:00:01.000Z</time></trkpt>
			<trkpt lat="43.699539" lon="40.255196"><ele>972.3</ele><time>1970-01-01T00:00:01.000Z</time></trkpt>
			<trkpt lat="43.700140" lon="40.254273"><ele>988.4</ele><time>1970-01-01T00:00:01.000Z</time></trkpt>
			<trkpt lat="43.701105" lon="40.254059"><ele>997.1</ele><time>1970-01-01T00:00:01.000Z</time></trkpt>
			<trkpt lat="43.701470" lon="40.253694"><ele>998.1</ele><time>1970-01-01T00:00:01.000Z</time></trkpt>
			<trkpt lat="43.702178" lon="40.253286"><ele>1014.7</ele><time>1970-01-01T00:00:01.000Z</time></trkpt>
			<trkpt lat="43.703122" lon="40.253265"><ele>1037.0</ele><time>1970-01-01T00:00:01.000Z</time></trkpt>
			<trkpt lat="43.703530" lon="40.253158"><ele>1044.0</ele><time>1970-01-01T00:00:01.000Z</time></trkpt>
			<trkpt lat="43.704024" lon="40.252664"><ele>1058.7</ele><time>1970-01-01T00:00:01.000Z</time></trkpt>
			<trkpt lat="43.704345" lon="40.252256"><ele>1068.8</ele><time>1970-01-01T00:00:01.000Z</time></trkpt>
			<trkpt lat="43.704624" lon="40.252256"><ele>1070.3</ele><time>1970-01-01T00:00:01.000Z</time></trkpt>
			<trkpt lat="43.704860" lon="40.252042"><ele>1075.1</ele><time>1970-01-01T00:00:01.000Z</time></trkpt>
			<trkpt lat="43.704925" lon="40.251613"><ele>1082.7</ele><time>1970-01-01T00:00:01.000Z</time></trkpt>
			<trkpt lat="43.704882" lon="40.251141"><ele>1088.2</ele><time>1970-01-01T00:00:01.000Z</time></trkpt>
			<trkpt lat="43.704989" lon="40.250690"><ele>1095.6</ele><time>1970-01-01T00:00:01.000Z</time></trkpt>
			<trkpt lat="43.705354" lon="40.249810"><ele>1106.7</ele><time>1970-01-01T00:00:01.000Z</time></trkpt>
			<trkpt lat="43.705569" lon="40.249381"><ele>1113.9</ele><time>1970-01-01T00:00:01.000Z</time></trkpt>
			<trkpt lat="43.705633" lon="40.249038"><ele>1117.3</ele><time>1970-01-01T00:00:01.000Z</time></trkpt>
			<trkpt lat="43.706255" lon="40.248566"><ele>1125.0</ele><time>1970-01-01T00:00:01.000Z</time></trkpt>
			<trkpt lat="43.706362" lon="40.248308"><ele>1124.7</ele><time>1970-01-01T00:00:01.000Z</time></trkpt>
			<trkpt lat="43.706706" lon="40.248373"><ele>1127.1</ele><time>1970-01-01T00:00:01.000Z</time></trkpt>
			<trkpt lat="43.707049" lon="40.248287"><ele>1125.5</ele><time>1970-01-01T00:00:01.000Z</time></trkpt>
			<trkpt lat="43.707328" lon="40.248566"><ele>1123.2</ele><time>1970-01-01T00:00:01.000Z</time></trkpt>
			<trkpt lat="43.707521" lon="40.248201"><ele>1123.4</ele><time>1970-01-01T00:00:01.000Z</time></trkpt>
			<trkpt lat="43.707457" lon="40.247643"><ele>1122.5</ele><time>1970-01-01T00:00:01.000Z</time></trkpt>
			<trkpt lat="43.707586" lon="40.247257"><ele>1123.3</ele><time>1970-01-01T00:00:01.000Z</time></trkpt>
			<trkpt lat="43.707392" lon="40.246527"><ele>1124.1</ele><time>1970-01-01T00:00:01.000Z</time></trkpt>
			<trkpt lat="43.707500" lon="40.246055"><ele>1126.5</ele><time>1970-01-01T00:00:01.000Z</time></trkpt>
			<trkpt lat="43.707607" lon="40.245841"><ele>1128.7</ele><time>1970-01-01T00:00:01.000Z</time></trkpt>
			<trkpt lat="43.708101" lon="40.245798"><ele>1136.6</ele><time>1970-01-01T00:00:01.000Z</time></trkpt>
			<trkpt lat="43.708165" lon="40.245454"><ele>1139.8</ele><time>1970-01-01T00:00:01.000Z</time></trkpt>
			<trkpt lat="43.708508" lon="40.245454"><ele>1144.8</ele><time>1970-01-01T00:00:01.000Z</time></trkpt>
			<trkpt lat="43.708637" lon="40.245132"><ele>1148.3</ele><time>1970-01-01T00:00:01.000Z</time></trkpt>
			<trkpt lat="43.709581" lon="40.244768"><ele>1161.0</ele><time>1970-01-01T00:00:01.000Z</time></trkpt>
			<trkpt lat="43.709710" lon="40.244231"><ele>1170.2</ele><time>1970-01-01T00:00:01.000Z</time></trkpt>
			<trkpt lat="43.709903" lon="40.243952"><ele>1177.7</ele><time>1970-01-01T00:00:01.000Z</time></trkpt>
			<trkpt lat="43.709710" lon="40.243630"><ele>1178.3</ele><time>1970-01-01T00:00:01.000Z</time></trkpt>
			<trkpt lat="43.709710" lon="40.243373"><ele>1181.8</ele><time>1970-01-01T00:00:01.000Z</time></trkpt>
			<trkpt lat="43.709903" lon="40.243030"><ele>1189.8</ele><time>1970-01-01T00:00:01.000Z</time></trkpt>
			<trkpt lat="43.709903" lon="40.242536"><ele>1193.6</ele><time>1970-01-01T00:00:01.000Z</time></trkpt>
			<trkpt lat="43.710096" lon="40.242150"><ele>1196.3</ele><time>1970-01-01T00:00:01.000Z</time></trkpt>
			<trkpt lat="43.710268" lon="40.241249"><ele>1205.0</ele><time>1970-01-01T00:00:01.000Z</time></trkpt>
			<trkpt lat="43.710439" lon="40.240819"><ele>1214.7</ele><time>1970-01-01T00:00:01.000Z</time></trkpt>
			<trkpt lat="43.711169" lon="40.240347"><ele>1233.6</ele><time>1970-01-01T00:00:01.000Z</time></trkpt>
			<trkpt lat="43.711641" lon="40.239854"><ele>1247.2</ele><time>1970-01-01T00:00:01.000Z</time></trkpt>
			<trkpt lat="43.711877" lon="40.239296"><ele>1255.5</ele><time>1970-01-01T00:00:01.000Z</time></trkpt>
			<trkpt lat="43.711941" lon="40.238287"><ele>1281.9</ele><time>1970-01-01T00:00:01.000Z</time></trkpt>
			<trkpt lat="43.712564" lon="40.237021"><ele>1303.6</ele><time>1970-01-01T00:00:01.000Z</time></trkpt>
			<trkpt lat="43.712864" lon="40.236013"><ele>1309.5</ele><time>1970-01-01T00:00:01.000Z</time></trkpt>
			<trkpt lat="43.713572" lon="40.234532"><ele>1332.0</ele><time>1970-01-01T00:00:01.000Z</time></trkpt>
			<trkpt lat="43.714044" lon="40.233867"><ele>1343.3</ele><time>1970-01-01T00:00:01.000Z</time></trkpt>
			<trkpt lat="43.714345" lon="40.233223"><ele>1350.4</ele><time>1970-01-01T00:00:01.000Z</time></trkpt>
			<trkpt lat="43.714752" lon="40.232945"><ele>1350.2</ele><time>1970-01-01T00:00:01.000Z</time></trkpt>
			<trkpt lat="43.714946" lon="40.232494"><ele>1359.2</ele><time>1970-01-01T00:00:01.000Z</time></trkpt>
			<trkpt lat="43.715139" lon="40.231743"><ele>1367.3</ele><time>1970-01-01T00:00:01.000Z</time></trkpt>
			<trkpt lat="43.715203" lon="40.230820"><ele>1379.8</ele><time>1970-01-01T00:00:01.000Z</time></trkpt>
			<trkpt lat="43.715160" lon="40.229962"><ele>1396.8</ele><time>1970-01-01T00:00:01.000Z</time></trkpt>
			<trkpt lat="43.714903" lon="40.229447"><ele>1414.3</ele><time>1970-01-01T00:00:01.000Z</time></trkpt>
			<trkpt lat="43.714710" lon="40.228717"><ele>1429.2</ele><time>1970-01-01T00:00:01.000Z</time></trkpt>
			<trkpt lat="43.713851" lon="40.228374"><ele>1449.8</ele><time>1970-01-01T00:00:01.000Z</time></trkpt>
			<trkpt lat="43.713057" lon="40.227988"><ele>1478.2</ele><time>1970-01-01T00:00:01.000Z</time></trkpt>
			<trkpt lat="43.713680" lon="40.227366"><ele>1491.1</ele><time>1970-01-01T00:00:01.000Z</time></trkpt>
			<trkpt lat="43.714001" lon="40.227129"><ele>1492.2</ele><time>1970-01-01T00:00:01.000Z</time></trkpt>
			<trkpt lat="43.713851" lon="40.226851"><ele>1504.0</ele><time>1970-01-01T00:00:01.000Z</time></trkpt>
			<trkpt lat="43.713508" lon="40.226421"><ele>1526.3</ele><time>1970-01-01T00:00:01.000Z</time></trkpt>
			<trkpt lat="43.713358" lon="40.225971"><ele>1543.3</ele><time>1970-01-01T00:00:01.000Z</time></trkpt>
			<trkpt lat="43.713057" lon="40.225692"><ele>1557.7</ele><time>1970-01-01T00:00:01.000Z</time></trkpt>
			<trkpt lat="43.712456" lon="40.225756"><ele>1568.5</ele><time>1970-01-01T00:00:01.000Z</time></trkpt>
			<trkpt lat="43.712306" lon="40.225306"><ele>1578.4</ele><time>1970-01-01T00:00:01.000Z</time></trkpt>
			<trkpt lat="43.712156" lon="40.224383"><ele>1600.9</ele><time>1970-01-01T00:00:01.000Z</time></trkpt>
			<trkpt lat="43.712156" lon="40.224254"><ele>1604.3</ele><time>1970-01-01T00:00:01.000Z</time></trkpt>
			<trkpt lat="43.712349" lon="40.224061"><ele>1612.4</ele><time>1970-01-01T00:00:01.000Z</time></trkpt>
			<trkpt lat="43.712499" lon="40.223396"><ele>1619.7</ele><time>1970-01-01T00:00:01.000Z</time></trkpt>
			<trkpt lat="43.712929" lon="40.223095"><ele>1625.1</ele><time>1970-01-01T00:00:01.000Z</time></trkpt>
			<trkpt lat="43.713422" lon="40.222452"><ele>1647.5</ele><time>1970-01-01T00:00:01.000Z</time></trkpt>
			<trkpt lat="43.713401" lon="40.221937"><ele>1659.4</ele><time>1970-01-01T00:00:01.000Z</time></trkpt>
			<trkpt lat="43.713229" lon="40.220735"><ele>1687.8</ele><time>1970-01-01T00:00:01.000Z</time></trkpt>
			<trkpt lat="43.713379" lon="40.220006"><ele>1693.9</ele><time>1970-01-01T00:00:01.000Z</time></trkpt>
			<trkpt lat="43.713637" lon="40.219233"><ele>1697.3</ele><time>1970-01-01T00:00:01.000Z</time></trkpt>
			<trkpt lat="43.713808" lon="40.218225"><ele>1703.9</ele><time>1970-01-01T00:00:01.000Z</time></trkpt>
			<trkpt lat="43.713658" lon="40.217538"><ele>1708.9</ele><time>1970-01-01T00:00:01.000Z</time></trkpt>
			<trkpt lat="43.713722" lon="40.217066"><ele>1706.2</ele><time>1970-01-01T00:00:01.000Z</time></trkpt>
			<trkpt lat="43.713379" lon="40.216358"><ele>1698.0</ele><time>1970-01-01T00:00:01.000Z</time></trkpt>
			<trkpt lat="43.713508" lon="40.215821"><ele>1690.3</ele><time>1970-01-01T00:00:01.000Z</time></trkpt>
			<trkpt lat="43.713336" lon="40.215049"><ele>1678.7</ele><time>1970-01-01T00:00:01.000Z</time></trkpt>
			<trkpt lat="43.713508" lon="40.214641"><ele>1681.3</ele><time>1970-01-01T00:00:01.000Z</time></trkpt>
			<trkpt lat="43.712971" lon="40.214062"><ele>1673.2</ele><time>1970-01-01T00:00:01.000Z</time></trkpt>
			<trkpt lat="43.712692" lon="40.213697"><ele>1671.5</ele><time>1970-01-01T00:00:01.000Z</time></trkpt>
			<trkpt lat="43.712650" lon="40.212560"><ele>1669.2</ele><time>1970-01-01T00:00:01.000Z</time></trkpt>
			<trkpt lat="43.713529" lon="40.210414"><ele>1670.2</ele><time>1970-01-01T00:00:01.000Z</time></trkpt>
			<trkpt lat="43.713787" lon="40.209320"><ele>1695.4</ele><time>1970-01-01T00:00:01.000Z</time></trkpt>
			<trkpt lat="43.714323" lon="40.208161"><ele>1721.2</ele><time>1970-01-01T00:00:01.000Z</time></trkpt>
			<trkpt lat="43.714345" lon="40.208032"><ele>1724.7</ele><time>1970-01-01T00:00:01.000Z</time></trkpt>
			<trkpt lat="43.715568" lon="40.205607"><ele>1758.8</ele><time>1970-01-01T00:00:01.000Z</time></trkpt>
			<trkpt lat="43.716040" lon="40.205307"><ele>1758.8</ele><time>1970-01-01T00:00:01.000Z</time></trkpt>
			<trkpt lat="43.716126" lon="40.204835"><ele>1759.1</ele><time>1970-01-01T00:00:01.000Z</time></trkpt>
			<trkpt lat="43.715911" lon="40.204341"><ele>1760.4</ele><time>1970-01-01T00:00:01.000Z</time></trkpt>
			<trkpt lat="43.715804" lon="40.203698"><ele>1760.4</ele><time>1970-01-01T00:00:01.000Z</time></trkpt>
			<trkpt lat="43.715697" lon="40.203483"><ele>1759.6</ele><time>1970-01-01T00:00:01.000Z</time></trkpt>
			<trkpt lat="43.715461" lon="40.203590"><ele>1758.0</ele><time>1970-01-01T00:00:01.000Z</time></trkpt>
			<trkpt lat="43.715224" lon="40.203462"><ele>1755.0</ele><time>1970-01-01T00:00:01.000Z</time></trkpt>
			<trkpt lat="43.715160" lon="40.203183"><ele>1754.3</ele><time>1970-01-01T00:00:01.000Z</time></trkpt>
			<trkpt lat="43.714967" lon="40.203033"><ele>1751.8</ele><time>1970-01-01T00:00:01.000Z</time></trkpt>
			<trkpt lat="43.714667" lon="40.203269"><ele>1745.8</ele><time>1970-01-01T00:00:01.000Z</time></trkpt>
			<trkpt lat="43.714409" lon="40.203161"><ele>1741.3</ele><time>1970-01-01T00:00:01.000Z</time></trkpt>
			<trkpt lat="43.714516" lon="40.202560"><ele>1742.3</ele><time>1970-01-01T00:00:01.000Z</time></trkpt>
			<trkpt lat="43.714431" lon="40.202153"><ele>1738.3</ele><time>1970-01-01T00:00:01.000Z</time></trkpt>
			<trkpt lat="43.714152" lon="40.202067"><ele>1731.1</ele><time>1970-01-01T00:00:01.000Z</time></trkpt>
			<trkpt lat="43.713594" lon="40.201466"><ele>1714.1</ele><time>1970-01-01T00:00:01.000Z</time></trkpt>
			<trkpt lat="43.713722" lon="40.200930"><ele>1713.4</ele><time>1970-01-01T00:00:01.000Z</time></trkpt>
			<trkpt lat="43.713894" lon="40.199943"><ele>1710.2</ele><time>1970-01-01T00:00:01.000Z</time></trkpt>
			<trkpt lat="43.713744" lon="40.199277"><ele>1711.3</ele><time>1970-01-01T00:00:01.000Z</time></trkpt>
			<trkpt lat="43.713958" lon="40.198569"><ele>1715.6</ele><time>1970-01-01T00:00:01.000Z</time></trkpt>
			<trkpt lat="43.713916" lon="40.197947"><ele>1709.8</ele><time>1970-01-01T00:00:01.000Z</time></trkpt>
			<trkpt lat="43.713594" lon="40.197110"><ele>1702.3</ele><time>1970-01-01T00:00:01.000Z</time></trkpt>
			<trkpt lat="43.713422" lon="40.196509"><ele>1703.7</ele><time>1970-01-01T00:00:01.000Z</time></trkpt>
			<trkpt lat="43.713422" lon="40.195630"><ele>1703.0</ele><time>1970-01-01T00:00:01.000Z</time></trkpt>
			<trkpt lat="43.713873" lon="40.194857"><ele>1707.7</ele><time>1970-01-01T00:00:01.000Z</time></trkpt>
			<trkpt lat="43.714237" lon="40.194600"><ele>1710.9</ele><time>1970-01-01T00:00:01.000Z</time></trkpt>
			<trkpt lat="43.714516" lon="40.194042"><ele>1717.9</ele><time>1970-01-01T00:00:01.000Z</time></trkpt>
			<trkpt lat="43.715010" lon="40.193934"><ele>1718.2</ele><time>1970-01-01T00:00:01.000Z</time></trkpt>
			<trkpt lat="43.715589" lon="40.193613"><ele>1727.9</ele><time>1970-01-01T00:00:01.000Z</time></trkpt>
			<trkpt lat="43.716190" lon="40.193377"><ele>1735.6</ele><time>1970-01-01T00:00:01.000Z</time></trkpt>
			<trkpt lat="43.716598" lon="40.193956"><ele>1744.3</ele><time>1970-01-01T00:00:01.000Z</time></trkpt>
			<trkpt lat="43.717048" lon="40.194342"><ele>1748.3</ele><time>1970-01-01T00:00:01.000Z</time></trkpt>
			<trkpt lat="43.717392" lon="40.194428"><ele>1751.6</ele><time>1970-01-01T00:00:01.000Z</time></trkpt>
			<trkpt lat="43.717585" lon="40.194342"><ele>1754.7</ele><time>1970-01-01T00:00:01.000Z</time></trkpt>
			<trkpt lat="43.717821" lon="40.194170"><ele>1759.6</ele><time>1970-01-01T00:00:01.000Z</time></trkpt>
			<trkpt lat="43.718186" lon="40.194213"><ele>1767.3</ele><time>1970-01-01T00:00:01.000Z</time></trkpt>
			<trkpt lat="43.718593" lon="40.194170"><ele>1771.9</ele><time>1970-01-01T00:00:01.000Z</time></trkpt>
			<trkpt lat="43.718894" lon="40.193870"><ele>1763.6</ele><time>1970-01-01T00:00:01.000Z</time></trkpt>
			<trkpt lat="43.719173" lon="40.193720"><ele>1759.3</ele><time>1970-01-01T00:00:01.000Z</time></trkpt>
			<trkpt lat="43.719516" lon="40.193677"><ele>1755.4</ele><time>1970-01-01T00:00:01.000Z</time></trkpt>
			<trkpt lat="43.719881" lon="40.193720"><ele>1753.8</ele><time>1970-01-01T00:00:01.000Z</time></trkpt>
			<trkpt lat="43.720589" lon="40.193548"><ele>1754.2</ele><time>1970-01-01T00:00:01.000Z</time></trkpt>
			<trkpt lat="43.720846" lon="40.193377"><ele>1750.7</ele><time>1970-01-01T00:00:01.000Z</time></trkpt>
			<trkpt lat="43.721061" lon="40.193076"><ele>1748.3</ele><time>1970-01-01T00:00:01.000Z</time></trkpt>
			<trkpt lat="43.721898" lon="40.192926"><ele>1758.0</ele><time>1970-01-01T00:00:01.000Z</time></trkpt>
			<trkpt lat="43.722713" lon="40.192711"><ele>1759.6</ele><time>1970-01-01T00:00:01.000Z</time></trkpt>
			<trkpt lat="43.723035" lon="40.192518"><ele>1760.3</ele><time>1970-01-01T00:00:01.000Z</time></trkpt>
			<trkpt lat="43.723572" lon="40.191960"><ele>1759.8</ele><time>1970-01-01T00:00:01.000Z</time></trkpt>
			<trkpt lat="43.723979" lon="40.191767"><ele>1766.5</ele><time>1970-01-01T00:00:01.000Z</time></trkpt>
			<trkpt lat="43.724280" lon="40.191274"><ele>1757.1</ele><time>1970-01-01T00:00:01.000Z</time></trkpt>
			<trkpt lat="43.724687" lon="40.190287"><ele>1749.3</ele><time>1970-01-01T00:00:01.000Z</time></trkpt>
			<trkpt lat="43.724795" lon="40.189579"><ele>1747.9</ele><time>1970-01-01T00:00:01.000Z</time></trkpt>
			<trkpt lat="43.724795" lon="40.189085"><ele>1746.1</ele><time>1970-01-01T00:00:01.000Z</time></trkpt>
			<trkpt lat="43.725031" lon="40.188334"><ele>1764.5</ele><time>1970-01-01T00:00:01.000Z</time></trkpt>
			<trkpt lat="43.725116" lon="40.187776"><ele>1782.4</ele><time>1970-01-01T00:00:01.000Z</time></trkpt>
			<trkpt lat="43.724601" lon="40.186746"><ele>1788.2</ele><time>1970-01-01T00:00:01.000Z</time></trkpt>
			<trkpt lat="43.724730" lon="40.185781"><ele>1808.9</ele><time>1970-01-01T00:00:01.000Z</time></trkpt>
			<trkpt lat="43.725867" lon="40.183656"><ele>1814.4</ele><time>1970-01-01T00:00:01.000Z</time></trkpt>
			<trkpt lat="43.725760" lon="40.182583"><ele>1807.1</ele><time>1970-01-01T00:00:01.000Z</time></trkpt>
			<trkpt lat="43.725481" lon="40.182176"><ele>1798.0</ele><time>1970-01-01T00:00:01.000Z</time></trkpt>
			<trkpt lat="43.725481" lon="40.181553"><ele>1798.2</ele><time>1970-01-01T00:00:01.000Z</time></trkpt>
			<trkpt lat="43.725288" lon="40.179751"><ele>1796.3</ele><time>1970-01-01T00:00:01.000Z</time></trkpt>
			<trkpt lat="43.725288" lon="40.179193"><ele>1797.7</ele><time>1970-01-01T00:00:01.000Z</time></trkpt>
			<trkpt lat="43.725202" lon="40.178828"><ele>1793.0</ele><time>1970-01-01T00:00:01.000Z</time></trkpt>
			<trkpt lat="43.725331" lon="40.178335"><ele>1796.5</ele><time>1970-01-01T00:00:01.000Z</time></trkpt>
			<trkpt lat="43.725267" lon="40.177906"><ele>1790.7</ele><time>1970-01-01T00:00:01.000Z</time></trkpt>
			<trkpt lat="43.725674" lon="40.177133"><ele>1799.7</ele><time>1970-01-01T00:00:01.000Z</time></trkpt>
			<trkpt lat="43.726168" lon="40.176511"><ele>1812.6</ele><time>1970-01-01T00:00:01.000Z</time></trkpt>
			<trkpt lat="43.726082" lon="40.175717"><ele>1816.0</ele><time>1970-01-01T00:00:01.000Z</time></trkpt>
			<trkpt lat="43.725653" lon="40.175288"><ele>1806.3</ele><time>1970-01-01T00:00:01.000Z</time></trkpt>
			<trkpt lat="43.725438" lon="40.175374"><ele>1798.7</ele><time>1970-01-01T00:00:01.000Z</time></trkpt>
			<trkpt lat="43.724730" lon="40.175180"><ele>1777.5</ele><time>1970-01-01T00:00:01.000Z</time></trkpt>
			<trkpt lat="43.724280" lon="40.175502"><ele>1768.5</ele><time>1970-01-01T00:00:01.000Z</time></trkpt>
			<trkpt lat="43.724022" lon="40.175867"><ele>1762.7</ele><time>1970-01-01T00:00:01.000Z</time></trkpt>
			<trkpt lat="43.723614" lon="40.175846"><ele>1742.9</ele><time>1970-01-01T00:00:01.000Z</time></trkpt>
			<trkpt lat="43.723335" lon="40.175159"><ele>1729.9</ele><time>1970-01-01T00:00:01.000Z</time></trkpt>
			<trkpt lat="43.723400" lon="40.174901"><ele>1731.9</ele><time>1970-01-01T00:00:01.000Z</time></trkpt>
			<trkpt lat="43.723378" lon="40.174408"><ele>1728.8</ele><time>1970-01-01T00:00:01.000Z</time></trkpt>
			<trkpt lat="43.723722" lon="40.173571"><ele>1727.0</ele><time>1970-01-01T00:00:01.000Z</time></trkpt>
			<trkpt lat="43.723915" lon="40.172799"><ele>1716.8</ele><time>1970-01-01T00:00:01.000Z</time></trkpt>
			<trkpt lat="43.723915" lon="40.172241"><ele>1698.9</ele><time>1970-01-01T00:00:01.000Z</time></trkpt>
			<trkpt lat="43.724087" lon="40.171425"><ele>1685.2</ele><time>1970-01-01T00:00:01.000Z</time></trkpt>
			<trkpt lat="43.724044" lon="40.170803"><ele>1669.4</ele><time>1970-01-01T00:00:01.000Z</time></trkpt>
			<trkpt lat="43.723700" lon="40.170696"><ele>1647.3</ele><time>1970-01-01T00:00:01.000Z</time></trkpt>
			<trkpt lat="43.723550" lon="40.170696"><ele>1637.6</ele><time>1970-01-01T00:00:01.000Z</time></trkpt>
			<trkpt lat="43.723250" lon="40.170159"><ele>1614.1</ele><time>1970-01-01T00:00:01.000Z</time></trkpt>
			<trkpt lat="43.723078" lon="40.170095"><ele>1604.2</ele><time>1970-01-01T00:00:01.000Z</time></trkpt>
			<trkpt lat="43.723014" lon="40.170245"><ele>1602.3</ele><time>1970-01-01T00:00:01.000Z</time></trkpt>
			<trkpt lat="43.722885" lon="40.170138"><ele>1594.3</ele><time>1970-01-01T00:00:01.000Z</time></trkpt>
			<trkpt lat="43.722799" lon="40.169730"><ele>1585.4</ele><time>1970-01-01T00:00:01.000Z</time></trkpt>
			<trkpt lat="43.722434" lon="40.169559"><ele>1558.8</ele><time>1970-01-01T00:00:01.000Z</time></trkpt>
			<trkpt lat="43.722434" lon="40.169258"><ele>1552.6</ele><time>1970-01-01T00:00:01.000Z</time></trkpt>
			<trkpt lat="43.722263" lon="40.169301"><ele>1542.5</ele><time>1970-01-01T00:00:01.000Z</time></trkpt>
			<trkpt lat="43.721876" lon="40.168765"><ele>1517.0</ele><time>1970-01-01T00:00:01.000Z</time></trkpt>
			<trkpt lat="43.721791" lon="40.168550"><ele>1512.5</ele><time>1970-01-01T00:00:01.000Z</time></trkpt>
			<trkpt lat="43.721469" lon="40.168250"><ele>1497.0</ele><time>1970-01-01T00:00:01.000Z</time></trkpt>
			<trkpt lat="43.721318" lon="40.167799"><ele>1496.8</ele><time>1970-01-01T00:00:01.000Z</time></trkpt>
			<trkpt lat="43.721061" lon="40.167627"><ele>1484.4</ele><time>1970-01-01T00:00:01.000Z</time></trkpt>
			<trkpt lat="43.720632" lon="40.167863"><ele>1457.4</ele><time>1970-01-01T00:00:01.000Z</time></trkpt>
			<trkpt lat="43.720074" lon="40.168378"><ele>1423.2</ele><time>1970-01-01T00:00:01.000Z</time></trkpt>
			<trkpt lat="43.720160" lon="40.168786"><ele>1428.0</ele><time>1970-01-01T00:00:01.000Z</time></trkpt>
			<trkpt lat="43.720074" lon="40.169022"><ele>1424.1</ele><time>1970-01-01T00:00:01.000Z</time></trkpt>
			<trkpt lat="43.719731" lon="40.169323"><ele>1402.4</ele><time>1970-01-01T00:00:01.000Z</time></trkpt>
			<trkpt lat="43.719516" lon="40.169344"><ele>1387.7</ele><time>1970-01-01T00:00:01.000Z</time></trkpt>
			<trkpt lat="43.719387" lon="40.169516"><ele>1378.7</ele><time>1970-01-01T00:00:01.000Z</time></trkpt>
			<trkpt lat="43.719387" lon="40.170181"><ele>1378.9</ele><time>1970-01-01T00:00:01.000Z</time></trkpt>
			<trkpt lat="43.719044" lon="40.170567"><ele>1362.3</ele><time>1970-01-01T00:00:01.000Z</time></trkpt>
			<trkpt lat="43.719194" lon="40.171018"><ele>1372.2</ele><time>1970-01-01T00:00:01.000Z</time></trkpt>
			<trkpt lat="43.719044" lon="40.171425"><ele>1363.7</ele><time>1970-01-01T00:00:01.000Z</time></trkpt>
			<trkpt lat="43.718636" lon="40.171254"><ele>1338.3</ele><time>1970-01-01T00:00:01.000Z</time></trkpt>
			<trkpt lat="43.718465" lon="40.171361"><ele>1325.4</ele><time>1970-01-01T00:00:01.000Z</time></trkpt>
			<trkpt lat="43.718057" lon="40.172091"><ele>1303.0</ele><time>1970-01-01T00:00:01.000Z</time></trkpt>
			<trkpt lat="43.717799" lon="40.171661"><ele>1290.5</ele><time>1970-01-01T00:00:01.000Z</time></trkpt>
			<trkpt lat="43.717478" lon="40.172305"><ele>1274.8</ele><time>1970-01-01T00:00:01.000Z</time></trkpt>
			<trkpt lat="43.717177" lon="40.172477"><ele>1255.0</ele><time>1970-01-01T00:00:01.000Z</time></trkpt>
			<trkpt lat="43.716855" lon="40.172563"><ele>1235.0</ele><time>1970-01-01T00:00:01.000Z</time></trkpt>
			<trkpt lat="43.716812" lon="40.172734"><ele>1232.8</ele><time>1970-01-01T00:00:01.000Z</time></trkpt>
			<trkpt lat="43.716490" lon="40.173078"><ele>1214.0</ele><time>1970-01-01T00:00:01.000Z</time></trkpt>
			<trkpt lat="43.716340" lon="40.173163"><ele>1205.7</ele><time>1970-01-01T00:00:01.000Z</time></trkpt>
			<trkpt lat="43.716040" lon="40.173678"><ele>1191.8</ele><time>1970-01-01T00:00:01.000Z</time></trkpt>
			<trkpt lat="43.715825" lon="40.173678"><ele>1180.7</ele><time>1970-01-01T00:00:01.000Z</time></trkpt>
			<trkpt lat="43.715568" lon="40.174215"><ele>1174.8</ele><time>1970-01-01T00:00:01.000Z</time></trkpt>
			<trkpt lat="43.715139" lon="40.174751"><ele>1146.0</ele><time>1970-01-01T00:00:01.000Z</time></trkpt>
			<trkpt lat="43.715031" lon="40.175395"><ele>1130.7</ele><time>1970-01-01T00:00:01.000Z</time></trkpt>
			<trkpt lat="43.715096" lon="40.176060"><ele>1128.1</ele><time>1970-01-01T00:00:01.000Z</time></trkpt>
			<trkpt lat="43.715310" lon="40.176532"><ele>1136.9</ele><time>1970-01-01T00:00:01.000Z</time></trkpt>
			<trkpt lat="43.715160" lon="40.177240"><ele>1130.6</ele><time>1970-01-01T00:00:01.000Z</time></trkpt>
			<trkpt lat="43.714538" lon="40.178163"><ele>1103.5</ele><time>1970-01-01T00:00:01.000Z</time></trkpt>
			<trkpt lat="43.714130" lon="40.178442"><ele>1086.0</ele><time>1970-01-01T00:00:01.000Z</time></trkpt>
			<trkpt lat="43.713787" lon="40.178335"><ele>1070.0</ele><time>1970-01-01T00:00:01.000Z</time></trkpt>
			<trkpt lat="43.713079" lon="40.178249"><ele>1059.6</ele><time>1970-01-01T00:00:01.000Z</time></trkpt>
			<trkpt lat="43.712628" lon="40.177627"><ele>1054.2</ele><time>1970-01-01T00:00:01.000Z</time></trkpt>
			<trkpt lat="43.711834" lon="40.177369"><ele>1020.1</ele><time>1970-01-01T00:00:01.000Z</time></trkpt>
			<trkpt lat="43.710397" lon="40.177219"><ele>985.5</ele><time>1970-01-01T00:00:01.000Z</time></trkpt>
			<trkpt lat="43.709474" lon="40.177219"><ele>971.6</ele><time>1970-01-01T00:00:01.000Z</time></trkpt>
			<trkpt lat="43.708530" lon="40.176554"><ele>960.8</ele><time>1970-01-01T00:00:01.000Z</time></trkpt>
			<trkpt lat="43.707650" lon="40.176382"><ele>947.3</ele><time>1970-01-01T00:00:01.000Z</time></trkpt>
			<trkpt lat="43.706792" lon="40.176339"><ele>935.7</ele><time>1970-01-01T00:00:01.000Z</time></trkpt>
			<trkpt lat="43.706577" lon="40.176296"><ele>934.9</ele><time>1970-01-01T00:00:01.000Z</time></trkpt>
			<trkpt lat="43.706491" lon="40.175588"><ele>946.7</ele><time>1970-01-01T00:00:01.000Z</time></trkpt>
			<trkpt lat="43.706470" lon="40.174901"><ele>954.7</ele><time>1970-01-01T00:00:01.000Z</time></trkpt>
			<trkpt lat="43.706298" lon="40.174365"><ele>962.2</ele><time>1970-01-01T00:00:01.000Z</time></trkpt>
			<trkpt lat="43.706298" lon="40.174022"><ele>967.2</ele><time>1970-01-01T00:00:01.000Z</time></trkpt>
			<trkpt lat="43.706405" lon="40.173550"><ele>974.9</ele><time>1970-01-01T00:00:01.000Z</time></trkpt>
			<trkpt lat="43.705847" lon="40.172713"><ele>978.2</ele><time>1970-01-01T00:00:01.000Z</time></trkpt>
			<trkpt lat="43.705933" lon="40.171576"><ele>995.5</ele><time>1970-01-01T00:00:01.000Z</time></trkpt>
			<trkpt lat="43.706126" lon="40.170932"><ele>1001.7</ele><time>1970-01-01T00:00:01.000Z</time></trkpt>
			<trkpt lat="43.706362" lon="40.170717"><ele>1007.6</ele><time>1970-01-01T00:00:01.000Z</time></trkpt>
			<trkpt lat="43.706019" lon="40.169816"><ele>1011.0</ele><time>1970-01-01T00:00:01.000Z</time></trkpt>
			<trkpt lat="43.706062" lon="40.169473"><ele>1016.5</ele><time>1970-01-01T00:00:01.000Z</time></trkpt>
			<trkpt lat="43.705998" lon="40.169194"><ele>1019.6</ele><time>1970-01-01T00:00:01.000Z</time></trkpt>
			<trkpt lat="43.706105" lon="40.168808"><ele>1024.4</ele><time>1970-01-01T00:00:01.000Z</time></trkpt>
			<trkpt lat="43.706427" lon="40.168550"><ele>1031.7</ele><time>1970-01-01T00:00:01.000Z</time></trkpt>
			<trkpt lat="43.706234" lon="40.167992"><ele>1034.7</ele><time>1970-01-01T00:00:01.000Z</time></trkpt>
			<trkpt lat="43.706684" lon="40.167198"><ele>1049.4</ele><time>1970-01-01T00:00:01.000Z</time></trkpt>
			<trkpt lat="43.707264" lon="40.166426"><ele>1069.0</ele><time>1970-01-01T00:00:01.000Z</time></trkpt>
			<trkpt lat="43.707865" lon="40.165374"><ele>1094.2</ele><time>1970-01-01T00:00:01.000Z</time></trkpt>
			<trkpt lat="43.708487" lon="40.164387"><ele>1108.4</ele><time>1970-01-01T00:00:01.000Z</time></trkpt>
			<trkpt lat="43.708894" lon="40.163400"><ele>1129.2</ele><time>1970-01-01T00:00:01.000Z</time></trkpt>
			<trkpt lat="43.708701" lon="40.162950"><ele>1139.0</ele><time>1970-01-01T00:00:01.000Z</time></trkpt>
			<trkpt lat="43.708680" lon="40.162456"><ele>1149.8</ele><time>1970-01-01T00:00:01.000Z</time></trkpt>
			<trkpt lat="43.708401" lon="40.162177"><ele>1152.4</ele><time>1970-01-01T00:00:01.000Z</time></trkpt>
			<trkpt lat="43.708229" lon="40.162413"><ele>1153.6</ele><time>1970-01-01T00:00:01.000Z</time></trkpt>
			<trkpt lat="43.708101" lon="40.163121"><ele>1146.2</ele><time>1970-01-01T00:00:01.000Z</time></trkpt>
			<trkpt lat="43.707435" lon="40.163658"><ele>1160.1</ele><time>1970-01-01T00:00:01.000Z</time></trkpt>
			<trkpt lat="43.706813" lon="40.163958"><ele>1163.5</ele><time>1970-01-01T00:00:01.000Z</time></trkpt>
			<trkpt lat="43.706792" lon="40.163679"><ele>1174.7</ele><time>1970-01-01T00:00:01.000Z</time></trkpt>
			<trkpt lat="43.707285" lon="40.162392"><ele>1193.8</ele><time>1970-01-01T00:00:01.000Z</time></trkpt>
			<trkpt lat="43.706749" lon="40.162563"><ele>1208.5</ele><time>1970-01-01T00:00:01.000Z</time></trkpt>
			<trkpt lat="43.706298" lon="40.163229"><ele>1199.8</ele><time>1970-01-01T00:00:01.000Z</time></trkpt>
			<trkpt lat="43.705805" lon="40.163100"><ele>1211.6</ele><time>1970-01-01T00:00:01.000Z</time></trkpt>
			<trkpt lat="43.705805" lon="40.162735"><ele>1223.7</ele><time>1970-01-01T00:00:01.000Z</time></trkpt>
			<trkpt lat="43.706105" lon="40.162649"><ele>1220.6</ele><time>1970-01-01T00:00:01.000Z</time></trkpt>
			<trkpt lat="43.706019" lon="40.162070"><ele>1239.6</ele><time>1970-01-01T00:00:01.000Z</time></trkpt>
			<trkpt lat="43.706255" lon="40.161555"><ele>1242.8</ele><time>1970-01-01T00:00:01.000Z</time></trkpt>
			<trkpt lat="43.706684" lon="40.161212"><ele>1232.1</ele><time>1970-01-01T00:00:01.000Z</time></trkpt>
			<trkpt lat="43.706684" lon="40.160546"><ele>1239.1</ele><time>1970-01-01T00:00:01.000Z</time></trkpt>
			<trkpt lat="43.706384" lon="40.159302"><ele>1257.3</ele><time>1970-01-01T00:00:01.000Z</time></trkpt>
			<trkpt lat="43.705869" lon="40.159280"><ele>1270.6</ele><time>1970-01-01T00:00:01.000Z</time></trkpt>
			<trkpt lat="43.705526" lon="40.159645"><ele>1278.4</ele><time>1970-01-01T00:00:01.000Z</time></trkpt>
			<trkpt lat="43.705075" lon="40.159903"><ele>1293.0</ele><time>1970-01-01T00:00:01.000Z</time></trkpt>
			<trkpt lat="43.704496" lon="40.160010"><ele>1308.3</ele><time>1970-01-01T00:00:01.000Z</time></trkpt>
			<trkpt lat="43.703852" lon="40.160074"><ele>1326.3</ele><time>1970-01-01T00:00:01.000Z</time></trkpt>
			<trkpt lat="43.703530" lon="40.159817"><ele>1338.1</ele><time>1970-01-01T00:00:01.000Z</time></trkpt>
			<trkpt lat="43.703616" lon="40.159280"><ele>1339.7</ele><time>1970-01-01T00:00:01.000Z</time></trkpt>
			<trkpt lat="43.703251" lon="40.158465"><ele>1357.3</ele><time>1970-01-01T00:00:01.000Z</time></trkpt>
			<trkpt lat="43.703251" lon="40.157843"><ele>1364.2</ele><time>1970-01-01T00:00:01.000Z</time></trkpt>
			<trkpt lat="43.702779" lon="40.157521"><ele>1384.1</ele><time>1970-01-01T00:00:01.000Z</time></trkpt>
			<trkpt lat="43.702500" lon="40.156963"><ele>1398.5</ele><time>1970-01-01T00:00:01.000Z</time></trkpt>
			<trkpt lat="43.702178" lon="40.156791"><ele>1393.0</ele><time>1970-01-01T00:00:01.000Z</time></trkpt>
			<trkpt lat="43.702092" lon="40.158143"><ele>1389.0</ele><time>1970-01-01T00:00:01.000Z</time></trkpt>
			<trkpt lat="43.701921" lon="40.158486"><ele>1390.0</ele><time>1970-01-01T00:00:01.000Z</time></trkpt>
			<trkpt lat="43.701835" lon="40.158808"><ele>1389.0</ele><time>1970-01-01T00:00:01.000Z</time></trkpt>
			<trkpt lat="43.701813" lon="40.159044"><ele>1387.9</ele><time>1970-01-01T00:00:01.000Z</time></trkpt>
			<trkpt lat="43.701771" lon="40.159087"><ele>1388.7</ele><time>1970-01-01T00:00:01.000Z</time></trkpt>
			<trkpt lat="43.701492" lon="40.159152"><ele>1387.7</ele><time>1970-01-01T00:00:01.000Z</time></trkpt>
			<trkpt lat="43.701277" lon="40.159280"><ele>1379.5</ele><time>1970-01-01T00:00:01.000Z</time></trkpt>
			<trkpt lat="43.701041" lon="40.159237"><ele>1377.0</ele><time>1970-01-01T00:00:01.000Z</time></trkpt>
			<trkpt lat="43.700826" lon="40.159130"><ele>1374.8</ele><time>1970-01-01T00:00:01.000Z</time></trkpt>
			<trkpt lat="43.700655" lon="40.159173"><ele>1371.2</ele><time>1970-01-01T00:00:01.000Z</time></trkpt>
			<trkpt lat="43.700440" lon="40.159173"><ele>1366.8</ele><time>1970-01-01T00:00:01.000Z</time></trkpt>
			<trkpt lat="43.700354" lon="40.159066"><ele>1365.4</ele><time>1970-01-01T00:00:01.000Z</time></trkpt>
			<trkpt lat="43.700376" lon="40.159130"><ele>1365.7</ele><time>1970-01-01T00:00:01.000Z</time></trkpt>
			<trkpt lat="43.700011" lon="40.158894"><ele>1359.2</ele><time>1970-01-01T00:00:01.000Z</time></trkpt>
			<trkpt lat="43.699925" lon="40.158916"><ele>1358.7</ele><time>1970-01-01T00:00:01.000Z</time></trkpt>
			<trkpt lat="43.699775" lon="40.158851"><ele>1358.2</ele><time>1970-01-01T00:00:01.000Z</time></trkpt>
			<trkpt lat="43.699732" lon="40.158916"><ele>1358.1</ele><time>1970-01-01T00:00:01.000Z</time></trkpt>
			<trkpt lat="43.699625" lon="40.158916"><ele>1357.7</ele><time>1970-01-01T00:00:01.000Z</time></trkpt>
			<trkpt lat="43.699239" lon="40.159044"><ele>1357.7</ele><time>1970-01-01T00:00:01.000Z</time></trkpt>
			<trkpt lat="43.698960" lon="40.158980"><ele>1354.6</ele><time>1970-01-01T00:00:01.000Z</time></trkpt>
			<trkpt lat="43.698681" lon="40.159388"><ele>1357.4</ele><time>1970-01-01T00:00:01.000Z</time></trkpt>
			<trkpt lat="43.698402" lon="40.159624"><ele>1365.6</ele><time>1970-01-01T00:00:01.000Z</time></trkpt>
			<trkpt lat="43.698144" lon="40.159709"><ele>1365.0</ele><time>1970-01-01T00:00:01.000Z</time></trkpt>
			<trkpt lat="43.697951" lon="40.159709"><ele>1360.3</ele><time>1970-01-01T00:00:01.000Z</time></trkpt>
			<trkpt lat="43.697758" lon="40.160010"><ele>1363.1</ele><time>1970-01-01T00:00:01.000Z</time></trkpt>
			<trkpt lat="43.697822" lon="40.160375"><ele>1361.7</ele><time>1970-01-01T00:00:01.000Z</time></trkpt>
			<trkpt lat="43.697758" lon="40.160782"><ele>1358.3</ele><time>1970-01-01T00:00:01.000Z</time></trkpt>
			<trkpt lat="43.697522" lon="40.161083"><ele>1354.0</ele><time>1970-01-01T00:00:01.000Z</time></trkpt>
			<trkpt lat="43.697458" lon="40.161362"><ele>1347.7</ele><time>1970-01-01T00:00:01.000Z</time></trkpt>
			<trkpt lat="43.697458" lon="40.161512"><ele>1345.5</ele><time>1970-01-01T00:00:01.000Z</time></trkpt>
			<trkpt lat="43.697522" lon="40.161748"><ele>1344.2</ele><time>1970-01-01T00:00:01.000Z</time></trkpt>
			<trkpt lat="43.697500" lon="40.162156"><ele>1341.5</ele><time>1970-01-01T00:00:01.000Z</time></trkpt>
			<trkpt lat="43.697415" lon="40.162671"><ele>1333.0</ele><time>1970-01-01T00:00:01.000Z</time></trkpt>
			<trkpt lat="43.697350" lon="40.162756"><ele>1330.0</ele><time>1970-01-01T00:00:01.000Z</time></trkpt>
			<trkpt lat="43.697050" lon="40.162907"><ele>1323.8</ele><time>1970-01-01T00:00:01.000Z</time></trkpt>
			<trkpt lat="43.696363" lon="40.163422"><ele>1307.0</ele><time>1970-01-01T00:00:01.000Z</time></trkpt>
			<trkpt lat="43.696320" lon="40.163550"><ele>1303.7</ele><time>1970-01-01T00:00:01.000Z</time></trkpt>
			<trkpt lat="43.696192" lon="40.163722"><ele>1298.5</ele><time>1970-01-01T00:00:01.000Z</time></trkpt>
			<trkpt lat="43.696192" lon="40.163872"><ele>1297.3</ele><time>1970-01-01T00:00:01.000Z</time></trkpt>
			<trkpt lat="43.696063" lon="40.164087"><ele>1294.8</ele><time>1970-01-01T00:00:01.000Z</time></trkpt>
			<trkpt lat="43.695870" lon="40.164194"><ele>1293.9</ele><time>1970-01-01T00:00:01.000Z</time></trkpt>
			<trkpt lat="43.695805" lon="40.164280"><ele>1293.0</ele><time>1970-01-01T00:00:01.000Z</time></trkpt>
			<trkpt lat="43.695526" lon="40.164387"><ele>1288.8</ele><time>1970-01-01T00:00:01.000Z</time></trkpt>
			<trkpt lat="43.695462" lon="40.164473"><ele>1288.1</ele><time>1970-01-01T00:00:01.000Z</time></trkpt>
			<trkpt lat="43.695355" lon="40.164516"><ele>1287.1</ele><time>1970-01-01T00:00:01.000Z</time></trkpt>
			<trkpt lat="43.695247" lon="40.164731"><ele>1287.4</ele><time>1970-01-01T00:00:01.000Z</time></trkpt>
			<trkpt lat="43.695226" lon="40.165010"><ele>1289.2</ele><time>1970-01-01T00:00:01.000Z</time></trkpt>
			<trkpt lat="43.695054" lon="40.165353"><ele>1287.8</ele><time>1970-01-01T00:00:01.000Z</time></trkpt>
			<trkpt lat="43.694968" lon="40.165696"><ele>1286.5</ele><time>1970-01-01T00:00:01.000Z</time></trkpt>
			<trkpt lat="43.694861" lon="40.165739"><ele>1286.6</ele><time>1970-01-01T00:00:01.000Z</time></trkpt>
			<trkpt lat="43.694539" lon="40.166254"><ele>1293.5</ele><time>1970-01-01T00:00:01.000Z</time></trkpt>
			<trkpt lat="43.694368" lon="40.166383"><ele>1296.8</ele><time>1970-01-01T00:00:01.000Z</time></trkpt>
			<trkpt lat="43.694282" lon="40.166619"><ele>1300.8</ele><time>1970-01-01T00:00:01.000Z</time></trkpt>
			<trkpt lat="43.694153" lon="40.166833"><ele>1303.8</ele><time>1970-01-01T00:00:01.000Z</time></trkpt>
			<trkpt lat="43.694110" lon="40.167220"><ele>1305.9</ele><time>1970-01-01T00:00:01.000Z</time></trkpt>
			<trkpt lat="43.693874" lon="40.167499"><ele>1307.6</ele><time>1970-01-01T00:00:01.000Z</time></trkpt>
			<trkpt lat="43.693788" lon="40.167542"><ele>1307.6</ele><time>1970-01-01T00:00:01.000Z</time></trkpt>
			<trkpt lat="43.693767" lon="40.167670"><ele>1307.7</ele><time>1970-01-01T00:00:01.000Z</time></trkpt>
			<trkpt lat="43.693488" lon="40.167842"><ele>1308.9</ele><time>1970-01-01T00:00:01.000Z</time></trkpt>
			<trkpt lat="43.693445" lon="40.167928"><ele>1309.5</ele><time>1970-01-01T00:00:01.000Z</time></trkpt>
			<trkpt lat="43.693187" lon="40.168078"><ele>1305.0</ele><time>1970-01-01T00:00:01.000Z</time></trkpt>
			<trkpt lat="43.693102" lon="40.168078"><ele>1301.4</ele><time>1970-01-01T00:00:01.000Z</time></trkpt>
			<trkpt lat="43.692930" lon="40.167949"><ele>1294.0</ele><time>1970-01-01T00:00:01.000Z</time></trkpt>
			<trkpt lat="43.692544" lon="40.168035"><ele>1278.0</ele><time>1970-01-01T00:00:01.000Z</time></trkpt>
			<trkpt lat="43.692329" lon="40.167971"><ele>1272.5</ele><time>1970-01-01T00:00:01.000Z</time></trkpt>
			<trkpt lat="43.692222" lon="40.167971"><ele>1269.9</ele><time>1970-01-01T00:00:01.000Z</time></trkpt>
			<trkpt lat="43.692222" lon="40.168014"><ele>1269.6</ele><time>1970-01-01T00:00:01.000Z</time></trkpt>
			<trkpt lat="43.692072" lon="40.167842"><ele>1267.3</ele><time>1970-01-01T00:00:01.000Z</time></trkpt>
			<trkpt lat="43.692029" lon="40.167906"><ele>1265.8</ele><time>1970-01-01T00:00:01.000Z</time></trkpt>
			<trkpt lat="43.691707" lon="40.167949"><ele>1257.7</ele><time>1970-01-01T00:00:01.000Z</time></trkpt>
			<trkpt lat="43.691643" lon="40.167992"><ele>1255.3</ele><time>1970-01-01T00:00:01.000Z</time></trkpt>
			<trkpt lat="43.691428" lon="40.167863"><ele>1246.1</ele><time>1970-01-01T00:00:01.000Z</time></trkpt>
			<trkpt lat="43.691170" lon="40.167842"><ele>1234.0</ele><time>1970-01-01T00:00:01.000Z</time></trkpt>
			<trkpt lat="43.690956" lon="40.167627"><ele>1225.7</ele><time>1970-01-01T00:00:01.000Z</time></trkpt>
			<trkpt lat="43.690806" lon="40.167584"><ele>1218.9</ele><time>1970-01-01T00:00:01.000Z</time></trkpt>
			<trkpt lat="43.690763" lon="40.167477"><ele>1217.2</ele><time>1970-01-01T00:00:01.000Z</time></trkpt>
			<trkpt lat="43.690548" lon="40.167241"><ele>1205.4</ele><time>1970-01-01T00:00:01.000Z</time></trkpt>
			<trkpt lat="43.690462" lon="40.167048"><ele>1201.1</ele><time>1970-01-01T00:00:01.000Z</time></trkpt>
			<trkpt lat="43.690398" lon="40.167134"><ele>1198.1</ele><time>1970-01-01T00:00:01.000Z</time></trkpt>
			<trkpt lat="43.690226" lon="40.167091"><ele>1190.1</ele><time>1970-01-01T00:00:01.000Z</time></trkpt>
			<trkpt lat="43.689904" lon="40.167155"><ele>1176.2</ele><time>1970-01-01T00:00:01.000Z</time></trkpt>
			<trkpt lat="43.689797" lon="40.166984"><ele>1174.0</ele><time>1970-01-01T00:00:01.000Z</time></trkpt>
			<trkpt lat="43.689497" lon="40.166769"><ele>1166.3</ele><time>1970-01-01T00:00:01.000Z</time></trkpt>
			<trkpt lat="43.689304" lon="40.166426"><ele>1160.5</ele><time>1970-01-01T00:00:01.000Z</time></trkpt>
			<trkpt lat="43.689110" lon="40.166447"><ele>1154.7</ele><time>1970-01-01T00:00:01.000Z</time></trkpt>
			<trkpt lat="43.688703" lon="40.166190"><ele>1136.7</ele><time>1970-01-01T00:00:01.000Z</time></trkpt>
			<trkpt lat="43.688724" lon="40.166082"><ele>1137.7</ele><time>1970-01-01T00:00:01.000Z</time></trkpt>
			<trkpt lat="43.688681" lon="40.166039"><ele>1135.8</ele><time>1970-01-01T00:00:01.000Z</time></trkpt>
			<trkpt lat="43.688724" lon="40.165997"><ele>1137.7</ele><time>1970-01-01T00:00:01.000Z</time></trkpt>
			<trkpt lat="43.688789" lon="40.165761"><ele>1139.8</ele><time>1970-01-01T00:00:01.000Z</time></trkpt>
			<trkpt lat="43.688810" lon="40.165524"><ele>1137.2</ele><time>1970-01-01T00:00:01.000Z</time></trkpt>
			<trkpt lat="43.689175" lon="40.165160"><ele>1137.1</ele><time>1970-01-01T00:00:01.000Z</time></trkpt>
			<trkpt lat="43.689261" lon="40.164988"><ele>1132.9</ele><time>1970-01-01T00:00:01.000Z</time></trkpt>
			<trkpt lat="43.689196" lon="40.164602"><ele>1123.6</ele><time>1970-01-01T00:00:01.000Z</time></trkpt>
			<trkpt lat="43.689046" lon="40.164452"><ele>1119.0</ele><time>1970-01-01T00:00:01.000Z</time></trkpt>
			<trkpt lat="43.688939" lon="40.164452"><ele>1118.0</ele><time>1970-01-01T00:00:01.000Z</time></trkpt>
			<trkpt lat="43.688746" lon="40.164258"><ele>1111.6</ele><time>1970-01-01T00:00:01.000Z</time></trkpt>
			<trkpt lat="43.688488" lon="40.164387"><ele>1112.1</ele><time>1970-01-01T00:00:01.000Z</time></trkpt>
			<trkpt lat="43.688359" lon="40.164301"><ele>1108.7</ele><time>1970-01-01T00:00:01.000Z</time></trkpt>
			<trkpt lat="43.688402" lon="40.164216"><ele>1107.0</ele><time>1970-01-01T00:00:01.000Z</time></trkpt>
			<trkpt lat="43.688402" lon="40.164280"><ele>1108.6</ele><time>1970-01-01T00:00:01.000Z</time></trkpt>
			<trkpt lat="43.688209" lon="40.164301"><ele>1106.9</ele><time>1970-01-01T00:00:01.000Z</time></trkpt>
			<trkpt lat="43.687930" lon="40.164194"><ele>1102.8</ele><time>1970-01-01T00:00:01.000Z</time></trkpt>
			<trkpt lat="43.687909" lon="40.164108"><ele>1101.1</ele><time>1970-01-01T00:00:01.000Z</time></trkpt>
			<trkpt lat="43.687716" lon="40.164130"><ele>1100.4</ele><time>1970-01-01T00:00:01.000Z</time></trkpt>
			<trkpt lat="43.687415" lon="40.164022"><ele>1092.5</ele><time>1970-01-01T00:00:01.000Z</time></trkpt>
			<trkpt lat="43.687222" lon="40.164087"><ele>1084.6</ele><time>1970-01-01T00:00:01.000Z</time></trkpt>
			<trkpt lat="43.687158" lon="40.164173"><ele>1083.1</ele><time>1970-01-01T00:00:01.000Z</time></trkpt>
			<trkpt lat="43.686965" lon="40.164087"><ele>1072.2</ele><time>1970-01-01T00:00:01.000Z</time></trkpt>
			<trkpt lat="43.686879" lon="40.164001"><ele>1066.5</ele><time>1970-01-01T00:00:01.000Z</time></trkpt>
			<trkpt lat="43.686772" lon="40.164001"><ele>1061.4</ele><time>1970-01-01T00:00:01.000Z</time></trkpt>
			<trkpt lat="43.686686" lon="40.164216"><ele>1059.6</ele><time>1970-01-01T00:00:01.000Z</time></trkpt>
			<trkpt lat="43.686707" lon="40.164258"><ele>1060.3</ele><time>1970-01-01T00:00:01.000Z</time></trkpt>
			<trkpt lat="43.686664" lon="40.164666"><ele>1055.3</ele><time>1970-01-01T00:00:01.000Z</time></trkpt>
			<trkpt lat="43.686578" lon="40.164902"><ele>1049.2</ele><time>1970-01-01T00:00:01.000Z</time></trkpt>
			<trkpt lat="43.686493" lon="40.164967"><ele>1044.5</ele><time>1970-01-01T00:00:01.000Z</time></trkpt>
			<trkpt lat="43.686707" lon="40.165246"><ele>1050.2</ele><time>1970-01-01T00:00:01.000Z</time></trkpt>
			<trkpt lat="43.686707" lon="40.165439"><ele>1046.6</ele><time>1970-01-01T00:00:01.000Z</time></trkpt>
			<trkpt lat="43.686836" lon="40.165653"><ele>1049.6</ele><time>1970-01-01T00:00:01.000Z</time></trkpt>
			<trkpt lat="43.686836" lon="40.165911"><ele>1045.3</ele><time>1970-01-01T00:00:01.000Z</time></trkpt>
			<trkpt lat="43.687051" lon="40.166125"><ele>1053.3</ele><time>1970-01-01T00:00:01.000Z</time></trkpt>
			<trkpt lat="43.687115" lon="40.166404"><ele>1051.5</ele><time>1970-01-01T00:00:01.000Z</time></trkpt>
			<trkpt lat="43.687351" lon="40.166984"><ele>1047.9</ele><time>1970-01-01T00:00:01.000Z</time></trkpt>
			<trkpt lat="43.687351" lon="40.167112"><ele>1043.9</ele><time>1970-01-01T00:00:01.000Z</time></trkpt>
			<trkpt lat="43.687844" lon="40.168121"><ele>1053.9</ele><time>1970-01-01T00:00:01.000Z</time></trkpt>
			<trkpt lat="43.687844" lon="40.168250"><ele>1051.3</ele><time>1970-01-01T00:00:01.000Z</time></trkpt>
			<trkpt lat="43.688488" lon="40.170288"><ele>1053.9</ele><time>1970-01-01T00:00:01.000Z</time></trkpt>
			<trkpt lat="43.688467" lon="40.170417"><ele>1052.9</ele><time>1970-01-01T00:00:01.000Z</time></trkpt>
			<trkpt lat="43.688359" lon="40.170610"><ele>1046.2</ele><time>1970-01-01T00:00:01.000Z</time></trkpt>
			<trkpt lat="43.688338" lon="40.170889"><ele>1047.1</ele><time>1970-01-01T00:00:01.000Z</time></trkpt>
			<trkpt lat="43.688274" lon="40.171125"><ele>1047.3</ele><time>1970-01-01T00:00:01.000Z</time></trkpt>
			<trkpt lat="43.688188" lon="40.171189"><ele>1043.9</ele><time>1970-01-01T00:00:01.000Z</time></trkpt>
			<trkpt lat="43.688081" lon="40.171404"><ele>1041.2</ele><time>1970-01-01T00:00:01.000Z</time></trkpt>
			<trkpt lat="43.687995" lon="40.171490"><ele>1037.7</ele><time>1970-01-01T00:00:01.000Z</time></trkpt>
			<trkpt lat="43.687952" lon="40.171618"><ele>1036.9</ele><time>1970-01-01T00:00:01.000Z</time></trkpt>
			<trkpt lat="43.687716" lon="40.171897"><ele>1032.1</ele><time>1970-01-01T00:00:01.000Z</time></trkpt>
			<trkpt lat="43.687287" lon="40.172155"><ele>1025.3</ele><time>1970-01-01T00:00:01.000Z</time></trkpt>
			<trkpt lat="43.686729" lon="40.172284"><ele>1017.2</ele><time>1970-01-01T00:00:01.000Z</time></trkpt>
			<trkpt lat="43.686214" lon="40.172648"><ele>1013.0</ele><time>1970-01-01T00:00:01.000Z</time></trkpt>
			<trkpt lat="43.686192" lon="40.172777"><ele>1015.8</ele><time>1970-01-01T00:00:01.000Z</time></trkpt>
			<trkpt lat="43.686214" lon="40.172906"><ele>1019.9</ele><time>1970-01-01T00:00:01.000Z</time></trkpt>
			<trkpt lat="43.686128" lon="40.173121"><ele>1022.6</ele><time>1970-01-01T00:00:01.000Z</time></trkpt>
			<trkpt lat="43.685677" lon="40.173635"><ele>1021.1</ele><time>1970-01-01T00:00:01.000Z</time></trkpt>
			<trkpt lat="43.685549" lon="40.173850"><ele>1023.3</ele><time>1970-01-01T00:00:01.000Z</time></trkpt>
			<trkpt lat="43.685205" lon="40.174108"><ele>1018.8</ele><time>1970-01-01T00:00:01.000Z</time></trkpt>
			<trkpt lat="43.685098" lon="40.174086"><ele>1014.1</ele><time>1970-01-01T00:00:01.000Z</time></trkpt>
			<trkpt lat="43.684926" lon="40.174236"><ele>1012.6</ele><time>1970-01-01T00:00:01.000Z</time></trkpt>
			<trkpt lat="43.684840" lon="40.174236"><ele>1009.7</ele><time>1970-01-01T00:00:01.000Z</time></trkpt>
			<trkpt lat="43.684433" lon="40.174558"><ele>1007.5</ele><time>1970-01-01T00:00:01.000Z</time></trkpt>
			<trkpt lat="43.683853" lon="40.174773"><ele>994.4</ele><time>1970-01-01T00:00:01.000Z</time></trkpt>
			<trkpt lat="43.683703" lon="40.174923"><ele>994.0</ele><time>1970-01-01T00:00:01.000Z</time></trkpt>
			<trkpt lat="43.683596" lon="40.174966"><ele>991.3</ele><time>1970-01-01T00:00:01.000Z</time></trkpt>
			<trkpt lat="43.683317" lon="40.174859"><ele>975.4</ele><time>1970-01-01T00:00:01.000Z</time></trkpt>
			<trkpt lat="43.683231" lon="40.174923"><ele>974.3</ele><time>1970-01-01T00:00:01.000Z</time></trkpt>
			<trkpt lat="43.683124" lon="40.175138"><ele>976.4</ele><time>1970-01-01T00:00:01.000Z</time></trkpt>
			<trkpt lat="43.683038" lon="40.175180"><ele>973.7</ele><time>1970-01-01T00:00:01.000Z</time></trkpt>
			<trkpt lat="43.682952" lon="40.175416"><ele>976.1</ele><time>1970-01-01T00:00:01.000Z</time></trkpt>
			<trkpt lat="43.682716" lon="40.175717"><ele>973.1</ele><time>1970-01-01T00:00:01.000Z</time></trkpt>
			<trkpt lat="43.682158" lon="40.176296"><ele>959.6</ele><time>1970-01-01T00:00:01.000Z</time></trkpt>
			<trkpt lat="43.681772" lon="40.176511"><ele>945.2</ele><time>1970-01-01T00:00:01.000Z</time></trkpt>
			<trkpt lat="43.681600" lon="40.176811"><ele>946.8</ele><time>1970-01-01T00:00:01.000Z</time></trkpt>
			<trkpt lat="43.681364" lon="40.177069"><ele>946.4</ele><time>1970-01-01T00:00:01.000Z</time></trkpt>
			<trkpt lat="43.681171" lon="40.177133"><ele>940.5</ele><time>1970-01-01T00:00:01.000Z</time></trkpt>
			<trkpt lat="43.681064" lon="40.177112"><ele>935.6</ele><time>1970-01-01T00:00:01.000Z</time></trkpt>
			<trkpt lat="43.681042" lon="40.177176"><ele>936.5</ele><time>1970-01-01T00:00:01.000Z</time></trkpt>
			<trkpt lat="43.681085" lon="40.177026"><ele>934.0</ele><time>1970-01-01T00:00:01.000Z</time></trkpt>
			<trkpt lat="43.681042" lon="40.176876"><ele>928.1</ele><time>1970-01-01T00:00:01.000Z</time></trkpt>
			<trkpt lat="43.681214" lon="40.176532"><ele>924.7</ele><time>1970-01-01T00:00:01.000Z</time></trkpt>
			<trkpt lat="43.681171" lon="40.176275"><ele>916.5</ele><time>1970-01-01T00:00:01.000Z</time></trkpt>
			<trkpt lat="43.681214" lon="40.175889"><ele>907.8</ele><time>1970-01-01T00:00:01.000Z</time></trkpt>
			<trkpt lat="43.681364" lon="40.175545"><ele>907.6</ele><time>1970-01-01T00:00:01.000Z</time></trkpt>
			<trkpt lat="43.681407" lon="40.175309"><ele>906.1</ele><time>1970-01-01T00:00:01.000Z</time></trkpt>
			<trkpt lat="43.681321" lon="40.175245"><ele>902.5</ele><time>1970-01-01T00:00:01.000Z</time></trkpt>
			<trkpt lat="43.681128" lon="40.175438"><ele>898.5</ele><time>1970-01-01T00:00:01.000Z</time></trkpt>
			<trkpt lat="43.680678" lon="40.175588"><ele>887.6</ele><time>1970-01-01T00:00:01.000Z</time></trkpt>
			<trkpt lat="43.680356" lon="40.175931"><ele>886.6</ele><time>1970-01-01T00:00:01.000Z</time></trkpt>
			<trkpt lat="43.680270" lon="40.175953"><ele>885.2</ele><time>1970-01-01T00:00:01.000Z</time></trkpt>
			<trkpt lat="43.679884" lon="40.175889"><ele>874.1</ele><time>1970-01-01T00:00:01.000Z</time></trkpt>
			<trkpt lat="43.679626" lon="40.175738"><ele>861.5</ele><time>1970-01-01T00:00:01.000Z</time></trkpt>
			<trkpt lat="43.679562" lon="40.175631"><ele>857.8</ele><time>1970-01-01T00:00:01.000Z</time></trkpt>
			<trkpt lat="43.679540" lon="40.175481"><ele>855.2</ele><time>1970-01-01T00:00:01.000Z</time></trkpt>
			<trkpt lat="43.679583" lon="40.175352"><ele>855.2</ele><time>1970-01-01T00:00:01.000Z</time></trkpt>
			<trkpt lat="43.680012" lon="40.174773"><ele>859.2</ele><time>1970-01-01T00:00:01.000Z</time></trkpt>
			<trkpt lat="43.680527" lon="40.173635"><ele>847.2</ele><time>1970-01-01T00:00:01.000Z</time></trkpt>
			<trkpt lat="43.680892" lon="40.173206"><ele>844.7</ele><time>1970-01-01T00:00:01.000Z</time></trkpt>
			<trkpt lat="43.681150" lon="40.173142"><ele>847.8</ele><time>1970-01-01T00:00:01.000Z</time></trkpt>
			<trkpt lat="43.681236" lon="40.173035"><ele>846.7</ele><time>1970-01-01T00:00:01.000Z</time></trkpt>
			<trkpt lat="43.681278" lon="40.172906"><ele>844.3</ele><time>1970-01-01T00:00:01.000Z</time></trkpt>
			<trkpt lat="43.681107" lon="40.172863"><ele>839.9</ele><time>1970-01-01T00:00:01.000Z</time></trkpt>
			<trkpt lat="43.681021" lon="40.172992"><ele>841.5</ele><time>1970-01-01T00:00:01.000Z</time></trkpt>
			<trkpt lat="43.680506" lon="40.173121"><ele>833.0</ele><time>1970-01-01T00:00:01.000Z</time></trkpt>
			<trkpt lat="43.680399" lon="40.172884"><ele>825.4</ele><time>1970-01-01T00:00:01.000Z</time></trkpt>
			<trkpt lat="43.680527" lon="40.172369"><ele>817.8</ele><time>1970-01-01T00:00:01.000Z</time></trkpt>
			<trkpt lat="43.680849" lon="40.171876"><ele>814.8</ele><time>1970-01-01T00:00:01.000Z</time></trkpt>
			<trkpt lat="43.680999" lon="40.171490"><ele>812.8</ele><time>1970-01-01T00:00:01.000Z</time></trkpt>
			<trkpt lat="43.680806" lon="40.171361"><ele>808.1</ele><time>1970-01-01T00:00:01.000Z</time></trkpt>
			<trkpt lat="43.680635" lon="40.171447"><ele>806.5</ele><time>1970-01-01T00:00:01.000Z</time></trkpt>
			<trkpt lat="43.680527" lon="40.171425"><ele>804.9</ele><time>1970-01-01T00:00:01.000Z</time></trkpt>
			<trkpt lat="43.680227" lon="40.171275"><ele>800.0</ele><time>1970-01-01T00:00:01.000Z</time></trkpt>
			<trkpt lat="43.680141" lon="40.171404"><ele>799.6</ele><time>1970-01-01T00:00:01.000Z</time></trkpt>
			<trkpt lat="43.679648" lon="40.171404"><ele>787.3</ele><time>1970-01-01T00:00:01.000Z</time></trkpt>
			<trkpt lat="43.679347" lon="40.171490"><ele>778.7</ele><time>1970-01-01T00:00:01.000Z</time></trkpt>
			<trkpt lat="43.679219" lon="40.171683"><ele>775.7</ele><time>1970-01-01T00:00:01.000Z</time></trkpt>
			<trkpt lat="43.679283" lon="40.172069"><ele>780.4</ele><time>1970-01-01T00:00:01.000Z</time></trkpt>
			<trkpt lat="43.679240" lon="40.172327"><ele>780.6</ele><time>1970-01-01T00:00:01.000Z</time></trkpt>
			<trkpt lat="43.678918" lon="40.172884"><ele>779.6</ele><time>1970-01-01T00:00:01.000Z</time></trkpt>
			<trkpt lat="43.678811" lon="40.172970"><ele>777.8</ele><time>1970-01-01T00:00:01.000Z</time></trkpt>
			<trkpt lat="43.678618" lon="40.172992"><ele>771.7</ele><time>1970-01-01T00:00:01.000Z</time></trkpt>
			<trkpt lat="43.678532" lon="40.173056"><ele>769.8</ele><time>1970-01-01T00:00:01.000Z</time></trkpt>
			<trkpt lat="43.678446" lon="40.173056"><ele>766.9</ele><time>1970-01-01T00:00:01.000Z</time></trkpt>
			<trkpt lat="43.678274" lon="40.173185"><ele>763.2</ele><time>1970-01-01T00:00:01.000Z</time></trkpt>
			<trkpt lat="43.677910" lon="40.173657"><ele>762.8</ele><time>1970-01-01T00:00:01.000Z</time></trkpt>
			<trkpt lat="43.677802" lon="40.173721"><ele>760.8</ele><time>1970-01-01T00:00:01.000Z</time></trkpt>
			<trkpt lat="43.677609" lon="40.174193"><ele>763.1</ele><time>1970-01-01T00:00:01.000Z</time></trkpt>
			<trkpt lat="43.677416" lon="40.174451"><ele>756.7</ele><time>1970-01-01T00:00:01.000Z</time></trkpt>
			<trkpt lat="43.677180" lon="40.174901"><ele>750.6</ele><time>1970-01-01T00:00:01.000Z</time></trkpt>
			<trkpt lat="43.677287" lon="40.175438"><ele>761.4</ele><time>1970-01-01T00:00:01.000Z</time></trkpt>
			<trkpt lat="43.677180" lon="40.175653"><ele>759.5</ele><time>1970-01-01T00:00:01.000Z</time></trkpt>
			<trkpt lat="43.676880" lon="40.175996"><ele>755.0</ele><time>1970-01-01T00:00:01.000Z</time></trkpt>
			<trkpt lat="43.676622" lon="40.176210"><ele>754.3</ele><time>1970-01-01T00:00:01.000Z</time></trkpt>
			<trkpt lat="43.676408" lon="40.176468"><ele>757.2</ele><time>1970-01-01T00:00:01.000Z</time></trkpt>
			<trkpt lat="43.676300" lon="40.176489"><ele>754.1</ele><time>1970-01-01T00:00:01.000Z</time></trkpt>
			<trkpt lat="43.676021" lon="40.176296"><ele>737.0</ele><time>1970-01-01T00:00:01.000Z</time></trkpt>
			<trkpt lat="43.675914" lon="40.176082"><ele>726.0</ele><time>1970-01-01T00:00:01.000Z</time></trkpt>
			<trkpt lat="43.675528" lon="40.175953"><ele>714.7</ele><time>1970-01-01T00:00:01.000Z</time></trkpt>
			<trkpt lat="43.675463" lon="40.175867"><ele>711.5</ele><time>1970-01-01T00:00:01.000Z</time></trkpt>
			<trkpt lat="43.675356" lon="40.175824"><ele>709.2</ele><time>1970-01-01T00:00:01.000Z</time></trkpt>
			<trkpt lat="43.675206" lon="40.175974"><ele>710.7</ele><time>1970-01-01T00:00:01.000Z</time></trkpt>
			<trkpt lat="43.675077" lon="40.176339"><ele>716.3</ele><time>1970-01-01T00:00:01.000Z</time></trkpt>
			<trkpt lat="43.675034" lon="40.176854"><ele>726.7</ele><time>1970-01-01T00:00:01.000Z</time></trkpt>
			<trkpt lat="43.674863" lon="40.177305"><ele>732.9</ele><time>1970-01-01T00:00:01.000Z</time></trkpt>
			<trkpt lat="43.674627" lon="40.177627"><ele>734.7</ele><time>1970-01-01T00:00:01.000Z</time></trkpt>
			<trkpt lat="43.674369" lon="40.177820"><ele>730.6</ele><time>1970-01-01T00:00:01.000Z</time></trkpt>
			<trkpt lat="43.674283" lon="40.177820"><ele>727.3</ele><time>1970-01-01T00:00:01.000Z</time></trkpt>
			<trkpt lat="43.674219" lon="40.177906"><ele>726.5</ele><time>1970-01-01T00:00:01.000Z</time></trkpt>
			<trkpt lat="43.674176" lon="40.178571"><ele>735.1</ele><time>1970-01-01T00:00:01.000Z</time></trkpt>
			<trkpt lat="43.674090" lon="40.179107"><ele>735.6</ele><time>1970-01-01T00:00:01.000Z</time></trkpt>
			<trkpt lat="43.673876" lon="40.179708"><ele>727.6</ele><time>1970-01-01T00:00:01.000Z</time></trkpt>
			<trkpt lat="43.673768" lon="40.180223"><ele>726.3</ele><time>1970-01-01T00:00:01.000Z</time></trkpt>
			<trkpt lat="43.673682" lon="40.181038"><ele>730.7</ele><time>1970-01-01T00:00:01.000Z</time></trkpt>
			<trkpt lat="43.673790" lon="40.181746"><ele>732.8</ele><time>1970-01-01T00:00:01.000Z</time></trkpt>
			<trkpt lat="43.673682" lon="40.182090"><ele>733.4</ele><time>1970-01-01T00:00:01.000Z</time></trkpt>
			<trkpt lat="43.673425" lon="40.182562"><ele>745.7</ele><time>1970-01-01T00:00:01.000Z</time></trkpt>
			<trkpt lat="43.672974" lon="40.182862"><ele>728.6</ele><time>1970-01-01T00:00:01.000Z</time></trkpt>
			<trkpt lat="43.672760" lon="40.182927"><ele>720.2</ele><time>1970-01-01T00:00:01.000Z</time></trkpt>
			<trkpt lat="43.672674" lon="40.183012"><ele>715.9</ele><time>1970-01-01T00:00:01.000Z</time></trkpt>
			<trkpt lat="43.672567" lon="40.182970"><ele>713.6</ele><time>1970-01-01T00:00:01.000Z</time></trkpt>
			<trkpt lat="43.672266" lon="40.183012"><ele>703.1</ele><time>1970-01-01T00:00:01.000Z</time></trkpt>
			<trkpt lat="43.672052" lon="40.182991"><ele>696.1</ele><time>1970-01-01T00:00:01.000Z</time></trkpt>
			<trkpt lat="43.671837" lon="40.183034"><ele>688.7</ele><time>1970-01-01T00:00:01.000Z</time></trkpt>
			<trkpt lat="43.671558" lon="40.182970"><ele>679.3</ele><time>1970-01-01T00:00:01.000Z</time></trkpt>
			<trkpt lat="43.671258" lon="40.183163"><ele>670.5</ele><time>1970-01-01T00:00:01.000Z</time></trkpt>
			<trkpt lat="43.671215" lon="40.183012"><ele>668.0</ele><time>1970-01-01T00:00:01.000Z</time></trkpt>
			<trkpt lat="43.671279" lon="40.182776"><ele>668.6</ele><time>1970-01-01T00:00:01.000Z</time></trkpt>
			<trkpt lat="43.671065" lon="40.182819"><ele>661.0</ele><time>1970-01-01T00:00:01.000Z</time></trkpt>
			<trkpt lat="43.670786" lon="40.182970"><ele>652.2</ele><time>1970-01-01T00:00:01.000Z</time></trkpt>
			<trkpt lat="43.670593" lon="40.182970"><ele>641.5</ele><time>1970-01-01T00:00:01.000Z</time></trkpt>
			<trkpt lat="43.670507" lon="40.182884"><ele>635.8</ele><time>1970-01-01T00:00:01.000Z</time></trkpt>
			<trkpt lat="43.670464" lon="40.182755"><ele>631.9</ele><time>1970-01-01T00:00:01.000Z</time></trkpt>
			<trkpt lat="43.670593" lon="40.182562"><ele>636.4</ele><time>1970-01-01T00:00:01.000Z</time></trkpt>
			<trkpt lat="43.670593" lon="40.182283"><ele>629.5</ele><time>1970-01-01T00:00:01.000Z</time></trkpt>
			<trkpt lat="43.670464" lon="40.182111"><ele>618.8</ele><time>1970-01-01T00:00:01.000Z</time></trkpt>
			<trkpt lat="43.670078" lon="40.181832"><ele>596.1</ele><time>1970-01-01T00:00:01.000Z</time></trkpt>
			<trkpt lat="43.669670" lon="40.181768"><ele>569.4</ele><time>1970-01-01T00:00:01.000Z</time></trkpt>
			<trkpt lat="43.669305" lon="40.181639"><ele>543.1</ele><time>1970-01-01T00:00:01.000Z</time></trkpt>
			<trkpt lat="43.669219" lon="40.181704"><ele>538.0</ele><time>1970-01-01T00:00:01.000Z</time></trkpt>
			<trkpt lat="43.669090" lon="40.181897"><ele>532.8</ele><time>1970-01-01T00:00:01.000Z</time></trkpt>
			<trkpt lat="43.668983" lon="40.181961"><ele>527.9</ele><time>1970-01-01T00:00:01.000Z</time></trkpt>
			<trkpt lat="43.668897" lon="40.181918"><ele>523.1</ele><time>1970-01-01T00:00:01.000Z</time></trkpt>
			<trkpt lat="43.668854" lon="40.181789"><ele>519.9</ele><time>1970-01-01T00:00:01.000Z</time></trkpt>
			<trkpt lat="43.668661" lon="40.181639"><ele>510.1</ele><time>1970-01-01T00:00:01.000Z</time></trkpt>
			<trkpt lat="43.668490" lon="40.181317"><ele>507.4</ele><time>1970-01-01T00:00:01.000Z</time></trkpt>
			<trkpt lat="43.668425" lon="40.181060"><ele>509.5</ele><time>1970-01-01T00:00:01.000Z</time></trkpt>
			<trkpt lat="43.668490" lon="40.180845"><ele>515.3</ele><time>1970-01-01T00:00:01.000Z</time></trkpt>
			<trkpt lat="43.668704" lon="40.180652"><ele>516.0</ele><time>1970-01-01T00:00:01.000Z</time></trkpt>
			<trkpt lat="43.668983" lon="40.180244"><ele>511.7</ele><time>1970-01-01T00:00:01.000Z</time></trkpt>
			<trkpt lat="43.669241" lon="40.180030"><ele>512.6</ele><time>1970-01-01T00:00:01.000Z</time></trkpt>
			<trkpt lat="43.669412" lon="40.179837"><ele>511.1</ele><time>1970-01-01T00:00:01.000Z</time></trkpt>
			<trkpt lat="43.669348" lon="40.179708"><ele>505.9</ele><time>1970-01-01T00:00:01.000Z</time></trkpt>
			<trkpt lat="43.669026" lon="40.179665"><ele>495.7</ele><time>1970-01-01T00:00:01.000Z</time></trkpt>
			<trkpt lat="43.668061" lon="40.180073"><ele>478.7</ele><time>1970-01-01T00:00:01.000Z</time></trkpt>
			<trkpt lat="43.667717" lon="40.179880"><ele>464.0</ele><time>1970-01-01T00:00:01.000Z</time></trkpt>
			<trkpt lat="43.667417" lon="40.179858"><ele>454.2</ele><time>1970-01-01T00:00:01.000Z</time></trkpt>
			<trkpt lat="43.667374" lon="40.179751"><ele>449.4</ele><time>1970-01-01T00:00:01.000Z</time></trkpt>
			<trkpt lat="43.667460" lon="40.179687"><ele>451.1</ele><time>1970-01-01T00:00:01.000Z</time></trkpt>
			<trkpt lat="43.667975" lon="40.179515"><ele>459.0</ele><time>1970-01-01T00:00:01.000Z</time></trkpt>
			<trkpt lat="43.668168" lon="40.179343"><ele>458.0</ele><time>1970-01-01T00:00:01.000Z</time></trkpt>
			<trkpt lat="43.668232" lon="40.179236"><ele>456.0</ele><time>1970-01-01T00:00:01.000Z</time></trkpt>
			<trkpt lat="43.668490" lon="40.178978"><ele>456.2</ele><time>1970-01-01T00:00:01.000Z</time></trkpt>
			<trkpt lat="43.668576" lon="40.178700"><ele>451.3</ele><time>1970-01-01T00:00:01.000Z</time></trkpt>
			<trkpt lat="43.668726" lon="40.178506"><ele>451.1</ele><time>1970-01-01T00:00:01.000Z</time></trkpt>
			<trkpt lat="43.668769" lon="40.178335"><ele>447.7</ele><time>1970-01-01T00:00:01.000Z</time></trkpt>
			<trkpt lat="43.668683" lon="40.178292"><ele>444.8</ele><time>1970-01-01T00:00:01.000Z</time></trkpt>
			<trkpt lat="43.668447" lon="40.178506"><ele>441.1</ele><time>1970-01-01T00:00:01.000Z</time></trkpt>
			<trkpt lat="43.668297" lon="40.178549"><ele>437.4</ele><time>1970-01-01T00:00:01.000Z</time></trkpt>
			<trkpt lat="43.668211" lon="40.178528"><ele>435.0</ele><time>1970-01-01T00:00:01.000Z</time></trkpt>
			<trkpt lat="43.668061" lon="40.177970"><ele>433.4</ele><time>1970-01-01T00:00:01.000Z</time></trkpt>
			<trkpt lat="43.667824" lon="40.177927"><ele>431.0</ele><time>1970-01-01T00:00:01.000Z</time></trkpt>
			<trkpt lat="43.667310" lon="40.178206"><ele>417.1</ele><time>1970-01-01T00:00:01.000Z</time></trkpt>
			<trkpt lat="43.666258" lon="40.178163"><ele>406.4</ele><time>1970-01-01T00:00:01.000Z</time></trkpt>
			<trkpt lat="43.665936" lon="40.177798"><ele>404.7</ele><time>1970-01-01T00:00:01.000Z</time></trkpt>
			<trkpt lat="43.665464" lon="40.177562"><ele>393.2</ele><time>1970-01-01T00:00:01.000Z</time></trkpt>
			<trkpt lat="43.665142" lon="40.177541"><ele>384.2</ele><time>1970-01-01T00:00:01.000Z</time></trkpt>
			<trkpt lat="43.664928" lon="40.177584"><ele>379.7</ele><time>1970-01-01T00:00:01.000Z</time></trkpt>
			<trkpt lat="43.665335" lon="40.178549"><ele>390.6</ele><time>1970-01-01T00:00:01.000Z</time></trkpt>
			<trkpt lat="43.664155" lon="40.177927"><ele>373.9</ele><time>1970-01-01T00:00:01.000Z</time></trkpt>
			<trkpt lat="43.663984" lon="40.177970"><ele>371.8</ele><time>1970-01-01T00:00:01.000Z</time></trkpt>
			<trkpt lat="43.663876" lon="40.179687"><ele>375.4</ele><time>1970-01-01T00:00:01.000Z</time></trkpt>
			<trkpt lat="43.664563" lon="40.181038"><ele>378.0</ele><time>1970-01-01T00:00:01.000Z</time></trkpt>
			<trkpt lat="43.664777" lon="40.181339"><ele>378.5</ele><time>1970-01-01T00:00:01.000Z</time></trkpt>
			<trkpt lat="43.665893" lon="40.183678"><ele>389.8</ele><time>1970-01-01T00:00:01.000Z</time></trkpt>
			<trkpt lat="43.666044" lon="40.183849"><ele>392.2</ele><time>1970-01-01T00:00:01.000Z</time></trkpt>
			<trkpt lat="43.666108" lon="40.184021"><ele>393.4</ele><time>1970-01-01T00:00:01.000Z</time></trkpt>
			<trkpt lat="43.666280" lon="40.184278"><ele>395.1</ele><time>1970-01-01T00:00:01.000Z</time></trkpt>
			<trkpt lat="43.666558" lon="40.184987"><ele>394.9</ele><time>1970-01-01T00:00:01.000Z</time></trkpt>
			<trkpt lat="43.666687" lon="40.185158"><ele>394.6</ele><time>1970-01-01T00:00:01.000Z</time></trkpt>
			<trkpt lat="43.666730" lon="40.185609"><ele>393.0</ele><time>1970-01-01T00:00:01.000Z</time></trkpt>
			<trkpt lat="43.666601" lon="40.186210"><ele>392.6</ele><time>1970-01-01T00:00:01.000Z</time></trkpt>
			<trkpt lat="43.666601" lon="40.186832"><ele>396.8</ele><time>1970-01-01T00:00:01.000Z</time></trkpt>
			<trkpt lat="43.666494" lon="40.186961"><ele>397.4</ele><time>1970-01-01T00:00:01.000Z</time></trkpt>
			<trkpt lat="43.666215" lon="40.187132"><ele>398.4</ele><time>1970-01-01T00:00:01.000Z</time></trkpt>
			<trkpt lat="43.665850" lon="40.187197"><ele>398.7</ele><time>1970-01-01T00:00:01.000Z</time></trkpt>
			<trkpt lat="43.665314" lon="40.187154"><ele>395.8</ele><time>1970-01-01T00:00:01.000Z</time></trkpt>
			<trkpt lat="43.665250" lon="40.187240"><ele>397.0</ele><time>1970-01-01T00:00:01.000Z</time></trkpt>
			<trkpt lat="43.665035" lon="40.187261"><ele>396.5</ele><time>1970-01-01T00:00:01.000Z</time></trkpt>
			<trkpt lat="43.664820" lon="40.187154"><ele>394.6</ele><time>1970-01-01T00:00:01.000Z</time></trkpt>
			<trkpt lat="43.664477" lon="40.186596"><ele>387.7</ele><time>1970-01-01T00:00:01.000Z</time></trkpt>
			<trkpt lat="43.664069" lon="40.185394"><ele>383.6</ele><time>1970-01-01T00:00:01.000Z</time></trkpt>
			<trkpt lat="43.664005" lon="40.185308"><ele>384.6</ele><time>1970-01-01T00:00:01.000Z</time></trkpt>
			<trkpt lat="43.663705" lon="40.184450"><ele>381.8</ele><time>1970-01-01T00:00:01.000Z</time></trkpt>
			<trkpt lat="43.663597" lon="40.184493"><ele>384.3</ele><time>1970-01-01T00:00:01.000Z</time></trkpt>
			<trkpt lat="43.663554" lon="40.184600"><ele>386.8</ele><time>1970-01-01T00:00:01.000Z</time></trkpt>
			<trkpt lat="43.663619" lon="40.184987"><ele>391.9</ele><time>1970-01-01T00:00:01.000Z</time></trkpt>
			<trkpt lat="43.663597" lon="40.185094"><ele>393.1</ele><time>1970-01-01T00:00:01.000Z</time></trkpt>
			<trkpt lat="43.663511" lon="40.185180"><ele>395.5</ele><time>1970-01-01T00:00:01.000Z</time></trkpt>
			<trkpt lat="43.663490" lon="40.185823"><ele>398.6</ele><time>1970-01-01T00:00:01.000Z</time></trkpt>
			<trkpt lat="43.663340" lon="40.186167"><ele>405.4</ele><time>1970-01-01T00:00:01.000Z</time></trkpt>
			<trkpt lat="43.663318" lon="40.186317"><ele>407.8</ele><time>1970-01-01T00:00:01.000Z</time></trkpt>
			<trkpt lat="43.663211" lon="40.186360"><ele>412.1</ele><time>1970-01-01T00:00:01.000Z</time></trkpt>
			<trkpt lat="43.662675" lon="40.185630"><ele>414.2</ele><time>1970-01-01T00:00:01.000Z</time></trkpt>
			<trkpt lat="43.662482" lon="40.185523"><ele>415.9</ele><time>1970-01-01T00:00:01.000Z</time></trkpt>
			<trkpt lat="43.662203" lon="40.185566"><ele>418.2</ele><time>1970-01-01T00:00:01.000Z</time></trkpt>
			<trkpt lat="43.661473" lon="40.185866"><ele>435.1</ele><time>1970-01-01T00:00:01.000Z</time></trkpt>
			<trkpt lat="43.661280" lon="40.185888"><ele>441.9</ele><time>1970-01-01T00:00:01.000Z</time></trkpt>
			<trkpt lat="43.661022" lon="40.185716"><ele>445.4</ele><time>1970-01-01T00:00:01.000Z</time></trkpt>
			<trkpt lat="43.660679" lon="40.185244"><ele>445.8</ele><time>1970-01-01T00:00:01.000Z</time></trkpt>
			<trkpt lat="43.660507" lon="40.185115"><ele>448.2</ele><time>1970-01-01T00:00:01.000Z</time></trkpt>
			<trkpt lat="43.660186" lon="40.184772"><ele>451.4</ele><time>1970-01-01T00:00:01.000Z</time></trkpt>
			<trkpt lat="43.659907" lon="40.184407"><ele>453.4</ele><time>1970-01-01T00:00:01.000Z</time></trkpt>
			<trkpt lat="43.659799" lon="40.184128"><ele>451.7</ele><time>1970-01-01T00:00:01.000Z</time></trkpt>
			<trkpt lat="43.659713" lon="40.184064"><ele>453.6</ele><time>1970-01-01T00:00:01.000Z</time></trkpt>
			<trkpt lat="43.659606" lon="40.184042"><ele>456.2</ele><time>1970-01-01T00:00:01.000Z</time></trkpt>
			<trkpt lat="43.659413" lon="40.184128"><ele>461.1</ele><time>1970-01-01T00:00:01.000Z</time></trkpt>
			<trkpt lat="43.659370" lon="40.184751"><ele>474.6</ele><time>1970-01-01T00:00:01.000Z</time></trkpt>
			<trkpt lat="43.659306" lon="40.184879"><ele>479.2</ele><time>1970-01-01T00:00:01.000Z</time></trkpt>
			<trkpt lat="43.659220" lon="40.184879"><ele>481.7</ele><time>1970-01-01T00:00:01.000Z</time></trkpt>
			<trkpt lat="43.659070" lon="40.184751"><ele>484.7</ele><time>1970-01-01T00:00:01.000Z</time></trkpt>
			<trkpt lat="43.658920" lon="40.184257"><ele>479.8</ele><time>1970-01-01T00:00:01.000Z</time></trkpt>
			<trkpt lat="43.658641" lon="40.183849"><ele>489.2</ele><time>1970-01-01T00:00:01.000Z</time></trkpt>
			<trkpt lat="43.658555" lon="40.183570"><ele>492.4</ele><time>1970-01-01T00:00:01.000Z</time></trkpt>
			<trkpt lat="43.658598" lon="40.183184"><ele>490.5</ele><time>1970-01-01T00:00:01.000Z</time></trkpt>
			<trkpt lat="43.658555" lon="40.183077"><ele>492.2</ele><time>1970-01-01T00:00:01.000Z</time></trkpt>
			<trkpt lat="43.658619" lon="40.182841"><ele>490.4</ele><time>1970-01-01T00:00:01.000Z</time></trkpt>
			<trkpt lat="43.658641" lon="40.182176"><ele>492.0</ele><time>1970-01-01T00:00:01.000Z</time></trkpt>
			<trkpt lat="43.658533" lon="40.181961"><ele>495.7</ele><time>1970-01-01T00:00:01.000Z</time></trkpt>
			<trkpt lat="43.658362" lon="40.181789"><ele>500.8</ele><time>1970-01-01T00:00:01.000Z</time></trkpt>
			<trkpt lat="43.658276" lon="40.181789"><ele>504.3</ele><time>1970-01-01T00:00:01.000Z</time></trkpt>
			<trkpt lat="43.658190" lon="40.181854"><ele>508.2</ele><time>1970-01-01T00:00:01.000Z</time></trkpt>
			<trkpt lat="43.658083" lon="40.182283"><ele>512.4</ele><time>1970-01-01T00:00:01.000Z</time></trkpt>
			<trkpt lat="43.657890" lon="40.182562"><ele>522.0</ele><time>1970-01-01T00:00:01.000Z</time></trkpt>
			<trkpt lat="43.657868" lon="40.182862"><ele>523.9</ele><time>1970-01-01T00:00:01.000Z</time></trkpt>
			<trkpt lat="43.657975" lon="40.183270"><ele>519.3</ele><time>1970-01-01T00:00:01.000Z</time></trkpt>
			<trkpt lat="43.657954" lon="40.183420"><ele>521.0</ele><time>1970-01-01T00:00:01.000Z</time></trkpt>
			<trkpt lat="43.657890" lon="40.183549"><ele>524.9</ele><time>1970-01-01T00:00:01.000Z</time></trkpt>
			<trkpt lat="43.657782" lon="40.183592"><ele>530.9</ele><time>1970-01-01T00:00:01.000Z</time></trkpt>
			<trkpt lat="43.657675" lon="40.183527"><ele>536.2</ele><time>1970-01-01T00:00:01.000Z</time></trkpt>
			<trkpt lat="43.657739" lon="40.183420"><ele>532.2</ele><time>1970-01-01T00:00:01.000Z</time></trkpt>
			<trkpt lat="43.657718" lon="40.183270"><ele>532.6</ele><time>1970-01-01T00:00:01.000Z</time></trkpt>
			<trkpt lat="43.657632" lon="40.183184"><ele>536.8</ele><time>1970-01-01T00:00:01.000Z</time></trkpt>
			<trkpt lat="43.657418" lon="40.182304"><ele>545.7</ele><time>1970-01-01T00:00:01.000Z</time></trkpt>
			<trkpt lat="43.657353" lon="40.181768"><ele>546.9</ele><time>1970-01-01T00:00:01.000Z</time></trkpt>
			<trkpt lat="43.657396" lon="40.180995"><ele>545.9</ele><time>1970-01-01T00:00:01.000Z</time></trkpt>
			<trkpt lat="43.657332" lon="40.181017"><ele>546.4</ele><time>1970-01-01T00:00:01.000Z</time></trkpt>
			<trkpt lat="43.657310" lon="40.181274"><ele>547.2</ele><time>1970-01-01T00:00:01.000Z</time></trkpt>
			<trkpt lat="43.657117" lon="40.181661"><ele>555.2</ele><time>1970-01-01T00:00:01.000Z</time></trkpt>
			<trkpt lat="43.656945" lon="40.181789"><ele>563.0</ele><time>1970-01-01T00:00:01.000Z</time></trkpt>
			<trkpt lat="43.656903" lon="40.181875"><ele>565.6</ele><time>1970-01-01T00:00:01.000Z</time></trkpt>
			<trkpt lat="43.656388" lon="40.182283"><ele>582.1</ele><time>1970-01-01T00:00:01.000Z</time></trkpt>
			<trkpt lat="43.656216" lon="40.182476"><ele>587.1</ele><time>1970-01-01T00:00:01.000Z</time></trkpt>
			<trkpt lat="43.656130" lon="40.182648"><ele>591.1</ele><time>1970-01-01T00:00:01.000Z</time></trkpt>
			<trkpt lat="43.656152" lon="40.182798"><ele>593.7</ele><time>1970-01-01T00:00:01.000Z</time></trkpt>
			<trkpt lat="43.655958" lon="40.183206"><ele>605.3</ele><time>1970-01-01T00:00:01.000Z</time></trkpt>
			<trkpt lat="43.655937" lon="40.183377"><ele>609.7</ele><time>1970-01-01T00:00:01.000Z</time></trkpt>
			<trkpt lat="43.656001" lon="40.183785"><ele>617.7</ele><time>1970-01-01T00:00:01.000Z</time></trkpt>
			<trkpt lat="43.655958" lon="40.183871"><ele>620.9</ele><time>1970-01-01T00:00:01.000Z</time></trkpt>
			<trkpt lat="43.656001" lon="40.184000"><ele>622.7</ele><time>1970-01-01T00:00:01.000Z</time></trkpt>
			<trkpt lat="43.656023" lon="40.184300"><ele>629.4</ele><time>1970-01-01T00:00:01.000Z</time></trkpt>
			<trkpt lat="43.655937" lon="40.184472"><ele>637.0</ele><time>1970-01-01T00:00:01.000Z</time></trkpt>
			<trkpt lat="43.655765" lon="40.184665"><ele>646.0</ele><time>1970-01-01T00:00:01.000Z</time></trkpt>
			<trkpt lat="43.655765" lon="40.184751"><ele>648.5</ele><time>1970-01-01T00:00:01.000Z</time></trkpt>
			<trkpt lat="43.655701" lon="40.184793"><ele>649.5</ele><time>1970-01-01T00:00:01.000Z</time></trkpt>
			<trkpt lat="43.655679" lon="40.184879"><ele>652.0</ele><time>1970-01-01T00:00:01.000Z</time></trkpt>
			<trkpt lat="43.655830" lon="40.185223"><ele>660.6</ele><time>1970-01-01T00:00:01.000Z</time></trkpt>
			<trkpt lat="43.655765" lon="40.185545"><ele>667.7</ele><time>1970-01-01T00:00:01.000Z</time></trkpt>
			<trkpt lat="43.655422" lon="40.185931"><ele>681.6</ele><time>1970-01-01T00:00:01.000Z</time></trkpt>
			<trkpt lat="43.655400" lon="40.185909"><ele>681.4</ele><time>1970-01-01T00:00:01.000Z</time></trkpt>
			<trkpt lat="43.655272" lon="40.185995"><ele>686.0</ele><time>1970-01-01T00:00:01.000Z</time></trkpt>
			<trkpt lat="43.655100" lon="40.186188"><ele>695.6</ele><time>1970-01-01T00:00:01.000Z</time></trkpt>
			<trkpt lat="43.655100" lon="40.186381"><ele>702.2</ele><time>1970-01-01T00:00:01.000Z</time></trkpt>
			<trkpt lat="43.654886" lon="40.186725"><ele>716.1</ele><time>1970-01-01T00:00:01.000Z</time></trkpt>
			<trkpt lat="43.654886" lon="40.186811"><ele>719.1</ele><time>1970-01-01T00:00:01.000Z</time></trkpt>
			<trkpt lat="43.654778" lon="40.187025"><ele>726.6</ele><time>1970-01-01T00:00:01.000Z</time></trkpt>
			<trkpt lat="43.654735" lon="40.187476"><ele>743.9</ele><time>1970-01-01T00:00:01.000Z</time></trkpt>
			<trkpt lat="43.654757" lon="40.187669"><ele>749.9</ele><time>1970-01-01T00:00:01.000Z</time></trkpt>
			<trkpt lat="43.654714" lon="40.187840"><ele>755.7</ele><time>1970-01-01T00:00:01.000Z</time></trkpt>
			<trkpt lat="43.654542" lon="40.188055"><ele>765.1</ele><time>1970-01-01T00:00:01.000Z</time></trkpt>
			<trkpt lat="43.654027" lon="40.188270"><ele>775.6</ele><time>1970-01-01T00:00:01.000Z</time></trkpt>
			<trkpt lat="43.653984" lon="40.188334"><ele>776.9</ele><time>1970-01-01T00:00:01.000Z</time></trkpt>
			<trkpt lat="43.653898" lon="40.188355"><ele>775.7</ele><time>1970-01-01T00:00:01.000Z</time></trkpt>
			<trkpt lat="43.653834" lon="40.188463"><ele>778.5</ele><time>1970-01-01T00:00:01.000Z</time></trkpt>
			<trkpt lat="43.653555" lon="40.188699"><ele>781.4</ele><time>1970-01-01T00:00:01.000Z</time></trkpt>
			<trkpt lat="43.653298" lon="40.188785"><ele>778.5</ele><time>1970-01-01T00:00:01.000Z</time></trkpt>
			<trkpt lat="43.653169" lon="40.189235"><ele>791.5</ele><time>1970-01-01T00:00:01.000Z</time></trkpt>
			<trkpt lat="43.652997" lon="40.189579"><ele>799.2</ele><time>1970-01-01T00:00:01.000Z</time></trkpt>
			<trkpt lat="43.652997" lon="40.189707"><ele>804.6</ele><time>1970-01-01T00:00:01.000Z</time></trkpt>
			<trkpt lat="43.652890" lon="40.189900"><ele>808.1</ele><time>1970-01-01T00:00:01.000Z</time></trkpt>
			<trkpt lat="43.652804" lon="40.190158"><ele>813.7</ele><time>1970-01-01T00:00:01.000Z</time></trkpt>
			<trkpt lat="43.652718" lon="40.190222"><ele>811.8</ele><time>1970-01-01T00:00:01.000Z</time></trkpt>
			<trkpt lat="43.652675" lon="40.190330"><ele>813.1</ele><time>1970-01-01T00:00:01.000Z</time></trkpt>
			<trkpt lat="43.652718" lon="40.190458"><ele>819.3</ele><time>1970-01-01T00:00:01.000Z</time></trkpt>
			<trkpt lat="43.652547" lon="40.190566"><ele>813.8</ele><time>1970-01-01T00:00:01.000Z</time></trkpt>
			<trkpt lat="43.652482" lon="40.190651"><ele>813.0</ele><time>1970-01-01T00:00:01.000Z</time></trkpt>
			<trkpt lat="43.652225" lon="40.190802"><ele>806.6</ele><time>1970-01-01T00:00:01.000Z</time></trkpt>
			<trkpt lat="43.652117" lon="40.190973"><ele>806.5</ele><time>1970-01-01T00:00:01.000Z</time></trkpt>
			<trkpt lat="43.652289" lon="40.191445"><ele>825.4</ele><time>1970-01-01T00:00:01.000Z</time></trkpt>
			<trkpt lat="43.652289" lon="40.191703"><ele>832.0</ele><time>1970-01-01T00:00:01.000Z</time></trkpt>
			<trkpt lat="43.652203" lon="40.192089"><ele>840.5</ele><time>1970-01-01T00:00:01.000Z</time></trkpt>
			<trkpt lat="43.652032" lon="40.192389"><ele>841.3</ele><time>1970-01-01T00:00:01.000Z</time></trkpt>
			<trkpt lat="43.651967" lon="40.192626"><ele>845.3</ele><time>1970-01-01T00:00:01.000Z</time></trkpt>
			<trkpt lat="43.651946" lon="40.192754"><ele>848.4</ele><time>1970-01-01T00:00:01.000Z</time></trkpt>
			<trkpt lat="43.652010" lon="40.192990"><ele>859.4</ele><time>1970-01-01T00:00:01.000Z</time></trkpt>
			<trkpt lat="43.651903" lon="40.192947"><ele>852.5</ele><time>1970-01-01T00:00:01.000Z</time></trkpt>
			<trkpt lat="43.651817" lon="40.192990"><ele>849.6</ele><time>1970-01-01T00:00:01.000Z</time></trkpt>
			<trkpt lat="43.651560" lon="40.193012"><ele>842.5</ele><time>1970-01-01T00:00:01.000Z</time></trkpt>
			<trkpt lat="43.651388" lon="40.193141"><ele>846.8</ele><time>1970-01-01T00:00:01.000Z</time></trkpt>
			<trkpt lat="43.651302" lon="40.193098"><ele>845.3</ele><time>1970-01-01T00:00:01.000Z</time></trkpt>
			<trkpt lat="43.651152" lon="40.193205"><ele>849.1</ele><time>1970-01-01T00:00:01.000Z</time></trkpt>
			<trkpt lat="43.651088" lon="40.193141"><ele>846.8</ele><time>1970-01-01T00:00:01.000Z</time></trkpt>
			<trkpt lat="43.650980" lon="40.193183"><ele>848.4</ele><time>1970-01-01T00:00:01.000Z</time></trkpt>
			<trkpt lat="43.650959" lon="40.193312"><ele>853.1</ele><time>1970-01-01T00:00:01.000Z</time></trkpt>
			<trkpt lat="43.650873" lon="40.193419"><ele>857.8</ele><time>1970-01-01T00:00:01.000Z</time></trkpt>
			<trkpt lat="43.650701" lon="40.193398"><ele>856.2</ele><time>1970-01-01T00:00:01.000Z</time></trkpt>
			<trkpt lat="43.650701" lon="40.193484"><ele>860.0</ele><time>1970-01-01T00:00:01.000Z</time></trkpt>
			<trkpt lat="43.650980" lon="40.193634"><ele>867.4</ele><time>1970-01-01T00:00:01.000Z</time></trkpt>
			<trkpt lat="43.651281" lon="40.193656"><ele>868.4</ele><time>1970-01-01T00:00:01.000Z</time></trkpt>
			<trkpt lat="43.651431" lon="40.193741"><ele>872.4</ele><time>1970-01-01T00:00:01.000Z</time></trkpt>
			<trkpt lat="43.651645" lon="40.194192"><ele>893.5</ele><time>1970-01-01T00:00:01.000Z</time></trkpt>
			<trkpt lat="43.651710" lon="40.194449"><ele>900.7</ele><time>1970-01-01T00:00:01.000Z</time></trkpt>
			<trkpt lat="43.651710" lon="40.194964"><ele>912.6</ele><time>1970-01-01T00:00:01.000Z</time></trkpt>
			<trkpt lat="43.651517" lon="40.195243"><ele>919.3</ele><time>1970-01-01T00:00:01.000Z</time></trkpt>
			<trkpt lat="43.651366" lon="40.195565"><ele>927.3</ele><time>1970-01-01T00:00:01.000Z</time></trkpt>
			<trkpt lat="43.651281" lon="40.195587"><ele>927.7</ele><time>1970-01-01T00:00:01.000Z</time></trkpt>
			<trkpt lat="43.651195" lon="40.195801"><ele>932.1</ele><time>1970-01-01T00:00:01.000Z</time></trkpt>
			<trkpt lat="43.651195" lon="40.195930"><ele>935.7</ele><time>1970-01-01T00:00:01.000Z</time></trkpt>
			<trkpt lat="43.651109" lon="40.195930"><ele>935.1</ele><time>1970-01-01T00:00:01.000Z</time></trkpt>
			<trkpt lat="43.650980" lon="40.196102"><ele>938.7</ele><time>1970-01-01T00:00:01.000Z</time></trkpt>
			<trkpt lat="43.650830" lon="40.196230"><ele>940.1</ele><time>1970-01-01T00:00:01.000Z</time></trkpt>
			<trkpt lat="43.650637" lon="40.196273"><ele>941.8</ele><time>1970-01-01T00:00:01.000Z</time></trkpt>
			<trkpt lat="43.650487" lon="40.196488"><ele>946.5</ele><time>1970-01-01T00:00:01.000Z</time></trkpt>
			<trkpt lat="43.650358" lon="40.196552"><ele>947.9</ele><time>1970-01-01T00:00:01.000Z</time></trkpt>
			<trkpt lat="43.650251" lon="40.196745"><ele>951.2</ele><time>1970-01-01T00:00:01.000Z</time></trkpt>
			<trkpt lat="43.649907" lon="40.196917"><ele>953.5</ele><time>1970-01-01T00:00:01.000Z</time></trkpt>
			<trkpt lat="43.649907" lon="40.197046"><ele>954.9</ele><time>1970-01-01T00:00:01.000Z</time></trkpt>
			<trkpt lat="43.649564" lon="40.197325"><ele>961.2</ele><time>1970-01-01T00:00:01.000Z</time></trkpt>
			<trkpt lat="43.649500" lon="40.197690"><ele>966.8</ele><time>1970-01-01T00:00:01.000Z</time></trkpt>
			<trkpt lat="43.649328" lon="40.197840"><ele>970.3</ele><time>1970-01-01T00:00:01.000Z</time></trkpt>
			<trkpt lat="43.649285" lon="40.197968"><ele>972.4</ele><time>1970-01-01T00:00:01.000Z</time></trkpt>
			<trkpt lat="43.649285" lon="40.198376"><ele>978.5</ele><time>1970-01-01T00:00:01.000Z</time></trkpt>
			<trkpt lat="43.649221" lon="40.198462"><ele>980.5</ele><time>1970-01-01T00:00:01.000Z</time></trkpt>
			<trkpt lat="43.649285" lon="40.198569"><ele>982.8</ele><time>1970-01-01T00:00:01.000Z</time></trkpt>
			<trkpt lat="43.649006" lon="40.198956"><ele>993.4</ele><time>1970-01-01T00:00:01.000Z</time></trkpt>
			<trkpt lat="43.648877" lon="40.199041"><ele>997.1</ele><time>1970-01-01T00:00:01.000Z</time></trkpt>
			<trkpt lat="43.648899" lon="40.199192"><ele>999.6</ele><time>1970-01-01T00:00:01.000Z</time></trkpt>
			<trkpt lat="43.648877" lon="40.199277"><ele>1001.5</ele><time>1970-01-01T00:00:01.000Z</time></trkpt>
			<trkpt lat="43.648684" lon="40.199299"><ele>1004.6</ele><time>1970-01-01T00:00:01.000Z</time></trkpt>
			<trkpt lat="43.648641" lon="40.199406"><ele>1006.7</ele><time>1970-01-01T00:00:01.000Z</time></trkpt>
			<trkpt lat="43.648362" lon="40.199749"><ele>1014.1</ele><time>1970-01-01T00:00:01.000Z</time></trkpt>
			<trkpt lat="43.648341" lon="40.199857"><ele>1015.4</ele><time>1970-01-01T00:00:01.000Z</time></trkpt>
			<trkpt lat="43.648062" lon="40.200050"><ele>1019.0</ele><time>1970-01-01T00:00:01.000Z</time></trkpt>
			<trkpt lat="43.647976" lon="40.200264"><ele>1022.3</ele><time>1970-01-01T00:00:01.000Z</time></trkpt>
			<trkpt lat="43.647955" lon="40.200501"><ele>1025.5</ele><time>1970-01-01T00:00:01.000Z</time></trkpt>
			<trkpt lat="43.647804" lon="40.200715"><ele>1028.5</ele><time>1970-01-01T00:00:01.000Z</time></trkpt>
			<trkpt lat="43.647847" lon="40.201101"><ele>1035.6</ele><time>1970-01-01T00:00:01.000Z</time></trkpt>
			<trkpt lat="43.647804" lon="40.201316"><ele>1040.2</ele><time>1970-01-01T00:00:01.000Z</time></trkpt>
			<trkpt lat="43.647804" lon="40.201724"><ele>1048.2</ele><time>1970-01-01T00:00:01.000Z</time></trkpt>
			<trkpt lat="43.647912" lon="40.201938"><ele>1050.3</ele><time>1970-01-01T00:00:01.000Z</time></trkpt>
			<trkpt lat="43.647912" lon="40.202067"><ele>1051.8</ele><time>1970-01-01T00:00:01.000Z</time></trkpt>
			<trkpt lat="43.647847" lon="40.202153"><ele>1053.2</ele><time>1970-01-01T00:00:01.000Z</time></trkpt>
			<trkpt lat="43.647783" lon="40.202410"><ele>1056.6</ele><time>1970-01-01T00:00:01.000Z</time></trkpt>
			<trkpt lat="43.647826" lon="40.202861"><ele>1064.9</ele><time>1970-01-01T00:00:01.000Z</time></trkpt>
			<trkpt lat="43.647719" lon="40.203161"><ele>1071.3</ele><time>1970-01-01T00:00:01.000Z</time></trkpt>
			<trkpt lat="43.647504" lon="40.203419"><ele>1076.7</ele><time>1970-01-01T00:00:01.000Z</time></trkpt>
			<trkpt lat="43.647418" lon="40.203462"><ele>1078.7</ele><time>1970-01-01T00:00:01.000Z</time></trkpt>
			<trkpt lat="43.647418" lon="40.203655"><ele>1082.3</ele><time>1970-01-01T00:00:01.000Z</time></trkpt>
			<trkpt lat="43.647161" lon="40.203719"><ele>1085.7</ele><time>1970-01-01T00:00:01.000Z</time></trkpt>
			<trkpt lat="43.647053" lon="40.203934"><ele>1089.2</ele><time>1970-01-01T00:00:01.000Z</time></trkpt>
			<trkpt lat="43.647011" lon="40.204256"><ele>1093.4</ele><time>1970-01-01T00:00:01.000Z</time></trkpt>
			<trkpt lat="43.646946" lon="40.204363"><ele>1094.9</ele><time>1970-01-01T00:00:01.000Z</time></trkpt>
			<trkpt lat="43.646410" lon="40.204792"><ele>1099.7</ele><time>1970-01-01T00:00:01.000Z</time></trkpt>
			<trkpt lat="43.646431" lon="40.204964"><ele>1101.4</ele><time>1970-01-01T00:00:01.000Z</time></trkpt>
			<trkpt lat="43.646367" lon="40.205307"><ele>1107.4</ele><time>1970-01-01T00:00:01.000Z</time></trkpt>
			<trkpt lat="43.646431" lon="40.205672"><ele>1114.3</ele><time>1970-01-01T00:00:01.000Z</time></trkpt>
			<trkpt lat="43.646388" lon="40.205801"><ele>1116.7</ele><time>1970-01-01T00:00:01.000Z</time></trkpt>
			<trkpt lat="43.646410" lon="40.205951"><ele>1119.4</ele><time>1970-01-01T00:00:01.000Z</time></trkpt>
			<trkpt lat="43.646474" lon="40.206037"><ele>1121.0</ele><time>1970-01-01T00:00:01.000Z</time></trkpt>
			<trkpt lat="43.646474" lon="40.206273"><ele>1125.3</ele><time>1970-01-01T00:00:01.000Z</time></trkpt>
			<trkpt lat="43.646260" lon="40.206702"><ele>1132.4</ele><time>1970-01-01T00:00:01.000Z</time></trkpt>
			<trkpt lat="43.646260" lon="40.206831"><ele>1137.2</ele><time>1970-01-01T00:00:01.000Z</time></trkpt>
			<trkpt lat="43.646324" lon="40.206981"><ele>1143.2</ele><time>1970-01-01T00:00:01.000Z</time></trkpt>
			<trkpt lat="43.646238" lon="40.207045"><ele>1145.0</ele><time>1970-01-01T00:00:01.000Z</time></trkpt>
			<trkpt lat="43.646302" lon="40.207281"><ele>1154.2</ele><time>1970-01-01T00:00:01.000Z</time></trkpt>
			<trkpt lat="43.646260" lon="40.207517"><ele>1162.7</ele><time>1970-01-01T00:00:01.000Z</time></trkpt>
			<trkpt lat="43.646195" lon="40.207603"><ele>1165.2</ele><time>1970-01-01T00:00:01.000Z</time></trkpt>
			<trkpt lat="43.646131" lon="40.207860"><ele>1173.9</ele><time>1970-01-01T00:00:01.000Z</time></trkpt>
			<trkpt lat="43.645981" lon="40.208011"><ele>1178.9</ele><time>1970-01-01T00:00:01.000Z</time></trkpt>
			<trkpt lat="43.645938" lon="40.208011"><ele>1178.8</ele><time>1970-01-01T00:00:01.000Z</time></trkpt>
			<trkpt lat="43.645981" lon="40.208204"><ele>1186.0</ele><time>1970-01-01T00:00:01.000Z</time></trkpt>
			<trkpt lat="43.645981" lon="40.208461"><ele>1195.1</ele><time>1970-01-01T00:00:01.000Z</time></trkpt>
			<trkpt lat="43.645895" lon="40.208719"><ele>1203.9</ele><time>1970-01-01T00:00:01.000Z</time></trkpt>
			<trkpt lat="43.645809" lon="40.208805"><ele>1207.3</ele><time>1970-01-01T00:00:01.000Z</time></trkpt>
			<trkpt lat="43.645830" lon="40.208933"><ele>1211.2</ele><time>1970-01-01T00:00:01.000Z</time></trkpt>
			<trkpt lat="43.645680" lon="40.209191"><ele>1222.3</ele><time>1970-01-01T00:00:01.000Z</time></trkpt>
			<trkpt lat="43.645573" lon="40.209556"><ele>1234.6</ele><time>1970-01-01T00:00:01.000Z</time></trkpt>
			<trkpt lat="43.645509" lon="40.209641"><ele>1238.1</ele><time>1970-01-01T00:00:01.000Z</time></trkpt>
			<trkpt lat="43.645573" lon="40.209899"><ele>1244.5</ele><time>1970-01-01T00:00:01.000Z</time></trkpt>
			<trkpt lat="43.645509" lon="40.210135"><ele>1251.7</ele><time>1970-01-01T00:00:01.000Z</time></trkpt>
			<trkpt lat="43.645530" lon="40.210264"><ele>1254.4</ele><time>1970-01-01T00:00:01.000Z</time></trkpt>
			<trkpt lat="43.645487" lon="40.210307"><ele>1256.2</ele><time>1970-01-01T00:00:01.000Z</time></trkpt>
			<trkpt lat="43.645530" lon="40.210564"><ele>1261.5</ele><time>1970-01-01T00:00:01.000Z</time></trkpt>
			<trkpt lat="43.645509" lon="40.210693"><ele>1265.0</ele><time>1970-01-01T00:00:01.000Z</time></trkpt>
			<trkpt lat="43.645380" lon="40.210779"><ele>1270.0</ele><time>1970-01-01T00:00:01.000Z</time></trkpt>
			<trkpt lat="43.645380" lon="40.210972"><ele>1274.7</ele><time>1970-01-01T00:00:01.000Z</time></trkpt>
			<trkpt lat="43.645208" lon="40.211101"><ele>1281.7</ele><time>1970-01-01T00:00:01.000Z</time></trkpt>
			<trkpt lat="43.645015" lon="40.211122"><ele>1286.6</ele><time>1970-01-01T00:00:01.000Z</time></trkpt>
			<trkpt lat="43.644951" lon="40.211015"><ele>1285.6</ele><time>1970-01-01T00:00:01.000Z</time></trkpt>
			<trkpt lat="43.644843" lon="40.210972"><ele>1287.3</ele><time>1970-01-01T00:00:01.000Z</time></trkpt>
			<trkpt lat="43.644800" lon="40.210886"><ele>1286.2</ele><time>1970-01-01T00:00:01.000Z</time></trkpt>
			<trkpt lat="43.644757" lon="40.211079"><ele>1292.3</ele><time>1970-01-01T00:00:01.000Z</time></trkpt>
			<trkpt lat="43.644650" lon="40.211272"><ele>1300.5</ele><time>1970-01-01T00:00:01.000Z</time></trkpt>
			<trkpt lat="43.644543" lon="40.211358"><ele>1306.0</ele><time>1970-01-01T00:00:01.000Z</time></trkpt>
			<trkpt lat="43.644521" lon="40.211637"><ele>1314.7</ele><time>1970-01-01T00:00:01.000Z</time></trkpt>
			<trkpt lat="43.644457" lon="40.211723"><ele>1319.1</ele><time>1970-01-01T00:00:01.000Z</time></trkpt>
			<trkpt lat="43.644350" lon="40.211766"><ele>1323.6</ele><time>1970-01-01T00:00:01.000Z</time></trkpt>
			<trkpt lat="43.644221" lon="40.211701"><ele>1326.1</ele><time>1970-01-01T00:00:01.000Z</time></trkpt>
			<trkpt lat="43.644049" lon="40.211723"><ele>1330.8</ele><time>1970-01-01T00:00:01.000Z</time></trkpt>
			<trkpt lat="43.644049" lon="40.211830"><ele>1333.7</ele><time>1970-01-01T00:00:01.000Z</time></trkpt>
			<trkpt lat="43.643985" lon="40.211916"><ele>1337.4</ele><time>1970-01-01T00:00:01.000Z</time></trkpt>
			<trkpt lat="43.644006" lon="40.212023"><ele>1339.9</ele><time>1970-01-01T00:00:01.000Z</time></trkpt>
			<trkpt lat="43.643921" lon="40.212045"><ele>1342.6</ele><time>1970-01-01T00:00:01.000Z</time></trkpt>
			<trkpt lat="43.643899" lon="40.212173"><ele>1346.8</ele><time>1970-01-01T00:00:01.000Z</time></trkpt>
			<trkpt lat="43.643706" lon="40.212324"><ele>1356.8</ele><time>1970-01-01T00:00:01.000Z</time></trkpt>
			<trkpt lat="43.643728" lon="40.212431"><ele>1359.5</ele><time>1970-01-01T00:00:01.000Z</time></trkpt>
			<trkpt lat="43.643642" lon="40.212538"><ele>1365.7</ele><time>1970-01-01T00:00:01.000Z</time></trkpt>
			<trkpt lat="43.643599" lon="40.212774"><ele>1375.1</ele><time>1970-01-01T00:00:01.000Z</time></trkpt>
			<trkpt lat="43.643534" lon="40.212860"><ele>1380.2</ele><time>1970-01-01T00:00:01.000Z</time></trkpt>
			<trkpt lat="43.643449" lon="40.212903"><ele>1384.3</ele><time>1970-01-01T00:00:01.000Z</time></trkpt>
			<trkpt lat="43.643384" lon="40.213053"><ele>1391.6</ele><time>1970-01-01T00:00:01.000Z</time></trkpt>
			<trkpt lat="43.643470" lon="40.213118"><ele>1391.1</ele><time>1970-01-01T00:00:01.000Z</time></trkpt>
			<trkpt lat="43.643470" lon="40.213182"><ele>1393.3</ele><time>1970-01-01T00:00:01.000Z</time></trkpt>
			<trkpt lat="43.643277" lon="40.213611"><ele>1413.6</ele><time>1970-01-01T00:00:01.000Z</time></trkpt>
			<trkpt lat="43.643148" lon="40.213654"><ele>1419.9</ele><time>1970-01-01T00:00:01.000Z</time></trkpt>
			<trkpt lat="43.642955" lon="40.213783"><ele>1431.2</ele><time>1970-01-01T00:00:01.000Z</time></trkpt>
			<trkpt lat="43.642869" lon="40.213740"><ele>1433.3</ele><time>1970-01-01T00:00:01.000Z</time></trkpt>
			<trkpt lat="43.642655" lon="40.213847"><ele>1444.6</ele><time>1970-01-01T00:00:01.000Z</time></trkpt>
			<trkpt lat="43.642719" lon="40.213954"><ele>1445.0</ele><time>1970-01-01T00:00:01.000Z</time></trkpt>
			<trkpt lat="43.642633" lon="40.214040"><ele>1450.6</ele><time>1970-01-01T00:00:01.000Z</time></trkpt>
			<trkpt lat="43.642547" lon="40.214040"><ele>1453.9</ele><time>1970-01-01T00:00:01.000Z</time></trkpt>
			<trkpt lat="43.642483" lon="40.214148"><ele>1458.9</ele><time>1970-01-01T00:00:01.000Z</time></trkpt>
			<trkpt lat="43.642311" lon="40.214255"><ele>1466.3</ele><time>1970-01-01T00:00:01.000Z</time></trkpt>
			<trkpt lat="43.642140" lon="40.214148"><ele>1467.6</ele><time>1970-01-01T00:00:01.000Z</time></trkpt>
			<trkpt lat="43.641989" lon="40.214169"><ele>1471.9</ele><time>1970-01-01T00:00:01.000Z</time></trkpt>
			<trkpt lat="43.641968" lon="40.214212"><ele>1473.6</ele><time>1970-01-01T00:00:01.000Z</time></trkpt>
			<trkpt lat="43.642032" lon="40.214405"><ele>1477.1</ele><time>1970-01-01T00:00:01.000Z</time></trkpt>
			<trkpt lat="43.642032" lon="40.214512"><ele>1479.9</ele><time>1970-01-01T00:00:01.000Z</time></trkpt>
			<trkpt lat="43.641968" lon="40.214598"><ele>1483.5</ele><time>1970-01-01T00:00:01.000Z</time></trkpt>
			<trkpt lat="43.642011" lon="40.214791"><ele>1487.7</ele><time>1970-01-01T00:00:01.000Z</time></trkpt>
			<trkpt lat="43.641904" lon="40.215049"><ele>1496.1</ele><time>1970-01-01T00:00:01.000Z</time></trkpt>
			<trkpt lat="43.641968" lon="40.215135"><ele>1497.0</ele><time>1970-01-01T00:00:01.000Z</time></trkpt>
			<trkpt lat="43.641839" lon="40.215414"><ele>1504.9</ele><time>1970-01-01T00:00:01.000Z</time></trkpt>
			<trkpt lat="43.641989" lon="40.215950"><ele>1515.7</ele><time>1970-01-01T00:00:01.000Z</time></trkpt>
			<trkpt lat="43.641989" lon="40.216079"><ele>1519.1</ele><time>1970-01-01T00:00:01.000Z</time></trkpt>
			<trkpt lat="43.642097" lon="40.216272"><ele>1523.5</ele><time>1970-01-01T00:00:01.000Z</time></trkpt>
			<trkpt lat="43.642032" lon="40.216401"><ele>1527.3</ele><time>1970-01-01T00:00:01.000Z</time></trkpt>
			<trkpt lat="43.641925" lon="40.216444"><ele>1529.0</ele><time>1970-01-01T00:00:01.000Z</time></trkpt>
			<trkpt lat="43.641453" lon="40.216315"><ele>1524.5</ele><time>1970-01-01T00:00:01.000Z</time></trkpt>
			<trkpt lat="43.641389" lon="40.216529"><ele>1529.4</ele><time>1970-01-01T00:00:01.000Z</time></trkpt>
			<trkpt lat="43.641174" lon="40.216723"><ele>1532.3</ele><time>1970-01-01T00:00:01.000Z</time></trkpt>
			<trkpt lat="43.641024" lon="40.217044"><ele>1540.5</ele><time>1970-01-01T00:00:01.000Z</time></trkpt>
			<trkpt lat="43.640809" lon="40.217302"><ele>1546.7</ele><time>1970-01-01T00:00:01.000Z</time></trkpt>
			<trkpt lat="43.640273" lon="40.217731"><ele>1558.5</ele><time>1970-01-01T00:00:01.000Z</time></trkpt>
			<trkpt lat="43.640037" lon="40.217795"><ele>1559.4</ele><time>1970-01-01T00:00:01.000Z</time></trkpt>
			<trkpt lat="43.639543" lon="40.218310"><ele>1561.6</ele><time>1970-01-01T00:00:01.000Z</time></trkpt>
			<trkpt lat="43.639307" lon="40.218890"><ele>1565.3</ele><time>1970-01-01T00:00:01.000Z</time></trkpt>
			<trkpt lat="43.639307" lon="40.219018"><ele>1567.7</ele><time>1970-01-01T00:00:01.000Z</time></trkpt>
			<trkpt lat="43.639393" lon="40.219061"><ele>1571.1</ele><time>1970-01-01T00:00:01.000Z</time></trkpt>
			<trkpt lat="43.639415" lon="40.219190"><ele>1573.5</ele><time>1970-01-01T00:00:01.000Z</time></trkpt>
			<trkpt lat="43.639543" lon="40.219297"><ele>1576.6</ele><time>1970-01-01T00:00:01.000Z</time></trkpt>
			<trkpt lat="43.639693" lon="40.219190"><ele>1582.2</ele><time>1970-01-01T00:00:01.000Z</time></trkpt>
			<trkpt lat="43.640187" lon="40.219233"><ele>1592.6</ele><time>1970-01-01T00:00:01.000Z</time></trkpt>
			<trkpt lat="43.640251" lon="40.219297"><ele>1592.6</ele><time>1970-01-01T00:00:01.000Z</time></trkpt>
			<trkpt lat="43.640316" lon="40.219255"><ele>1593.4</ele><time>1970-01-01T00:00:01.000Z</time></trkpt>
			<trkpt lat="43.640251" lon="40.219319"><ele>1592.5</ele><time>1970-01-01T00:00:01.000Z</time></trkpt>
			<trkpt lat="43.640402" lon="40.219233"><ele>1594.1</ele><time>1970-01-01T00:00:01.000Z</time></trkpt>
			<trkpt lat="43.640595" lon="40.219190"><ele>1595.5</ele><time>1970-01-01T00:00:01.000Z</time></trkpt>
			<trkpt lat="43.640938" lon="40.219255"><ele>1598.6</ele><time>1970-01-01T00:00:01.000Z</time></trkpt>
			<trkpt lat="43.641067" lon="40.219233"><ele>1600.5</ele><time>1970-01-01T00:00:01.000Z</time></trkpt>
			<trkpt lat="43.641217" lon="40.219276"><ele>1602.8</ele><time>1970-01-01T00:00:01.000Z</time></trkpt>
			<trkpt lat="43.641582" lon="40.219576"><ele>1609.5</ele><time>1970-01-01T00:00:01.000Z</time></trkpt>
			<trkpt lat="43.641646" lon="40.219684"><ele>1611.1</ele><time>1970-01-01T00:00:01.000Z</time></trkpt>
			<trkpt lat="43.641775" lon="40.219748"><ele>1614.7</ele><time>1970-01-01T00:00:01.000Z</time></trkpt>
			<trkpt lat="43.642011" lon="40.219963"><ele>1624.4</ele><time>1970-01-01T00:00:01.000Z</time></trkpt>
			<trkpt lat="43.641968" lon="40.221293"><ele>1652.4</ele><time>1970-01-01T00:00:01.000Z</time></trkpt>
			<trkpt lat="43.641989" lon="40.221550"><ele>1661.6</ele><time>1970-01-01T00:00:01.000Z</time></trkpt>
			<trkpt lat="43.641818" lon="40.221787"><ele>1664.3</ele><time>1970-01-01T00:00:01.000Z</time></trkpt>
			<trkpt lat="43.641775" lon="40.222259"><ele>1680.4</ele><time>1970-01-01T00:00:01.000Z</time></trkpt>
			<trkpt lat="43.641689" lon="40.222323"><ele>1680.1</ele><time>1970-01-01T00:00:01.000Z</time></trkpt>
			<trkpt lat="43.641668" lon="40.222452"><ele>1684.3</ele><time>1970-01-01T00:00:01.000Z</time></trkpt>
			<trkpt lat="43.641603" lon="40.222473"><ele>1683.0</ele><time>1970-01-01T00:00:01.000Z</time></trkpt>
			<trkpt lat="43.641560" lon="40.222602"><ele>1685.8</ele><time>1970-01-01T00:00:01.000Z</time></trkpt>
			<trkpt lat="43.641410" lon="40.222709"><ele>1684.6</ele><time>1970-01-01T00:00:01.000Z</time></trkpt>
			<trkpt lat="43.641238" lon="40.222988"><ele>1688.5</ele><time>1970-01-01T00:00:01.000Z</time></trkpt>
			<trkpt lat="43.641024" lon="40.223160"><ele>1688.2</ele><time>1970-01-01T00:00:01.000Z</time></trkpt>
			<trkpt lat="43.640874" lon="40.223267"><ele>1687.8</ele><time>1970-01-01T00:00:01.000Z</time></trkpt>
			<trkpt lat="43.640809" lon="40.223224"><ele>1684.2</ele><time>1970-01-01T00:00:01.000Z</time></trkpt>
			<trkpt lat="43.640723" lon="40.223267"><ele>1682.0</ele><time>1970-01-01T00:00:01.000Z</time></trkpt>
			<trkpt lat="43.640509" lon="40.223525"><ele>1681.7</ele><time>1970-01-01T00:00:01.000Z</time></trkpt>
			<trkpt lat="43.640466" lon="40.223653"><ele>1684.1</ele><time>1970-01-01T00:00:01.000Z</time></trkpt>
			<trkpt lat="43.640273" lon="40.223825"><ele>1681.8</ele><time>1970-01-01T00:00:01.000Z</time></trkpt>
			<trkpt lat="43.640166" lon="40.224254"><ele>1691.2</ele><time>1970-01-01T00:00:01.000Z</time></trkpt>
			<trkpt lat="43.640166" lon="40.224426"><ele>1696.0</ele><time>1970-01-01T00:00:01.000Z</time></trkpt>
			<trkpt lat="43.640015" lon="40.224834"><ele>1699.6</ele><time>1970-01-01T00:00:01.000Z</time></trkpt>
			<trkpt lat="43.639844" lon="40.225177"><ele>1698.7</ele><time>1970-01-01T00:00:01.000Z</time></trkpt>
			<trkpt lat="43.639801" lon="40.225391"><ele>1701.1</ele><time>1970-01-01T00:00:01.000Z</time></trkpt>
			<trkpt lat="43.639715" lon="40.225542"><ele>1699.4</ele><time>1970-01-01T00:00:01.000Z</time></trkpt>
			<trkpt lat="43.639672" lon="40.225992"><ele>1705.8</ele><time>1970-01-01T00:00:01.000Z</time></trkpt>
			<trkpt lat="43.639565" lon="40.226164"><ele>1702.8</ele><time>1970-01-01T00:00:01.000Z</time></trkpt>
			<trkpt lat="43.639500" lon="40.226421"><ele>1704.1</ele><time>1970-01-01T00:00:01.000Z</time></trkpt>
			<trkpt lat="43.639436" lon="40.226464"><ele>1701.4</ele><time>1970-01-01T00:00:01.000Z</time></trkpt>
			<trkpt lat="43.639457" lon="40.226657"><ele>1706.5</ele><time>1970-01-01T00:00:01.000Z</time></trkpt>
			<trkpt lat="43.639307" lon="40.227001"><ele>1703.7</ele><time>1970-01-01T00:00:01.000Z</time></trkpt>
			<trkpt lat="43.639136" lon="40.227623"><ele>1702.8</ele><time>1970-01-01T00:00:01.000Z</time></trkpt>
			<trkpt lat="43.639050" lon="40.227730"><ele>1699.4</ele><time>1970-01-01T00:00:01.000Z</time></trkpt>
			<trkpt lat="43.639007" lon="40.228009"><ele>1701.3</ele><time>1970-01-01T00:00:01.000Z</time></trkpt>
			<trkpt lat="43.638921" lon="40.228138"><ele>1698.9</ele><time>1970-01-01T00:00:01.000Z</time></trkpt>
			<trkpt lat="43.638921" lon="40.228267"><ele>1701.1</ele><time>1970-01-01T00:00:01.000Z</time></trkpt>
			<trkpt lat="43.638685" lon="40.228739"><ele>1705.0</ele><time>1970-01-01T00:00:01.000Z</time></trkpt>
			<trkpt lat="43.638642" lon="40.228975"><ele>1711.2</ele><time>1970-01-01T00:00:01.000Z</time></trkpt>
			<trkpt lat="43.638556" lon="40.229125"><ele>1712.2</ele><time>1970-01-01T00:00:01.000Z</time></trkpt>
			<trkpt lat="43.638513" lon="40.229576"><ele>1717.8</ele><time>1970-01-01T00:00:01.000Z</time></trkpt>
			<trkpt lat="43.638256" lon="40.230176"><ele>1710.7</ele><time>1970-01-01T00:00:01.000Z</time></trkpt>
			<trkpt lat="43.638213" lon="40.230563"><ele>1712.0</ele><time>1970-01-01T00:00:01.000Z</time></trkpt>
			<trkpt lat="43.638277" lon="40.230885"><ele>1717.5</ele><time>1970-01-01T00:00:01.000Z</time></trkpt>
			<trkpt lat="43.638213" lon="40.231056"><ele>1714.7</ele><time>1970-01-01T00:00:01.000Z</time></trkpt>
			<trkpt lat="43.638256" lon="40.231571"><ele>1717.4</ele><time>1970-01-01T00:00:01.000Z</time></trkpt>
			<trkpt lat="43.638191" lon="40.231957"><ele>1717.0</ele><time>1970-01-01T00:00:01.000Z</time></trkpt>
			<trkpt lat="43.638256" lon="40.232258"><ele>1723.6</ele><time>1970-01-01T00:00:01.000Z</time></trkpt>
			<trkpt lat="43.638127" lon="40.232666"><ele>1724.3</ele><time>1970-01-01T00:00:01.000Z</time></trkpt>
			<trkpt lat="43.638106" lon="40.233030"><ele>1733.6</ele><time>1970-01-01T00:00:01.000Z</time></trkpt>
			<trkpt lat="43.637998" lon="40.233202"><ele>1733.7</ele><time>1970-01-01T00:00:01.000Z</time></trkpt>
			<trkpt lat="43.637955" lon="40.233524"><ele>1741.0</ele><time>1970-01-01T00:00:01.000Z</time></trkpt>
			<trkpt lat="43.637848" lon="40.233674"><ele>1741.3</ele><time>1970-01-01T00:00:01.000Z</time></trkpt>
			<trkpt lat="43.637891" lon="40.233846"><ele>1747.9</ele><time>1970-01-01T00:00:01.000Z</time></trkpt>
			<trkpt lat="43.637655" lon="40.234211"><ele>1752.7</ele><time>1970-01-01T00:00:01.000Z</time></trkpt>
			<trkpt lat="43.637462" lon="40.234768"><ele>1767.1</ele><time>1970-01-01T00:00:01.000Z</time></trkpt>
			<trkpt lat="43.637269" lon="40.234919"><ele>1764.4</ele><time>1970-01-01T00:00:01.000Z</time></trkpt>
			<trkpt lat="43.637076" lon="40.235004"><ele>1758.8</ele><time>1970-01-01T00:00:01.000Z</time></trkpt>
			<trkpt lat="43.636925" lon="40.235262"><ele>1759.9</ele><time>1970-01-01T00:00:01.000Z</time></trkpt>
			<trkpt lat="43.636904" lon="40.235648"><ele>1770.2</ele><time>1970-01-01T00:00:01.000Z</time></trkpt>
			<trkpt lat="43.636711" lon="40.236399"><ele>1776.8</ele><time>1970-01-01T00:00:01.000Z</time></trkpt>
			<trkpt lat="43.636625" lon="40.236506"><ele>1774.0</ele><time>1970-01-01T00:00:01.000Z</time></trkpt>
			<trkpt lat="43.636582" lon="40.236850"><ele>1780.3</ele><time>1970-01-01T00:00:01.000Z</time></trkpt>
			<trkpt lat="43.636453" lon="40.237257"><ele>1785.3</ele><time>1970-01-01T00:00:01.000Z</time></trkpt>
			<trkpt lat="43.636453" lon="40.237343"><ele>1787.7</ele><time>1970-01-01T00:00:01.000Z</time></trkpt>
			<trkpt lat="43.636260" lon="40.237665"><ele>1783.6</ele><time>1970-01-01T00:00:01.000Z</time></trkpt>
			<trkpt lat="43.636217" lon="40.237901"><ele>1785.2</ele><time>1970-01-01T00:00:01.000Z</time></trkpt>
			<trkpt lat="43.636089" lon="40.238159"><ele>1782.2</ele><time>1970-01-01T00:00:01.000Z</time></trkpt>
			<trkpt lat="43.636003" lon="40.239167"><ele>1809.6</ele><time>1970-01-01T00:00:01.000Z</time></trkpt>
			<trkpt lat="43.635938" lon="40.239253"><ele>1809.3</ele><time>1970-01-01T00:00:01.000Z</time></trkpt>
			<trkpt lat="43.635853" lon="40.239511"><ele>1814.3</ele><time>1970-01-01T00:00:01.000Z</time></trkpt>
			<trkpt lat="43.635895" lon="40.239661"><ele>1821.6</ele><time>1970-01-01T00:00:01.000Z</time></trkpt>
			<trkpt lat="43.635810" lon="40.239725"><ele>1820.5</ele><time>1970-01-01T00:00:01.000Z</time></trkpt>
			<trkpt lat="43.635745" lon="40.239897"><ele>1825.2</ele><time>1970-01-01T00:00:01.000Z</time></trkpt>
			<trkpt lat="43.635745" lon="40.239961"><ele>1827.5</ele><time>1970-01-01T00:00:01.000Z</time></trkpt>
			<trkpt lat="43.635810" lon="40.240004"><ele>1830.6</ele><time>1970-01-01T00:00:01.000Z</time></trkpt>
			<trkpt lat="43.635767" lon="40.240176"><ele>1834.2</ele><time>1970-01-01T00:00:01.000Z</time></trkpt>
			<trkpt lat="43.635788" lon="40.240304"><ele>1838.0</ele><time>1970-01-01T00:00:01.000Z</time></trkpt>
			<trkpt lat="43.635702" lon="40.240498"><ele>1841.3</ele><time>1970-01-01T00:00:01.000Z</time></trkpt>
			<trkpt lat="43.635638" lon="40.240519"><ele>1840.5</ele><time>1970-01-01T00:00:01.000Z</time></trkpt>
			<trkpt lat="43.635466" lon="40.240819"><ele>1845.1</ele><time>1970-01-01T00:00:01.000Z</time></trkpt>
			<trkpt lat="43.635273" lon="40.240905"><ele>1844.5</ele><time>1970-01-01T00:00:01.000Z</time></trkpt>
			<trkpt lat="43.635102" lon="40.241141"><ele>1850.3</ele><time>1970-01-01T00:00:01.000Z</time></trkpt>
			<trkpt lat="43.634844" lon="40.241399"><ele>1854.6</ele><time>1970-01-01T00:00:01.000Z</time></trkpt>
			<trkpt lat="43.634608" lon="40.241742"><ele>1860.4</ele><time>1970-01-01T00:00:01.000Z</time></trkpt>
			<trkpt lat="43.634479" lon="40.241656"><ele>1854.3</ele><time>1970-01-01T00:00:01.000Z</time></trkpt>
			<trkpt lat="43.634114" lon="40.241978"><ele>1854.3</ele><time>1970-01-01T00:00:01.000Z</time></trkpt>
			<trkpt lat="43.633857" lon="40.241957"><ele>1846.7</ele><time>1970-01-01T00:00:01.000Z</time></trkpt>
			<trkpt lat="43.633728" lon="40.242107"><ele>1847.0</ele><time>1970-01-01T00:00:01.000Z</time></trkpt>
			<trkpt lat="43.633514" lon="40.242944"><ele>1859.4</ele><time>1970-01-01T00:00:01.000Z</time></trkpt>
			<trkpt lat="43.633428" lon="40.243416"><ele>1866.6</ele><time>1970-01-01T00:00:01.000Z</time></trkpt>
			<trkpt lat="43.633256" lon="40.243931"><ele>1867.1</ele><time>1970-01-01T00:00:01.000Z</time></trkpt>
			<trkpt lat="43.633235" lon="40.244210"><ele>1870.6</ele><time>1970-01-01T00:00:01.000Z</time></trkpt>
			<trkpt lat="43.633020" lon="40.244532"><ele>1867.8</ele><time>1970-01-01T00:00:01.000Z</time></trkpt>
			<trkpt lat="43.632870" lon="40.245025"><ele>1871.5</ele><time>1970-01-01T00:00:01.000Z</time></trkpt>
			<trkpt lat="43.632763" lon="40.245776"><ele>1879.8</ele><time>1970-01-01T00:00:01.000Z</time></trkpt>
			<trkpt lat="43.632570" lon="40.246291"><ele>1877.3</ele><time>1970-01-01T00:00:01.000Z</time></trkpt>
			<trkpt lat="43.632419" lon="40.247085"><ele>1874.3</ele><time>1970-01-01T00:00:01.000Z</time></trkpt>
			<trkpt lat="43.632355" lon="40.248287"><ele>1878.8</ele><time>1970-01-01T00:00:01.000Z</time></trkpt>
			<trkpt lat="43.632248" lon="40.248737"><ele>1871.8</ele><time>1970-01-01T00:00:01.000Z</time></trkpt>
			<trkpt lat="43.632269" lon="40.249209"><ele>1871.5</ele><time>1970-01-01T00:00:01.000Z</time></trkpt>
			<trkpt lat="43.632226" lon="40.249424"><ele>1870.6</ele><time>1970-01-01T00:00:01.000Z</time></trkpt>
			<trkpt lat="43.632248" lon="40.249553"><ele>1872.5</ele><time>1970-01-01T00:00:01.000Z</time></trkpt>
			<trkpt lat="43.632119" lon="40.249789"><ele>1868.8</ele><time>1970-01-01T00:00:01.000Z</time></trkpt>
			<trkpt lat="43.631840" lon="40.250711"><ele>1872.9</ele><time>1970-01-01T00:00:01.000Z</time></trkpt>
			<trkpt lat="43.631797" lon="40.251033"><ele>1873.5</ele><time>1970-01-01T00:00:01.000Z</time></trkpt>
			<trkpt lat="43.631690" lon="40.251205"><ele>1867.8</ele><time>1970-01-01T00:00:01.000Z</time></trkpt>
			<trkpt lat="43.631497" lon="40.251892"><ele>1868.0</ele><time>1970-01-01T00:00:01.000Z</time></trkpt>
			<trkpt lat="43.631304" lon="40.252364"><ele>1874.5</ele><time>1970-01-01T00:00:01.000Z</time></trkpt>
			<trkpt lat="43.631089" lon="40.252621"><ele>1874.1</ele><time>1970-01-01T00:00:01.000Z</time></trkpt>
			<trkpt lat="43.630767" lon="40.253286"><ele>1882.7</ele><time>1970-01-01T00:00:01.000Z</time></trkpt>
			<trkpt lat="43.630660" lon="40.253415"><ele>1883.4</ele><time>1970-01-01T00:00:01.000Z</time></trkpt>
			<trkpt lat="43.630467" lon="40.253501"><ele>1879.8</ele><time>1970-01-01T00:00:01.000Z</time></trkpt>
			<trkpt lat="43.630359" lon="40.253608"><ele>1879.0</ele><time>1970-01-01T00:00:01.000Z</time></trkpt>
			<trkpt lat="43.630231" lon="40.253651"><ele>1875.6</ele><time>1970-01-01T00:00:01.000Z</time></trkpt>
			<trkpt lat="43.630102" lon="40.253801"><ele>1874.2</ele><time>1970-01-01T00:00:01.000Z</time></trkpt>
			<trkpt lat="43.630059" lon="40.254145"><ele>1879.1</ele><time>1970-01-01T00:00:01.000Z</time></trkpt>
			<trkpt lat="43.629866" lon="40.254960"><ele>1890.8</ele><time>1970-01-01T00:00:01.000Z</time></trkpt>
			<trkpt lat="43.629737" lon="40.255175"><ele>1892.3</ele><time>1970-01-01T00:00:01.000Z</time></trkpt>
			<trkpt lat="43.629759" lon="40.255475"><ele>1896.3</ele><time>1970-01-01T00:00:01.000Z</time></trkpt>
			<trkpt lat="43.629651" lon="40.255539"><ele>1896.0</ele><time>1970-01-01T00:00:01.000Z</time></trkpt>
			<trkpt lat="43.629587" lon="40.255539"><ele>1895.3</ele><time>1970-01-01T00:00:01.000Z</time></trkpt>
			<trkpt lat="43.629437" lon="40.255389"><ele>1891.9</ele><time>1970-01-01T00:00:01.000Z</time></trkpt>
			<trkpt lat="43.629287" lon="40.255325"><ele>1889.5</ele><time>1970-01-01T00:00:01.000Z</time></trkpt>
			<trkpt lat="43.629244" lon="40.255411"><ele>1890.2</ele><time>1970-01-01T00:00:01.000Z</time></trkpt>
			<trkpt lat="43.629265" lon="40.255754"><ele>1894.9</ele><time>1970-01-01T00:00:01.000Z</time></trkpt>
			<trkpt lat="43.629072" lon="40.255883"><ele>1894.8</ele><time>1970-01-01T00:00:01.000Z</time></trkpt>
			<trkpt lat="43.628986" lon="40.256012"><ele>1896.2</ele><time>1970-01-01T00:00:01.000Z</time></trkpt>
			<trkpt lat="43.628772" lon="40.256119"><ele>1895.4</ele><time>1970-01-01T00:00:01.000Z</time></trkpt>
			<trkpt lat="43.628557" lon="40.256484"><ele>1899.0</ele><time>1970-01-01T00:00:01.000Z</time></trkpt>
			<trkpt lat="43.628450" lon="40.257063"><ele>1908.4</ele><time>1970-01-01T00:00:01.000Z</time></trkpt>
			<trkpt lat="43.628257" lon="40.257235"><ele>1910.4</ele><time>1970-01-01T00:00:01.000Z</time></trkpt>
			<trkpt lat="43.628235" lon="40.257449"><ele>1914.4</ele><time>1970-01-01T00:00:01.000Z</time></trkpt>
			<trkpt lat="43.628299" lon="40.257621"><ele>1916.9</ele><time>1970-01-01T00:00:01.000Z</time></trkpt>
			<trkpt lat="43.628235" lon="40.257964"><ele>1922.4</ele><time>1970-01-01T00:00:01.000Z</time></trkpt>
			<trkpt lat="43.627978" lon="40.258286"><ele>1929.6</ele><time>1970-01-01T00:00:01.000Z</time></trkpt>
			<trkpt lat="43.627870" lon="40.258136"><ele>1928.0</ele><time>1970-01-01T00:00:01.000Z</time></trkpt>
			<trkpt lat="43.627784" lon="40.258157"><ele>1929.0</ele><time>1970-01-01T00:00:01.000Z</time></trkpt>
			<trkpt lat="43.627441" lon="40.257900"><ele>1927.5</ele><time>1970-01-01T00:00:01.000Z</time></trkpt>
			<trkpt lat="43.627291" lon="40.257857"><ele>1929.9</ele><time>1970-01-01T00:00:01.000Z</time></trkpt>
			<trkpt lat="43.627162" lon="40.257878"><ele>1933.2</ele><time>1970-01-01T00:00:01.000Z</time></trkpt>
			<trkpt lat="43.626905" lon="40.257771"><ele>1937.4</ele><time>1970-01-01T00:00:01.000Z</time></trkpt>
			<trkpt lat="43.626733" lon="40.257642"><ele>1939.9</ele><time>1970-01-01T00:00:01.000Z</time></trkpt>
			<trkpt lat="43.626583" lon="40.257471"><ele>1937.9</ele><time>1970-01-01T00:00:01.000Z</time></trkpt>
			<trkpt lat="43.626411" lon="40.257535"><ele>1934.7</ele><time>1970-01-01T00:00:01.000Z</time></trkpt>
			<trkpt lat="43.626368" lon="40.257642"><ele>1934.2</ele><time>1970-01-01T00:00:01.000Z</time></trkpt>
			<trkpt lat="43.626390" lon="40.257878"><ele>1936.0</ele><time>1970-01-01T00:00:01.000Z</time></trkpt>
			<trkpt lat="43.626454" lon="40.257964"><ele>1938.4</ele><time>1970-01-01T00:00:01.000Z</time></trkpt>
			<trkpt lat="43.626583" lon="40.258458"><ele>1946.2</ele><time>1970-01-01T00:00:01.000Z</time></trkpt>
			<trkpt lat="43.626712" lon="40.258715"><ele>1950.7</ele><time>1970-01-01T00:00:01.000Z</time></trkpt>
			<trkpt lat="43.626776" lon="40.259166"><ele>1952.8</ele><time>1970-01-01T00:00:01.000Z</time></trkpt>
			<trkpt lat="43.626969" lon="40.259831"><ele>1945.1</ele><time>1970-01-01T00:00:01.000Z</time></trkpt>
			<trkpt lat="43.626969" lon="40.260110"><ele>1943.2</ele><time>1970-01-01T00:00:01.000Z</time></trkpt>
			<trkpt lat="43.627033" lon="40.260324"><ele>1944.1</ele><time>1970-01-01T00:00:01.000Z</time></trkpt>
			<trkpt lat="43.627012" lon="40.260668"><ele>1942.5</ele><time>1970-01-01T00:00:01.000Z</time></trkpt>
			<trkpt lat="43.626905" lon="40.261033"><ele>1936.9</ele><time>1970-01-01T00:00:01.000Z</time></trkpt>
			<trkpt lat="43.626840" lon="40.261140"><ele>1933.8</ele><time>1970-01-01T00:00:01.000Z</time></trkpt>
			<trkpt lat="43.626797" lon="40.261462"><ele>1932.6</ele><time>1970-01-01T00:00:01.000Z</time></trkpt>
			<trkpt lat="43.626604" lon="40.261719"><ele>1923.8</ele><time>1970-01-01T00:00:01.000Z</time></trkpt>
			<trkpt lat="43.626497" lon="40.262148"><ele>1922.2</ele><time>1970-01-01T00:00:01.000Z</time></trkpt>
			<trkpt lat="43.626540" lon="40.262535"><ele>1927.2</ele><time>1970-01-01T00:00:01.000Z</time></trkpt>
			<trkpt lat="43.626669" lon="40.263071"><ele>1934.1</ele><time>1970-01-01T00:00:01.000Z</time></trkpt>
			<trkpt lat="43.626518" lon="40.263436"><ele>1926.7</ele><time>1970-01-01T00:00:01.000Z</time></trkpt>
			<trkpt lat="43.626561" lon="40.263908"><ele>1933.6</ele><time>1970-01-01T00:00:01.000Z</time></trkpt>
			<trkpt lat="43.626647" lon="40.264187"><ele>1940.4</ele><time>1970-01-01T00:00:01.000Z</time></trkpt>
			<trkpt lat="43.626368" lon="40.264659"><ele>1935.3</ele><time>1970-01-01T00:00:01.000Z</time></trkpt>
			<trkpt lat="43.626046" lon="40.265324"><ele>1926.9</ele><time>1970-01-01T00:00:01.000Z</time></trkpt>
			<trkpt lat="43.625982" lon="40.265796"><ele>1922.3</ele><time>1970-01-01T00:00:01.000Z</time></trkpt>
			<trkpt lat="43.626046" lon="40.266075"><ele>1925.8</ele><time>1970-01-01T00:00:01.000Z</time></trkpt>
			<trkpt lat="43.626046" lon="40.266526"><ele>1924.5</ele><time>1970-01-01T00:00:01.000Z</time></trkpt>
			<trkpt lat="43.625939" lon="40.266869"><ele>1918.6</ele><time>1970-01-01T00:00:01.000Z</time></trkpt>
			<trkpt lat="43.625746" lon="40.267298"><ele>1911.1</ele><time>1970-01-01T00:00:01.000Z</time></trkpt>
			<trkpt lat="43.625574" lon="40.267985"><ele>1928.0</ele><time>1970-01-01T00:00:01.000Z</time></trkpt>
			<trkpt lat="43.625446" lon="40.268350"><ele>1935.7</ele><time>1970-01-01T00:00:01.000Z</time></trkpt>
			<trkpt lat="43.625295" lon="40.268500"><ele>1926.9</ele><time>1970-01-01T00:00:01.000Z</time></trkpt>
			<trkpt lat="43.625188" lon="40.268886"><ele>1920.7</ele><time>1970-01-01T00:00:01.000Z</time></trkpt>
			<trkpt lat="43.625188" lon="40.269294"><ele>1919.5</ele><time>1970-01-01T00:00:01.000Z</time></trkpt>
			<trkpt lat="43.625317" lon="40.269487"><ele>1925.0</ele><time>1970-01-01T00:00:01.000Z</time></trkpt>
			<trkpt lat="43.625317" lon="40.269659"><ele>1923.4</ele><time>1970-01-01T00:00:01.000Z</time></trkpt>
			<trkpt lat="43.625467" lon="40.269766"><ele>1930.4</ele><time>1970-01-01T00:00:01.000Z</time></trkpt>
			<trkpt lat="43.625360" lon="40.270710"><ele>1923.5</ele><time>1970-01-01T00:00:01.000Z</time></trkpt>
			<trkpt lat="43.625424" lon="40.270839"><ele>1925.7</ele><time>1970-01-01T00:00:01.000Z</time></trkpt>
			<trkpt lat="43.624523" lon="40.272791"><ele>1884.6</ele><time>1970-01-01T00:00:01.000Z</time></trkpt>
			<trkpt lat="43.624180" lon="40.273135"><ele>1880.3</ele><time>1970-01-01T00:00:01.000Z</time></trkpt>
			<trkpt lat="43.623858" lon="40.273693"><ele>1888.9</ele><time>1970-01-01T00:00:01.000Z</time></trkpt>
			<trkpt lat="43.623150" lon="40.273263"><ele>1896.7</ele><time>1970-01-01T00:00:01.000Z</time></trkpt>
			<trkpt lat="43.622399" lon="40.273135"><ele>1887.7</ele><time>1970-01-01T00:00:01.000Z</time></trkpt>
			<trkpt lat="43.621626" lon="40.272791"><ele>1870.1</ele><time>1970-01-01T00:00:01.000Z</time></trkpt>
			<trkpt lat="43.621412" lon="40.272405"><ele>1866.9</ele><time>1970-01-01T00:00:01.000Z</time></trkpt>
			<trkpt lat="43.621626" lon="40.271804"><ele>1864.6</ele><time>1970-01-01T00:00:01.000Z</time></trkpt>
			<trkpt lat="43.621133" lon="40.271676"><ele>1849.4</ele><time>1970-01-01T00:00:01.000Z</time></trkpt>
			<trkpt lat="43.620489" lon="40.271761"><ele>1829.0</ele><time>1970-01-01T00:00:01.000Z</time></trkpt>
			<trkpt lat="43.619974" lon="40.271719"><ele>1809.0</ele><time>1970-01-01T00:00:01.000Z</time></trkpt>
			<trkpt lat="43.619459" lon="40.272191"><ele>1804.4</ele><time>1970-01-01T00:00:01.000Z</time></trkpt>
			<trkpt lat="43.618686" lon="40.272276"><ele>1786.1</ele><time>1970-01-01T00:00:01.000Z</time></trkpt>
			<trkpt lat="43.617957" lon="40.273006"><ele>1768.0</ele><time>1970-01-01T00:00:01.000Z</time></trkpt>
			<trkpt lat="43.617249" lon="40.273392"><ele>1754.3</ele><time>1970-01-01T00:00:01.000Z</time></trkpt>
			<trkpt lat="43.616348" lon="40.273306"><ele>1733.4</ele><time>1970-01-01T00:00:01.000Z</time></trkpt>
			<trkpt lat="43.615532" lon="40.272748"><ele>1724.2</ele><time>1970-01-01T00:00:01.000Z</time></trkpt>
			<trkpt lat="43.614824" lon="40.272620"><ele>1707.4</ele><time>1970-01-01T00:00:01.000Z</time></trkpt>
			<trkpt lat="43.614245" lon="40.272105"><ele>1692.7</ele><time>1970-01-01T00:00:01.000Z</time></trkpt>
			<trkpt lat="43.613901" lon="40.271289"><ele>1685.0</ele><time>1970-01-01T00:00:01.000Z</time></trkpt>
			<trkpt lat="43.613343" lon="40.270946"><ele>1670.1</ele><time>1970-01-01T00:00:01.000Z</time></trkpt>
			<trkpt lat="43.612743" lon="40.270817"><ele>1656.2</ele><time>1970-01-01T00:00:01.000Z</time></trkpt>
			<trkpt lat="43.612099" lon="40.270989"><ele>1648.0</ele><time>1970-01-01T00:00:01.000Z</time></trkpt>
			<trkpt lat="43.611498" lon="40.270989"><ele>1646.1</ele><time>1970-01-01T00:00:01.000Z</time></trkpt>
			<trkpt lat="43.611691" lon="40.272019"><ele>1644.6</ele><time>1970-01-01T00:00:01.000Z</time></trkpt>
			<trkpt lat="43.611369" lon="40.272448"><ele>1641.4</ele><time>1970-01-01T00:00:01.000Z</time></trkpt>
			<trkpt lat="43.611412" lon="40.273521"><ele>1639.8</ele><time>1970-01-01T00:00:01.000Z</time></trkpt>
			<trkpt lat="43.610940" lon="40.274251"><ele>1648.7</ele><time>1970-01-01T00:00:01.000Z</time></trkpt>
			<trkpt lat="43.610447" lon="40.274894"><ele>1642.7</ele><time>1970-01-01T00:00:01.000Z</time></trkpt>
			<trkpt lat="43.610382" lon="40.275452"><ele>1636.8</ele><time>1970-01-01T00:00:01.000Z</time></trkpt>
			<trkpt lat="43.610254" lon="40.276053"><ele>1625.3</ele><time>1970-01-01T00:00:01.000Z</time></trkpt>
			<trkpt lat="43.610468" lon="40.276954"><ele>1606.0</ele><time>1970-01-01T00:00:01.000Z</time></trkpt>
			<trkpt lat="43.610790" lon="40.277212"><ele>1602.0</ele><time>1970-01-01T00:00:01.000Z</time></trkpt>
			<trkpt lat="43.610747" lon="40.277512"><ele>1590.1</ele><time>1970-01-01T00:00:01.000Z</time></trkpt>
			<trkpt lat="43.611906" lon="40.277383"><ele>1555.6</ele><time>1970-01-01T00:00:01.000Z</time></trkpt>
			<trkpt lat="43.612399" lon="40.277555"><ele>1525.9</ele><time>1970-01-01T00:00:01.000Z</time></trkpt>
			<trkpt lat="43.612464" lon="40.278156"><ele>1532.1</ele><time>1970-01-01T00:00:01.000Z</time></trkpt>
			<trkpt lat="43.612228" lon="40.278714"><ele>1535.8</ele><time>1970-01-01T00:00:01.000Z</time></trkpt>
			<trkpt lat="43.611841" lon="40.279100"><ele>1514.8</ele><time>1970-01-01T00:00:01.000Z</time></trkpt>
			<trkpt lat="43.611691" lon="40.279701"><ele>1511.3</ele><time>1970-01-01T00:00:01.000Z</time></trkpt>
			<trkpt lat="43.611284" lon="40.280173"><ele>1503.7</ele><time>1970-01-01T00:00:01.000Z</time></trkpt>
			<trkpt lat="43.610811" lon="40.280473"><ele>1490.5</ele><time>1970-01-01T00:00:01.000Z</time></trkpt>
			<trkpt lat="43.610232" lon="40.280516"><ele>1468.2</ele><time>1970-01-01T00:00:01.000Z</time></trkpt>
			<trkpt lat="43.609824" lon="40.282104"><ele>1461.0</ele><time>1970-01-01T00:00:01.000Z</time></trkpt>
			<trkpt lat="43.610082" lon="40.282619"><ele>1473.3</ele><time>1970-01-01T00:00:01.000Z</time></trkpt>
			<trkpt lat="43.610575" lon="40.283091"><ele>1502.8</ele><time>1970-01-01T00:00:01.000Z</time></trkpt>
			<trkpt lat="43.610532" lon="40.283992"><ele>1502.7</ele><time>1970-01-01T00:00:01.000Z</time></trkpt>
			<trkpt lat="43.610704" lon="40.285151"><ele>1499.6</ele><time>1970-01-01T00:00:01.000Z</time></trkpt>
			<trkpt lat="43.610919" lon="40.285966"><ele>1495.2</ele><time>1970-01-01T00:00:01.000Z</time></trkpt>
			<trkpt lat="43.611026" lon="40.286911"><ele>1508.4</ele><time>1970-01-01T00:00:01.000Z</time></trkpt>
			<trkpt lat="43.610704" lon="40.287426"><ele>1511.4</ele><time>1970-01-01T00:00:01.000Z</time></trkpt>
			<trkpt lat="43.610232" lon="40.286567"><ele>1528.3</ele><time>1970-01-01T00:00:01.000Z</time></trkpt>
			<trkpt lat="43.610060" lon="40.288198"><ele>1540.3</ele><time>1970-01-01T00:00:01.000Z</time></trkpt>
			<trkpt lat="43.610125" lon="40.289035"><ele>1553.2</ele><time>1970-01-01T00:00:01.000Z</time></trkpt>
			<trkpt lat="43.610082" lon="40.289528"><ele>1560.0</ele><time>1970-01-01T00:00:01.000Z</time></trkpt>
			<trkpt lat="43.610232" lon="40.291331"><ele>1600.2</ele><time>1970-01-01T00:00:01.000Z</time></trkpt>
			<trkpt lat="43.610211" lon="40.291438"><ele>1603.3</ele><time>1970-01-01T00:00:01.000Z</time></trkpt>
			<trkpt lat="43.610168" lon="40.291460"><ele>1605.2</ele><time>1970-01-01T00:00:01.000Z</time></trkpt>
			<trkpt lat="43.610082" lon="40.291438"><ele>1607.7</ele><time>1970-01-01T00:00:01.000Z</time></trkpt>
			<trkpt lat="43.609696" lon="40.290966"><ele>1612.1</ele><time>1970-01-01T00:00:01.000Z</time></trkpt>
			<trkpt lat="43.609567" lon="40.290558"><ele>1611.2</ele><time>1970-01-01T00:00:01.000Z</time></trkpt>
			<trkpt lat="43.609503" lon="40.290558"><ele>1614.9</ele><time>1970-01-01T00:00:01.000Z</time></trkpt>
			<trkpt lat="43.609481" lon="40.290751"><ele>1617.8</ele><time>1970-01-01T00:00:01.000Z</time></trkpt>
			<trkpt lat="43.609588" lon="40.291417"><ele>1626.4</ele><time>1970-01-01T00:00:01.000Z</time></trkpt>
			<trkpt lat="43.609545" lon="40.292146"><ele>1637.0</ele><time>1970-01-01T00:00:01.000Z</time></trkpt>
			<trkpt lat="43.609331" lon="40.292790"><ele>1659.3</ele><time>1970-01-01T00:00:01.000Z</time></trkpt>
			<trkpt lat="43.609567" lon="40.293498"><ele>1667.3</ele><time>1970-01-01T00:00:01.000Z</time></trkpt>
			<trkpt lat="43.609631" lon="40.294313"><ele>1676.6</ele><time>1970-01-01T00:00:01.000Z</time></trkpt>
			<trkpt lat="43.609524" lon="40.295064"><ele>1682.2</ele><time>1970-01-01T00:00:01.000Z</time></trkpt>
			<trkpt lat="43.609202" lon="40.296073"><ele>1698.3</ele><time>1970-01-01T00:00:01.000Z</time></trkpt>
			<trkpt lat="43.609009" lon="40.296481"><ele>1699.4</ele><time>1970-01-01T00:00:01.000Z</time></trkpt>
			<trkpt lat="43.608773" lon="40.296803"><ele>1705.5</ele><time>1970-01-01T00:00:01.000Z</time></trkpt>
			<trkpt lat="43.608086" lon="40.297210"><ele>1731.0</ele><time>1970-01-01T00:00:01.000Z</time></trkpt>
			<trkpt lat="43.607850" lon="40.297511"><ele>1735.2</ele><time>1970-01-01T00:00:01.000Z</time></trkpt>
			<trkpt lat="43.607636" lon="40.298026"><ele>1738.3</ele><time>1970-01-01T00:00:01.000Z</time></trkpt>
			<trkpt lat="43.607550" lon="40.298605"><ele>1741.8</ele><time>1970-01-01T00:00:01.000Z</time></trkpt>
			<trkpt lat="43.607292" lon="40.299270"><ele>1759.4</ele><time>1970-01-01T00:00:01.000Z</time></trkpt>
			<trkpt lat="43.607099" lon="40.300193"><ele>1755.9</ele><time>1970-01-01T00:00:01.000Z</time></trkpt>
			<trkpt lat="43.607035" lon="40.300343"><ele>1757.8</ele><time>1970-01-01T00:00:01.000Z</time></trkpt>
			<trkpt lat="43.606863" lon="40.300472"><ele>1765.2</ele><time>1970-01-01T00:00:01.000Z</time></trkpt>
			<trkpt lat="43.606456" lon="40.300536"><ele>1777.8</ele><time>1970-01-01T00:00:01.000Z</time></trkpt>
			<trkpt lat="43.605769" lon="40.300794"><ele>1784.5</ele><time>1970-01-01T00:00:01.000Z</time></trkpt>
			<trkpt lat="43.605640" lon="40.300879"><ele>1791.2</ele><time>1970-01-01T00:00:01.000Z</time></trkpt>
			<trkpt lat="43.605254" lon="40.301352"><ele>1809.2</ele><time>1970-01-01T00:00:01.000Z</time></trkpt>
			<trkpt lat="43.605039" lon="40.301909"><ele>1812.9</ele><time>1970-01-01T00:00:01.000Z</time></trkpt>
			<trkpt lat="43.605039" lon="40.302017"><ele>1815.0</ele><time>1970-01-01T00:00:01.000Z</time></trkpt>
			<trkpt lat="43.605147" lon="40.302060"><ele>1816.9</ele><time>1970-01-01T00:00:01.000Z</time></trkpt>
			<trkpt lat="43.605597" lon="40.301974"><ele>1818.3</ele><time>1970-01-01T00:00:01.000Z</time></trkpt>
			<trkpt lat="43.605919" lon="40.302017"><ele>1817.7</ele><time>1970-01-01T00:00:01.000Z</time></trkpt>
			<trkpt lat="43.606069" lon="40.302060"><ele>1812.1</ele><time>1970-01-01T00:00:01.000Z</time></trkpt>
			<trkpt lat="43.606241" lon="40.302231"><ele>1808.3</ele><time>1970-01-01T00:00:01.000Z</time></trkpt>
			<trkpt lat="43.606262" lon="40.302424"><ele>1812.0</ele><time>1970-01-01T00:00:01.000Z</time></trkpt>
			<trkpt lat="43.606177" lon="40.302939"><ele>1828.6</ele><time>1970-01-01T00:00:01.000Z</time></trkpt>
			<trkpt lat="43.606198" lon="40.303283"><ele>1834.9</ele><time>1970-01-01T00:00:01.000Z</time></trkpt>
			<trkpt lat="43.606069" lon="40.303926"><ele>1846.0</ele><time>1970-01-01T00:00:01.000Z</time></trkpt>
			<trkpt lat="43.605876" lon="40.304291"><ele>1853.5</ele><time>1970-01-01T00:00:01.000Z</time></trkpt>
			<trkpt lat="43.605790" lon="40.305171"><ele>1854.2</ele><time>1970-01-01T00:00:01.000Z</time></trkpt>
			<trkpt lat="43.606069" lon="40.306501"><ele>1866.6</ele><time>1970-01-01T00:00:01.000Z</time></trkpt>
			<trkpt lat="43.606177" lon="40.306609"><ele>1866.7</ele><time>1970-01-01T00:00:01.000Z</time></trkpt>
			<trkpt lat="43.606262" lon="40.306630"><ele>1865.7</ele><time>1970-01-01T00:00:01.000Z</time></trkpt>
			<trkpt lat="43.607099" lon="40.306695"><ele>1875.5</ele><time>1970-01-01T00:00:01.000Z</time></trkpt>
			<trkpt lat="43.607507" lon="40.306630"><ele>1885.5</ele><time>1970-01-01T00:00:01.000Z</time></trkpt>
			<trkpt lat="43.607614" lon="40.306673"><ele>1886.5</ele><time>1970-01-01T00:00:01.000Z</time></trkpt>
			<trkpt lat="43.608065" lon="40.307574"><ele>1900.5</ele><time>1970-01-01T00:00:01.000Z</time></trkpt>
			<trkpt lat="43.608000" lon="40.308368"><ele>1909.3</ele><time>1970-01-01T00:00:01.000Z</time></trkpt>
			<trkpt lat="43.607829" lon="40.308926"><ele>1922.9</ele><time>1970-01-01T00:00:01.000Z</time></trkpt>
			<trkpt lat="43.607850" lon="40.309312"><ele>1922.5</ele><time>1970-01-01T00:00:01.000Z</time></trkpt>
			<trkpt lat="43.607807" lon="40.309677"><ele>1925.0</ele><time>1970-01-01T00:00:01.000Z</time></trkpt>
			<trkpt lat="43.607786" lon="40.310729"><ele>1925.5</ele><time>1970-01-01T00:00:01.000Z</time></trkpt>
			<trkpt lat="43.607357" lon="40.312552"><ele>1933.4</ele><time>1970-01-01T00:00:01.000Z</time></trkpt>
			<trkpt lat="43.607464" lon="40.313346"><ele>1933.8</ele><time>1970-01-01T00:00:01.000Z</time></trkpt>
			<trkpt lat="43.607571" lon="40.313818"><ele>1936.9</ele><time>1970-01-01T00:00:01.000Z</time></trkpt>
			<trkpt lat="43.607979" lon="40.314226"><ele>1954.7</ele><time>1970-01-01T00:00:01.000Z</time></trkpt>
			<trkpt lat="43.608580" lon="40.314634"><ele>1974.7</ele><time>1970-01-01T00:00:01.000Z</time></trkpt>
			<trkpt lat="43.608580" lon="40.315449"><ele>1983.3</ele><time>1970-01-01T00:00:01.000Z</time></trkpt>
			<trkpt lat="43.608666" lon="40.315707"><ele>1989.4</ele><time>1970-01-01T00:00:01.000Z</time></trkpt>
			<trkpt lat="43.609073" lon="40.315857"><ele>2009.0</ele><time>1970-01-01T00:00:01.000Z</time></trkpt>
			<trkpt lat="43.609159" lon="40.316114"><ele>2014.6</ele><time>1970-01-01T00:00:01.000Z</time></trkpt>
			<trkpt lat="43.610296" lon="40.317595"><ele>2074.1</ele><time>1970-01-01T00:00:01.000Z</time></trkpt>
			<trkpt lat="43.610661" lon="40.318239"><ele>2095.3</ele><time>1970-01-01T00:00:01.000Z</time></trkpt>
			<trkpt lat="43.610661" lon="40.319526"><ele>2125.4</ele><time>1970-01-01T00:00:01.000Z</time></trkpt>
			<trkpt lat="43.610747" lon="40.319762"><ele>2130.7</ele><time>1970-01-01T00:00:01.000Z</time></trkpt>
			<trkpt lat="43.610897" lon="40.319870"><ele>2134.7</ele><time>1970-01-01T00:00:01.000Z</time></trkpt>
			<trkpt lat="43.610919" lon="40.319955"><ele>2135.7</ele><time>1970-01-01T00:00:01.000Z</time></trkpt>
			<trkpt lat="43.611455" lon="40.319934"><ele>2135.7</ele><time>1970-01-01T00:00:01.000Z</time></trkpt>
			<trkpt lat="43.611691" lon="40.319784"><ele>2130.6</ele><time>1970-01-01T00:00:01.000Z</time></trkpt>
			<trkpt lat="43.612142" lon="40.319955"><ele>2133.7</ele><time>1970-01-01T00:00:01.000Z</time></trkpt>
			<trkpt lat="43.612313" lon="40.319762"><ele>2126.8</ele><time>1970-01-01T00:00:01.000Z</time></trkpt>
			<trkpt lat="43.612442" lon="40.319204"><ele>2109.3</ele><time>1970-01-01T00:00:01.000Z</time></trkpt>
			<trkpt lat="43.612850" lon="40.319204"><ele>2120.9</ele><time>1970-01-01T00:00:01.000Z</time></trkpt>
			<trkpt lat="43.613065" lon="40.319076"><ele>2125.2</ele><time>1970-01-01T00:00:01.000Z</time></trkpt>
			<trkpt lat="43.613601" lon="40.318453"><ele>2134.9</ele><time>1970-01-01T00:00:01.000Z</time></trkpt>
			<trkpt lat="43.614073" lon="40.317745"><ele>2136.3</ele><time>1970-01-01T00:00:01.000Z</time></trkpt>
			<trkpt lat="43.614309" lon="40.317745"><ele>2139.7</ele><time>1970-01-01T00:00:01.000Z</time></trkpt>
			<trkpt lat="43.615511" lon="40.318410"><ele>2178.8</ele><time>1970-01-01T00:00:01.000Z</time></trkpt>
			<trkpt lat="43.615854" lon="40.318174"><ele>2178.4</ele><time>1970-01-01T00:00:01.000Z</time></trkpt>
			<trkpt lat="43.616541" lon="40.317230"><ele>2175.2</ele><time>1970-01-01T00:00:01.000Z</time></trkpt>
			<trkpt lat="43.616905" lon="40.317144"><ele>2188.2</ele><time>1970-01-01T00:00:01.000Z</time></trkpt>
			<trkpt lat="43.617506" lon="40.316780"><ele>2205.6</ele><time>1970-01-01T00:00:01.000Z</time></trkpt>
			<trkpt lat="43.618021" lon="40.316329"><ele>2202.8</ele><time>1970-01-01T00:00:01.000Z</time></trkpt>
			<trkpt lat="43.618472" lon="40.316329"><ele>2208.3</ele><time>1970-01-01T00:00:01.000Z</time></trkpt>
			<trkpt lat="43.619094" lon="40.316544"><ele>2202.6</ele><time>1970-01-01T00:00:01.000Z</time></trkpt>
			<trkpt lat="43.619094" lon="40.316715"><ele>2197.3</ele><time>1970-01-01T00:00:01.000Z</time></trkpt>
			<trkpt lat="43.618858" lon="40.316908"><ele>2194.6</ele><time>1970-01-01T00:00:01.000Z</time></trkpt>
			<trkpt lat="43.618515" lon="40.317380"><ele>2188.3</ele><time>1970-01-01T00:00:01.000Z</time></trkpt>
			<trkpt lat="43.618601" lon="40.317767"><ele>2173.6</ele><time>1970-01-01T00:00:01.000Z</time></trkpt>
			<trkpt lat="43.618794" lon="40.318089"><ele>2157.3</ele><time>1970-01-01T00:00:01.000Z</time></trkpt>
			<trkpt lat="43.618858" lon="40.318303"><ele>2148.2</ele><time>1970-01-01T00:00:01.000Z</time></trkpt>
			<trkpt lat="43.618643" lon="40.318646"><ele>2141.0</ele><time>1970-01-01T00:00:01.000Z</time></trkpt>
			<trkpt lat="43.618429" lon="40.318754"><ele>2143.4</ele><time>1970-01-01T00:00:01.000Z</time></trkpt>
			<trkpt lat="43.618129" lon="40.319397"><ele>2138.2</ele><time>1970-01-01T00:00:01.000Z</time></trkpt>
			<trkpt lat="43.617978" lon="40.319998"><ele>2124.4</ele><time>1970-01-01T00:00:01.000Z</time></trkpt>
			<trkpt lat="43.618086" lon="40.320385"><ele>2122.0</ele><time>1970-01-01T00:00:01.000Z</time></trkpt>
			<trkpt lat="43.618322" lon="40.320685"><ele>2104.8</ele><time>1970-01-01T00:00:01.000Z</time></trkpt>
			<trkpt lat="43.618772" lon="40.321500"><ele>2088.4</ele><time>1970-01-01T00:00:01.000Z</time></trkpt>
			<trkpt lat="43.619180" lon="40.321972"><ele>2077.0</ele><time>1970-01-01T00:00:01.000Z</time></trkpt>
			<trkpt lat="43.619266" lon="40.321758"><ele>2069.4</ele><time>1970-01-01T00:00:01.000Z</time></trkpt>
			<trkpt lat="43.619309" lon="40.321071"><ele>2059.6</ele><time>1970-01-01T00:00:01.000Z</time></trkpt>
			<trkpt lat="43.619437" lon="40.320900"><ele>2053.5</ele><time>1970-01-01T00:00:01.000Z</time></trkpt>
			<trkpt lat="43.620231" lon="40.321779"><ele>2033.8</ele><time>1970-01-01T00:00:01.000Z</time></trkpt>
			<trkpt lat="43.621326" lon="40.321608"><ele>2007.1</ele><time>1970-01-01T00:00:01.000Z</time></trkpt>
			<trkpt lat="43.621626" lon="40.321651"><ele>2002.5</ele><time>1970-01-01T00:00:01.000Z</time></trkpt>
			<trkpt lat="43.621712" lon="40.321822"><ele>1997.4</ele><time>1970-01-01T00:00:01.000Z</time></trkpt>
			<trkpt lat="43.621669" lon="40.322187"><ele>1997.5</ele><time>1970-01-01T00:00:01.000Z</time></trkpt>
			<trkpt lat="43.621755" lon="40.322444"><ele>1991.3</ele><time>1970-01-01T00:00:01.000Z</time></trkpt>
			<trkpt lat="43.622184" lon="40.322831"><ele>1974.6</ele><time>1970-01-01T00:00:01.000Z</time></trkpt>
			<trkpt lat="43.622570" lon="40.323432"><ele>1967.6</ele><time>1970-01-01T00:00:01.000Z</time></trkpt>
			<trkpt lat="43.622720" lon="40.324118"><ele>1966.8</ele><time>1970-01-01T00:00:01.000Z</time></trkpt>
			<trkpt lat="43.622914" lon="40.324376"><ele>1963.5</ele><time>1970-01-01T00:00:01.000Z</time></trkpt>
			<trkpt lat="43.623193" lon="40.324247"><ele>1951.5</ele><time>1970-01-01T00:00:01.000Z</time></trkpt>
			<trkpt lat="43.623364" lon="40.323603"><ele>1927.9</ele><time>1970-01-01T00:00:01.000Z</time></trkpt>
			<trkpt lat="43.623214" lon="40.322659"><ele>1917.8</ele><time>1970-01-01T00:00:01.000Z</time></trkpt>
			<trkpt lat="43.623600" lon="40.322938"><ele>1897.0</ele><time>1970-01-01T00:00:01.000Z</time></trkpt>
			<trkpt lat="43.623986" lon="40.323582"><ele>1876.9</ele><time>1970-01-01T00:00:01.000Z</time></trkpt>
			<trkpt lat="43.624029" lon="40.324461"><ele>1877.8</ele><time>1970-01-01T00:00:01.000Z</time></trkpt>
			<trkpt lat="43.624287" lon="40.325620"><ele>1855.2</ele><time>1970-01-01T00:00:01.000Z</time></trkpt>
			<trkpt lat="43.624630" lon="40.326114"><ele>1830.7</ele><time>1970-01-01T00:00:01.000Z</time></trkpt>
			<trkpt lat="43.624695" lon="40.326972"><ele>1844.0</ele><time>1970-01-01T00:00:01.000Z</time></trkpt>
			<trkpt lat="43.624931" lon="40.327036"><ele>1819.3</ele><time>1970-01-01T00:00:01.000Z</time></trkpt>
			<trkpt lat="43.625081" lon="40.326693"><ele>1797.3</ele><time>1970-01-01T00:00:01.000Z</time></trkpt>
			<trkpt lat="43.625038" lon="40.325620"><ele>1801.5</ele><time>1970-01-01T00:00:01.000Z</time></trkpt>
			<trkpt lat="43.625274" lon="40.325749"><ele>1784.6</ele><time>1970-01-01T00:00:01.000Z</time></trkpt>
			<trkpt lat="43.625896" lon="40.327444"><ele>1748.3</ele><time>1970-01-01T00:00:01.000Z</time></trkpt>
			<trkpt lat="43.626025" lon="40.327036"><ele>1738.5</ele><time>1970-01-01T00:00:01.000Z</time></trkpt>
			<trkpt lat="43.626046" lon="40.325663"><ele>1738.5</ele><time>1970-01-01T00:00:01.000Z</time></trkpt>
			<trkpt lat="43.626583" lon="40.324869"><ele>1719.1</ele><time>1970-01-01T00:00:01.000Z</time></trkpt>
			<trkpt lat="43.627162" lon="40.324569"><ele>1693.5</ele><time>1970-01-01T00:00:01.000Z</time></trkpt>
			<trkpt lat="43.627441" lon="40.324032"><ele>1688.0</ele><time>1970-01-01T00:00:01.000Z</time></trkpt>
			<trkpt lat="43.627677" lon="40.324354"><ele>1670.1</ele><time>1970-01-01T00:00:01.000Z</time></trkpt>
			<trkpt lat="43.627420" lon="40.327036"><ele>1656.8</ele><time>1970-01-01T00:00:01.000Z</time></trkpt>
			<trkpt lat="43.627784" lon="40.328109"><ele>1646.6</ele><time>1970-01-01T00:00:01.000Z</time></trkpt>
			<trkpt lat="43.628364" lon="40.328496"><ele>1634.7</ele><time>1970-01-01T00:00:01.000Z</time></trkpt>
			<trkpt lat="43.629565" lon="40.328689"><ele>1604.4</ele><time>1970-01-01T00:00:01.000Z</time></trkpt>
			<trkpt lat="43.629801" lon="40.329611"><ele>1595.0</ele><time>1970-01-01T00:00:01.000Z</time></trkpt>
			<trkpt lat="43.630231" lon="40.329762"><ele>1584.8</ele><time>1970-01-01T00:00:01.000Z</time></trkpt>
			<trkpt lat="43.630853" lon="40.330534"><ele>1558.3</ele><time>1970-01-01T00:00:01.000Z</time></trkpt>
			<trkpt lat="43.630445" lon="40.331414"><ele>1540.6</ele><time>1970-01-01T00:00:01.000Z</time></trkpt>
			<trkpt lat="43.631067" lon="40.331800"><ele>1534.1</ele><time>1970-01-01T00:00:01.000Z</time></trkpt>
			<trkpt lat="43.631261" lon="40.332315"><ele>1530.2</ele><time>1970-01-01T00:00:01.000Z</time></trkpt>
			<trkpt lat="43.631025" lon="40.333753"><ele>1513.4</ele><time>1970-01-01T00:00:01.000Z</time></trkpt>
			<trkpt lat="43.631411" lon="40.335062"><ele>1483.0</ele><time>1970-01-01T00:00:01.000Z</time></trkpt>
			<trkpt lat="43.631797" lon="40.335255"><ele>1476.4</ele><time>1970-01-01T00:00:01.000Z</time></trkpt>
			<trkpt lat="43.632441" lon="40.334868"><ele>1477.1</ele><time>1970-01-01T00:00:01.000Z</time></trkpt>
			<trkpt lat="43.632956" lon="40.334847"><ele>1459.7</ele><time>1970-01-01T00:00:01.000Z</time></trkpt>
			<trkpt lat="43.633385" lon="40.334611"><ele>1452.3</ele><time>1970-01-01T00:00:01.000Z</time></trkpt>
			<trkpt lat="43.634157" lon="40.334482"><ele>1435.5</ele><time>1970-01-01T00:00:01.000Z</time></trkpt>
			<trkpt lat="43.634672" lon="40.334139"><ele>1423.8</ele><time>1970-01-01T00:00:01.000Z</time></trkpt>
			<trkpt lat="43.634587" lon="40.334997"><ele>1410.4</ele><time>1970-01-01T00:00:01.000Z</time></trkpt>
			<trkpt lat="43.634715" lon="40.335341"><ele>1400.9</ele><time>1970-01-01T00:00:01.000Z</time></trkpt>
			<trkpt lat="43.635874" lon="40.334868"><ele>1363.7</ele><time>1970-01-01T00:00:01.000Z</time></trkpt>
			<trkpt lat="43.636132" lon="40.334482"><ele>1354.2</ele><time>1970-01-01T00:00:01.000Z</time></trkpt>
			<trkpt lat="43.636646" lon="40.333989"><ele>1333.7</ele><time>1970-01-01T00:00:01.000Z</time></trkpt>
			<trkpt lat="43.637355" lon="40.333860"><ele>1303.4</ele><time>1970-01-01T00:00:01.000Z</time></trkpt>
			<trkpt lat="43.637719" lon="40.333388"><ele>1285.3</ele><time>1970-01-01T00:00:01.000Z</time></trkpt>
			<trkpt lat="43.637247" lon="40.332143"><ele>1280.0</ele><time>1970-01-01T00:00:01.000Z</time></trkpt>
			<trkpt lat="43.637290" lon="40.331028"><ele>1259.9</ele><time>1970-01-01T00:00:01.000Z</time></trkpt>
			<trkpt lat="43.638191" lon="40.331800"><ele>1229.0</ele><time>1970-01-01T00:00:01.000Z</time></trkpt>
			<trkpt lat="43.638835" lon="40.329139"><ele>1164.8</ele><time>1970-01-01T00:00:01.000Z</time></trkpt>
			<trkpt lat="43.638878" lon="40.328496"><ele>1156.9</ele><time>1970-01-01T00:00:01.000Z</time></trkpt>
			<trkpt lat="43.639865" lon="40.327637"><ele>1127.5</ele><time>1970-01-01T00:00:01.000Z</time></trkpt>
			<trkpt lat="43.641067" lon="40.327637"><ele>1116.9</ele><time>1970-01-01T00:00:01.000Z</time></trkpt>
			<trkpt lat="43.641410" lon="40.326242"><ele>1143.4</ele><time>1970-01-01T00:00:01.000Z</time></trkpt>
			<trkpt lat="43.641689" lon="40.326285"><ele>1144.7</ele><time>1970-01-01T00:00:01.000Z</time></trkpt>
			<trkpt lat="43.642397" lon="40.327466"><ele>1139.5</ele><time>1970-01-01T00:00:01.000Z</time></trkpt>
			<trkpt lat="43.642719" lon="40.327745"><ele>1132.6</ele><time>1970-01-01T00:00:01.000Z</time></trkpt>
			<trkpt lat="43.642955" lon="40.327680"><ele>1134.5</ele><time>1970-01-01T00:00:01.000Z</time></trkpt>
			<trkpt lat="43.643170" lon="40.327466"><ele>1142.8</ele><time>1970-01-01T00:00:01.000Z</time></trkpt>
			<trkpt lat="43.643384" lon="40.327337"><ele>1149.4</ele><time>1970-01-01T00:00:01.000Z</time></trkpt>
			<trkpt lat="43.643685" lon="40.327337"><ele>1142.2</ele><time>1970-01-01T00:00:01.000Z</time></trkpt>
			<trkpt lat="43.644049" lon="40.327165"><ele>1140.9</ele><time>1970-01-01T00:00:01.000Z</time></trkpt>
			<trkpt lat="43.644221" lon="40.326757"><ele>1152.0</ele><time>1970-01-01T00:00:01.000Z</time></trkpt>
			<trkpt lat="43.644414" lon="40.326543"><ele>1151.8</ele><time>1970-01-01T00:00:01.000Z</time></trkpt>
			<trkpt lat="43.644843" lon="40.325449"><ele>1165.0</ele><time>1970-01-01T00:00:01.000Z</time></trkpt>
			<trkpt lat="43.645101" lon="40.325298"><ele>1160.5</ele><time>1970-01-01T00:00:01.000Z</time></trkpt>
			<trkpt lat="43.645487" lon="40.325341"><ele>1152.7</ele><time>1970-01-01T00:00:01.000Z</time></trkpt>
			<trkpt lat="43.645938" lon="40.324891"><ele>1168.0</ele><time>1970-01-01T00:00:01.000Z</time></trkpt>
			<trkpt lat="43.646410" lon="40.324762"><ele>1162.7</ele><time>1970-01-01T00:00:01.000Z</time></trkpt>
			<trkpt lat="43.646796" lon="40.324934"><ele>1152.6</ele><time>1970-01-01T00:00:01.000Z</time></trkpt>
			<trkpt lat="43.647032" lon="40.324783"><ele>1153.3</ele><time>1970-01-01T00:00:01.000Z</time></trkpt>
			<trkpt lat="43.646860" lon="40.324140"><ele>1165.9</ele><time>1970-01-01T00:00:01.000Z</time></trkpt>
			<trkpt lat="43.647225" lon="40.323732"><ele>1167.5</ele><time>1970-01-01T00:00:01.000Z</time></trkpt>
			<trkpt lat="43.647633" lon="40.323646"><ele>1162.0</ele><time>1970-01-01T00:00:01.000Z</time></trkpt>
			<trkpt lat="43.648684" lon="40.323989"><ele>1141.5</ele><time>1970-01-01T00:00:01.000Z</time></trkpt>
			<trkpt lat="43.649264" lon="40.323088"><ele>1143.0</ele><time>1970-01-01T00:00:01.000Z</time></trkpt>
			<trkpt lat="43.649864" lon="40.321500"><ele>1140.9</ele><time>1970-01-01T00:00:01.000Z</time></trkpt>
			<trkpt lat="43.649993" lon="40.320771"><ele>1141.8</ele><time>1970-01-01T00:00:01.000Z</time></trkpt>
			<trkpt lat="43.650358" lon="40.320470"><ele>1154.6</ele><time>1970-01-01T00:00:01.000Z</time></trkpt>
			<trkpt lat="43.651130" lon="40.320814"><ele>1148.4</ele><time>1970-01-01T00:00:01.000Z</time></trkpt>
			<trkpt lat="43.651796" lon="40.320385"><ele>1159.1</ele><time>1970-01-01T00:00:01.000Z</time></trkpt>
			<trkpt lat="43.652032" lon="40.319526"><ele>1181.9</ele><time>1970-01-01T00:00:01.000Z</time></trkpt>
			<trkpt lat="43.652439" lon="40.319634"><ele>1171.5</ele><time>1970-01-01T00:00:01.000Z</time></trkpt>
			<trkpt lat="43.652911" lon="40.319269"><ele>1176.1</ele><time>1970-01-01T00:00:01.000Z</time></trkpt>
			<trkpt lat="43.653319" lon="40.319204"><ele>1179.0</ele><time>1970-01-01T00:00:01.000Z</time></trkpt>
			<trkpt lat="43.653705" lon="40.319548"><ele>1183.5</ele><time>1970-01-01T00:00:01.000Z</time></trkpt>
			<trkpt lat="43.653963" lon="40.320084"><ele>1180.2</ele><time>1970-01-01T00:00:01.000Z</time></trkpt>
			<trkpt lat="43.653963" lon="40.320513"><ele>1171.6</ele><time>1970-01-01T00:00:01.000Z</time></trkpt>
			<trkpt lat="43.654134" lon="40.320578"><ele>1174.9</ele><time>1970-01-01T00:00:01.000Z</time></trkpt>
			<trkpt lat="43.654649" lon="40.319505"><ele>1206.1</ele><time>1970-01-01T00:00:01.000Z</time></trkpt>
			<trkpt lat="43.654886" lon="40.319140"><ele>1215.3</ele><time>1970-01-01T00:00:01.000Z</time></trkpt>
			<trkpt lat="43.654928" lon="40.318475"><ele>1225.2</ele><time>1970-01-01T00:00:01.000Z</time></trkpt>
			<trkpt lat="43.655443" lon="40.317359"><ele>1229.9</ele><time>1970-01-01T00:00:01.000Z</time></trkpt>
			<trkpt lat="43.658083" lon="40.318110"><ele>1190.3</ele><time>1970-01-01T00:00:01.000Z</time></trkpt>
			<trkpt lat="43.658598" lon="40.318153"><ele>1180.3</ele><time>1970-01-01T00:00:01.000Z</time></trkpt>
			<trkpt lat="43.659177" lon="40.318453"><ele>1166.6</ele><time>1970-01-01T00:00:01.000Z</time></trkpt>
			<trkpt lat="43.659392" lon="40.318668"><ele>1163.0</ele><time>1970-01-01T00:00:01.000Z</time></trkpt>
			<trkpt lat="43.660293" lon="40.318968"><ele>1147.9</ele><time>1970-01-01T00:00:01.000Z</time></trkpt>
			<trkpt lat="43.660357" lon="40.319333"><ele>1148.0</ele><time>1970-01-01T00:00:01.000Z</time></trkpt>
			<trkpt lat="43.660915" lon="40.319676"><ele>1148.3</ele><time>1970-01-01T00:00:01.000Z</time></trkpt>
			<trkpt lat="43.660679" lon="40.320020"><ele>1152.6</ele><time>1970-01-01T00:00:01.000Z</time></trkpt>
			<trkpt lat="43.660550" lon="40.320041"><ele>1152.4</ele><time>1970-01-01T00:00:01.000Z</time></trkpt>
			<trkpt lat="43.660529" lon="40.319848"><ele>1151.0</ele><time>1970-01-01T00:00:01.000Z</time></trkpt>
		</trkseg>
	</trk>
</gpx>