Name,Sport,Date,Start time,Duration,Total distance (km),Average heart rate (bpm),Average speed (km/h),Max speed (km/h),Average pace (min/km),Max pace (min/km),Calories,Fat percentage of calories(%),Carbohydrate percentage of calories(%),Protein percentage of calories(%),Average cadence (rpm),Average stride length (cm),Running index,Training load,Ascent (m),Descent (m),Average power (W),Max power (W),Notes,Height (cm),Weight (kg),HR max,HR sit,VO2max
Александр Мартынов,RUNNING,2026-04-15,11:13:40,01:07:06,11.33,151,10.1,14.4,05:55,04:10,1046,35,63,2,83,,51,,234,259,285,802,,182.0,76.0,192,55,64
Sample rate,Time,HR (bpm),Speed (km/h),Pace (min/km),Cadence,Altitude (m),Stride length (m),Distances (m),Temperatures (C),Power (W)
1,00:00:00,130,2.8,21:37,0,43,,1.00,29.3,76
,00:00:01,130,2.8,21:37,0,43,,1.00,29.3,76
,00:00:02,131,6.5,09:10,0,43,,3.70,29.2,178
,00:00:03,131,8.7,06:56,0,43,,7.30,29.2,238
,00:00:04,131,10.2,05:54,0,45,,10.70,29.3,284
,00:00:05,131,11.2,05:21,61,45,,13.70,29.2,318
,00:00:06,132,12.1,04:57,71,45,,17.80,29.1,346
,00:00:07,132,11.8,05:06,76,45,,21.50,29.1,340
,00:00:08,132,11.0,05:28,79,45,,25.40,29.1,324
,00:00:09,132,10.7,05:37,79,45,,29.20,29.0,326
,00:00:10,132,10.6,05:39,80,45,,31.80,29.0,332
,00:00:11,133,10.6,05:40,81,45,,33.90,29.1,342
,00:00:12,133,10.4,05:45,80,45,,35.60,29.0,348
,00:00:13,133,10.2,05:53,81,45,,37.60,29.0,346
,00:00:14,134,10.0,06:00,81,46,,40.10,29.0,342
,00:00:15,134,9.9,06:04,81,46,,42.10,28.9,340
,00:00:16,134,9.8,06:06,81,46,,44.50,28.9,342
,00:00:17,134,9.8,06:06,81,46,,47.00,28.9,346
,00:00:18,134,9.8,06:07,81,46,,49.40,28.8,344
,00:00:19,134,9.8,06:08,85,46,,51.40,28.7,346
,00:00:20,134,9.8,06:09,87,47,,53.50,28.7,352
,00:00:21,135,9.7,06:10,85,47,,55.50,28.7,360
,00:00:22,135,9.7,06:10,82,48,,57.40,28.6,368
,00:00:23,135,9.7,06:11,81,48,,59.80,28.6,372
,00:00:24,136,9.7,06:11,81,48,,62.00,28.7,376
,00:00:25,136,9.7,06:10,81,48,,64.70,28.6,378
,00:00:26,136,9.8,06:09,81,48,,67.40,28.6,380
,00:00:27,136,9.8,06:08,81,48,,70.10,28.6,378
,00:00:28,136,9.8,06:07,81,49,,73.00,28.5,372
,00:00:29,136,9.8,06:07,81,49,,76.10,28.3,362
,00:00:30,136,9.8,06:08,82,49,,79.30,28.3,352
,00:00:31,135,9.8,06:09,83,49,,82.70,28.4,342
,00:00:32,135,9.7,06:10,83,49,,85.70,28.3,334
,00:00:33,135,9.8,06:08,83,49,,88.90,28.2,330
,00:00:34,136,9.9,06:03,83,49,,91.70,28.2,328
,00:00:35,136,10.0,05:59,83,49,,94.50,28.1,328
,00:00:36,136,10.1,05:56,82,49,,97.50,28.2,330
,00:00:37,136,10.1,05:55,83,49,,100.50,28.2,332
,00:00:38,136,10.1,05:58,82,49,,103.40,28.0,334
,00:00:39,136,10.0,06:01,83,49,,106.40,28.0,336
,00:00:40,136,9.9,06:03,83,50,,109.30,27.9,338
,00:00:41,136,9.9,06:04,83,50,,112.40,28.0,342
,00:00:42,136,9.9,06:04,83,50,,115.30,28.0,346
,00:00:43,136,9.9,06:03,83,50,,118.10,27.9,354
,00:00:44,136,9.9,06:03,83,52,,121.00,27.8,362
,00:00:45,136,9.9,06:02,83,52,,123.90,27.9,366
,00:00:46,136,10.0,06:02,83,52,,126.80,27.7,370
,00:00:47,136,10.0,06:01,83,52,,129.70,27.7,374
,00:00:48,137,10.0,06:00,83,52,,132.60,27.7,378
,00:00:49,137,10.0,06:00,83,52,,135.50,27.7,382
,00:00:50,137,10.0,05:59,83,52,,138.30,27.6,386
,00:00:51,137,10.1,05:58,83,52,,141.10,27.6,388
,00:00:52,137,10.1,05:57,83,53,,143.80,27.5,392
,00:00:53,137,10.1,05:57,83,53,,146.80,27.5,394
,00:00:54,137,10.1,05:56,83,53,,149.70,27.4,398
,00:00:55,138,10.1,05:56,83,53,,152.50,27.4,402
,00:00:56,138,10.1,05:55,83,54,,155.40,27.5,404
,00:00:57,138,10.2,05:55,83,54,,158.30,27.3,406
,00:00:58,138,10.2,05:55,83,54,,161.20,27.3,408
,00:00:59,139,10.2,05:54,83,54,,164.20,27.3,410
,00:01:00,139,10.2,05:54,83,55,,167.10,27.2,414
,00:01:01,139,10.2,05:53,83,55,,170.10,27.3,418
,00:01:02,138,10.2,05:53,83,56,,173.10,27.2,420
,00:01:03,139,10.2,05:52,83,56,,176.10,27.1,420
,00:01:04,139,10.2,05:52,83,56,,179.00,27.1,418
,00:01:05,139,10.2,05:52,83,56,,181.80,27.0,418
,00:01:06,140,10.2,05:51,83,56,,184.80,27.0,418
,00:01:07,140,10.2,05:51,83,56,,187.70,26.9,414
,00:01:08,140,10.3,05:51,83,56,,190.70,26.9,414
,00:01:09,140,10.3,05:51,83,56,,193.40,26.9,414
,00:01:10,140,10.3,05:51,83,57,,196.30,26.8,418
,00:01:11,140,10.3,05:51,83,57,,199.10,26.8,416
,00:01:12,141,10.3,05:50,83,57,,201.90,26.8,418
,00:01:13,141,10.3,05:50,83,57,,204.70,26.7,420
,00:01:14,141,10.3,05:49,83,57,,207.60,26.7,418
,00:01:15,141,10.3,05:49,83,57,,210.40,26.6,414
,00:01:16,141,10.3,05:49,83,57,,213.20,26.6,410
,00:01:17,141,10.3,05:49,83,57,,216.10,26.6,404
,00:01:18,141,10.3,05:49,83,59,,219.10,26.4,398
,00:01:19,141,10.3,05:49,83,59,,222.00,26.4,396
,00:01:20,141,10.3,05:49,83,59,,224.90,26.3,396
,00:01:21,141,10.3,05:48,83,59,,227.90,26.4,394
,00:01:22,141,10.3,05:48,83,59,,230.90,26.3,396
,00:01:23,141,10.4,05:47,83,59,,233.70,26.2,396
,00:01:24,141,10.4,05:47,83,59,,236.60,26.2,402
,00:01:25,141,10.4,05:47,83,59,,239.50,26.2,412
,00:01:26,141,10.4,05:46,83,59,,242.40,26.2,426
,00:01:27,142,10.4,05:46,83,59,,245.20,26.2,434
,00:01:28,142,10.4,05:46,83,59,,248.20,26.2,434
,00:01:29,142,10.4,05:46,83,59,,251.00,26.1,432
,00:01:30,142,10.4,05:46,83,62,,253.80,26.1,430
,00:01:31,142,10.4,05:46,83,62,,256.60,26.1,428
,00:01:32,142,10.4,05:46,83,62,,259.40,26.0,428
,00:01:33,142,10.4,05:46,83,62,,262.30,25.9,424
,00:01:34,142,10.4,05:46,84,63,,265.30,25.9,424
,00:01:35,143,10.4,05:46,85,63,,268.10,25.8,418
,00:01:36,143,10.4,05:46,85,63,,271.10,25.8,408
,00:01:37,142,10.4,05:46,84,63,,273.90,25.7,400
,00:01:38,142,10.4,05:46,84,63,,276.90,25.7,396
,00:01:39,143,10.4,05:46,84,63,,279.80,25.6,394
,00:01:40,143,10.4,05:46,84,64,,282.90,25.6,392
,00:01:41,143,10.4,05:46,84,64,,285.70,25.5,392
,00:01:42,143,10.4,05:46,84,64,,288.70,25.6,392
,00:01:43,143,10.4,05:46,84,64,,291.70,25.4,392
,00:01:44,143,10.4,05:46,84,64,,294.70,25.4,392
,00:01:45,143,10.4,05:46,84,64,,297.70,25.4,392
,00:01:46,143,10.4,05:46,84,64,,300.70,25.4,388
,00:01:47,143,10.4,05:45,84,64,,303.50,25.4,388
,00:01:48,143,10.4,05:45,84,64,,306.50,25.4,388
,00:01:49,143,10.4,05:45,85,64,,309.50,25.2,388
,00:01:50,143,10.4,05:45,85,66,,312.60,25.3,388
,00:01:51,143,10.4,05:45,85,66,,315.50,25.3,388
,00:01:52,143,10.4,05:45,85,66,,318.50,25.1,390
,00:01:53,143,10.4,05:45,84,66,,321.50,25.0,392
,00:01:54,142,10.4,05:45,84,66,,324.50,25.2,394
,00:01:55,142,10.4,05:45,84,66,,327.40,24.9,396
,00:01:56,143,10.4,05:45,84,66,,330.60,25.0,394
,00:01:57,142,10.4,05:45,85,66,,333.30,25.0,392
,00:01:58,142,10.4,05:45,84,66,,336.40,25.0,390
,00:01:59,142,10.4,05:45,84,66,,339.30,25.0,394
,00:02:00,142,10.4,05:45,84,66,,342.00,24.9,394
,00:02:01,142,10.4,05:45,84,66,,345.10,24.8,396
,00:02:02,143,10.4,05:45,85,66,,348.10,24.8,398
,00:02:03,143,10.4,05:45,84,66,,351.00,24.8,400
,00:02:04,143,10.4,05:45,84,68,,354.30,24.7,400
,00:02:05,143,10.4,05:45,84,68,,357.50,24.7,400
,00:02:06,143,10.4,05:45,84,68,,360.70,24.6,398
,00:02:07,143,10.4,05:45,84,68,,363.60,24.7,396
,00:02:08,143,10.4,05:45,84,68,,366.70,24.7,392
,00:02:09,143,10.4,05:45,84,68,,369.80,24.6,388
,00:02:10,143,10.4,05:45,84,69,,372.70,24.6,384
,00:02:11,143,10.4,05:45,84,69,,375.50,24.5,380
,00:02:12,143,10.4,05:45,84,69,,378.20,24.5,376
,00:02:13,143,10.4,05:45,84,69,,380.90,24.6,374
,00:02:14,143,10.4,05:45,85,69,,383.60,24.5,372
,00:02:15,143,10.4,05:45,84,69,,386.50,24.4,366
,00:02:16,143,10.4,05:45,84,69,,389.50,24.4,360
,00:02:17,143,10.4,05:45,84,69,,392.40,24.4,354
,00:02:18,143,10.4,05:45,84,69,,395.10,24.4,350
,00:02:19,144,10.4,05:45,85,69,,398.00,24.3,348
,00:02:20,144,10.4,05:45,85,70,,401.00,24.4,344
,00:02:21,144,10.4,05:45,85,70,,403.90,24.2,346
,00:02:22,144,10.4,05:45,85,70,,407.00,24.3,346
,00:02:23,144,10.4,05:45,85,70,,410.00,24.2,346
,00:02:24,145,10.5,05:44,85,70,,413.00,24.1,344
,00:02:25,145,10.5,05:43,85,70,,416.10,24.2,342
,00:02:26,145,10.5,05:41,85,70,,419.30,24.0,340
,00:02:27,145,10.6,05:41,85,70,,422.40,24.0,336
,00:02:28,145,10.6,05:40,85,70,,425.50,24.0,334
,00:02:29,145,10.6,05:39,85,70,,428.40,24.1,332
,00:02:30,145,10.6,05:39,85,70,,431.50,24.0,332
,00:02:31,144,10.6,05:38,84,70,,434.50,24.0,334
,00:02:32,144,10.7,05:38,85,71,,437.50,24.0,336
,00:02:33,144,10.7,05:37,85,71,,440.30,23.9,338
,00:02:34,144,10.7,05:37,85,71,,443.20,23.8,338
,00:02:35,144,10.7,05:37,85,71,,446.00,23.8,340
,00:02:36,144,10.7,05:36,85,71,,449.00,23.8,340
,00:02:37,144,10.7,05:36,85,71,,451.90,23.9,342
,00:02:38,144,10.7,05:36,84,71,,455.00,23.9,344
,00:02:39,144,10.7,05:36,84,71,,457.80,23.7,348
,00:02:40,144,10.7,05:36,84,72,,460.80,23.7,350
,00:02:41,143,10.7,05:36,84,72,,463.50,23.7,348
,00:02:42,143,10.7,05:36,84,72,,466.40,23.7,346
,00:02:43,144,10.7,05:36,84,72,,469.30,23.8,344
,00:02:44,143,10.7,05:36,84,72,,472.10,23.6,342
,00:02:45,143,10.7,05:36,84,72,,474.90,23.6,342
,00:02:46,143,10.7,05:36,84,72,,477.90,23.5,342
,00:02:47,144,10.7,05:36,84,72,,480.70,23.5,342
,00:02:48,144,10.7,05:36,84,72,,483.50,23.5,342
,00:02:49,143,10.7,05:36,84,72,,486.50,23.6,340
,00:02:50,143,10.7,05:36,84,72,,489.70,23.6,336
,00:02:51,143,10.7,05:36,84,72,,492.40,23.5,330
,00:02:52,143,10.7,05:36,84,72,,495.30,23.4,326
,00:02:53,143,10.7,05:36,84,72,,498.50,23.4,322
,00:02:54,143,10.7,05:36,84,72,,501.60,23.4,320
,00:02:55,143,10.7,05:36,84,72,,504.70,23.4,320
,00:02:56,143,10.7,05:37,84,73,,507.90,23.3,322
,00:02:57,144,10.7,05:37,85,73,,511.20,23.3,324
,00:02:58,144,10.7,05:37,84,73,,514.30,23.3,326
,00:02:59,144,10.7,05:37,84,73,,517.20,23.2,328
,00:03:00,144,10.7,05:37,84,73,,520.50,23.3,328
,00:03:01,145,10.7,05:37,84,73,,523.60,23.2,328
,00:03:02,145,10.7,05:37,84,73,,526.40,23.2,328
,00:03:03,145,10.7,05:37,84,73,,529.30,23.1,326
,00:03:04,145,10.7,05:37,84,73,,532.20,23.2,326
,00:03:05,145,10.7,05:37,84,73,,535.10,23.2,324
,00:03:06,145,10.7,05:37,84,73,,538.10,23.2,322
,00:03:07,145,10.7,05:37,84,73,,541.30,23.1,318
,00:03:08,146,10.7,05:37,85,73,,544.40,23.2,316
,00:03:09,146,10.7,05:37,85,73,,547.40,23.2,314
,00:03:10,146,10.7,05:37,85,73,,550.20,23.1,312
,00:03:11,146,10.6,05:40,84,73,,552.90,23.1,308
,00:03:12,146,10.3,05:50,84,74,,555.50,23.0,298
,00:03:13,146,9.9,06:02,84,74,,557.50,23.0,288
,00:03:14,147,9.7,06:12,84,74,,559.90,23.0,280
,00:03:15,147,9.6,06:16,84,74,,562.10,23.0,274
,00:03:16,147,9.7,06:12,84,74,,564.50,23.0,276
,00:03:17,147,9.8,06:06,84,74,,567.00,22.9,280
,00:03:18,147,10.0,06:01,84,74,,569.60,23.0,282
,00:03:19,147,10.1,05:58,84,74,,572.30,23.0,284
,00:03:20,146,10.1,05:55,85,74,,575.00,23.0,284
,00:03:21,147,10.2,05:53,85,74,,577.90,22.9,284
,00:03:22,146,10.2,05:52,85,74,,580.90,23.0,284
,00:03:23,147,10.3,05:50,84,74,,583.90,23.0,286
,00:03:24,147,10.3,05:49,84,74,,586.60,22.9,288
,00:03:25,147,10.3,05:48,84,74,,589.00,22.8,294
,00:03:26,147,10.4,05:47,84,74,,591.30,22.9,304
,00:03:27,147,10.4,05:47,84,74,,593.90,22.8,310
,00:03:28,147,10.4,05:47,84,75,,596.60,22.8,318
,00:03:29,147,10.4,05:47,84,75,,599.60,22.8,324
,00:03:30,147,10.4,05:46,84,75,,602.60,22.9,322
,00:03:31,147,10.4,05:46,84,75,,605.80,22.8,316
,00:03:32,147,10.4,05:46,84,75,,609.10,22.9,312
,00:03:33,148,10.4,05:46,84,75,,612.30,22.8,310
,00:03:34,147,10.5,05:43,84,75,,615.80,22.8,312
,00:03:35,148,10.6,05:41,84,75,,619.70,22.7,314
,00:03:36,148,10.5,05:42,84,75,,622.90,22.8,314
,00:03:37,148,10.5,05:42,84,75,,626.20,22.8,312
,00:03:38,148,10.5,05:43,84,75,,629.50,22.7,310
,00:03:39,148,10.5,05:43,84,75,,632.70,22.6,310
,00:03:40,148,10.5,05:43,84,75,,635.90,22.7,312
,00:03:41,149,10.5,05:44,84,75,,638.80,22.8,312
,00:03:42,149,10.5,05:44,84,75,,642.00,22.6,312
,00:03:43,149,10.5,05:44,84,75,,645.30,22.6,310
,00:03:44,149,10.5,05:44,84,75,,648.20,22.6,308
,00:03:45,149,10.5,05:43,84,75,,651.50,22.6,306
,00:03:46,149,10.5,05:42,84,75,,654.80,22.6,310
,00:03:47,149,10.7,05:37,85,75,,658.20,22.5,318
,00:03:48,149,10.8,05:32,85,75,,661.70,22.6,326
,00:03:49,149,11.0,05:29,85,75,,665.00,22.6,328
,00:03:50,150,11.0,05:27,85,75,,668.40,22.5,332
,00:03:51,150,11.0,05:27,85,75,,671.80,22.6,330
,00:03:52,150,11.0,05:28,85,75,,675.20,22.6,332
,00:03:53,150,11.0,05:28,85,75,,678.50,22.5,332
,00:03:54,150,11.0,05:27,85,75,,681.80,22.4,332
,00:03:55,149,11.0,05:27,85,75,,684.90,22.4,330
,00:03:56,149,11.0,05:26,84,75,,688.00,22.4,330
,00:03:57,149,11.0,05:26,84,75,,691.00,22.4,330
,00:03:58,149,11.0,05:26,84,75,,694.10,22.3,332
,00:03:59,149,11.1,05:26,84,75,,697.20,22.4,332
,00:04:00,148,11.1,05:26,84,75,,700.30,22.4,334
,00:04:01,148,11.1,05:26,84,75,,703.20,22.2,332
,00:04:02,147,11.1,05:25,84,75,,706.40,22.3,332
,00:04:03,147,11.1,05:25,85,75,,709.50,22.3,330
,00:04:04,148,11.1,05:25,85,75,,712.60,22.2,328
,00:04:05,148,11.1,05:25,85,75,,715.60,22.3,326
,00:04:06,148,11.1,05:25,85,75,,718.80,22.2,324
,00:04:07,147,11.1,05:24,84,75,,721.90,22.2,324
,00:04:08,148,11.1,05:24,84,77,,724.90,22.2,326
,00:04:09,148,11.1,05:24,85,77,,728.00,22.1,330
,00:04:10,149,11.1,05:24,84,77,,731.20,22.2,336
,00:04:11,149,11.1,05:24,85,77,,734.40,22.1,342
,00:04:12,149,11.1,05:24,84,77,,737.30,22.2,344
,00:04:13,148,11.1,05:23,84,77,,740.50,22.0,346
,00:04:14,147,11.2,05:23,84,77,,743.70,22.1,344
,00:04:15,147,11.2,05:22,84,77,,746.70,22.0,340
,00:04:16,146,11.2,05:22,84,77,,749.80,22.0,332
,00:04:17,147,11.2,05:22,84,77,,752.70,22.0,324
,00:04:18,147,11.2,05:22,84,77,,755.80,21.9,314
,00:04:19,146,11.2,05:22,84,77,,758.70,22.0,304
,00:04:20,146,11.2,05:22,84,77,,761.50,22.1,296
,00:04:21,147,11.2,05:21,85,77,,764.30,22.0,290
,00:04:22,146,11.2,05:21,85,77,,767.20,22.0,286
,00:04:23,147,11.2,05:21,84,77,,770.00,21.9,284
,00:04:24,147,11.2,05:21,84,77,,772.90,21.9,282
,00:04:25,147,11.2,05:21,84,77,,775.80,21.8,288
,00:04:26,147,11.2,05:21,84,77,,778.90,22.0,298
,00:04:27,147,11.2,05:21,84,77,,781.90,21.9,306
,00:04:28,147,11.2,05:21,84,77,,784.80,22.0,312
,00:04:29,147,11.2,05:21,84,77,,787.90,21.9,314
,00:04:30,147,11.2,05:21,84,77,,790.90,21.9,318
,00:04:31,147,11.2,05:21,84,77,,793.90,21.9,326
,00:04:32,148,11.2,05:21,84,77,,797.00,21.9,328
,00:04:33,148,11.2,05:22,84,77,,799.90,21.9,332
,00:04:34,148,11.2,05:22,84,77,,802.90,21.8,336
,00:04:35,148,11.2,05:22,84,77,,805.80,21.8,356
,00:04:36,148,11.2,05:23,84,77,,808.50,21.8,382
,00:04:37,148,11.1,05:23,84,77,,811.40,21.8,406
,00:04:38,149,11.1,05:24,84,77,,814.20,21.7,436
,00:04:39,149,11.1,05:24,84,77,,817.00,21.7,468
,00:04:40,150,11.1,05:24,84,82,,819.90,21.7,484
,00:04:41,149,11.1,05:25,84,82,,822.80,21.7,496
,00:04:42,149,11.1,05:25,84,82,,825.70,21.6,494
,00:04:43,149,11.0,05:26,84,82,,828.70,21.6,490
,00:04:44,149,11.0,05:26,84,82,,831.90,21.5,492
,00:04:45,149,11.0,05:27,84,82,,835.00,21.6,500
,00:04:46,149,11.0,05:27,84,84,,838.20,21.4,514
,00:04:47,149,11.0,05:27,84,84,,840.90,21.4,526
,00:04:48,149,11.0,05:27,84,84,,844.40,21.4,520
,00:04:49,149,11.0,05:27,84,84,,847.50,21.4,492
,00:04:50,151,11.0,05:27,84,84,,850.60,21.4,456
,00:04:51,151,11.0,05:28,84,84,,853.90,21.4,422
,00:04:52,151,11.0,05:28,84,82,,856.80,21.3,382
,00:04:53,151,11.0,05:28,84,82,,859.90,21.3,344
,00:04:54,151,11.0,05:28,84,82,,863.20,21.3,312
,00:04:55,151,11.0,05:29,84,82,,866.40,21.3,292
,00:04:56,151,11.0,05:29,84,82,,869.80,21.2,280
,00:04:57,151,10.9,05:29,84,82,,872.60,21.2,270
,00:04:58,151,10.9,05:29,84,80,,875.60,21.2,264
,00:04:59,152,10.9,05:30,84,80,,878.80,21.2,260
,00:05:00,152,10.9,05:30,84,80,,881.80,21.2,256
,00:05:01,151,10.9,05:30,84,80,,885.10,21.2,256
,00:05:02,152,10.9,05:30,84,80,,888.10,21.1,258
,00:05:03,152,10.9,05:30,84,80,,890.90,21.1,264
,00:05:04,151,10.9,05:31,84,80,,893.80,21.1,270
,00:05:05,151,10.9,05:31,84,80,,896.70,21.1,276
,00:05:06,151,10.9,05:31,84,80,,899.50,21.0,280
,00:05:07,151,10.9,05:31,84,80,,902.30,21.0,284
,00:05:08,150,10.9,05:32,84,80,,905.10,21.0,286
,00:05:09,150,10.9,05:32,84,80,,907.90,21.1,286
,00:05:10,150,10.8,05:32,84,80,,910.70,21.0,284
,00:05:11,150,10.8,05:32,84,80,,913.20,21.0,282
,00:05:12,150,10.8,05:33,84,80,,915.90,21.0,282
,00:05:13,150,10.8,05:33,84,80,,919.00,21.0,280
,00:05:14,150,10.8,05:33,84,80,,922.00,20.9,278
,00:05:15,149,10.8,05:33,84,80,,924.90,21.0,274
,00:05:16,149,10.8,05:33,85,80,,927.70,20.9,272
,00:05:17,149,10.8,05:33,85,80,,930.60,20.9,272
,00:05:18,148,10.8,05:33,85,80,,933.50,20.9,270
,00:05:19,148,10.8,05:34,85,80,,936.10,20.9,266
,00:05:20,148,10.8,05:34,84,79,,938.80,20.9,266
,00:05:21,148,10.8,05:34,85,79,,941.50,20.9,266
,00:05:22,148,10.8,05:34,84,79,,944.10,20.9,264
,00:05:23,148,10.8,05:34,85,79,,946.70,20.9,262
,00:05:24,148,10.8,05:34,85,79,,949.50,20.9,262
,00:05:25,148,10.8,05:34,84,79,,952.30,20.9,264
,00:05:26,149,10.8,05:34,84,79,,955.20,20.8,264
,00:05:27,148,10.8,05:34,84,79,,958.40,20.9,270
,00:05:28,149,10.8,05:34,85,79,,961.60,20.8,282
,00:05:29,149,10.8,05:34,85,79,,964.70,20.8,292
,00:05:30,149,10.8,05:35,84,80,,967.60,20.8,306
,00:05:31,149,10.8,05:35,85,80,,970.60,20.8,320
,00:05:32,149,10.8,05:35,84,81,,973.50,20.8,328
,00:05:33,149,10.7,05:35,85,81,,976.30,20.7,334
,00:05:34,149,10.7,05:35,84,81,,979.00,20.8,336
,00:05:35,149,10.7,05:36,84,81,,981.80,20.7,338
,00:05:36,149,10.7,05:36,85,81,,984.30,20.7,342
,00:05:37,149,10.7,05:36,84,81,,987.00,20.6,350
,00:05:38,150,10.7,05:37,84,82,,989.80,20.6,358
,00:05:39,150,10.7,05:37,84,82,,992.70,20.6,364
,00:05:40,150,10.7,05:37,83,82,,995.40,20.6,378
,00:05:41,150,10.7,05:37,82,82,,998.20,20.6,396
,00:05:42,150,10.6,05:40,83,82,,1000.80,20.6,406
,00:05:43,149,10.4,05:45,83,82,,1003.50,20.5,420
,00:05:44,149,10.4,05:47,83,82,,1006.20,20.5,428
,00:05:45,149,10.4,05:47,83,82,,1009.10,20.5,428
,00:05:46,149,10.4,05:45,83,85,,1012.10,20.5,422
,00:05:47,149,10.7,05:37,83,85,,1015.10,20.5,414
,00:05:48,149,11.0,05:27,83,84,,1018.00,20.4,408
,00:05:49,150,11.3,05:20,83,84,,1021.50,20.4,394
,00:05:50,150,11.3,05:18,83,84,,1024.50,20.4,374
,00:05:51,150,11.2,05:21,83,84,,1027.50,20.4,362
,00:05:52,150,11.1,05:25,83,84,,1030.50,20.3,352
,00:05:53,150,11.0,05:28,83,84,,1033.80,20.3,334
,00:05:54,150,10.9,05:31,83,84,,1037.50,20.3,316
,00:05:55,150,10.8,05:33,83,84,,1040.70,20.3,298
,00:05:56,150,10.8,05:35,83,84,,1043.60,20.4,280
,00:05:57,150,10.7,05:36,83,84,,1046.30,20.2,264
,00:05:58,150,10.7,05:38,83,84,,1048.80,20.4,248
,00:05:59,150,10.6,05:39,83,84,,1051.50,20.2,236
,00:06:00,149,10.6,05:40,83,80,,1054.30,20.2,228
,00:06:01,149,10.6,05:41,83,80,,1057.00,20.2,224
,00:06:02,149,10.5,05:42,83,80,,1059.70,20.2,222
,00:06:03,149,10.5,05:43,83,80,,1062.10,20.3,224
,00:06:04,149,10.5,05:44,83,80,,1064.50,20.3,226
,00:06:05,149,10.5,05:44,83,80,,1067.30,20.2,226
,00:06:06,149,10.4,05:45,83,80,,1070.20,20.2,228
,00:06:07,149,10.4,05:46,83,80,,1073.20,20.1,232
,00:06:08,149,10.4,05:46,83,80,,1076.60,20.1,236
,00:06:09,149,10.4,05:46,83,80,,1079.90,20.2,244
,00:06:10,149,10.5,05:42,83,80,,1083.00,20.2,256
,00:06:11,149,10.7,05:36,83,80,,1086.40,20.1,266
,00:06:12,149,10.8,05:34,83,80,,1089.80,20.1,274
,00:06:13,149,10.9,05:32,83,80,,1093.40,20.0,280
,00:06:14,149,10.8,05:32,84,80,,1096.60,20.1,284
,00:06:15,149,10.8,05:35,85,80,,1099.70,20.1,284
,00:06:16,149,10.7,05:37,84,80,,1102.60,20.1,286
,00:06:17,149,10.6,05:39,84,80,,1105.30,20.1,284
,00:06:18,149,10.6,05:40,84,80,,1108.10,20.1,280
,00:06:19,150,10.6,05:41,84,80,,1110.80,20.1,272
,00:06:20,149,10.5,05:42,84,80,,1113.30,20.0,268
,00:06:21,149,10.5,05:43,84,80,,1116.00,20.0,264
,00:06:22,149,10.5,05:44,84,80,,1118.60,20.1,260
,00:06:23,149,10.5,05:44,85,80,,1121.30,20.1,256
,00:06:24,149,10.4,05:45,84,80,,1124.10,20.1,256
,00:06:25,149,10.4,05:45,84,80,,1127.00,20.0,254
,00:06:26,149,10.4,05:46,84,80,,1129.80,19.9,254
,00:06:27,149,10.4,05:46,84,80,,1132.70,20.0,256
,00:06:28,149,10.4,05:47,84,80,,1135.60,20.0,258
,00:06:29,149,10.4,05:47,84,80,,1138.50,19.9,260
,00:06:30,149,10.4,05:47,84,80,,1141.40,19.9,260
,00:06:31,149,10.4,05:47,84,80,,1144.50,20.1,264
,00:06:32,149,10.3,05:48,84,80,,1147.80,19.9,268
,00:06:33,149,10.3,05:48,84,80,,1150.50,20.0,270
,00:06:34,149,10.3,05:48,84,80,,1153.30,19.9,274
,00:06:35,148,10.3,05:48,85,80,,1156.10,19.9,276
,00:06:36,149,10.3,05:48,85,80,,1158.90,19.9,276
,00:06:37,149,10.3,05:48,84,80,,1161.60,19.9,278
,00:06:38,148,10.3,05:48,84,80,,1164.30,19.9,280
,00:06:39,148,10.3,05:48,84,80,,1166.90,19.9,280
,00:06:40,148,10.3,05:48,84,80,,1169.50,19.8,282
,00:06:41,147,10.3,05:48,84,80,,1171.90,19.8,284
,00:06:42,147,10.3,05:49,84,80,,1174.70,19.8,284
,00:06:43,148,10.3,05:49,84,80,,1177.50,19.9,286
,00:06:44,148,10.3,05:49,84,80,,1180.20,19.9,292
,00:06:45,147,10.3,05:49,84,80,,1182.80,19.8,298
,00:06:46,148,10.3,05:50,84,80,,1185.30,19.8,304
,00:06:47,148,10.3,05:50,84,80,,1188.20,19.8,310
,00:06:48,148,10.3,05:50,84,81,,1190.90,19.8,314
,00:06:49,148,10.3,05:50,84,81,,1193.40,19.8,318
,00:06:50,148,10.3,05:51,84,81,,1196.00,19.9,318
,00:06:51,148,10.2,05:51,84,81,,1198.80,19.7,316
,00:06:52,148,10.2,05:52,84,81,,1201.60,19.8,312
,00:06:53,149,10.2,05:52,84,81,,1204.40,19.7,306
,00:06:54,150,10.2,05:52,84,81,,1207.30,19.7,302
,00:06:55,150,10.2,05:53,84,81,,1210.20,19.7,298
,00:06:56,150,10.2,05:54,84,81,,1213.10,19.7,292
,00:06:57,151,10.2,05:54,84,81,,1216.20,19.7,288
,00:06:58,151,10.2,05:54,84,81,,1219.40,19.7,284
,00:06:59,151,10.2,05:54,84,81,,1222.50,19.7,280
,00:07:00,151,10.2,05:54,84,81,,1225.50,19.8,274
,00:07:01,151,10.2,05:54,84,81,,1228.70,19.7,268
,00:07:02,152,10.2,05:53,84,80,,1232.00,19.7,266
,00:07:03,151,10.2,05:51,84,80,,1235.40,19.5,266
,00:07:04,151,10.3,05:51,84,80,,1238.40,19.6,268
,00:07:05,152,10.3,05:51,84,80,,1241.00,19.7,268
,00:07:06,152,10.2,05:54,84,80,,1242.90,19.5,266
,00:07:07,152,10.0,06:00,84,80,,1244.90,19.6,260
,00:07:08,153,10.0,06:02,84,80,,1247.10,19.6,262
,00:07:09,153,10.0,06:00,84,80,,1249.50,19.5,268
,00:07:10,153,10.0,05:59,84,81,,1251.20,19.5,282
,00:07:11,154,10.1,05:58,84,81,,1253.60,19.5,290
,00:07:12,154,10.1,05:57,84,82,,1255.90,19.5,304
,00:07:13,153,10.1,05:57,84,82,,1259.00,19.5,326
,00:07:14,154,10.1,05:56,84,84,,1262.40,19.5,346
,00:07:15,154,10.1,05:56,84,84,,1265.70,19.5,368
,00:07:16,154,10.1,05:56,84,84,,1268.80,19.4,386
,00:07:17,154,10.1,05:55,84,84,,1271.80,19.4,396
,00:07:18,154,10.1,05:55,84,84,,1274.50,19.4,408
,00:07:19,154,10.1,05:55,84,84,,1277.60,19.4,418
,00:07:20,154,10.1,05:55,84,85,,1280.10,19.4,426
,00:07:21,154,10.1,05:55,84,85,,1283.00,19.4,438
,00:07:22,155,10.1,05:55,84,86,,1285.70,19.4,446
,00:07:23,155,10.1,05:55,84,86,,1288.60,19.3,458
,00:07:24,154,10.1,05:55,84,87,,1291.70,19.3,466
,00:07:25,154,10.1,05:55,84,87,,1294.60,19.2,480
,00:07:26,155,10.1,05:55,84,88,,1297.50,19.3,492
,00:07:27,155,10.1,05:55,85,88,,1300.50,19.2,494
,00:07:28,155,10.1,05:55,85,88,,1303.50,19.2,496
,00:07:29,155,10.2,05:54,85,88,,1306.50,19.1,492
,00:07:30,155,10.2,05:54,85,89,,1309.30,19.1,488
,00:07:31,155,10.2,05:54,85,89,,1312.30,19.2,480
,00:07:32,155,10.2,05:54,85,89,,1315.50,19.1,478
,00:07:33,155,10.2,05:54,85,89,,1318.60,19.1,474
,00:07:34,155,10.2,05:54,85,90,,1321.80,19.1,466
,00:07:35,155,10.2,05:54,85,90,,1324.90,19.1,454
,00:07:36,155,10.2,05:53,84,90,,1328.00,19.0,440
,00:07:37,155,10.2,05:52,85,90,,1331.20,19.0,424
,00:07:38,155,10.3,05:51,84,90,,1334.20,19.0,408
,00:07:39,155,10.3,05:50,85,90,,1337.20,19.0,394
,00:07:40,156,10.3,05:48,85,90,,1340.20,19.0,374
,00:07:41,156,10.4,05:48,85,90,,1343.20,19.0,358
,00:07:42,156,10.4,05:47,85,89,,1346.30,18.9,344
,00:07:43,156,10.4,05:46,85,89,,1349.40,19.0,334
,00:07:44,156,10.4,05:45,85,89,,1352.60,18.9,330
,00:07:45,156,10.5,05:44,85,89,,1355.80,18.9,328
,00:07:46,156,10.5,05:42,85,89,,1359.20,18.9,330
,00:07:47,156,10.6,05:41,84,89,,1362.60,18.9,330
,00:07:48,155,10.6,05:39,85,89,,1366.00,18.8,330
,00:07:49,156,10.6,05:39,85,89,,1369.30,18.9,328
,00:07:50,156,10.6,05:39,85,89,,1372.70,18.9,328
,00:07:51,156,10.6,05:39,85,89,,1375.90,18.8,322
,00:07:52,156,10.6,05:38,85,89,,1379.10,18.8,316
,00:07:53,156,10.6,05:38,85,89,,1382.40,18.9,310
,00:07:54,156,10.6,05:38,84,89,,1385.70,18.9,306
,00:07:55,156,10.7,05:38,84,89,,1388.80,18.8,306
,00:07:56,156,10.7,05:37,84,89,,1392.00,18.7,304
,00:07:57,156,10.7,05:37,84,89,,1395.20,18.8,302
,00:07:58,156,10.7,05:37,84,89,,1398.40,18.7,298
,00:07:59,156,10.7,05:36,82,89,,1401.70,18.7,292
,00:08:00,156,10.7,05:36,81,89,,1404.60,18.7,292
,00:08:01,156,10.7,05:36,81,89,,1407.00,18.7,296
,00:08:02,156,10.5,05:43,81,89,,1409.00,18.7,290
,00:08:03,156,10.0,06:02,81,89,,1410.60,18.7,274
,00:08:04,156,8.6,06:57,82,89,,1412.10,18.7,232
,00:08:05,156,7.3,08:15,83,89,,1413.20,18.7,188
,00:08:06,155,6.9,08:38,83,88,,1414.30,18.7,172
,00:08:07,154,7.5,07:59,83,88,,1415.90,18.7,178
,00:08:08,155,8.4,07:08,83,87,,1417.60,18.7,192
,00:08:09,155,8.9,06:43,83,87,,1420.10,18.7,196
,00:08:10,155,9.3,06:29,83,86,,1423.00,18.6,192
,00:08:11,154,9.5,06:19,83,86,,1426.10,18.7,188
,00:08:12,154,9.7,06:10,83,85,,1429.30,18.8,180
,00:08:13,154,9.9,06:04,83,85,,1432.60,18.7,174
,00:08:14,154,10.0,05:59,83,84,,1436.30,18.7,166
,00:08:15,153,10.1,05:55,83,84,,1439.80,18.7,162
,00:08:16,153,10.2,05:52,83,84,,1442.90,18.6,158
,00:08:17,152,10.3,05:49,83,84,,1446.10,18.7,156
,00:08:18,152,10.4,05:46,84,84,,1449.20,18.7,156
,00:08:19,151,10.5,05:43,85,84,,1452.50,18.7,156
,00:08:20,151,10.6,05:41,84,82,,1455.70,18.6,158
,00:08:21,151,10.6,05:39,84,82,,1458.80,18.7,158
,00:08:22,150,10.7,05:38,84,82,,1461.90,18.7,160
,00:08:23,150,10.7,05:36,84,82,,1465.00,18.7,164
,00:08:24,150,10.7,05:35,84,82,,1468.00,18.7,166
,00:08:25,150,10.8,05:35,84,82,,1470.90,18.7,168
,00:08:26,150,10.8,05:34,84,79,,1473.80,18.7,170
,00:08:27,150,10.8,05:33,84,79,,1476.70,18.7,174
,00:08:28,150,10.8,05:33,84,79,,1479.60,18.7,180
,00:08:29,150,10.8,05:32,84,79,,1482.90,18.7,186
,00:08:30,150,10.8,05:32,84,79,,1486.30,18.7,192
,00:08:31,150,10.9,05:31,85,79,,1489.50,18.6,194
,00:08:32,150,10.9,05:30,84,79,,1492.60,18.7,198
,00:08:33,150,10.9,05:30,84,79,,1495.70,18.7,200
,00:08:34,150,10.9,05:30,84,78,,1498.90,18.8,202
,00:08:35,150,10.9,05:30,84,78,,1502.10,18.7,206
,00:08:36,149,10.9,05:30,84,78,,1505.10,18.7,210
,00:08:37,148,10.9,05:30,84,78,,1507.90,18.8,212
,00:08:38,148,10.9,05:30,84,78,,1510.30,18.7,212
,00:08:39,147,10.9,05:31,84,78,,1512.80,18.7,214
,00:08:40,146,10.9,05:31,84,77,,1515.50,18.7,214
,00:08:41,146,10.9,05:31,84,77,,1518.40,18.8,216
,00:08:42,146,10.9,05:31,84,77,,1521.20,18.8,216
,00:08:43,145,10.9,05:31,84,77,,1524.10,18.8,218
,00:08:44,146,10.9,05:32,85,77,,1527.00,18.8,220
,00:08:45,146,10.9,05:32,84,77,,1530.10,18.8,220
,00:08:46,146,10.8,05:32,84,77,,1533.20,18.8,222
,00:08:47,146,10.8,05:32,85,77,,1536.30,18.7,222
,00:08:48,146,10.8,05:33,84,77,,1539.60,18.9,224
,00:08:49,146,10.8,05:33,84,77,,1542.60,18.8,228
,00:08:50,147,10.8,05:34,84,77,,1545.70,18.7,234
,00:08:51,147,10.8,05:34,84,77,,1548.70,18.8,240
,00:08:52,147,10.8,05:35,84,77,,1551.50,18.7,248
,00:08:53,147,10.7,05:35,84,77,,1554.30,18.7,254
,00:08:54,147,10.7,05:36,84,77,,1557.20,18.7,258
,00:08:55,147,10.7,05:36,84,77,,1560.20,18.7,258
,00:08:56,147,10.7,05:37,84,77,,1563.00,18.8,262
,00:08:57,147,10.7,05:37,84,77,,1566.10,18.8,266
,00:08:58,147,10.7,05:37,84,77,,1569.20,18.7,272
,00:08:59,147,10.7,05:37,84,77,,1572.30,18.8,276
,00:09:00,147,10.7,05:37,84,77,,1575.30,18.8,280
,00:09:01,147,10.7,05:37,84,77,,1578.60,18.8,286
,00:09:02,147,10.7,05:37,84,77,,1581.80,18.8,294
,00:09:03,148,10.7,05:37,83,77,,1584.90,18.8,302
,00:09:04,148,10.7,05:37,83,77,,1588.00,18.7,310
,00:09:05,148,10.7,05:37,83,77,,1591.10,18.6,316
,00:09:06,148,10.7,05:37,83,77,,1594.00,18.9,324
,00:09:07,148,10.7,05:37,83,77,,1597.00,18.7,328
,00:09:08,148,10.7,05:37,84,77,,1600.00,18.7,330
,00:09:09,149,10.7,05:37,84,77,,1603.00,18.7,330
,00:09:10,149,10.7,05:37,85,77,,1606.00,18.6,330
,00:09:11,150,10.7,05:37,84,77,,1609.10,18.8,326
,00:09:12,150,10.7,05:36,84,77,,1612.30,18.6,324
,00:09:13,150,10.7,05:36,84,77,,1615.40,18.8,322
,00:09:14,150,10.7,05:35,84,77,,1618.60,18.7,320
,00:09:15,150,10.7,05:35,85,77,,1621.90,18.7,318
,00:09:16,150,10.8,05:35,84,77,,1625.20,18.6,316
,00:09:17,150,10.8,05:35,84,77,,1628.30,18.8,314
,00:09:18,149,10.8,05:34,84,77,,1631.40,18.7,314
,00:09:19,150,10.8,05:34,84,77,,1634.40,18.7,310
,00:09:20,150,10.8,05:34,84,77,,1637.30,18.6,304
,00:09:21,149,10.8,05:34,84,77,,1640.00,18.6,300
,00:09:22,150,10.8,05:34,84,77,,1643.00,18.7,294
,00:09:23,150,10.8,05:35,84,77,,1645.80,18.6,288
,00:09:24,150,10.7,05:35,84,77,,1648.80,18.7,282
,00:09:25,150,10.7,05:35,84,77,,1651.60,18.7,278
,00:09:26,151,10.7,05:35,84,77,,1654.50,18.7,278
,00:09:27,151,10.7,05:35,84,77,,1657.50,18.7,286
,00:09:28,151,10.7,05:35,84,77,,1660.40,18.8,300
,00:09:29,151,10.7,05:35,84,77,,1663.30,18.7,316
,00:09:30,151,10.7,05:35,84,77,,1666.30,18.7,330
,00:09:31,151,10.7,05:35,84,77,,1669.20,18.6,340
,00:09:32,151,10.7,05:36,84,77,,1671.90,18.6,346
,00:09:33,151,10.7,05:36,84,77,,1674.60,18.6,348
,00:09:34,151,10.7,05:37,85,79,,1677.50,18.6,348
,00:09:35,151,10.7,05:37,85,79,,1680.20,18.6,346
,00:09:36,150,10.7,05:37,85,79,,1683.20,18.7,340
,00:09:37,151,10.7,05:38,84,79,,1686.10,18.6,334
,00:09:38,151,10.7,05:38,84,79,,1689.20,18.7,328
,00:09:39,152,10.7,05:38,85,79,,1692.10,18.7,320
,00:09:40,152,10.7,05:38,85,79,,1695.10,18.7,316
,00:09:41,152,10.7,05:38,85,79,,1698.10,18.7,312
,00:09:42,153,10.7,05:38,85,79,,1701.20,18.6,308
,00:09:43,153,10.7,05:37,85,79,,1704.30,18.7,302
,00:09:44,153,10.7,05:37,85,79,,1707.30,18.6,296
,00:09:45,154,10.7,05:37,85,79,,1710.30,18.6,290
,00:09:46,154,10.7,05:37,85,78,,1713.20,18.6,286
,00:09:47,154,10.7,05:37,85,78,,1716.10,18.6,284
,00:09:48,154,10.7,05:37,85,78,,1719.00,18.7,284
,00:09:49,154,10.7,05:37,85,78,,1722.00,18.6,282
,00:09:50,154,10.7,05:37,85,78,,1725.00,18.6,282
,00:09:51,153,10.7,05:37,86,78,,1727.90,18.6,280
,00:09:52,154,10.7,05:37,86,78,,1730.90,18.6,276
,00:09:53,154,10.7,05:37,86,78,,1733.80,18.6,272
,00:09:54,154,10.7,05:37,85,78,,1736.70,18.6,270
,00:09:55,154,10.7,05:37,84,78,,1739.80,18.6,268
,00:09:56,154,10.7,05:37,84,78,,1742.80,18.6,266
,00:09:57,154,10.7,05:37,84,78,,1745.80,18.6,264
,00:09:58,153,10.7,05:37,85,77,,1748.60,18.6,262
,00:09:59,153,10.7,05:37,85,77,,1751.70,18.6,264
,00:10:00,153,10.7,05:37,85,77,,1754.60,18.6,266
,00:10:01,153,10.7,05:37,85,77,,1757.60,18.5,270
,00:10:02,153,10.7,05:37,85,77,,1760.70,18.5,276
,00:10:03,153,10.7,05:37,85,77,,1763.80,18.5,278
,00:10:04,153,10.7,05:37,85,77,,1767.00,18.6,280
,00:10:05,153,10.7,05:37,85,77,,1770.20,18.6,282
,00:10:06,152,10.7,05:37,85,77,,1773.70,18.6,282
,00:10:07,152,10.8,05:33,85,77,,1776.80,18.5,282
,00:10:08,152,10.9,05:30,85,77,,1780.40,18.7,282
,00:10:09,151,10.9,05:31,85,77,,1783.40,18.6,274
,00:10:10,151,10.9,05:32,85,77,,1786.70,18.6,272
,00:10:11,151,10.9,05:32,85,77,,1790.00,18.6,272
,00:10:12,150,10.9,05:32,85,77,,1793.70,18.7,274
,00:10:13,150,10.9,05:32,84,77,,1796.60,18.7,274
,00:10:14,150,10.8,05:33,85,77,,1799.70,18.5,270
,00:10:15,149,10.8,05:34,85,77,,1802.50,18.6,266
,00:10:16,150,10.8,05:34,85,77,,1805.90,18.6,258
,00:10:17,150,10.8,05:35,85,77,,1808.60,18.7,252
,00:10:18,150,10.7,05:35,85,77,,1811.80,18.6,248
,00:10:19,149,10.7,05:36,84,77,,1815.00,18.6,244
,00:10:20,150,10.7,05:36,84,77,,1817.80,18.6,242
,00:10:21,150,10.7,05:36,84,77,,1819.90,18.6,240
,00:10:22,150,10.7,05:36,84,77,,1823.20,18.6,236
,00:10:23,150,10.7,05:36,84,77,,1826.00,18.6,234
,00:10:24,150,10.7,05:36,84,75,,1829.20,18.6,230
,00:10:25,151,10.7,05:36,84,75,,1832.00,18.6,226
,00:10:26,151,10.7,05:37,84,75,,1834.50,18.7,226
,00:10:27,151,10.7,05:37,84,75,,1837.50,18.6,224
,00:10:28,151,10.7,05:37,84,74,,1840.00,18.6,224
,00:10:29,151,10.7,05:37,85,74,,1842.70,18.6,222
,00:10:30,150,10.7,05:38,85,74,,1845.60,18.7,222
,00:10:31,151,10.6,05:40,85,74,,1848.20,18.6,224
,00:10:32,151,10.6,05:40,85,74,,1851.20,18.6,228
,00:10:33,150,10.6,05:40,85,74,,1853.50,18.6,236
,00:10:34,151,10.6,05:39,85,74,,1856.00,18.6,244
,00:10:35,151,10.6,05:39,85,74,,1859.00,18.7,252
,00:10:36,150,10.6,05:41,85,74,,1861.80,18.6,258
,00:10:37,150,10.5,05:43,85,74,,1864.30,18.7,262
,00:10:38,150,10.5,05:42,85,74,,1867.30,18.7,264
,00:10:39,150,10.6,05:41,85,74,,1870.40,18.7,264
,00:10:40,150,10.6,05:40,85,74,,1873.40,18.6,262
,00:10:41,151,10.6,05:40,85,74,,1876.10,18.7,258
,00:10:42,150,10.6,05:40,85,74,,1878.90,18.7,254
,00:10:43,150,10.6,05:40,85,74,,1882.00,18.7,250
,00:10:44,150,10.6,05:40,85,73,,1884.90,18.6,248
,00:10:45,150,10.6,05:40,85,73,,1887.40,18.8,246
,00:10:46,150,10.6,05:40,85,73,,1890.50,18.6,244
,00:10:47,150,10.6,05:40,84,73,,1893.40,18.7,244
,00:10:48,150,10.6,05:40,85,73,,1896.10,18.7,244
,00:10:49,150,10.6,05:40,85,73,,1899.10,18.7,244
,00:10:50,149,10.6,05:40,85,73,,1901.90,18.7,244
,00:10:51,149,10.6,05:40,85,73,,1904.40,18.7,244
,00:10:52,149,10.6,05:41,85,72,,1907.20,18.7,244
,00:10:53,149,10.6,05:41,85,72,,1909.90,18.9,244
,00:10:54,150,10.6,05:41,84,72,,1913.10,18.7,244
,00:10:55,150,10.6,05:41,84,72,,1915.40,18.7,244
,00:10:56,150,10.6,05:41,84,72,,1917.90,18.7,246
,00:10:57,150,10.6,05:41,85,72,,1921.00,18.7,250
,00:10:58,150,10.6,05:41,84,72,,1923.60,18.7,256
,00:10:59,149,10.5,05:42,85,72,,1926.10,18.7,262
,00:11:00,149,10.5,05:42,85,72,,1929.30,18.8,270
,00:11:01,148,10.5,05:43,85,72,,1932.30,18.8,280
,00:11:02,148,10.5,05:44,85,73,,1935.20,18.7,286
,00:11:03,148,10.4,05:45,84,73,,1937.50,18.8,290
,00:11:04,148,10.4,05:46,85,73,,1940.60,18.8,292
,00:11:05,148,10.4,05:47,85,73,,1943.90,18.7,290
,00:11:06,147,10.4,05:48,85,73,,1946.20,18.9,290
,00:11:07,147,10.3,05:49,85,73,,1948.90,18.8,290
,00:11:08,147,10.3,05:50,85,73,,1952.00,18.8,292
,00:11:09,147,10.3,05:50,85,73,,1954.90,18.7,296
,00:11:10,148,10.3,05:51,85,73,,1957.90,18.7,298
,00:11:11,148,10.2,05:51,85,73,,1960.50,18.8,300
,00:11:12,148,10.2,05:52,85,73,,1963.70,18.9,302
,00:11:13,148,10.2,05:52,85,73,,1966.50,18.9,304
,00:11:14,148,10.2,05:53,85,73,,1969.10,18.8,306
,00:11:15,148,10.2,05:53,84,73,,1972.30,18.8,306
,00:11:16,148,10.2,05:53,84,73,,1975.30,18.9,308
,00:11:17,148,10.2,05:53,84,73,,1978.00,18.8,310
,00:11:18,148,10.2,05:53,84,74,,1980.60,18.8,312
,00:11:19,148,10.2,05:53,84,74,,1982.70,18.9,312
,00:11:20,148,10.2,05:54,84,74,,1985.50,18.8,310
,00:11:21,147,10.2,05:54,84,74,,1987.90,18.7,306
,00:11:22,148,10.2,05:54,84,74,,1990.40,18.7,302
,00:11:23,148,10.2,05:54,82,74,,1992.70,18.7,296
,00:11:24,148,10.1,05:55,83,74,,1995.30,18.9,288
,00:11:25,147,10.1,05:55,83,74,,1997.60,18.7,282
,00:11:26,148,10.0,05:59,83,73,,2000.30,18.8,278
,00:11:27,148,9.8,06:06,83,73,,2002.70,18.8,270
,00:11:28,148,9.7,06:09,83,73,,2005.30,18.8,268
,00:11:29,149,9.8,06:09,83,73,,2007.80,18.8,268
,00:11:30,148,9.8,06:08,83,73,,2010.10,18.9,272
,00:11:31,148,9.7,06:10,83,73,,2012.50,18.8,274
,00:11:32,148,9.6,06:16,83,74,,2014.60,18.7,276
,00:11:33,148,9.6,06:16,83,74,,2017.00,18.9,286
,00:11:34,148,9.6,06:13,83,75,,2019.70,18.8,298
,00:11:35,147,9.7,06:10,83,75,,2022.00,18.8,308
,00:11:36,147,9.8,06:08,83,75,,2025.20,18.8,316
,00:11:37,147,9.8,06:06,83,75,,2027.80,18.8,322
,00:11:38,147,9.9,06:05,83,75,,2030.40,18.7,326
,00:11:39,147,9.9,06:04,83,75,,2033.00,18.7,326
,00:11:40,147,9.9,06:03,83,75,,2036.20,18.6,326
,00:11:41,147,9.9,06:03,83,75,,2039.30,18.7,324
,00:11:42,148,9.9,06:03,83,75,,2041.50,18.8,322
,00:11:43,148,9.9,06:02,83,75,,2044.30,18.7,320
,00:11:44,149,9.9,06:02,83,75,,2047.40,18.7,314
,00:11:45,149,9.9,06:02,83,75,,2049.90,18.7,312
,00:11:46,149,9.9,06:02,83,75,,2052.60,18.7,312
,00:11:47,150,10.0,06:01,83,75,,2055.30,18.6,310
,00:11:48,150,10.0,06:01,83,75,,2058.20,18.7,314
,00:11:49,151,10.0,06:01,83,75,,2060.70,18.7,314
,00:11:50,150,10.0,06:01,83,75,,2063.40,18.6,316
,00:11:51,150,10.0,06:01,83,75,,2066.50,18.6,318
,00:11:52,151,10.0,06:01,83,77,,2069.50,18.6,316
,00:11:53,151,10.0,06:01,83,77,,2072.10,18.6,314
,00:11:54,151,10.0,06:01,83,77,,2074.60,18.6,312
,00:11:55,151,9.9,06:04,84,77,,2077.70,18.6,308
,00:11:56,151,9.8,06:06,84,77,,2080.20,18.6,306
,00:11:57,151,9.8,06:06,85,77,,2083.00,18.6,306
,00:11:58,151,9.8,06:06,84,77,,2085.60,18.6,306
,00:11:59,151,9.8,06:06,84,77,,2088.40,18.6,304
,00:12:00,151,9.8,06:06,84,77,,2091.10,18.6,302
,00:12:01,152,9.8,06:06,82,77,,2093.60,18.6,300
,00:12:02,151,9.8,06:06,80,77,,2096.60,18.5,300
,00:12:03,151,9.8,06:07,78,77,,2099.40,18.6,300
,00:12:04,151,9.8,06:07,76,77,,2101.90,18.5,298
,00:12:05,151,9.7,06:12,74,77,,2104.00,18.5,292
,00:12:06,151,9.2,06:33,71,77,,2105.60,18.6,274
,00:12:07,151,7.6,07:54,71,77,,2107.00,18.5,230
,00:12:08,151,7.6,07:54,74,77,,2108.10,18.5,234
,00:12:09,152,6.3,09:32,77,77,,2109.40,18.5,196
,00:12:10,152,6.5,09:16,80,77,,2110.70,18.5,206
,00:12:11,152,6.9,08:41,83,77,,2112.60,18.5,224
,00:12:12,151,7.4,08:05,83,78,,2114.70,18.5,244
,00:12:13,151,7.8,07:40,83,78,,2117.20,18.4,258
,00:12:14,151,8.2,07:21,83,78,,2120.30,18.5,270
,00:12:15,150,8.5,07:06,83,78,,2123.70,18.4,280
,00:12:16,150,8.7,06:55,81,78,,2127.10,18.4,286
,00:12:17,150,8.9,06:46,81,78,,2130.30,18.4,292
,00:12:18,149,9.0,06:39,81,78,,2132.90,18.5,296
,00:12:19,149,9.1,06:34,83,78,,2135.30,18.4,298
,00:12:20,149,9.2,06:30,83,78,,2137.40,18.3,300
,00:12:21,148,9.3,06:26,83,78,,2139.90,18.3,302
,00:12:22,148,9.4,06:23,83,78,,2142.30,18.3,304
,00:12:23,148,9.4,06:21,83,78,,2144.70,18.3,310
,00:12:24,148,9.5,06:19,84,79,,2147.30,18.3,316
,00:12:25,148,9.5,06:18,84,79,,2150.50,18.3,326
,00:12:26,149,9.6,06:16,85,80,,2153.70,18.2,336
,00:12:27,149,9.6,06:15,84,80,,2156.90,18.3,344
,00:12:28,149,9.6,06:14,84,80,,2160.10,18.3,346
,00:12:29,149,9.6,06:14,84,80,,2163.00,18.3,352
,00:12:30,149,9.7,06:13,84,80,,2165.80,18.3,358
,00:12:31,149,9.7,06:12,84,80,,2168.70,18.3,366
,00:12:32,149,9.7,06:12,85,80,,2171.50,18.3,372
,00:12:33,149,9.7,06:11,85,80,,2174.50,18.2,376
,00:12:34,149,9.7,06:11,85,81,,2177.40,18.3,378
,00:12:35,149,9.7,06:10,85,81,,2180.40,18.2,376
,00:12:36,149,9.8,06:09,85,81,,2183.30,18.2,372
,00:12:37,150,9.8,06:07,84,81,,2186.10,18.3,366
,00:12:38,149,9.8,06:06,84,81,,2188.80,18.1,360
,00:12:39,149,9.9,06:05,84,81,,2191.40,18.2,354
,00:12:40,150,9.8,06:06,84,81,,2194.00,18.1,344
,00:12:41,150,9.7,06:13,84,81,,2196.30,18.1,332
,00:12:42,150,9.5,06:21,84,81,,2198.60,18.1,320
,00:12:43,150,9.4,06:25,84,81,,2200.90,18.0,310
,00:12:44,151,9.4,06:23,84,81,,2203.30,18.1,306
,00:12:45,150,9.5,06:20,84,81,,2205.90,18.1,302
,00:12:46,150,9.5,06:18,84,81,,2208.20,18.1,306
,00:12:47,150,9.6,06:16,84,81,,2210.80,18.1,314
,00:12:48,150,9.6,06:15,84,81,,2213.40,18.0,320
,00:12:49,150,9.6,06:14,82,81,,2216.30,18.0,324
,00:12:50,150,9.6,06:13,81,81,,2219.30,18.0,320
,00:12:51,150,9.7,06:12,78,81,,2222.20,18.0,316
,00:12:52,151,9.7,06:11,75,84,,2224.60,18.0,308
,00:12:53,151,9.7,06:10,77,84,,2227.40,17.9,302
,00:12:54,151,9.8,06:09,80,82,,2230.40,18.0,302
,00:12:55,151,9.8,06:07,80,82,,2233.20,18.0,304
,00:12:56,151,9.8,06:06,80,84,,2235.90,17.9,306
,00:12:57,152,9.9,06:04,80,84,,2238.90,18.0,316
,00:12:58,152,9.9,06:03,80,84,,2241.60,17.8,326
,00:12:59,152,9.9,06:03,80,84,,2244.00,17.8,334
,00:13:00,152,9.8,06:08,80,84,,2246.10,17.8,328
,00:13:01,152,9.4,06:22,80,84,,2248.30,17.9,316
,00:13:02,151,9.0,06:39,82,84,,2249.70,17.9,298
,00:13:03,151,8.7,06:55,83,84,,2250.90,17.8,284
,00:13:04,151,8.5,07:06,83,84,,2252.50,17.8,272
,00:13:05,151,8.5,07:03,83,84,,2254.40,17.8,272
,00:13:06,151,8.7,06:52,83,84,,2256.30,17.8,274
,00:13:07,151,8.9,06:44,83,84,,2258.20,17.8,276
,00:13:08,151,9.1,06:37,83,84,,2260.80,17.8,274
,00:13:09,150,9.2,06:31,83,84,,2264.00,17.8,272
,00:13:10,150,9.3,06:25,83,84,,2267.40,17.7,268
,00:13:11,150,9.5,06:20,83,84,,2271.00,17.7,262
,00:13:12,150,9.6,06:16,83,84,,2274.20,17.8,256
,00:13:13,149,9.7,06:13,83,84,,2277.30,17.7,250
,00:13:14,148,9.7,06:10,83,84,,2280.50,17.7,244
,00:13:15,149,9.8,06:08,83,84,,2283.00,17.8,240
,00:13:16,149,9.8,06:07,83,82,,2285.80,17.7,236
,00:13:17,148,9.9,06:05,83,82,,2288.50,17.8,234
,00:13:18,148,9.9,06:04,83,82,,2291.40,17.7,232
,00:13:19,149,9.9,06:03,84,82,,2294.20,17.8,232
,00:13:20,148,9.9,06:02,84,82,,2296.80,17.7,232
,00:13:21,149,9.9,06:02,84,82,,2299.80,17.7,232
,00:13:22,149,10.0,06:01,84,82,,2302.80,17.7,232
,00:13:23,149,10.0,06:01,84,82,,2305.50,17.9,230
,00:13:24,149,10.0,06:00,84,81,,2308.80,17.8,228
,00:13:25,149,10.0,06:00,84,81,,2312.10,17.8,226
,00:13:26,149,10.1,05:57,84,81,,2315.20,17.8,226
,00:13:27,148,10.3,05:50,84,81,,2318.40,17.8,226
,00:13:28,148,10.4,05:45,84,80,,2321.70,17.7,226
,00:13:29,149,10.4,05:45,84,80,,2324.80,17.7,224
,00:13:30,149,10.4,05:47,84,80,,2327.80,17.8,220
,00:13:31,149,10.3,05:49,84,80,,2331.20,17.8,220
,00:13:32,149,10.3,05:51,84,80,,2334.30,17.8,222
,00:13:33,150,10.2,05:52,84,80,,2337.50,17.8,230
,00:13:34,149,10.2,05:52,84,80,,2340.00,17.8,236
,00:13:35,150,10.2,05:53,85,80,,2343.40,17.8,240
,00:13:36,150,10.2,05:53,84,80,,2346.30,17.8,242
,00:13:37,150,10.2,05:53,84,80,,2349.10,17.8,244
,00:13:38,150,10.2,05:53,84,80,,2351.90,17.9,244
,00:13:39,150,10.2,05:53,84,80,,2355.20,17.8,246
,00:13:40,149,10.2,05:53,85,80,,2357.80,17.9,248
,00:13:41,149,10.2,05:54,85,80,,2360.70,17.8,246
,00:13:42,149,10.2,05:54,85,80,,2363.40,17.9,246
,00:13:43,149,10.2,05:54,85,80,,2367.00,17.8,244
,00:13:44,149,10.2,05:54,85,79,,2369.60,17.9,242
,00:13:45,149,10.2,05:54,85,79,,2372.70,17.8,240
,00:13:46,150,10.2,05:54,85,79,,2375.30,17.8,240
,00:13:47,150,10.2,05:53,85,79,,2378.50,17.8,242
,00:13:48,150,10.2,05:53,85,79,,2381.10,17.9,248
,00:13:49,151,10.2,05:53,85,79,,2384.20,17.8,254
,00:13:50,150,10.2,05:53,85,79,,2387.10,17.9,260
,00:13:51,150,10.2,05:53,85,79,,2390.20,17.8,266
,00:13:52,150,10.2,05:52,84,79,,2392.60,17.8,272
,00:13:53,150,10.3,05:50,84,79,,2395.70,17.8,276
,00:13:54,150,10.4,05:45,84,79,,2398.70,17.9,280
,00:13:55,150,10.7,05:37,84,79,,2402.30,17.7,286
,00:13:56,149,10.9,05:30,85,79,,2405.80,17.8,288
,00:13:57,149,11.0,05:28,84,79,,2409.00,17.8,286
,00:13:58,149,10.9,05:29,85,79,,2411.90,17.8,280
,00:13:59,149,10.9,05:31,85,79,,2415.30,17.8,274
,00:14:00,149,10.8,05:33,85,79,,2418.90,17.8,272
,00:14:01,149,10.8,05:34,84,79,,2422.20,17.8,270
,00:14:02,149,10.8,05:35,84,79,,2425.30,17.8,268
,00:14:03,149,10.7,05:35,84,79,,2428.40,17.9,268
,00:14:04,149,10.7,05:35,84,79,,2431.60,17.8,270
,00:14:05,149,10.7,05:35,84,79,,2434.60,17.8,272
,00:14:06,149,10.7,05:35,84,79,,2437.80,17.7,276
,00:14:07,149,10.7,05:35,84,79,,2441.50,17.7,280
,00:14:08,149,10.7,05:35,84,79,,2444.50,17.7,282
,00:14:09,149,10.8,05:33,84,79,,2447.60,17.8,284
,00:14:10,149,10.9,05:30,85,79,,2451.00,17.8,286
,00:14:11,149,11.0,05:29,85,79,,2453.90,17.7,288
,00:14:12,149,11.0,05:27,85,79,,2457.30,17.7,288
,00:14:13,149,11.0,05:29,85,79,,2460.00,17.8,290
,00:14:14,148,11.0,05:28,85,79,,2463.10,17.6,296
,00:14:15,148,11.0,05:28,85,79,,2466.40,17.7,298
,00:14:16,148,10.9,05:29,85,79,,2468.90,17.7,300
,00:14:17,148,10.9,05:29,85,79,,2471.90,17.6,302
,00:14:18,148,10.9,05:30,85,79,,2475.10,17.6,304
,00:14:19,148,10.9,05:30,85,79,,2477.90,17.7,306
,00:14:20,147,10.9,05:30,85,79,,2481.20,17.6,306
,00:14:21,147,10.9,05:30,85,79,,2483.70,17.6,304
,00:14:22,147,10.9,05:30,84,79,,2487.20,17.7,300
,00:14:23,147,10.9,05:29,84,79,,2490.20,17.7,294
,00:14:24,147,10.9,05:29,85,78,,2492.70,17.7,288
,00:14:25,147,10.9,05:29,85,78,,2495.50,17.6,284
,00:14:26,147,10.9,05:29,85,78,,2498.80,17.6,282
,00:14:27,147,10.9,05:29,85,78,,2501.60,17.6,280
,00:14:28,147,10.9,05:29,84,78,,2504.40,17.7,284
,00:14:29,147,10.9,05:29,84,78,,2507.10,17.6,290
,00:14:30,147,10.9,05:29,84,78,,2509.90,17.6,296
,00:14:31,147,10.9,05:30,85,78,,2512.70,17.6,306
,00:14:32,147,10.9,05:30,85,79,,2515.70,17.6,316
,00:14:33,147,10.9,05:30,84,79,,2518.40,17.5,326
,00:14:34,147,10.8,05:32,84,79,,2520.60,17.6,332
,00:14:35,147,10.6,05:41,84,79,,2522.90,17.6,330
,00:14:36,148,10.2,05:54,85,80,,2524.60,17.6,324
,00:14:37,148,9.9,06:02,84,80,,2527.00,17.6,320
,00:14:38,148,9.8,06:09,85,80,,2529.10,17.5,318
,00:14:39,148,9.8,06:07,85,80,,2531.70,17.6,320
,00:14:40,148,10.0,06:00,84,80,,2534.00,17.6,324
,00:14:41,148,10.1,05:55,82,80,,2536.30,17.6,326
,00:14:42,148,10.3,05:50,81,80,,2539.00,17.6,322
,00:14:43,148,10.4,05:46,81,80,,2542.50,17.6,318
,00:14:44,148,10.5,05:43,82,80,,2545.30,17.6,314
,00:14:45,148,10.6,05:41,83,80,,2548.20,17.5,308
,00:14:46,148,10.6,05:39,83,80,,2550.60,17.5,308
,00:14:47,148,10.6,05:39,83,80,,2553.50,17.5,316
,00:14:48,149,10.6,05:38,83,80,,2556.40,17.4,324
,00:14:49,148,10.7,05:38,83,80,,2558.80,17.5,328
,00:14:50,148,10.7,05:37,83,81,,2561.40,17.6,330
,00:14:51,148,10.7,05:37,83,81,,2563.60,17.6,334
,00:14:52,149,10.7,05:37,83,81,,2566.40,17.5,338
,00:14:53,148,10.7,05:38,83,81,,2569.40,17.4,346
,00:14:54,148,10.6,05:40,82,82,,2572.00,17.5,352
,00:14:55,148,10.4,05:47,81,82,,2574.30,17.5,350
,00:14:56,149,10.1,05:58,81,82,,2576.60,17.4,344
,00:14:57,149,9.7,06:11,81,82,,2578.40,17.6,336
,00:14:58,149,9.4,06:24,81,82,,2580.00,17.4,326
,00:14:59,149,9.1,06:35,81,82,,2581.60,17.5,320
,00:15:00,150,8.9,06:45,81,84,,2583.90,17.4,316
,00:15:01,150,8.8,06:48,81,84,,2585.80,17.5,314
,00:15:02,150,8.8,06:47,81,84,,2587.30,17.4,316
,00:15:03,150,8.9,06:43,81,84,,2589.10,17.4,316
,00:15:04,149,9.1,06:35,81,84,,2591.80,17.4,320
,00:15:05,150,9.3,06:28,81,84,,2594.80,17.4,322
,00:15:06,150,9.4,06:22,81,84,,2597.80,17.4,318
,00:15:07,150,9.5,06:17,80,84,,2601.10,17.4,312
,00:15:08,150,9.6,06:14,79,84,,2604.00,17.4,304
,00:15:09,149,9.7,06:11,79,84,,2606.90,17.5,294
,00:15:10,149,9.8,06:09,79,82,,2609.80,17.5,282
,00:15:11,149,9.8,06:08,79,82,,2612.40,17.4,270
,00:15:12,150,9.8,06:07,79,82,,2614.90,17.4,260
,00:15:13,149,9.7,06:13,80,82,,2617.30,17.4,248
,00:15:14,149,9.3,06:27,82,81,,2619.10,17.4,232
,00:15:15,149,9.0,06:41,82,81,,2621.00,17.4,216
,00:15:16,149,8.7,06:53,82,81,,2622.50,17.4,204
,00:15:17,149,8.5,07:02,83,81,,2624.70,17.4,192
,00:15:18,148,8.4,07:07,83,80,,2626.60,17.3,186
,00:15:19,148,8.4,07:09,83,80,,2628.40,17.4,180
,00:15:20,149,8.5,07:06,82,80,,2630.40,17.4,176
,00:15:21,148,8.6,06:58,81,80,,2633.20,17.4,176
,00:15:22,148,8.8,06:49,81,79,,2635.70,17.4,176
,00:15:23,148,9.0,06:42,81,79,,2638.60,17.3,178
,00:15:24,148,9.1,06:36,82,79,,2641.60,17.4,176
,00:15:25,148,9.3,06:28,83,79,,2644.90,17.3,178
,00:15:26,147,9.5,06:17,83,78,,2648.10,17.4,182
,00:15:27,147,9.8,06:07,83,78,,2651.60,17.4,186
,00:15:28,147,10.1,05:57,83,78,,2655.20,17.4,192
,00:15:29,146,10.3,05:49,83,78,,2658.80,17.4,198
,00:15:30,146,10.5,05:42,83,78,,2662.50,17.3,204
,00:15:31,146,10.6,05:39,82,78,,2665.80,17.4,210
,00:15:32,146,10.6,05:41,81,77,,2669.00,17.4,210
,00:15:33,146,10.4,05:46,81,77,,2671.70,17.4,210
,00:15:34,146,10.3,05:51,81,77,,2674.90,17.3,210
,00:15:35,146,10.2,05:54,81,77,,2677.80,17.3,212
,00:15:36,147,10.2,05:53,82,77,,2680.30,17.3,216
,00:15:37,147,10.2,05:52,83,77,,2683.80,17.4,218
,00:15:38,147,10.4,05:47,83,77,,2686.70,17.4,224
,00:15:39,147,10.8,05:35,83,77,,2690.00,17.3,236
,00:15:40,147,11.0,05:29,83,77,,2693.00,17.3,244
,00:15:41,147,11.1,05:25,83,77,,2696.40,17.3,248
,00:15:42,147,11.2,05:23,83,77,,2700.10,17.4,252
,00:15:43,147,11.1,05:23,83,77,,2703.20,17.4,254
,00:15:44,147,11.1,05:24,83,77,,2706.10,17.3,254
,00:15:45,147,11.1,05:25,83,77,,2709.60,17.3,254
,00:15:46,147,11.1,05:24,83,77,,2712.30,17.4,254
,00:15:47,147,11.2,05:22,83,77,,2715.60,17.3,254
,00:15:48,148,11.3,05:20,81,77,,2718.30,17.3,254
,00:15:49,148,11.3,05:20,81,77,,2721.80,17.3,250
,00:15:50,148,11.1,05:24,81,77,,2724.60,17.4,246
,00:15:51,148,10.9,05:29,81,77,,2727.70,17.3,240
,00:15:52,149,10.8,05:34,81,75,,2730.70,17.3,234
,00:15:53,149,10.7,05:36,81,75,,2734.60,17.3,232
,00:15:54,149,10.7,05:37,81,75,,2737.60,17.3,230
,00:15:55,149,10.6,05:40,81,75,,2739.90,17.3,228
,00:15:56,149,10.4,05:46,81,75,,2742.10,17.4,222
,00:15:57,149,10.2,05:54,81,75,,2744.30,17.3,218
,00:15:58,150,9.9,06:04,82,74,,2745.70,17.3,214
,00:15:59,151,9.7,06:13,83,74,,2747.50,17.3,214
,00:16:00,151,9.5,06:17,83,74,,2750.00,17.2,216
,00:16:01,151,9.7,06:13,83,74,,2752.70,17.3,226
,00:16:02,151,9.8,06:06,82,75,,2754.70,17.4,238
,00:16:03,151,10.0,06:01,81,75,,2756.90,17.3,250
,00:16:04,151,10.1,05:57,80,75,,2759.30,17.3,258
,00:16:05,151,10.0,06:01,78,75,,2762.30,17.2,260
,00:16:06,151,9.6,06:14,78,75,,2765.00,17.3,258
,00:16:07,151,9.2,06:30,78,75,,2767.70,17.3,254
,00:16:08,151,8.7,06:56,76,77,,2769.50,17.2,248
,00:16:09,150,6.7,08:57,76,77,,2770.10,17.3,200
,00:16:10,150,4.6,13:11,76,77,,2770.50,17.3,142
,00:16:11,150,4.0,15:10,77,77,,2770.60,17.3,130
,00:16:12,150,4.0,15:02,80,77,,2771.10,17.2,138
,00:16:13,150,4.2,14:20,80,77,,2772.40,17.3,150
,00:16:14,150,5.7,10:30,80,77,,2773.90,17.3,206
,00:16:15,150,7.7,07:46,83,77,,2775.30,17.2,278
,00:16:16,150,8.6,06:59,83,77,,2777.20,17.3,300
,00:16:17,149,9.0,06:40,83,77,,2780.30,17.3,304
,00:16:18,149,9.3,06:29,83,77,,2784.00,17.3,298
,00:16:19,149,9.5,06:19,83,77,,2787.60,17.2,292
,00:16:20,148,9.7,06:11,81,77,,2790.60,17.3,286
,00:16:21,148,9.8,06:06,79,77,,2793.90,17.2,278
,00:16:22,148,9.9,06:05,79,77,,2796.90,17.2,272
,00:16:23,148,9.8,06:07,79,77,,2799.00,17.2,262
,00:16:24,147,9.7,06:12,80,77,,2800.90,17.2,252
,00:16:25,147,9.5,06:21,80,77,,2802.60,17.3,240
,00:16:26,147,9.4,06:23,80,77,,2804.90,17.2,236
,00:16:27,146,9.5,06:21,80,77,,2807.10,17.2,234
,00:16:28,146,9.5,06:19,82,77,,2809.20,17.3,234
,00:16:29,146,9.5,06:17,83,77,,2811.40,17.1,236
,00:16:30,146,9.6,06:16,83,77,,2813.80,17.2,238
,00:16:31,146,9.6,06:15,83,77,,2817.40,17.2,240
,00:16:32,145,9.6,06:14,83,77,,2820.60,17.1,242
,00:16:33,145,9.9,06:04,83,77,,2824.30,17.2,250
,00:16:34,145,10.2,05:53,83,77,,2828.20,17.1,258
,00:16:35,145,10.3,05:49,83,77,,2831.30,17.2,260
,00:16:36,145,10.3,05:48,84,75,,2833.80,17.1,260
,00:16:37,145,10.3,05:50,84,75,,2836.90,17.2,258
,00:16:38,145,10.2,05:52,84,75,,2840.70,17.2,254
,00:16:39,145,10.2,05:53,84,75,,2844.00,17.1,248
,00:16:40,145,10.3,05:49,84,74,,2846.80,17.2,250
,00:16:41,145,10.4,05:47,84,74,,2850.40,17.2,250
,00:16:42,145,10.5,05:44,84,74,,2853.30,17.1,252
,00:16:43,145,10.4,05:45,84,74,,2856.30,17.1,252
,00:16:44,144,10.4,05:46,84,74,,2859.20,17.1,254
,00:16:45,144,10.4,05:45,84,74,,2862.80,17.1,260
,00:16:46,144,10.4,05:45,84,74,,2865.70,17.2,264
,00:16:47,144,10.4,05:45,84,74,,2868.60,17.1,268
,00:16:48,144,10.4,05:48,85,74,,2871.30,17.1,268
,00:16:49,143,10.3,05:50,84,74,,2874.30,17.1,268
,00:16:50,143,10.2,05:52,85,74,,2877.20,17.1,266
,00:16:51,143,10.2,05:54,84,74,,2880.30,17.1,264
,00:16:52,143,10.1,05:57,84,74,,2883.00,17.1,262
,00:16:53,143,10.1,05:58,84,74,,2886.30,17.1,262
,00:16:54,143,10.1,05:55,84,74,,2889.10,17.1,266
,00:16:55,143,10.3,05:50,85,74,,2892.80,17.1,272
,00:16:56,143,10.5,05:42,85,74,,2895.30,17.1,284
,00:16:57,143,10.8,05:33,85,74,,2899.00,17.1,298
,00:16:58,143,10.8,05:32,84,75,,2902.10,17.1,306
,00:16:59,143,10.7,05:35,85,75,,2905.30,17.0,308
,00:17:00,143,10.7,05:37,85,75,,2908.40,17.2,308
,00:17:01,143,10.7,05:37,84,75,,2911.30,17.1,306
,00:17:02,144,10.7,05:38,84,75,,2914.60,17.1,302
,00:17:03,144,10.6,05:39,84,75,,2917.20,17.0,298
,00:17:04,144,10.6,05:40,84,75,,2919.80,17.1,292
,00:17:05,144,10.6,05:40,84,75,,2923.30,17.0,290
,00:17:06,143,10.6,05:40,84,75,,2925.80,17.0,290
,00:17:07,143,10.6,05:40,84,75,,2928.30,17.0,290
,00:17:08,143,10.5,05:43,84,75,,2930.90,17.1,288
,00:17:09,143,10.2,05:52,84,75,,2932.70,17.1,278
,00:17:10,143,9.7,06:09,84,75,,2934.00,17.0,262
,00:17:11,143,9.1,06:37,84,75,,2934.30,17.0,240
,00:17:12,142,6.1,09:54,84,74,,2934.60,16.9,156
,00:17:13,142,2.5,23:53,84,74,,2934.60,17.1,62
,00:17:14,141,2.1,28:07,84,74,,2934.60,17.0,50
,00:17:15,141,2.7,21:56,84,74,,2934.60,17.1,64
,00:17:16,140,3.0,20:17,84,73,,2934.60,17.0,66
,00:17:17,140,3.9,15:17,84,73,,2935.70,17.0,84
,00:17:18,140,6.4,09:25,85,73,,2937.70,17.0,132
,00:17:19,141,8.7,06:52,84,73,,2940.50,17.1,178
,00:17:20,141,9.6,06:13,85,72,,2943.60,17.1,196
,00:17:21,142,9.9,06:05,85,72,,2947.20,17.0,200
,00:17:22,142,10.0,06:00,85,72,,2950.90,17.1,204
,00:17:23,142,10.1,05:56,85,72,,2954.60,17.1,208
,00:17:24,142,10.2,05:53,85,72,,2957.90,17.1,212
,00:17:25,142,10.3,05:51,85,72,,2961.40,17.1,218
,00:17:26,142,10.3,05:49,85,72,,2964.00,17.0,224
,00:17:27,142,10.4,05:47,85,72,,2967.30,16.9,232
,00:17:28,142,10.4,05:47,85,72,,2970.30,17.1,242
,00:17:29,142,10.4,05:47,85,72,,2973.10,17.0,252
,00:17:30,143,10.4,05:47,85,73,,2976.00,17.0,260
,00:17:31,143,10.4,05:47,85,73,,2978.90,17.1,270
,00:17:32,143,10.4,05:47,85,73,,2981.80,17.0,278
,00:17:33,143,10.4,05:47,85,73,,2984.60,16.9,284
,00:17:34,144,10.4,05:47,85,73,,2987.30,17.0,288
,00:17:35,144,10.4,05:47,85,73,,2990.40,17.0,290
,00:17:36,144,10.4,05:48,85,73,,2993.10,16.9,290
,00:17:37,145,10.3,05:48,85,73,,2995.70,17.1,290
,00:17:38,145,10.3,05:49,85,73,,2998.70,16.9,288
,00:17:39,145,10.3,05:49,85,73,,3001.60,17.0,286
,00:17:40,145,10.3,05:49,85,73,,3004.60,16.9,282
,00:17:41,145,10.3,05:49,85,73,,3007.70,17.0,278
,00:17:42,145,10.3,05:49,85,73,,3010.80,17.0,276
,00:17:43,145,10.3,05:49,85,73,,3014.10,17.0,274
,00:17:44,145,10.3,05:49,85,73,,3017.20,16.9,276
,00:17:45,145,10.3,05:50,84,73,,3019.80,17.1,278
,00:17:46,145,10.3,05:50,84,73,,3023.10,16.9,280
,00:17:47,145,10.3,05:50,84,73,,3026.40,16.9,280
,00:17:48,145,10.3,05:50,84,73,,3029.50,17.0,278
,00:17:49,145,10.4,05:45,84,73,,3032.30,17.0,282
,00:17:50,145,10.6,05:41,84,73,,3035.50,16.9,286
,00:17:51,145,10.5,05:43,84,73,,3038.20,17.0,286
,00:17:52,145,10.5,05:44,84,73,,3040.80,16.9,286
,00:17:53,145,10.4,05:46,84,73,,3043.70,16.9,286
,00:17:54,145,10.4,05:47,84,73,,3046.60,16.9,282
,00:17:55,145,10.3,05:49,84,73,,3048.60,16.9,276
,00:17:56,145,10.2,05:53,84,73,,3050.80,17.0,266
,00:17:57,145,10.0,06:01,84,73,,3052.80,16.9,254
,00:17:58,145,9.8,06:07,84,72,,3054.50,17.0,242
,00:17:59,145,9.7,06:10,84,72,,3056.10,17.1,234
,00:18:00,145,9.7,06:12,84,72,,3058.30,17.0,224
,00:18:01,145,9.7,06:10,84,72,,3060.60,17.0,218
,00:18:02,145,9.8,06:08,84,72,,3062.80,16.9,210
,00:18:03,146,9.8,06:06,84,72,,3065.40,17.1,204
,00:18:04,147,9.9,06:05,84,72,,3068.60,16.9,198
,00:18:05,147,9.9,06:04,84,72,,3071.90,17.0,192
,00:18:06,147,9.9,06:02,85,69,,3075.00,17.1,188
,00:18:07,147,10.0,05:59,84,69,,3078.60,16.9,188
,00:18:08,147,10.1,05:58,84,69,,3081.90,17.0,188
,00:18:09,147,10.1,05:55,84,69,,3085.30,17.1,190
,00:18:10,148,10.3,05:50,84,69,,3088.70,17.0,194
,00:18:11,148,10.4,05:45,84,69,,3092.00,17.1,196
,00:18:12,147,10.6,05:38,84,68,,3095.10,17.0,198
,00:18:13,147,10.9,05:30,84,68,,3098.50,17.0,202
,00:18:14,148,11.2,05:22,84,68,,3101.50,17.0,208
,00:18:15,147,11.4,05:16,84,68,,3105.00,16.9,216
,00:18:16,148,11.6,05:11,84,68,,3108.30,17.0,224
,00:18:17,148,11.7,05:07,84,68,,3111.60,17.0,236
,00:18:18,148,11.8,05:05,84,68,,3115.30,16.9,250
,00:18:19,147,11.7,05:06,84,68,,3118.60,17.1,266
,00:18:20,147,11.5,05:12,84,68,,3121.70,17.1,282
,00:18:21,147,11.4,05:17,84,68,,3125.00,17.0,302
,00:18:22,146,11.2,05:20,84,68,,3127.90,17.1,320
,00:18:23,146,11.2,05:22,84,68,,3131.20,16.9,336
,00:18:24,146,11.1,05:24,84,68,,3134.20,17.0,350
,00:18:25,146,11.1,05:26,84,68,,3137.10,17.0,360
,00:18:26,146,11.0,05:27,84,70,,3140.10,17.0,366
,00:18:27,146,11.0,05:27,85,70,,3143.10,17.0,366
,00:18:28,146,11.0,05:28,84,70,,3146.20,17.0,364
,00:18:29,146,11.0,05:29,85,70,,3149.30,17.0,360
,00:18:30,146,10.9,05:29,84,70,,3152.30,17.0,350
,00:18:31,146,10.9,05:29,85,70,,3155.20,16.9,340
,00:18:32,146,10.9,05:29,85,70,,3158.00,16.9,332
,00:18:33,146,10.9,05:29,84,70,,3160.80,16.9,324
,00:18:34,145,10.9,05:30,84,70,,3164.30,17.0,316
,00:18:35,145,10.9,05:30,84,70,,3167.20,17.0,312
,00:18:36,145,10.9,05:30,84,70,,3169.80,17.0,308
,00:18:37,145,10.9,05:30,85,70,,3172.70,17.0,300
,00:18:38,145,10.9,05:30,84,70,,3175.90,17.0,294
,00:18:39,145,10.9,05:30,85,70,,3178.70,17.0,292
,00:18:40,145,10.9,05:30,84,70,,3181.10,16.9,294
,00:18:41,145,10.9,05:30,84,70,,3184.00,16.9,300
,00:18:42,145,10.8,05:35,84,70,,3187.20,16.9,304
,00:18:43,145,10.6,05:38,84,70,,3189.20,16.9,310
,00:18:44,146,10.7,05:37,85,71,,3191.80,16.9,324
,00:18:45,146,10.7,05:36,85,71,,3194.70,16.9,338
,00:18:46,147,10.7,05:35,84,71,,3197.50,16.9,350
,00:18:47,147,10.7,05:35,84,71,,3200.10,16.9,354
,00:18:48,148,10.7,05:35,84,71,,3202.50,16.9,372
,00:18:49,148,10.7,05:35,85,71,,3205.60,16.9,394
,00:18:50,149,10.7,05:36,85,73,,3208.80,16.8,416
,00:18:51,148,10.7,05:37,85,73,,3211.40,16.8,438
,00:18:52,148,10.7,05:37,85,75,,3214.60,16.8,450
,00:18:53,149,10.7,05:37,85,75,,3217.00,16.8,452
,00:18:54,148,10.7,05:38,85,75,,3219.90,16.7,456
,00:18:55,149,10.7,05:38,85,75,,3222.80,16.7,458
,00:18:56,149,10.7,05:38,85,75,,3225.50,16.7,472
,00:18:57,149,10.7,05:38,85,75,,3228.90,16.7,498
,00:18:58,150,10.7,05:37,85,77,,3232.20,16.6,522
,00:18:59,149,10.7,05:37,85,77,,3234.80,16.7,554
,00:19:00,149,10.7,05:37,85,79,,3237.90,16.5,592
,00:19:01,150,10.7,05:36,84,79,,3240.90,16.6,628
,00:19:02,150,10.7,05:36,84,81,,3244.70,16.6,650
,00:19:03,150,10.7,05:36,85,81,,3247.90,16.5,656
,00:19:04,150,10.7,05:36,85,81,,3250.90,16.5,642
,00:19:05,150,10.7,05:36,85,81,,3253.50,16.6,618
,00:19:06,150,10.7,05:36,85,81,,3256.70,16.5,590
,00:19:07,150,10.7,05:36,85,81,,3259.30,16.4,562
,00:19:08,150,10.7,05:36,85,81,,3262.30,16.5,538
,00:19:09,149,10.7,05:36,85,81,,3265.00,16.4,516
,00:19:10,149,10.7,05:36,85,81,,3268.10,16.5,498
,00:19:11,149,10.7,05:36,85,81,,3271.30,16.4,488
,00:19:12,148,10.7,05:36,85,82,,3274.30,16.3,478
,00:19:13,148,10.7,05:36,85,82,,3277.40,16.3,466
,00:19:14,148,10.7,05:36,85,82,,3280.60,16.3,454
,00:19:15,147,10.7,05:36,85,82,,3283.80,16.4,436
,00:19:16,147,10.7,05:36,85,82,,3286.90,16.3,416
,00:19:17,147,10.7,05:36,85,82,,3289.90,16.3,404
,00:19:18,147,10.7,05:36,85,82,,3292.90,16.4,392
,00:19:19,147,10.7,05:36,85,82,,3296.00,16.4,382
,00:19:20,147,10.7,05:37,85,82,,3298.30,16.4,366
,00:19:21,148,10.7,05:37,85,82,,3301.30,16.3,350
,00:19:22,148,10.7,05:37,85,82,,3304.20,16.4,340
,00:19:23,149,10.7,05:38,85,82,,3307.40,16.3,332
,00:19:24,149,10.7,05:38,85,82,,3310.20,16.2,326
,00:19:25,150,10.6,05:38,85,82,,3313.20,16.3,320
,00:19:26,150,10.6,05:38,85,82,,3315.80,16.2,312
,00:19:27,149,10.6,05:38,84,82,,3319.00,16.1,302
,00:19:28,150,10.6,05:38,84,81,,3322.00,16.1,292
,00:19:29,150,10.6,05:38,84,81,,3325.20,16.1,280
,00:19:30,150,10.6,05:39,84,81,,3327.70,16.2,268
,00:19:31,150,10.6,05:39,84,81,,3330.50,16.1,256
,00:19:32,151,10.6,05:39,84,81,,3333.50,16.3,250
,00:19:33,151,10.6,05:39,84,81,,3336.00,16.2,248
,00:19:34,151,10.6,05:39,84,81,,3338.40,16.1,248
,00:19:35,151,10.6,05:40,84,81,,3341.50,16.1,248
,00:19:36,151,10.6,05:40,84,79,,3344.60,16.1,248
,00:19:37,152,10.6,05:40,84,79,,3347.20,16.2,248
,00:19:38,152,10.6,05:41,84,79,,3349.90,16.1,250
,00:19:39,152,10.6,05:41,85,79,,3352.70,16.2,252
,00:19:40,152,10.5,05:44,84,79,,3355.90,16.1,252
,00:19:41,152,10.3,05:49,85,79,,3358.10,16.1,252
,00:19:42,152,10.2,05:51,84,79,,3360.90,16.1,256
,00:19:43,152,10.3,05:50,84,79,,3364.00,16.1,268
,00:19:44,152,10.3,05:48,84,80,,3366.90,16.2,276
,00:19:45,152,10.4,05:47,84,80,,3369.00,16.1,280
,00:19:46,152,10.4,05:46,84,80,,3371.70,16.1,282
,00:19:47,152,10.4,05:46,84,80,,3374.40,16.1,282
,00:19:48,152,10.4,05:45,85,80,,3377.40,16.1,280
,00:19:49,151,10.5,05:44,85,80,,3379.90,16.2,278
,00:19:50,151,10.5,05:44,84,80,,3383.30,16.2,280
,00:19:51,151,10.5,05:44,85,80,,3385.80,16.1,284
,00:19:52,151,10.5,05:44,84,80,,3388.70,16.1,284
,00:19:53,150,10.5,05:44,85,80,,3391.30,16.2,282
,00:19:54,150,10.5,05:44,85,80,,3394.80,16.2,278
,00:19:55,150,10.5,05:43,84,80,,3397.40,16.1,272
,00:19:56,151,10.5,05:43,85,80,,3400.30,16.1,268
,00:19:57,150,10.5,05:43,85,80,,3403.40,16.1,262
,00:19:58,150,10.5,05:43,85,79,,3406.40,16.1,258
,00:19:59,151,10.5,05:43,85,79,,3409.00,16.1,252
,00:20:00,151,10.5,05:43,85,79,,3412.50,16.1,248
,00:20:01,151,10.5,05:43,85,79,,3415.50,16.1,244
,00:20:02,151,10.5,05:43,85,79,,3418.50,16.1,244
,00:20:03,151,10.5,05:43,85,79,,3421.20,16.1,242
,00:20:04,151,10.5,05:43,84,78,,3424.30,15.9,240
,00:20:05,151,10.5,05:43,84,78,,3427.60,16.1,240
,00:20:06,151,10.5,05:43,85,78,,3430.30,16.1,242
,00:20:07,151,10.5,05:43,84,78,,3433.10,16.1,242
,00:20:08,151,10.5,05:44,84,78,,3436.00,16.1,246
,00:20:09,151,10.4,05:45,85,78,,3439.00,16.0,250
,00:20:10,152,10.4,05:46,84,78,,3441.60,16.1,254
,00:20:11,152,10.4,05:46,84,78,,3444.50,16.1,258
,00:20:12,151,10.4,05:46,85,78,,3447.50,16.0,262
,00:20:13,151,10.4,05:46,85,78,,3450.80,16.1,268
,00:20:14,151,10.4,05:46,85,78,,3453.80,16.0,270
,00:20:15,151,10.4,05:46,85,78,,3456.80,16.1,272
,00:20:16,151,10.4,05:46,84,78,,3459.50,16.1,270
,00:20:17,151,10.4,05:46,84,78,,3462.90,16.0,266
,00:20:18,151,10.4,05:47,85,78,,3465.60,15.9,260
,00:20:19,151,10.4,05:47,85,78,,3469.10,16.1,254
,00:20:20,151,10.2,05:53,85,77,,3471.20,15.9,244
,00:20:21,151,9.7,06:12,85,77,,3473.10,16.2,224
,00:20:22,151,9.0,06:40,85,77,,3474.60,16.1,202
,00:20:23,151,8.4,07:10,85,77,,3475.80,16.0,182
,00:20:24,151,8.0,07:29,85,77,,3477.70,16.1,170
,00:20:25,151,8.1,07:26,85,77,,3480.00,16.0,168
,00:20:26,150,8.4,07:09,85,75,,3482.50,16.1,172
,00:20:27,151,8.7,06:54,84,75,,3485.10,16.0,176
,00:20:28,151,8.8,06:49,84,75,,3487.90,16.0,176
,00:20:29,151,8.8,06:50,81,75,,3491.40,15.9,176
,00:20:30,151,8.7,06:55,81,75,,3494.70,16.1,174
,00:20:31,151,8.5,07:03,86,75,,3498.00,16.1,172
,00:20:32,151,8.1,07:23,86,75,,3500.70,16.0,166
,00:20:33,151,7.6,07:51,88,75,,3502.20,16.0,156
,00:20:34,150,6.9,08:39,88,75,,3503.10,16.0,142
,00:20:35,149,4.8,12:25,86,75,,3503.10,15.9,98
,00:20:36,148,2.7,22:33,85,75,,3503.10,16.0,52
,00:20:37,149,2.1,28:18,84,75,,3503.10,16.1,40
,00:20:38,150,2.9,20:30,84,74,,3503.10,16.1,52
,00:20:39,150,3.7,16:10,84,74,,3503.10,15.9,64
,00:20:40,151,3.7,16:10,82,74,,3504.00,16.0,80
,00:20:41,150,10.2,05:53,83,74,,3507.10,15.9,110
,00:20:42,150,10.2,05:52,83,73,,3507.10,16.0,132
,00:20:43,150,8.2,07:18,83,73,,3507.50,15.9,140
,00:20:44,150,8.4,07:11,83,73,,3507.50,16.0,146
,00:20:45,150,8.4,07:09,83,73,,3507.50,16.0,150
,00:20:46,149,8.4,07:08,83,73,,3507.50,16.1,152
,00:20:47,149,8.4,07:08,83,73,,3510.30,16.1,154
,00:20:48,149,8.4,07:08,83,72,,3513.40,15.9,154
,00:20:49,148,8.4,07:08,83,72,,3516.20,15.9,156
,00:20:50,148,8.2,07:20,83,72,,3519.20,16.0,152
,00:20:51,149,7.7,07:45,83,72,,3521.50,16.0,144
,00:20:52,148,7.3,08:14,83,71,,3522.70,16.1,136
,00:20:53,148,6.9,08:40,83,71,,3522.70,16.0,128
,00:20:54,149,6.8,08:47,83,71,,3524.80,16.0,126
,00:20:55,149,7.1,08:27,83,71,,3527.60,16.1,130
,00:20:56,149,7.6,07:51,83,70,,3530.70,16.0,138
,00:20:57,149,8.2,07:21,83,70,,3534.10,16.0,148
,00:20:58,149,8.8,06:50,83,70,,3537.80,15.9,160
,00:20:59,149,9.5,06:21,83,70,,3540.90,16.0,172
,00:21:00,149,9.9,06:03,83,70,,3544.60,16.0,184
,00:21:01,149,10.3,05:50,83,70,,3549.40,16.0,196
,00:21:02,149,10.6,05:38,84,70,,3554.00,15.9,210
,00:21:03,148,11.8,05:05,84,70,,3558.40,15.9,244
,00:21:04,148,13.3,04:30,84,70,,3562.70,15.9,290
,00:21:05,148,14.1,04:15,84,70,,3567.00,15.9,324
,00:21:06,148,14.3,04:12,84,70,,3570.50,15.9,342
,00:21:07,147,14.0,04:18,84,70,,3574.20,16.1,344
,00:21:08,147,13.5,04:26,84,70,,3578.40,16.0,336
,00:21:09,147,13.2,04:32,84,70,,3582.50,16.0,328
,00:21:10,147,13.1,04:35,84,70,,3586.30,16.0,320
,00:21:11,147,13.0,04:36,85,70,,3590.00,15.9,316
,00:21:12,147,13.1,04:35,85,70,,3593.60,16.1,312
,00:21:13,146,13.5,04:26,84,70,,3597.40,15.9,318
,00:21:14,147,14.0,04:17,84,70,,3601.20,15.9,324
,00:21:15,146,14.2,04:13,84,70,,3605.60,16.1,322
,00:21:16,146,14.4,04:10,85,70,,3609.70,16.0,320
,00:21:17,146,14.3,04:11,85,70,,3613.80,16.0,312
,00:21:18,146,14.3,04:11,85,70,,3617.30,16.1,310
,00:21:19,146,12.8,04:40,85,70,,3620.60,16.0,282
,00:21:20,146,11.3,05:20,84,68,,3623.80,16.1,254
,00:21:21,146,10.7,05:36,84,68,,3626.90,16.0,252
,00:21:22,146,10.6,05:39,85,69,,3629.60,15.9,258
,00:21:23,146,10.6,05:39,85,69,,3632.20,15.9,268
,00:21:24,145,10.6,05:39,85,69,,3635.10,15.9,276
,00:21:25,145,10.6,05:38,84,69,,3637.30,15.9,284
,00:21:26,145,10.7,05:37,84,69,,3639.80,15.9,288
,00:21:27,145,10.7,05:36,84,69,,3643.20,15.9,290
,00:21:28,144,10.7,05:36,85,69,,3646.10,15.9,288
,00:21:29,144,10.7,05:36,85,69,,3649.20,16.0,282
,00:21:30,144,10.7,05:36,83,69,,3652.20,16.0,276
,00:21:31,145,10.7,05:36,83,69,,3655.10,16.0,268
,00:21:32,145,10.7,05:36,83,69,,3658.00,16.0,258
,00:21:33,145,10.7,05:36,84,69,,3660.50,16.0,250
,00:21:34,145,10.7,05:36,85,69,,3663.70,15.9,240
,00:21:35,145,10.7,05:35,84,69,,3666.40,16.1,234
,00:21:36,145,10.7,05:35,83,68,,3668.90,16.1,226
,00:21:37,145,10.7,05:35,83,68,,3671.90,15.9,220
,00:21:38,144,10.7,05:35,83,65,,3674.40,16.1,214
,00:21:39,145,10.7,05:35,83,65,,3677.30,16.1,208
,00:21:40,145,10.7,05:35,83,65,,3680.00,15.9,204
,00:21:41,145,10.7,05:35,83,65,,3682.90,15.9,200
,00:21:42,145,10.7,05:35,83,64,,3686.00,16.1,196
,00:21:43,145,10.7,05:35,83,64,,3689.40,16.0,192
,00:21:44,145,10.7,05:35,83,63,,3692.40,16.0,190
,00:21:45,145,10.7,05:35,83,63,,3695.30,16.1,186
,00:21:46,145,10.8,05:35,83,62,,3698.40,16.1,184
,00:21:47,145,10.8,05:35,83,62,,3701.80,16.2,180
,00:21:48,145,10.8,05:34,84,61,,3705.00,16.1,178
,00:21:49,144,10.8,05:33,85,61,,3708.30,16.1,176
,00:21:50,145,10.8,05:33,85,61,,3710.90,16.2,174
,00:21:51,145,10.8,05:33,84,61,,3714.20,16.1,172
,00:21:52,145,10.8,05:32,83,61,,3716.90,16.1,172
,00:21:53,145,10.8,05:32,83,61,,3719.80,16.1,172
,00:21:54,146,10.9,05:32,83,59,,3722.80,16.1,170
,00:21:55,146,10.9,05:32,83,59,,3726.10,16.1,170
,00:21:56,146,10.9,05:31,83,58,,3728.80,16.1,170
,00:21:57,147,10.9,05:31,84,58,,3731.40,16.2,172
,00:21:58,147,10.9,05:31,84,58,,3734.50,16.1,172
,00:21:59,147,10.9,05:31,83,58,,3738.30,16.1,174
,00:22:00,147,11.0,05:28,84,57,,3740.80,16.1,176
,00:22:01,147,11.0,05:26,83,57,,3744.40,16.1,180
,00:22:02,147,11.0,05:27,83,57,,3747.30,16.1,180
,00:22:03,147,11.0,05:28,83,57,,3750.80,16.1,180
,00:22:04,148,10.9,05:29,83,56,,3753.10,16.1,180
,00:22:05,148,10.9,05:30,83,56,,3756.00,16.2,180
,00:22:06,148,10.9,05:31,83,55,,3759.00,16.2,178
,00:22:07,148,10.9,05:31,83,55,,3761.60,16.2,178
,00:22:08,149,10.8,05:32,83,54,,3763.90,16.2,176
,00:22:09,149,10.8,05:33,83,54,,3766.70,16.3,176
,00:22:10,149,10.7,05:36,83,54,,3768.90,16.3,174
,00:22:11,149,10.6,05:41,83,54,,3771.50,16.2,170
,00:22:12,149,10.4,05:47,83,53,,3773.80,16.3,166
,00:22:13,149,10.1,05:56,83,53,,3776.40,16.3,162
,00:22:14,149,9.9,06:04,83,52,,3778.60,16.3,156
,00:22:15,150,9.6,06:14,83,52,,3780.90,16.4,152
,00:22:16,150,9.4,06:25,84,52,,3782.90,16.2,146
,00:22:17,149,9.1,06:36,85,52,,3784.80,16.3,140
,00:22:18,149,8.8,06:48,85,50,,3786.80,16.4,134
,00:22:19,150,8.6,06:58,85,50,,3788.80,16.3,130
,00:22:20,150,8.6,07:00,84,49,,3790.90,16.5,128
,00:22:21,150,8.6,07:00,84,49,,3793.10,16.3,128
,00:22:22,150,8.6,07:01,85,48,,3795.10,16.4,126
,00:22:23,151,8.6,07:01,85,48,,3797.30,16.4,126
,00:22:24,151,8.6,06:58,85,48,,3799.80,16.4,126
,00:22:25,151,8.8,06:50,85,48,,3802.50,16.5,128
,00:22:26,151,9.0,06:39,83,47,,3805.20,16.5,132
,00:22:27,151,9.2,06:30,83,47,,3807.70,16.5,134
,00:22:28,151,9.4,06:24,83,46,,3810.60,16.4,136
,00:22:29,151,9.5,06:19,83,46,,3813.40,16.5,138
,00:22:30,151,9.6,06:14,83,45,,3816.10,16.5,140
,00:22:31,151,9.7,06:11,83,45,,3819.00,16.4,140
,00:22:32,151,9.7,06:09,83,45,,3822.10,16.6,140
,00:22:33,151,9.9,06:02,83,45,,3826.50,16.5,144
,00:22:34,151,10.4,05:47,83,43,,3831.10,16.6,150
,00:22:35,151,10.9,05:31,81,43,,3835.40,16.6,158
,00:22:36,151,11.3,05:19,79,43,,3839.30,16.5,166
,00:22:37,151,11.6,05:11,78,43,,3843.60,16.6,170
,00:22:38,151,11.7,05:08,81,42,,3847.80,16.6,174
,00:22:39,151,11.7,05:06,82,42,,3852.00,16.6,178
,00:22:40,151,11.8,05:05,82,42,,3856.30,16.7,182
,00:22:41,151,11.7,05:09,82,42,,3859.70,16.7,182
,00:22:42,151,11.4,05:17,82,41,,3861.20,16.7,180
,00:22:43,151,11.1,05:24,82,41,,3863.20,16.6,178
,00:22:44,151,10.9,05:30,82,41,,3865.40,16.6,180
,00:22:45,151,10.7,05:35,82,41,,3868.20,16.7,180
,00:22:46,151,10.7,05:35,82,41,,3870.90,16.7,184
,00:22:47,150,10.9,05:30,82,41,,3873.80,16.7,190
,00:22:48,150,11.1,05:24,82,40,,3876.70,16.7,198
,00:22:49,151,11.2,05:21,83,40,,3879.80,16.8,204
,00:22:50,151,11.3,05:19,83,40,,3883.30,16.7,212
,00:22:51,150,11.4,05:17,83,40,,3887.20,16.7,218
,00:22:52,150,11.5,05:14,83,40,,3891.10,16.7,224
,00:22:53,151,11.4,05:16,83,40,,3894.30,16.7,228
,00:22:54,151,11.1,05:23,83,40,,3897.00,16.7,228
,00:22:55,151,10.9,05:30,83,40,,3899.30,16.8,228
,00:22:56,151,10.7,05:35,83,40,,3901.80,16.9,228
,00:22:57,151,10.6,05:40,83,40,,3904.10,16.9,228
,00:22:58,152,10.5,05:44,83,39,,3906.00,16.7,226
,00:22:59,152,10.3,05:50,83,39,,3907.30,16.8,222
,00:23:00,152,9.9,06:02,83,39,,3908.80,16.7,214
,00:23:01,152,9.6,06:16,83,39,,3910.20,16.8,204
,00:23:02,152,9.3,06:28,83,38,,3912.30,16.8,194
,00:23:03,152,9.2,06:33,83,38,,3914.20,16.8,186
,00:23:04,152,9.1,06:34,83,37,,3916.20,16.8,182
,00:23:05,152,9.0,06:38,83,37,,3918.20,16.7,176
,00:23:06,152,9.0,06:40,83,37,,3920.00,16.8,174
,00:23:07,152,8.9,06:43,83,37,,3922.40,16.8,170
,00:23:08,152,8.9,06:46,83,36,,3925.00,16.8,170
,00:23:09,151,9.0,06:41,83,36,,3927.80,16.9,172
,00:23:10,151,9.0,06:38,83,36,,3930.90,16.8,174
,00:23:11,152,9.2,06:30,83,36,,3934.20,16.9,180
,00:23:12,151,9.6,06:17,83,36,,3937.50,16.9,188
,00:23:13,151,9.9,06:03,83,36,,3940.60,16.9,198
,00:23:14,151,10.2,05:52,83,36,,3944.30,16.9,206
,00:23:15,152,10.3,05:50,83,36,,3947.80,16.9,210
,00:23:16,152,10.2,05:52,83,36,,3950.60,16.8,210
,00:23:17,152,10.1,05:55,83,36,,3953.60,16.9,210
,00:23:18,152,10.1,05:58,83,36,,3956.40,16.8,210
,00:23:19,153,10.0,06:00,83,36,,3959.10,16.9,210
,00:23:20,152,10.0,06:02,83,36,,3961.30,16.9,210
,00:23:21,152,9.9,06:02,83,36,,3963.70,16.9,212
,00:23:22,152,9.9,06:02,83,36,,3966.20,16.9,216
,00:23:23,152,9.9,06:02,83,36,,3968.70,17.0,220
,00:23:24,153,9.9,06:02,83,36,,3971.40,16.9,226
,00:23:25,153,10.0,06:01,83,36,,3974.40,16.9,234
,00:23:26,152,10.0,06:01,83,36,,3977.50,16.9,242
,00:23:27,152,10.0,06:00,83,36,,3980.50,16.8,252
,00:23:28,152,10.0,05:59,83,36,,3983.70,16.9,258
,00:23:29,152,10.1,05:57,83,36,,3986.20,16.9,266
,00:23:30,152,10.1,05:56,83,36,,3988.90,16.9,272
,00:23:31,152,10.1,05:55,83,36,,3991.60,16.9,278
,00:23:32,152,10.2,05:54,83,36,,3994.40,16.9,282
,00:23:33,153,10.2,05:54,83,36,,3997.00,16.9,288
,00:23:34,153,10.2,05:54,83,36,,3999.60,16.9,292
,00:23:35,152,10.1,05:55,84,36,,4002.30,16.9,292
,00:23:36,153,10.1,05:56,85,36,,4005.40,16.9,288
,00:23:37,153,10.2,05:54,83,36,,4008.10,16.9,288
,00:23:38,153,10.3,05:50,83,36,,4011.50,16.9,288
,00:23:39,153,10.3,05:49,83,36,,4014.60,16.9,288
,00:23:40,153,10.2,05:51,83,36,,4017.60,16.8,286
,00:23:41,153,10.2,05:54,83,36,,4020.10,16.9,284
,00:23:42,154,10.1,05:56,83,36,,4023.00,16.9,282
,00:23:43,154,10.1,05:58,84,36,,4025.70,16.9,282
,00:23:44,153,10.0,05:59,84,36,,4028.40,16.9,282
,00:23:45,154,10.0,06:01,85,36,,4031.10,16.9,282
,00:23:46,154,10.0,06:02,85,36,,4033.50,16.9,282
,00:23:47,154,9.9,06:02,85,36,,4035.90,16.9,282
,00:23:48,154,9.9,06:03,84,36,,4038.60,16.8,278
,00:23:49,154,9.9,06:03,84,36,,4041.80,16.8,276
,00:23:50,155,10.1,05:58,85,36,,4045.20,16.8,276
,00:23:51,155,10.3,05:48,85,36,,4048.60,16.9,280
,00:23:52,155,10.6,05:40,85,36,,4052.30,16.8,282
,00:23:53,154,10.8,05:34,85,36,,4055.80,16.9,284
,00:23:54,155,10.9,05:31,85,36,,4058.90,16.9,282
,00:23:55,155,10.9,05:30,85,36,,4062.30,17.0,280
,00:23:56,155,10.9,05:30,85,36,,4065.90,16.8,278
,00:23:57,154,10.8,05:33,85,36,,4069.20,16.9,274
,00:23:58,154,10.7,05:38,85,36,,4072.10,16.9,272
,00:23:59,154,10.5,05:42,85,36,,4075.00,17.0,270
,00:24:00,154,10.4,05:45,85,36,,4077.90,16.7,270
,00:24:01,154,10.4,05:47,85,36,,4080.80,16.8,274
,00:24:02,153,10.4,05:47,85,36,,4083.80,16.9,278
,00:24:03,154,10.3,05:48,85,36,,4086.80,16.8,284
,00:24:04,154,10.3,05:48,85,36,,4089.90,16.9,290
,00:24:05,154,10.3,05:48,85,36,,4092.80,16.9,300
,00:24:06,154,10.3,05:48,85,36,,4095.60,16.7,312
,00:24:07,154,10.4,05:48,83,36,,4098.80,16.8,324
,00:24:08,154,10.4,05:47,83,36,,4101.70,16.9,336
,00:24:09,153,10.4,05:47,84,36,,4104.60,16.9,346
,00:24:10,153,10.4,05:47,85,37,,4107.30,16.8,354
,00:24:11,153,10.4,05:46,84,37,,4110.20,16.8,362
,00:24:12,153,10.4,05:46,83,38,,4113.20,16.8,370
,00:24:13,152,10.4,05:46,83,38,,4116.30,16.8,376
,00:24:14,152,10.4,05:46,84,38,,4119.50,16.8,382
,00:24:15,151,10.4,05:46,85,38,,4122.50,16.8,384
,00:24:16,151,10.4,05:46,85,39,,4125.70,16.8,384
,00:24:17,151,10.4,05:46,85,39,,4128.60,16.8,386
,00:24:18,151,10.4,05:46,85,39,,4131.30,16.8,386
,00:24:19,151,10.4,05:46,84,39,,4134.40,16.7,388
,00:24:20,151,10.4,05:46,85,39,,4137.30,16.7,388
,00:24:21,150,10.4,05:46,85,39,,4140.40,16.7,388
,00:24:22,151,10.4,05:45,85,40,,4143.50,16.7,386
,00:24:23,151,10.5,05:44,85,40,,4146.30,16.8,386
,00:24:24,151,10.5,05:42,85,40,,4149.70,16.7,384
,00:24:25,151,10.6,05:39,84,40,,4153.10,16.8,382
,00:24:26,151,10.9,05:32,85,40,,4156.80,16.7,382
,00:24:27,151,11.1,05:23,83,40,,4160.70,16.8,382
,00:24:28,151,11.2,05:21,83,40,,4164.00,16.7,372
,00:24:29,151,11.1,05:23,82,40,,4166.80,16.8,354
,00:24:30,152,10.9,05:29,81,40,,4169.60,16.7,336
,00:24:31,152,10.7,05:38,81,40,,4172.00,16.7,316
,00:24:32,152,10.4,05:47,81,39,,4175.00,16.7,298
,00:24:33,151,10.1,05:58,81,39,,4177.10,16.7,282
,00:24:34,151,9.8,06:07,81,39,,4179.10,16.7,270
,00:24:35,152,9.5,06:17,81,39,,4180.80,16.6,260
,00:24:36,152,9.2,06:32,81,39,,4181.90,16.7,248
,00:24:37,153,8.7,06:55,82,39,,4183.20,16.6,232
,00:24:38,153,7.3,08:11,82,39,,4184.40,16.7,196
,00:24:39,153,6.3,09:34,82,39,,4185.70,16.7,166
,00:24:40,152,6.3,09:31,82,39,,4187.10,16.7,166
,00:24:41,153,6.5,09:14,82,39,,4188.30,16.7,170
,00:24:42,153,6.8,08:53,81,39,,4190.00,16.7,174
,00:24:43,152,7.0,08:37,82,39,,4192.00,16.7,178
,00:24:44,151,7.3,08:16,81,39,,4193.90,16.7,184
,00:24:45,151,7.8,07:44,81,39,,4196.60,16.7,196
,00:24:46,151,8.2,07:20,81,39,,4199.40,16.7,208
,00:24:47,151,8.6,07:00,81,39,,4203.40,16.7,218
,00:24:48,151,9.0,06:41,81,39,,4206.50,16.7,228
,00:24:49,151,9.3,06:28,82,39,,4209.30,16.6,236
,00:24:50,151,9.5,06:18,82,39,,4212.40,16.7,244
,00:24:51,151,9.7,06:10,82,39,,4215.60,16.7,254
,00:24:52,151,9.9,06:05,82,39,,4218.60,16.7,268
,00:24:53,152,10.0,06:01,82,39,,4221.70,16.7,286
,00:24:54,152,10.1,05:58,81,40,,4224.50,16.7,300
,00:24:55,152,10.0,05:59,81,40,,4227.20,16.6,316
,00:24:56,152,9.8,06:08,81,41,,4228.50,16.6,332
,00:24:57,152,9.5,06:20,81,41,,4230.80,16.6,348
,00:24:58,152,9.3,06:29,81,41,,4233.40,16.6,366
,00:24:59,153,9.3,06:28,80,41,,4235.60,16.6,390
,00:25:00,153,9.6,06:16,79,41,,4239.10,16.6,426
,00:25:01,153,10.0,06:01,80,41,,4242.90,16.6,464
,00:25:02,153,10.3,05:48,80,45,,4246.10,16.6,496
,00:25:03,153,10.6,05:41,80,45,,4249.00,16.6,518
,00:25:04,154,10.4,05:45,80,46,,4252.90,16.5,518
,00:25:05,154,10.1,05:57,80,46,,4256.80,16.5,514
,00:25:06,154,9.8,06:07,80,47,,4260.80,16.6,514
,00:25:07,154,9.7,06:10,81,47,,4264.10,16.6,522
,00:25:08,155,9.7,06:11,82,48,,4267.60,16.5,530
,00:25:09,155,9.7,06:12,82,48,,4269.90,16.5,534
,00:25:10,156,9.7,06:11,82,48,,4272.50,16.4,536
,00:25:11,156,9.7,06:10,82,48,,4275.20,16.5,532
,00:25:12,156,9.8,06:09,82,49,,4278.50,16.5,528
,00:25:13,156,9.8,06:06,82,49,,4281.30,16.4,524
,00:25:14,156,9.9,06:04,82,49,,4284.60,16.5,516
,00:25:15,157,9.9,06:02,82,49,,4287.60,16.5,504
,00:25:16,157,10.0,06:00,82,49,,4290.90,16.4,492
,00:25:17,157,10.1,05:58,82,49,,4293.80,16.4,482
,00:25:18,157,10.1,05:56,82,50,,4296.40,16.4,472
,00:25:19,157,10.1,05:57,81,50,,4298.50,16.4,456
,00:25:20,157,10.0,05:58,81,50,,4301.30,16.4,436
,00:25:21,157,10.0,05:59,81,50,,4304.20,16.4,420
,00:25:22,157,10.0,05:59,81,50,,4306.90,16.5,406
,00:25:23,157,10.1,05:58,81,50,,4309.10,16.4,394
,00:25:24,157,10.1,05:57,81,50,,4311.60,16.4,388
,00:25:25,157,10.3,05:50,81,50,,4314.80,16.4,392
,00:25:26,157,10.7,05:36,82,50,,4318.40,16.4,408
,00:25:27,157,11.2,05:22,82,50,,4322.20,16.4,424
,00:25:28,157,11.4,05:17,82,52,,4326.10,16.4,426
,00:25:29,158,11.3,05:19,81,52,,4329.70,16.4,416
,00:25:30,157,11.2,05:23,82,52,,4333.20,16.2,404
,00:25:31,157,11.1,05:26,82,52,,4336.70,16.4,392
,00:25:32,156,11.0,05:28,82,52,,4340.30,16.3,384
,00:25:33,157,10.9,05:32,82,52,,4343.50,16.4,376
,00:25:34,157,10.8,05:34,82,52,,4346.50,16.3,370
,00:25:35,158,10.7,05:36,82,52,,4349.30,16.2,364
,00:25:36,158,10.7,05:35,82,52,,4351.90,16.3,362
,00:25:37,158,10.8,05:34,82,52,,4355.10,16.3,358
,00:25:38,158,10.7,05:35,82,52,,4357.70,16.2,354
,00:25:39,158,10.7,05:36,82,52,,4360.60,16.3,348
,00:25:40,158,10.7,05:36,82,52,,4363.60,16.2,344
,00:25:41,157,10.7,05:36,82,52,,4366.80,16.2,342
,00:25:42,158,10.7,05:36,82,52,,4370.10,16.2,338
,00:25:43,158,10.7,05:36,81,52,,4372.60,16.1,332
,00:25:44,158,10.7,05:36,81,52,,4375.40,16.2,328
,00:25:45,158,10.7,05:36,81,52,,4378.50,16.2,322
,00:25:46,157,10.7,05:35,81,52,,4381.20,16.3,318
,00:25:47,157,10.9,05:29,81,52,,4385.40,16.3,318
,00:25:48,157,11.3,05:19,81,52,,4389.30,16.3,326
,00:25:49,157,11.5,05:12,81,52,,4392.90,16.2,330
,00:25:50,157,11.7,05:08,81,52,,4396.30,16.2,332
,00:25:51,157,11.6,05:10,82,52,,4399.70,16.2,330
,00:25:52,157,11.5,05:13,82,52,,4403.50,16.2,324
,00:25:53,157,11.4,05:15,82,52,,4407.20,16.2,316
,00:25:54,157,11.4,05:17,82,52,,4410.30,16.2,308
,00:25:55,157,11.3,05:19,82,52,,4412.70,16.1,302
,00:25:56,158,11.2,05:20,82,52,,4414.40,16.1,300
,00:25:57,158,11.3,05:19,82,52,,4417.00,16.1,302
,00:25:58,158,11.5,05:14,82,52,,4420.30,16.1,308
,00:25:59,157,11.6,05:10,82,52,,4423.30,16.1,310
,00:26:00,157,11.6,05:09,82,52,,4425.70,16.1,314
,00:26:01,157,11.5,05:12,82,52,,4428.50,16.1,318
,00:26:02,157,11.5,05:14,82,52,,4432.30,16.1,328
,00:26:03,157,11.4,05:16,82,52,,4436.70,16.1,340
,00:26:04,157,11.4,05:17,82,52,,4440.60,16.1,354
,00:26:05,157,11.3,05:18,82,52,,4443.40,16.2,368
,00:26:06,157,11.3,05:19,82,52,,4446.10,16.1,380
,00:26:07,156,11.3,05:20,82,52,,4448.50,16.2,388
,00:26:08,156,11.2,05:21,82,54,,4451.30,16.1,392
,00:26:09,156,11.2,05:21,82,54,,4453.70,16.1,390
,00:26:10,156,11.2,05:22,82,54,,4456.90,16.1,382
,00:26:11,156,11.2,05:22,82,54,,4459.60,16.1,374
,00:26:12,156,11.2,05:21,82,54,,4462.40,16.1,368
,00:26:13,156,11.3,05:19,82,54,,4465.80,16.1,368
,00:26:14,156,11.3,05:19,82,54,,4469.40,16.1,366
,00:26:15,156,11.3,05:19,82,54,,4472.80,16.2,362
,00:26:16,156,11.4,05:15,82,54,,4476.20,16.1,364
,00:26:17,157,11.8,05:06,82,54,,4480.10,16.1,370
,00:26:18,157,12.0,04:59,82,54,,4484.20,16.1,374
,00:26:19,157,12.2,04:54,82,54,,4487.00,16.1,374
,00:26:20,157,12.2,04:54,82,54,,4489.80,16.0,366
,00:26:21,156,12.1,04:58,82,54,,4493.30,16.2,352
,00:26:22,157,12.0,05:00,82,54,,4496.30,16.0,336
,00:26:23,157,11.9,05:03,82,54,,4500.10,16.1,324
,00:26:24,157,11.7,05:07,82,54,,4502.60,16.1,314
,00:26:25,157,11.4,05:15,82,54,,4505.00,16.1,300
,00:26:26,157,11.2,05:21,82,53,,4506.70,16.1,290
,00:26:27,156,11.1,05:23,83,53,,4509.10,16.2,282
,00:26:28,156,11.2,05:23,83,53,,4511.50,16.1,278
,00:26:29,156,11.2,05:22,83,53,,4514.10,16.1,272
,00:26:30,156,11.2,05:22,83,52,,4516.90,16.1,268
,00:26:31,155,11.2,05:22,83,52,,4520.00,16.1,264
,00:26:32,155,11.2,05:22,83,52,,4523.10,16.1,268
,00:26:33,154,11.2,05:22,83,52,,4526.60,16.1,272
,00:26:34,154,11.2,05:21,83,52,,4530.00,16.1,274
,00:26:35,154,11.2,05:20,83,52,,4533.50,16.0,276
,00:26:36,154,11.3,05:20,83,52,,4536.70,16.1,278
,00:26:37,154,11.3,05:19,83,52,,4540.00,16.1,280
,00:26:38,153,11.3,05:19,83,52,,4543.30,15.9,282
,00:26:39,153,11.3,05:18,84,52,,4546.20,16.0,280
,00:26:40,153,11.3,05:17,84,52,,4549.70,15.9,276
,00:26:41,153,11.3,05:19,85,52,,4552.70,16.0,270
,00:26:42,153,11.2,05:21,85,52,,4555.30,16.0,264
,00:26:43,153,11.3,05:20,84,52,,4558.30,16.0,264
,00:26:44,153,11.3,05:19,84,52,,4561.50,15.9,264
,00:26:45,153,11.3,05:18,84,52,,4564.50,16.0,266
,00:26:46,153,11.4,05:17,84,52,,4567.00,16.0,266
,00:26:47,153,11.3,05:18,84,52,,4569.60,15.9,266
,00:26:48,153,11.3,05:20,84,52,,4572.60,16.0,266
,00:26:49,153,11.3,05:20,84,52,,4575.20,15.9,274
,00:26:50,153,11.3,05:19,84,52,,4578.00,15.9,284
,00:26:51,153,11.3,05:19,84,52,,4581.20,16.0,294
,00:26:52,154,11.3,05:19,84,52,,4584.10,15.9,302
,00:26:53,154,11.2,05:20,84,52,,4586.60,15.8,308
,00:26:54,155,11.2,05:22,84,52,,4589.50,15.9,314
,00:26:55,155,11.1,05:23,84,52,,4592.60,15.9,318
,00:26:56,155,11.1,05:25,84,52,,4595.30,15.9,326
,00:26:57,156,11.0,05:26,84,52,,4598.10,15.9,342
,00:26:58,156,11.0,05:27,84,53,,4600.80,15.9,364
,00:26:59,156,10.9,05:29,84,53,,4603.60,15.9,380
,00:27:00,156,10.8,05:35,84,53,,4606.40,15.9,392
,00:27:01,156,10.5,05:43,84,53,,4609.50,15.9,398
,00:27:02,157,10.4,05:48,84,53,,4612.60,15.9,404
,00:27:03,157,10.4,05:47,84,53,,4615.20,15.9,412
,00:27:04,157,10.2,05:51,84,55,,4618.00,15.7,406
,00:27:05,157,10.0,05:59,84,55,,4621.10,15.9,394
,00:27:06,157,9.9,06:03,84,55,,4624.20,15.8,384
,00:27:07,157,9.9,06:05,84,55,,4626.90,15.8,372
,00:27:08,157,9.9,06:05,85,55,,4629.90,15.9,364
,00:27:09,157,10.0,06:01,84,55,,4632.90,15.9,358
,00:27:10,156,10.1,05:56,85,55,,4635.80,15.9,352
,00:27:11,156,10.3,05:51,84,55,,4638.70,15.9,346
,00:27:12,156,10.4,05:47,84,55,,4642.20,15.7,338
,00:27:13,156,10.4,05:46,84,55,,4645.60,15.7,328
,00:27:14,156,10.5,05:43,84,55,,4648.80,15.8,320
,00:27:15,157,10.6,05:39,84,55,,4651.90,15.8,312
,00:27:16,157,10.7,05:36,84,55,,4655.50,15.9,302
,00:27:17,157,10.8,05:34,84,55,,4658.40,15.8,294
,00:27:18,157,10.8,05:32,84,54,,4661.50,15.8,284
,00:27:19,157,10.9,05:31,85,54,,4664.70,15.8,276
,00:27:20,157,10.9,05:30,85,54,,4667.90,15.7,268
,00:27:21,158,11.0,05:28,82,54,,4671.30,15.8,262
,00:27:22,158,11.0,05:28,81,53,,4674.50,15.8,254
,00:27:23,158,11.0,05:27,81,53,,4677.60,15.7,248
,00:27:24,158,11.0,05:27,83,53,,4680.90,15.7,242
,00:27:25,157,11.0,05:27,84,53,,4683.80,15.8,238
,00:27:26,157,11.0,05:27,86,52,,4687.20,15.8,234
,00:27:27,157,11.0,05:27,86,52,,4690.60,15.7,236
,00:27:28,158,11.0,05:27,87,52,,4693.80,15.8,238
,00:27:29,158,11.0,05:27,85,52,,4696.90,15.7,240
,00:27:30,158,11.0,05:28,84,52,,4699.90,15.7,244
,00:27:31,158,11.0,05:28,84,52,,4703.10,15.7,248
,00:27:32,158,11.0,05:28,84,52,,4706.40,15.8,250
,00:27:33,158,11.0,05:28,84,52,,4709.40,15.7,252
,00:27:34,158,11.0,05:28,85,52,,4712.80,15.7,258
,00:27:35,158,11.0,05:27,85,52,,4716.00,15.8,268
,00:27:36,159,11.0,05:27,85,52,,4718.90,15.7,280
,00:27:37,159,11.0,05:26,84,52,,4721.90,15.7,288
,00:27:38,159,11.0,05:26,84,53,,4724.80,15.7,294
,00:27:39,159,11.1,05:25,84,53,,4727.70,15.7,298
,00:27:40,158,11.1,05:26,84,53,,4730.10,15.7,300
,00:27:41,158,11.0,05:27,85,53,,4733.20,15.7,300
,00:27:42,158,11.0,05:27,85,53,,4735.90,15.7,302
,00:27:43,158,11.0,05:27,84,53,,4739.00,15.7,304
,00:27:44,159,11.0,05:28,84,53,,4741.90,15.7,310
,00:27:45,159,11.0,05:29,84,53,,4744.70,15.7,314
,00:27:46,159,10.9,05:30,84,53,,4747.80,15.6,320
,00:27:47,158,10.9,05:31,84,53,,4750.80,15.6,330
,00:27:48,158,10.9,05:31,84,54,,4753.60,15.7,342
,00:27:49,158,10.9,05:31,84,54,,4757.20,15.6,354
,00:27:50,158,10.9,05:31,84,55,,4760.30,15.7,370
,00:27:51,158,10.9,05:30,84,55,,4763.40,15.7,384
,00:27:52,158,10.9,05:30,84,55,,4766.50,15.7,396
,00:27:53,158,11.0,05:28,84,55,,4769.70,15.7,408
,00:27:54,157,11.0,05:26,84,55,,4772.60,15.7,408
,00:27:55,157,11.1,05:25,82,55,,4775.90,15.5,404
,00:27:56,156,11.1,05:24,81,55,,4779.00,15.6,392
,00:27:57,156,11.1,05:23,83,55,,4782.30,15.7,380
,00:27:58,156,11.1,05:23,83,55,,4785.10,15.6,368
,00:27:59,156,11.1,05:25,83,55,,4787.50,15.6,358
,00:28:00,156,11.0,05:29,83,55,,4790.40,15.6,348
,00:28:01,156,10.8,05:33,83,55,,4792.60,15.6,336
,00:28:02,156,10.7,05:37,83,55,,4795.20,15.6,324
,00:28:03,155,10.7,05:38,83,55,,4798.10,15.7,316
,00:28:04,155,10.7,05:36,83,55,,4800.70,15.5,308
,00:28:05,155,10.7,05:35,83,55,,4803.30,15.7,302
,00:28:06,155,10.7,05:35,83,55,,4805.70,15.7,294
,00:28:07,155,10.6,05:38,83,55,,4808.30,15.6,282
,00:28:08,155,10.5,05:42,83,54,,4810.90,15.6,272
,00:28:09,154,10.4,05:45,83,54,,4813.60,15.6,262
,00:28:10,154,10.4,05:46,83,54,,4816.30,15.6,254
,00:28:11,154,10.4,05:46,83,54,,4819.00,15.5,248
,00:28:12,154,10.4,05:45,81,53,,4821.60,15.6,246
,00:28:13,154,10.5,05:43,81,53,,4824.30,15.6,244
,00:28:14,154,10.5,05:42,81,53,,4827.00,15.5,244
,00:28:15,153,10.4,05:46,81,53,,4829.50,15.6,238
,00:28:16,154,10.1,05:56,81,53,,4831.90,15.6,232
,00:28:17,154,9.8,06:06,81,53,,4834.40,15.5,224
,00:28:18,154,9.6,06:15,81,53,,4836.70,15.6,220
,00:28:19,154,9.4,06:22,81,53,,4839.00,15.6,216
,00:28:20,154,9.4,06:24,81,53,,4841.40,15.7,216
,00:28:21,154,9.5,06:18,81,53,,4843.90,15.6,220
,00:28:22,154,9.7,06:11,81,52,,4846.70,15.5,224
,00:28:23,154,9.9,06:05,82,52,,4849.60,15.6,228
,00:28:24,154,10.0,06:00,82,52,,4852.60,15.5,232
,00:28:25,154,10.1,05:57,83,52,,4855.70,15.6,234
,00:28:26,155,10.1,05:55,83,52,,4858.80,15.6,236
,00:28:27,155,10.2,05:53,83,52,,4862.30,15.6,236
,00:28:28,155,10.2,05:52,83,52,,4865.50,15.6,238
,00:28:29,155,10.3,05:51,83,52,,4868.50,15.6,238
,00:28:30,155,10.3,05:50,83,52,,4871.60,15.6,240
,00:28:31,155,10.3,05:49,83,52,,4874.30,15.6,240
,00:28:32,156,10.3,05:49,83,52,,4877.50,15.5,240
,00:28:33,156,10.3,05:49,83,52,,4880.40,15.6,238
,00:28:34,156,10.3,05:49,83,52,,4883.30,15.6,234
,00:28:35,156,10.3,05:48,83,52,,4886.20,15.5,234
,00:28:36,156,10.3,05:48,83,52,,4888.80,15.4,236
,00:28:37,155,10.3,05:48,83,52,,4891.80,15.5,240
,00:28:38,156,10.3,05:48,85,52,,4894.70,15.5,244
,00:28:39,156,10.3,05:48,85,52,,4897.50,15.5,252
,00:28:40,156,10.4,05:48,84,52,,4900.60,15.6,256
,00:28:41,156,10.4,05:48,84,52,,4902.80,15.6,260
,00:28:42,155,10.4,05:48,84,52,,4906.30,15.5,262
,00:28:43,155,10.4,05:48,84,52,,4909.20,15.6,264
,00:28:44,156,10.4,05:48,84,52,,4912.30,15.5,264
,00:28:45,156,10.4,05:48,84,52,,4915.00,15.5,262
,00:28:46,156,10.4,05:48,84,52,,4918.40,15.5,260
,00:28:47,156,10.4,05:47,84,52,,4921.50,15.6,256
,00:28:48,156,10.4,05:47,84,52,,4924.50,15.5,254
,00:28:49,155,10.4,05:47,84,52,,4927.40,15.5,252
,00:28:50,156,10.4,05:47,84,52,,4930.30,15.5,252
,00:28:51,156,10.4,05:47,84,52,,4932.70,15.5,250
,00:28:52,156,10.4,05:47,84,52,,4935.40,15.5,252
,00:28:53,155,10.3,05:49,84,52,,4937.90,15.5,252
,00:28:54,155,10.3,05:51,84,52,,4940.80,15.5,254
,00:28:55,154,10.2,05:53,84,52,,4943.30,15.4,258
,00:28:56,154,10.2,05:54,84,52,,4946.00,15.5,264
,00:28:57,155,10.1,05:55,84,52,,4948.70,15.5,268
,00:28:58,154,10.1,05:56,84,52,,4951.40,15.4,272
,00:28:59,154,10.1,05:57,85,52,,4954.10,15.5,274
,00:29:00,154,10.1,05:57,84,52,,4957.10,15.5,276
,00:29:01,155,10.1,05:58,85,52,,4960.00,15.5,276
,00:29:02,155,10.1,05:58,85,52,,4963.00,15.5,274
,00:29:03,154,10.1,05:58,85,52,,4965.80,15.4,272
,00:29:04,154,10.1,05:57,85,52,,4968.30,15.6,272
,00:29:05,154,10.1,05:56,84,52,,4971.20,15.5,270
,00:29:06,154,10.1,05:56,84,52,,4974.20,15.4,272
,00:29:07,154,10.1,05:55,84,52,,4977.10,15.5,274
,00:29:08,153,10.2,05:54,84,52,,4980.30,15.5,274
,00:29:09,153,10.2,05:53,84,52,,4983.10,15.4,274
,00:29:10,154,10.2,05:53,84,52,,4985.80,15.5,272
,00:29:11,154,10.2,05:52,85,52,,4988.60,15.4,272
,00:29:12,154,10.2,05:51,84,52,,4991.40,15.4,272
,00:29:13,153,10.3,05:51,84,52,,4994.30,15.4,272
,00:29:14,154,10.3,05:51,84,52,,4997.20,15.5,274
,00:29:15,154,10.3,05:51,84,52,,4999.90,15.5,274
,00:29:16,154,10.3,05:50,84,52,,5002.70,15.4,274
,00:29:17,153,10.3,05:50,84,52,,5005.50,15.5,274
,00:29:18,153,10.3,05:50,84,52,,5008.30,15.5,274
,00:29:19,154,10.3,05:50,85,52,,5011.40,15.5,272
,00:29:20,153,10.3,05:50,84,52,,5014.50,15.5,270
,00:29:21,154,10.3,05:49,84,52,,5017.60,15.5,266
,00:29:22,153,10.3,05:49,84,50,,5020.60,15.4,260
,00:29:23,153,10.3,05:49,84,50,,5023.50,15.5,254
,00:29:24,153,10.3,05:49,84,50,,5026.10,15.4,250
,00:29:25,153,10.3,05:49,85,50,,5028.80,15.5,246
,00:29:26,153,10.3,05:49,85,49,,5031.60,15.4,240
,00:29:27,153,10.3,05:49,85,49,,5035.40,15.5,234
,00:29:28,153,10.3,05:49,85,49,,5038.20,15.5,228
,00:29:29,154,10.3,05:49,85,49,,5040.50,15.4,224
,00:29:30,154,10.3,05:50,85,48,,5043.20,15.5,220
,00:29:31,153,10.3,05:50,85,48,,5045.90,15.4,220
,00:29:32,154,10.3,05:51,85,48,,5048.80,15.5,222
,00:29:33,154,10.3,05:51,85,48,,5052.10,15.4,226
,00:29:34,154,10.2,05:51,85,48,,5055.30,15.5,228
,00:29:35,154,10.2,05:51,85,48,,5058.30,15.5,230
,00:29:36,154,10.2,05:51,85,48,,5060.40,15.5,230
,00:29:37,154,10.3,05:51,85,48,,5063.50,15.4,230
,00:29:38,154,10.3,05:51,85,48,,5067.10,15.5,230
,00:29:39,153,10.3,05:50,85,48,,5070.20,15.5,228
,00:29:40,153,10.3,05:50,85,47,,5073.50,15.5,224
,00:29:41,153,10.3,05:50,85,47,,5076.60,15.4,220
,00:29:42,154,10.3,05:50,85,47,,5079.40,15.5,216
,00:29:43,153,10.3,05:50,84,47,,5082.50,15.4,212
,00:29:44,153,10.3,05:48,84,47,,5085.60,15.5,210
,00:29:45,153,10.5,05:44,85,47,,5088.80,15.5,208
,00:29:46,153,10.6,05:40,85,47,,5092.10,15.4,206
,00:29:47,153,10.7,05:37,85,47,,5095.40,15.4,206
,00:29:48,153,10.7,05:36,85,45,,5098.60,15.5,202
,00:29:49,153,10.7,05:37,85,45,,5101.80,15.4,198
,00:29:50,153,10.6,05:38,85,43,,5105.00,15.4,196
,00:29:51,153,10.6,05:40,85,43,,5108.50,15.5,194
,00:29:52,153,10.6,05:40,85,43,,5111.80,15.4,192
,00:29:53,153,10.7,05:38,85,43,,5115.10,15.4,194
,00:29:54,154,10.8,05:34,85,43,,5118.20,15.4,198
,00:29:55,154,10.8,05:32,85,43,,5121.50,15.4,202
,00:29:56,153,10.8,05:32,85,43,,5124.70,15.5,206
,00:29:57,153,10.8,05:33,85,43,,5127.90,15.5,210
,00:29:58,153,10.7,05:35,85,43,,5131.10,15.5,216
,00:29:59,153,10.7,05:36,85,43,,5134.30,15.5,220
,00:30:00,152,10.7,05:36,84,43,,5137.60,15.4,226
,00:30:01,152,10.7,05:36,84,43,,5140.80,15.4,230
,00:30:02,153,10.7,05:35,84,43,,5143.50,15.4,234
,00:30:03,152,10.8,05:35,84,43,,5146.50,15.5,236
,00:30:04,152,10.8,05:34,84,43,,5149.60,15.3,238
,00:30:05,152,10.8,05:34,85,43,,5152.80,15.5,238
,00:30:06,152,10.8,05:34,84,42,,5155.80,15.5,236
,00:30:07,152,10.8,05:33,85,42,,5159.00,15.5,234
,00:30:08,152,10.8,05:32,84,41,,5162.40,15.4,230
,00:30:09,152,10.9,05:32,84,41,,5165.80,15.5,226
,00:30:10,152,10.9,05:31,85,40,,5168.70,15.4,222
,00:30:11,151,10.9,05:30,84,40,,5172.30,15.4,220
,00:30:12,151,10.9,05:30,84,40,,5175.80,15.4,218
,00:30:13,151,10.9,05:29,84,40,,5179.60,15.4,216
,00:30:14,151,11.0,05:28,82,39,,5183.10,15.4,214
,00:30:15,151,11.0,05:27,82,39,,5186.00,15.4,212
,00:30:16,150,11.0,05:27,81,39,,5189.20,15.4,210
,00:30:17,150,11.0,05:29,82,39,,5191.90,15.4,208
,00:30:18,151,10.9,05:31,83,39,,5194.50,15.4,208
,00:30:19,151,10.9,05:30,83,39,,5197.30,15.4,208
,00:30:20,150,11.0,05:29,83,39,,5200.10,15.4,212
,00:30:21,151,11.0,05:28,83,39,,5202.80,15.4,212
,00:30:22,151,11.0,05:27,83,38,,5205.20,15.5,214
,00:30:23,150,11.1,05:26,83,38,,5208.00,15.4,212
,00:30:24,150,11.1,05:25,83,37,,5211.30,15.4,210
,00:30:25,150,11.1,05:24,83,37,,5214.30,15.4,210
,00:30:26,150,11.2,05:23,83,37,,5217.60,15.4,212
,00:30:27,150,11.2,05:22,83,37,,5220.80,15.4,216
,00:30:28,150,11.2,05:22,83,37,,5223.90,15.4,222
,00:30:29,150,11.2,05:21,83,37,,5226.80,15.4,226
,00:30:30,150,11.2,05:21,83,37,,5229.40,15.4,228
,00:30:31,150,11.2,05:21,83,37,,5232.30,15.4,230
,00:30:32,150,11.2,05:20,83,36,,5235.20,15.4,232
,00:30:33,150,11.2,05:20,83,36,,5238.00,15.5,232
,00:30:34,150,11.3,05:20,83,36,,5240.90,15.4,232
,00:30:35,149,11.3,05:20,83,36,,5243.70,15.5,230
,00:30:36,148,11.3,05:20,83,36,,5247.10,15.5,230
,00:30:37,148,11.3,05:20,83,36,,5250.00,15.5,228
,00:30:38,148,11.3,05:20,83,36,,5253.10,15.5,228
,00:30:39,147,11.3,05:20,83,36,,5256.30,15.5,226
,00:30:40,147,11.3,05:20,83,34,,5259.50,15.4,226
,00:30:41,147,11.3,05:20,84,34,,5262.40,15.5,224
,00:30:42,147,11.3,05:19,84,34,,5265.50,15.4,224
,00:30:43,147,11.3,05:19,85,34,,5268.70,15.5,224
,00:30:44,147,11.3,05:19,84,33,,5271.60,15.5,224
,00:30:45,146,11.3,05:19,84,33,,5274.20,15.5,224
,00:30:46,147,11.3,05:19,84,33,,5277.40,15.4,228
,00:30:47,147,11.3,05:19,84,33,,5280.20,15.5,236
,00:30:48,147,11.3,05:20,84,33,,5283.00,15.4,246
,00:30:49,147,11.2,05:20,84,33,,5285.70,15.5,258
,00:30:50,148,11.2,05:21,84,34,,5289.00,15.5,268
,00:30:51,148,11.2,05:21,84,34,,5291.80,15.4,274
,00:30:52,148,11.2,05:22,84,34,,5294.60,15.5,280
,00:30:53,148,11.1,05:23,84,34,,5297.70,15.5,282
,00:30:54,149,11.1,05:24,84,34,,5300.60,15.5,284
,00:30:55,149,11.0,05:26,84,34,,5303.50,15.4,284
,00:30:56,149,11.0,05:27,84,34,,5306.60,15.5,282
,00:30:57,149,11.0,05:28,84,34,,5309.20,15.5,280
,00:30:58,150,10.9,05:29,85,33,,5312.00,15.5,276
,00:30:59,149,10.9,05:30,84,33,,5314.70,15.5,272
,00:31:00,150,10.9,05:30,85,33,,5317.60,15.5,268
,00:31:01,150,10.9,05:31,84,33,,5320.30,15.5,264
,00:31:02,150,10.8,05:32,84,32,,5322.70,15.5,258
,00:31:03,149,10.8,05:33,84,32,,5325.60,15.5,256
,00:31:04,149,10.8,05:34,84,32,,5328.40,15.5,256
,00:31:05,150,10.8,05:35,84,32,,5330.90,15.4,258
,00:31:06,149,10.7,05:36,84,32,,5334.10,15.5,266
,00:31:07,149,10.7,05:37,84,32,,5337.30,15.5,276
,00:31:08,150,10.7,05:37,84,32,,5340.20,15.5,288
,00:31:09,150,10.7,05:38,84,32,,5343.30,15.5,300
,00:31:10,149,10.6,05:39,84,32,,5346.40,15.5,312
,00:31:11,149,10.6,05:39,84,32,,5349.60,15.5,324
,00:31:12,150,10.6,05:39,84,36,,5353.10,15.5,334
,00:31:13,150,10.6,05:39,84,36,,5356.40,15.4,344
,00:31:14,150,10.6,05:40,84,36,,5359.60,15.5,354
,00:31:15,151,10.6,05:40,84,36,,5362.80,15.5,360
,00:31:16,152,10.6,05:40,84,36,,5365.80,15.4,366
,00:31:17,152,10.6,05:40,84,36,,5368.60,15.5,372
,00:31:18,152,10.6,05:40,84,36,,5371.70,15.5,376
,00:31:19,152,10.6,05:40,84,36,,5374.60,15.5,374
,00:31:20,153,10.6,05:40,84,36,,5377.30,15.5,374
,00:31:21,153,10.6,05:40,84,36,,5379.50,15.5,372
,00:31:22,152,10.6,05:40,84,36,,5382.50,15.5,372
,00:31:23,152,10.6,05:40,85,36,,5385.10,15.4,374
,00:31:24,153,10.6,05:41,85,37,,5387.90,15.5,372
,00:31:25,153,10.6,05:41,84,37,,5390.80,15.5,366
,00:31:26,153,10.6,05:41,84,37,,5394.10,15.4,358
,00:31:27,153,10.6,05:41,84,37,,5396.90,15.5,346
,00:31:28,153,10.6,05:41,84,37,,5400.40,15.5,334
,00:31:29,154,10.5,05:41,84,37,,5403.50,15.5,322
,00:31:30,154,10.5,05:41,83,36,,5407.10,15.5,308
,00:31:31,154,10.5,05:41,83,36,,5410.00,15.5,298
,00:31:32,154,10.6,05:41,83,36,,5413.30,15.5,290
,00:31:33,154,10.6,05:40,83,36,,5416.40,15.5,286
,00:31:34,155,10.6,05:40,83,36,,5419.30,15.5,282
,00:31:35,155,10.6,05:40,83,36,,5422.80,15.5,280
,00:31:36,156,10.6,05:39,83,36,,5425.70,15.5,280
,00:31:37,156,10.6,05:39,83,36,,5428.50,15.5,278
,00:31:38,156,10.6,05:39,83,36,,5431.10,15.4,278
,00:31:39,156,10.6,05:39,83,36,,5434.50,15.5,278
,00:31:40,156,10.6,05:38,83,36,,5437.40,15.6,280
,00:31:41,156,10.6,05:38,83,36,,5441.00,15.5,280
,00:31:42,156,10.6,05:38,84,36,,5444.00,15.5,280
,00:31:43,156,10.6,05:38,85,36,,5447.20,15.5,282
,00:31:44,156,10.6,05:38,83,36,,5450.00,15.4,282
,00:31:45,157,10.6,05:38,83,36,,5453.50,15.5,282
,00:31:46,157,10.7,05:38,83,36,,5456.50,15.5,284
,00:31:47,157,10.7,05:38,83,36,,5460.10,15.5,286
,00:31:48,157,10.7,05:37,83,36,,5463.00,15.7,286
,00:31:49,157,10.7,05:37,83,36,,5466.90,15.5,286
,00:31:50,157,10.7,05:37,83,36,,5469.70,15.5,284
,00:31:51,158,10.7,05:37,83,36,,5472.90,15.6,282
,00:31:52,159,10.7,05:37,83,36,,5475.90,15.6,282
,00:31:53,159,10.7,05:37,83,36,,5478.90,15.5,282
,00:31:54,158,10.7,05:36,83,36,,5481.60,15.5,280
,00:31:55,158,10.7,05:36,83,36,,5484.90,15.5,280
,00:31:56,158,10.7,05:36,83,36,,5487.70,15.6,278
,00:31:57,158,10.7,05:36,83,36,,5490.60,15.6,276
,00:31:58,158,10.7,05:36,83,36,,5493.40,15.5,274
,00:31:59,159,10.7,05:35,83,36,,5496.70,15.5,272
,00:32:00,159,10.8,05:34,84,36,,5500.20,15.5,270
,00:32:01,159,10.8,05:33,83,36,,5503.50,15.6,268
,00:32:02,158,11.0,05:28,83,34,,5507.10,15.7,268
,00:32:03,158,11.3,05:20,83,34,,5510.90,15.6,270
,00:32:04,158,11.6,05:10,84,34,,5514.90,15.6,274
,00:32:05,158,11.9,05:02,85,34,,5518.80,15.7,276
,00:32:06,158,12.1,04:57,85,33,,5522.60,15.6,276
,00:32:07,158,12.2,04:55,85,33,,5526.30,15.5,272
,00:32:08,158,12.2,04:56,85,33,,5530.00,15.6,268
,00:32:09,159,12.1,04:57,84,33,,5533.50,15.6,262
,00:32:10,158,12.1,04:58,83,32,,5537.30,15.5,258
,00:32:11,158,12.0,05:00,82,32,,5540.70,15.6,254
,00:32:12,158,11.9,05:03,81,32,,5544.00,15.6,248
,00:32:13,158,11.8,05:05,81,32,,5547.10,15.6,244
,00:32:14,158,11.7,05:08,81,31,,5550.50,15.6,238
,00:32:15,158,11.6,05:11,82,31,,5553.60,15.7,232
,00:32:16,158,11.5,05:14,82,31,,5556.20,15.7,228
,00:32:17,158,11.4,05:16,82,31,,5558.60,15.7,226
,00:32:18,158,11.3,05:20,82,30,,5561.00,15.8,222
,00:32:19,158,11.1,05:25,81,30,,5563.10,15.7,218
,00:32:20,158,10.9,05:30,81,30,,5564.80,15.7,214
,00:32:21,158,10.9,05:31,81,30,,5566.90,15.7,212
,00:32:22,158,10.9,05:30,82,29,,5569.50,15.7,214
,00:32:23,158,10.9,05:29,82,29,,5572.10,15.8,214
,00:32:24,158,11.0,05:28,81,29,,5575.00,15.9,216
,00:32:25,158,11.0,05:28,82,29,,5577.80,15.8,218
,00:32:26,157,10.9,05:30,82,29,,5580.70,15.7,220
,00:32:27,157,10.8,05:35,82,29,,5583.50,15.9,220
,00:32:28,157,10.6,05:40,82,29,,5586.30,15.9,222
,00:32:29,157,10.4,05:46,82,29,,5588.90,15.9,228
,00:32:30,157,10.2,05:53,82,29,,5591.30,15.9,238
,00:32:31,157,10.0,06:00,82,29,,5593.60,15.8,250
,00:32:32,156,9.9,06:04,82,29,,5596.20,15.8,266
,00:32:33,155,10.0,06:01,82,29,,5598.80,15.8,286
,00:32:34,154,10.1,05:55,82,29,,5601.40,15.8,310
,00:32:35,154,10.3,05:50,82,29,,5604.20,15.9,330
,00:32:36,154,10.4,05:46,82,31,,5607.10,15.9,346
,00:32:37,154,10.5,05:43,82,31,,5609.90,15.8,356
,00:32:38,153,10.6,05:41,82,32,,5612.80,15.9,364
,00:32:39,153,10.6,05:39,82,32,,5615.70,15.9,368
,00:32:40,153,10.7,05:37,84,32,,5618.80,15.7,372
,00:32:41,153,10.7,05:36,85,32,,5621.80,15.9,378
,00:32:42,153,10.7,05:36,84,32,,5624.70,15.9,382
,00:32:43,153,10.7,05:36,83,32,,5627.60,15.9,380
,00:32:44,153,10.7,05:36,83,32,,5630.40,15.9,374
,00:32:45,153,10.7,05:36,83,32,,5633.10,16.0,364
,00:32:46,153,10.7,05:36,84,32,,5636.00,15.8,354
,00:32:47,153,10.7,05:37,85,32,,5638.80,15.7,342
,00:32:48,153,10.7,05:38,84,32,,5641.50,15.8,330
,00:32:49,153,10.7,05:38,83,32,,5644.10,15.8,318
,00:32:50,154,10.6,05:38,83,32,,5646.70,15.9,306
,00:32:51,154,10.6,05:39,83,32,,5649.60,15.8,296
,00:32:52,153,10.6,05:39,84,31,,5652.70,15.8,288
,00:32:53,153,10.6,05:40,85,31,,5655.80,15.9,282
,00:32:54,153,10.6,05:40,83,31,,5658.90,15.8,276
,00:32:55,153,10.6,05:40,83,31,,5661.90,15.9,270
,00:32:56,153,10.6,05:40,83,31,,5665.30,15.8,266
,00:32:57,152,10.6,05:41,84,31,,5668.60,15.8,262
,00:32:58,153,10.6,05:41,84,31,,5671.80,15.7,258
,00:32:59,153,10.6,05:41,83,31,,5674.90,15.8,254
,00:33:00,153,10.6,05:41,84,31,,5678.00,15.7,250
,00:33:01,152,10.6,05:41,84,31,,5681.20,15.8,246
,00:33:02,152,10.6,05:41,83,31,,5684.30,15.7,244
,00:33:03,152,10.6,05:41,83,31,,5687.50,15.7,242
,00:33:04,152,10.6,05:41,84,30,,5690.70,15.7,240
,00:33:05,152,10.6,05:41,83,30,,5693.60,15.7,238
,00:33:06,152,10.6,05:41,83,30,,5696.70,15.7,234
,00:33:07,153,10.6,05:41,83,30,,5699.90,15.7,232
,00:33:08,153,10.5,05:41,83,29,,5703.00,15.7,228
,00:33:09,153,10.5,05:41,83,29,,5705.90,15.7,226
,00:33:10,152,10.5,05:41,83,29,,5708.80,15.7,222
,00:33:11,152,10.5,05:41,83,29,,5711.80,15.7,220
,00:33:12,152,10.5,05:41,83,28,,5714.80,15.7,218
,00:33:13,152,10.5,05:41,83,28,,5717.80,15.7,216
,00:33:14,152,10.5,05:41,83,28,,5720.80,15.8,216
,00:33:15,152,10.5,05:41,83,28,,5723.80,15.6,216
,00:33:16,152,10.5,05:41,83,28,,5726.90,15.7,218
,00:33:17,152,10.6,05:40,83,28,,5730.20,15.7,220
,00:33:18,151,10.7,05:36,83,28,,5733.50,15.7,224
,00:33:19,152,10.8,05:32,83,28,,5736.80,15.7,228
,00:33:20,152,11.0,05:29,83,27,,5740.30,15.7,232
,00:33:21,152,11.1,05:24,83,27,,5744.10,15.7,238
,00:33:22,152,11.4,05:17,83,27,,5747.90,15.6,244
,00:33:23,151,11.5,05:14,83,27,,5751.00,15.7,248
,00:33:24,152,11.4,05:15,83,27,,5754.30,15.7,250
,00:33:25,152,11.3,05:18,83,27,,5757.70,15.7,248
,00:33:26,152,11.2,05:21,82,26,,5760.80,15.6,248
,00:33:27,152,11.1,05:23,81,26,,5763.70,15.7,250
,00:33:28,152,11.1,05:25,81,26,,5766.60,15.7,250
,00:33:29,152,11.0,05:26,81,26,,5769.20,15.7,252
,00:33:30,152,10.8,05:33,81,26,,5771.30,15.7,248
,00:33:31,152,10.4,05:46,81,26,,5773.00,15.7,238
,00:33:32,152,10.0,06:00,81,26,,5775.30,15.7,228
,00:33:33,152,9.7,06:10,81,26,,5777.50,15.6,222
,00:33:34,151,9.7,06:13,81,25,,5779.60,15.6,220
,00:33:35,151,9.7,06:11,81,25,,5781.70,15.7,224
,00:33:36,151,9.7,06:10,81,25,,5783.40,15.7,230
,00:33:37,151,9.8,06:07,81,25,,5785.40,15.6,236
,00:33:38,152,9.8,06:07,81,25,,5788.50,15.6,242
,00:33:39,152,9.6,06:17,81,25,,5791.30,15.6,240
,00:33:40,152,9.3,06:25,81,25,,5793.70,15.6,240
,00:33:41,152,9.2,06:31,82,25,,5796.30,15.6,238
,00:33:42,152,9.3,06:28,82,25,,5799.00,15.6,244
,00:33:43,153,9.6,06:16,82,25,,5802.30,15.5,252
,00:33:44,153,9.8,06:07,82,25,,5805.10,15.7,258
,00:33:45,153,10.0,06:00,81,25,,5808.60,15.6,264
,00:33:46,152,10.2,05:54,81,25,,5811.70,15.6,268
,00:33:47,152,10.3,05:50,81,25,,5814.60,15.6,272
,00:33:48,153,10.3,05:48,81,25,,5817.80,15.7,272
,00:33:49,153,10.2,05:52,81,25,,5820.90,15.6,268
,00:33:50,153,10.1,05:57,82,25,,5823.80,15.7,260
,00:33:51,153,10.1,05:57,82,25,,5827.50,15.6,258
,00:33:52,152,10.2,05:52,81,25,,5830.00,15.5,260
,00:33:53,152,10.3,05:48,82,25,,5832.90,15.5,264
,00:33:54,152,10.4,05:45,81,25,,5835.20,15.6,270
,00:33:55,152,10.5,05:42,81,25,,5838.20,15.6,278
,00:33:56,152,10.6,05:40,82,25,,5841.60,15.6,286
,00:33:57,152,10.6,05:39,82,25,,5844.70,15.5,296
,00:33:58,152,10.8,05:35,82,26,,5848.60,15.6,306
,00:33:59,153,10.9,05:31,82,26,,5852.10,15.5,316
,00:34:00,153,11.0,05:28,82,26,,5854.90,15.6,324
,00:34:01,153,11.1,05:24,82,26,,5858.90,15.6,334
,00:34:02,152,11.2,05:21,82,26,,5862.60,15.6,340
,00:34:03,152,11.4,05:17,82,26,,5866.80,15.5,346
,00:34:04,153,11.5,05:14,82,26,,5870.10,15.7,348
,00:34:05,153,11.5,05:13,82,26,,5873.10,15.6,346
,00:34:06,153,11.5,05:14,82,26,,5876.70,15.5,338
,00:34:07,153,11.4,05:16,82,26,,5879.90,15.6,328
,00:34:08,153,11.4,05:17,82,26,,5883.00,15.7,318
,00:34:09,153,11.3,05:19,82,26,,5886.10,15.6,308
,00:34:10,154,11.2,05:21,82,26,,5888.70,15.6,296
,00:34:11,154,11.1,05:23,82,26,,5892.00,15.6,288
,00:34:12,154,11.1,05:24,81,25,,5895.30,15.5,280
,00:34:13,154,11.1,05:25,81,25,,5898.40,15.6,276
,00:34:14,154,11.0,05:29,81,25,,5901.00,15.7,270
,00:34:15,155,10.7,05:37,81,25,,5903.40,15.5,260
,00:34:16,155,10.1,05:55,81,25,,5905.10,15.6,246
,00:34:17,156,8.8,06:49,81,25,,5906.50,15.6,212
,00:34:18,155,7.5,08:03,81,25,,5908.40,15.5,176
,00:34:19,155,7.2,08:18,81,25,,5910.30,15.6,170
,00:34:20,154,7.6,07:53,81,25,,5912.20,15.6,176
,00:34:21,154,8.1,07:23,81,25,,5914.10,15.5,188
,00:34:22,154,8.5,07:02,81,25,,5916.30,15.6,198
,00:34:23,154,8.9,06:46,81,25,,5918.80,15.5,206
,00:34:24,154,9.1,06:34,82,25,,5921.50,15.7,214
,00:34:25,154,9.4,06:25,82,25,,5925.00,15.6,220
,00:34:26,154,9.5,06:19,82,25,,5928.20,15.5,224
,00:34:27,154,9.6,06:15,82,25,,5931.20,15.6,228
,00:34:28,154,9.7,06:13,81,25,,5933.60,15.6,230
,00:34:29,153,9.7,06:12,82,25,,5936.90,15.6,232
,00:34:30,153,9.7,06:11,81,25,,5939.60,15.7,232
,00:34:31,153,9.7,06:10,82,25,,5942.20,15.6,232
,00:34:32,153,9.7,06:10,81,24,,5944.90,15.6,230
,00:34:33,153,9.8,06:09,81,24,,5948.10,15.6,230
,00:34:34,153,9.8,06:08,81,24,,5950.90,15.6,228
,00:34:35,153,9.8,06:06,81,24,,5953.90,15.6,226
,00:34:36,153,9.9,06:04,82,24,,5957.10,15.6,226
,00:34:37,153,10.0,06:00,81,24,,5960.50,15.5,226
,00:34:38,154,10.1,05:56,83,23,,5963.30,15.6,226
,00:34:39,154,10.2,05:54,84,23,,5966.00,15.6,224
,00:34:40,154,10.2,05:52,81,23,,5969.50,15.7,222
,00:34:41,154,10.2,05:51,81,23,,5972.50,15.6,222
,00:34:42,154,10.3,05:50,81,22,,5975.00,15.6,220
,00:34:43,154,10.3,05:50,81,22,,5977.60,15.6,222
,00:34:44,155,10.3,05:49,81,22,,5980.40,15.6,228
,00:34:45,155,10.3,05:49,81,22,,5983.10,15.6,240
,00:34:46,156,10.3,05:48,81,23,,5985.80,15.5,256
,00:34:47,156,10.3,05:48,82,23,,5989.00,15.5,278
,00:34:48,156,10.4,05:48,82,23,,5992.10,15.5,306
,00:34:49,156,10.4,05:48,82,23,,5995.00,15.5,340
,00:34:50,156,10.4,05:48,82,23,,5997.90,15.5,376
,00:34:51,156,10.4,05:48,82,23,,6000.70,15.6,414
,00:34:52,156,10.4,05:47,82,28,,6003.70,15.5,448
,00:34:53,157,10.4,05:47,82,28,,6006.60,15.6,476
,00:34:54,156,10.3,05:48,82,29,,6009.40,15.6,494
,00:34:55,157,10.3,05:49,82,29,,6012.20,15.5,504
,00:34:56,156,10.3,05:50,81,29,,6014.20,15.5,502
,00:34:57,156,10.2,05:54,81,29,,6016.60,15.6,486
,00:34:58,156,9.9,06:04,81,29,,6019.00,15.6,454
,00:34:59,156,9.6,06:13,81,29,,6021.10,15.5,420
,00:35:00,156,9.4,06:21,81,28,,6023.50,15.6,390
,00:35:01,157,9.4,06:23,81,28,,6025.90,15.5,366
,00:35:02,157,9.5,06:20,82,28,,6028.40,15.5,344
,00:35:03,157,9.6,06:17,82,28,,6031.20,15.5,322
,00:35:04,157,9.7,06:10,82,27,,6034.20,15.5,306
,00:35:05,157,10.1,05:58,82,27,,6037.30,15.5,298
,00:35:06,156,10.3,05:48,81,27,,6040.80,15.5,294
,00:35:07,157,10.4,05:46,82,27,,6044.10,15.5,286
,00:35:08,157,10.3,05:50,82,27,,6047.60,15.5,280
,00:35:09,157,10.2,05:52,82,27,,6050.90,15.5,278
,00:35:10,157,10.2,05:53,82,27,,6054.30,15.4,282
,00:35:11,157,10.3,05:48,82,27,,6057.60,15.5,294
,00:35:12,156,10.6,05:39,82,28,,6060.70,15.5,312
,00:35:13,156,10.9,05:31,82,28,,6063.90,15.5,328
,00:35:14,156,11.1,05:25,82,28,,6067.60,15.5,344
,00:35:15,156,11.2,05:20,82,28,,6071.00,15.4,362
,00:35:16,157,11.4,05:17,82,29,,6074.60,15.5,374
,00:35:17,157,11.4,05:15,82,29,,6077.80,15.4,382
,00:35:18,157,11.5,05:12,82,29,,6081.50,15.6,388
,00:35:19,157,11.7,05:09,82,29,,6084.90,15.5,392
,00:35:20,156,11.8,05:05,82,29,,6088.40,15.5,392
,00:35:21,156,11.9,05:04,82,29,,6091.60,15.4,386
,00:35:22,156,11.7,05:08,82,29,,6094.70,15.5,376
,00:35:23,156,11.5,05:14,82,29,,6097.40,15.5,360
,00:35:24,156,11.2,05:21,82,29,,6100.00,15.6,348
,00:35:25,155,11.0,05:26,82,29,,6102.80,15.5,334
,00:35:26,154,10.9,05:31,82,29,,6106.40,15.5,324
,00:35:27,153,11.0,05:28,82,29,,6109.60,15.4,320
,00:35:28,153,11.3,05:19,82,29,,6113.10,15.5,320
,00:35:29,153,11.4,05:16,82,29,,6116.10,15.5,316
,00:35:30,153,11.3,05:18,82,28,,6119.10,15.4,304
,00:35:31,153,11.2,05:21,82,28,,6122.30,15.4,294
,00:35:32,153,11.1,05:23,82,28,,6125.90,15.5,286
,00:35:33,153,11.1,05:26,82,28,,6129.10,15.5,278
,00:35:34,154,10.9,05:30,81,28,,6131.90,15.5,268
,00:35:35,154,10.7,05:35,81,28,,6134.50,15.5,258
,00:35:36,154,10.6,05:39,81,27,,6137.00,15.5,248
,00:35:37,154,10.6,05:40,81,27,,6139.10,15.5,242
,00:35:38,154,10.6,05:40,81,27,,6142.50,15.5,238
,00:35:39,155,10.6,05:41,81,27,,6145.50,15.5,232
,00:35:40,155,10.5,05:42,82,26,,6148.40,15.5,228
,00:35:41,155,10.5,05:42,81,26,,6151.20,15.4,222
,00:35:42,155,10.5,05:43,81,26,,6153.80,15.5,218
,00:35:43,155,10.5,05:44,81,26,,6156.90,15.5,216
,00:35:44,154,10.5,05:44,81,25,,6159.90,15.4,214
,00:35:45,154,10.5,05:44,82,25,,6162.90,15.4,212
,00:35:46,154,10.5,05:43,82,25,,6166.00,15.5,212
,00:35:47,154,10.5,05:42,82,25,,6168.00,15.6,212
,00:35:48,154,10.3,05:48,82,25,,6170.00,15.5,210
,00:35:49,154,10.0,05:59,82,25,,6172.30,15.5,204
,00:35:50,154,9.8,06:06,82,24,,6174.70,15.6,202
,00:35:51,154,9.9,06:05,82,24,,6178.20,15.5,202
,00:35:52,154,10.2,05:53,82,24,,6181.50,15.5,210
,00:35:53,154,10.7,05:38,82,24,,6185.20,15.4,222
,00:35:54,154,11.0,05:27,82,24,,6189.30,15.5,230
,00:35:55,154,11.3,05:19,82,24,,6192.90,15.5,238
,00:35:56,153,11.4,05:16,81,23,,6196.60,15.5,242
,00:35:57,154,11.3,05:18,82,23,,6200.60,15.5,240
,00:35:58,154,11.2,05:22,82,23,,6204.20,15.5,238
,00:35:59,154,11.0,05:28,82,23,,6206.90,15.5,234
,00:36:00,154,10.7,05:36,82,23,,6209.10,15.5,230
,00:36:01,154,10.3,05:50,82,23,,6210.90,15.5,224
,00:36:02,154,9.9,06:05,82,23,,6212.60,15.5,224
,00:36:03,154,9.5,06:19,82,23,,6213.60,15.5,232
,00:36:04,155,9.1,06:37,82,23,,6215.00,15.5,242
,00:36:05,155,8.7,06:53,82,23,,6216.50,15.5,260
,00:36:06,155,8.6,07:01,82,23,,6218.30,15.5,288
,00:36:07,155,8.5,07:06,82,23,,6220.30,15.5,314
,00:36:08,156,8.4,07:07,82,29,,6222.30,15.4,340
,00:36:09,156,8.5,07:03,82,29,,6224.90,15.5,368
,00:36:10,156,8.7,06:54,82,29,,6227.70,15.4,392
,00:36:11,156,8.9,06:45,82,29,,6230.80,15.4,414
,00:36:12,157,9.0,06:38,82,29,,6233.50,15.5,430
,00:36:13,157,9.2,06:32,82,29,,6236.50,15.5,442
,00:36:14,157,9.3,06:26,82,29,,6239.80,15.4,450
,00:36:15,157,9.3,06:26,82,29,,6242.60,15.4,456
,00:36:16,157,9.2,06:33,82,29,,6245.20,15.4,456
,00:36:17,157,9.0,06:39,82,29,,6247.90,15.4,454
,00:36:18,157,9.0,06:39,82,29,,6250.80,15.4,462
,00:36:19,157,9.3,06:29,82,29,,6254.00,15.5,478
,00:36:20,157,9.6,06:13,82,32,,6257.40,15.4,502
,00:36:21,157,10.1,05:57,82,32,,6261.10,15.5,532
,00:36:22,157,10.5,05:41,82,33,,6265.80,15.4,566
,00:36:23,157,11.1,05:26,82,33,,6270.30,15.4,598
,00:36:24,157,11.6,05:10,82,34,,6275.80,15.4,626
,00:36:25,157,12.1,04:57,82,34,,6281.70,15.4,644
,00:36:26,157,12.7,04:43,82,34,,6287.80,15.3,648
,00:36:27,157,12.4,04:49,82,34,,6293.80,15.3,602
,00:36:28,157,11.7,05:08,82,34,,6299.20,15.3,536
,00:36:29,157,12.2,04:56,82,34,,6303.80,15.4,532
,00:36:30,156,12.9,04:40,82,34,,6308.30,15.4,530
,00:36:31,156,12.7,04:43,82,34,,6311.80,15.3,492
,00:36:32,156,12.5,04:49,82,34,,6315.30,15.3,454
,00:36:33,157,12.2,04:56,81,34,,6318.60,15.3,418
,00:36:34,156,12.0,05:01,82,33,,6321.50,15.4,388
,00:36:35,156,11.9,05:02,81,33,,6323.90,15.4,370
,00:36:36,156,11.8,05:06,82,33,,6325.60,15.4,350
,00:36:37,156,11.6,05:11,82,33,,6327.50,15.4,332
,00:36:38,156,11.4,05:16,82,33,,6330.10,15.3,314
,00:36:39,156,11.3,05:19,82,33,,6332.90,15.4,300
,00:36:40,156,11.2,05:23,82,32,,6335.70,15.3,286
,00:36:41,156,11.1,05:26,82,32,,6338.70,15.4,272
,00:36:42,156,11.0,05:28,82,32,,6341.80,15.3,260
,00:36:43,156,10.9,05:29,82,32,,6344.80,15.3,250
,00:36:44,156,10.9,05:30,82,31,,6347.80,15.4,240
,00:36:45,156,10.9,05:30,82,31,,6351.10,15.3,234
,00:36:46,157,10.9,05:30,82,31,,6354.90,15.3,230
,00:36:47,157,10.9,05:30,82,31,,6358.30,15.2,230
,00:36:48,157,10.9,05:29,82,31,,6361.40,15.3,230
,00:36:49,156,10.9,05:29,82,31,,6364.50,15.2,234
,00:36:50,156,11.0,05:29,82,31,,6367.10,15.3,238
,00:36:51,155,11.0,05:28,82,31,,6369.70,15.4,246
,00:36:52,156,11.0,05:28,82,31,,6373.10,15.3,254
,00:36:53,156,11.0,05:28,82,31,,6376.10,15.4,260
,00:36:54,156,11.0,05:28,82,31,,6378.90,15.2,266
,00:36:55,156,10.9,05:29,82,31,,6381.70,15.3,268
,00:36:56,156,10.9,05:30,82,31,,6384.50,15.2,268
,00:36:57,155,10.8,05:33,82,31,,6387.20,15.3,266
,00:36:58,156,10.7,05:37,82,31,,6389.90,15.3,262
,00:36:59,156,10.6,05:38,82,31,,6393.20,15.3,258
,00:37:00,156,10.6,05:38,82,30,,6395.90,15.3,254
,00:37:01,156,10.7,05:38,82,30,,6398.00,15.4,250
,00:37:02,156,10.7,05:38,82,30,,6400.70,15.2,244
,00:37:03,156,10.7,05:37,82,30,,6403.40,15.2,244
,00:37:04,156,10.7,05:37,82,29,,6406.10,15.4,246
,00:37:05,156,10.7,05:37,82,29,,6409.20,15.3,248
,00:37:06,157,10.7,05:37,82,29,,6412.40,15.3,256
,00:37:07,156,10.7,05:37,82,29,,6415.30,15.2,270
,00:37:08,157,10.7,05:37,82,29,,6418.10,15.3,284
,00:37:09,156,10.7,05:37,82,29,,6420.90,15.3,302
,00:37:10,156,10.7,05:37,84,29,,6423.90,15.3,324
,00:37:11,156,10.7,05:37,85,29,,6426.80,15.2,346
,00:37:12,156,10.7,05:37,84,33,,6429.60,15.2,366
,00:37:13,156,10.7,05:37,83,33,,6432.50,15.2,384
,00:37:14,156,10.7,05:37,83,33,,6435.30,15.2,396
,00:37:15,155,10.7,05:37,83,33,,6438.20,15.3,402
,00:37:16,155,10.7,05:37,83,33,,6441.40,15.4,400
,00:37:17,155,10.7,05:36,83,33,,6444.40,15.4,394
,00:37:18,155,10.7,05:36,83,33,,6447.50,15.2,386
,00:37:19,155,10.8,05:35,83,33,,6450.90,15.2,374
,00:37:20,154,10.8,05:34,83,33,,6453.60,15.2,360
,00:37:21,154,10.8,05:34,83,33,,6456.70,15.3,346
,00:37:22,153,10.8,05:34,82,33,,6459.60,15.2,332
,00:37:23,153,10.8,05:34,81,33,,6462.80,15.3,316
,00:37:24,153,10.8,05:34,82,32,,6465.60,15.2,302
,00:37:25,153,10.7,05:35,82,32,,6468.60,15.3,290
,00:37:26,153,10.7,05:35,82,32,,6471.40,15.1,278
,00:37:27,153,10.7,05:35,82,32,,6474.30,15.2,272
,00:37:28,153,10.7,05:36,82,31,,6477.10,15.2,264
,00:37:29,153,10.7,05:36,82,31,,6480.40,15.3,260
,00:37:30,153,10.7,05:37,81,31,,6483.10,15.2,258
,00:37:31,153,10.7,05:38,81,31,,6486.10,15.3,256
,00:37:32,153,10.6,05:39,81,31,,6488.80,15.2,252
,00:37:33,153,10.6,05:40,81,31,,6491.70,15.3,250
,00:37:34,153,10.6,05:41,82,31,,6494.50,15.3,250
,00:37:35,153,10.5,05:42,82,31,,6497.10,15.3,248
,00:37:36,153,10.5,05:43,82,30,,6499.70,15.2,246
,00:37:37,153,10.5,05:44,82,30,,6502.40,15.2,242
,00:37:38,152,10.5,05:44,82,30,,6505.20,15.3,240
,00:37:39,151,10.4,05:45,82,30,,6508.50,15.3,236
,00:37:40,151,10.4,05:45,82,30,,6511.10,15.2,234
,00:37:41,151,10.4,05:45,82,30,,6513.50,15.2,230
,00:37:42,151,10.4,05:46,82,30,,6516.20,15.3,226
,00:37:43,150,10.4,05:46,82,30,,6518.90,15.3,222
,00:37:44,150,10.4,05:46,82,29,,6521.90,15.3,216
,00:37:45,150,10.4,05:46,82,29,,6524.70,15.3,214
,00:37:46,149,10.4,05:47,82,29,,6527.30,15.2,210
,00:37:47,149,10.3,05:48,82,29,,6530.30,15.2,208
,00:37:48,149,10.3,05:50,82,28,,6533.00,15.3,206
,00:37:49,149,10.3,05:50,82,28,,6535.70,15.3,204
,00:37:50,150,10.2,05:54,81,28,,6538.20,15.4,202
,00:37:51,150,10.0,06:01,83,28,,6540.70,15.3,196
,00:37:52,149,9.8,06:08,83,27,,6543.00,15.3,192
,00:37:53,150,9.6,06:13,83,27,,6545.10,15.3,190
,00:37:54,150,9.5,06:17,83,27,,6547.20,15.4,188
,00:37:55,149,9.6,06:17,83,27,,6549.70,15.3,190
,00:37:56,149,9.7,06:13,83,27,,6552.00,15.4,192
,00:37:57,149,9.7,06:10,83,27,,6554.10,15.3,196
,00:37:58,149,9.8,06:08,83,26,,6557.00,15.4,196
,00:37:59,149,9.8,06:06,83,26,,6560.30,15.4,198
,00:38:00,149,9.9,06:04,83,26,,6563.60,15.3,198
,00:38:01,150,9.9,06:02,83,26,,6566.70,15.4,200
,00:38:02,150,10.0,06:00,83,25,,6569.90,15.3,200
,00:38:03,150,10.1,05:58,83,25,,6573.20,15.4,202
,00:38:04,150,10.1,05:56,83,25,,6576.30,15.4,202
,00:38:05,150,10.2,05:54,83,25,,6579.50,15.4,200
,00:38:06,151,10.2,05:53,83,24,,6582.60,15.4,200
,00:38:07,150,10.2,05:52,83,24,,6585.70,15.4,200
,00:38:08,151,10.3,05:51,83,24,,6588.70,15.4,198
,00:38:09,151,10.3,05:50,82,24,,6591.60,15.5,198
,00:38:10,151,10.3,05:50,82,23,,6594.40,15.4,198
,00:38:11,151,10.3,05:49,82,23,,6597.40,15.4,200
,00:38:12,151,10.3,05:49,82,23,,6600.20,15.4,200
,00:38:13,151,10.3,05:49,82,23,,6602.80,15.4,200
,00:38:14,151,10.3,05:48,82,22,,6605.30,15.4,198
,00:38:15,151,10.3,05:48,82,22,,6608.00,15.5,198
,00:38:16,151,10.3,05:48,82,22,,6610.50,15.5,198
,00:38:17,151,10.3,05:48,82,22,,6613.10,15.4,198
,00:38:18,151,10.3,05:49,82,22,,6615.90,15.4,198
,00:38:19,151,10.3,05:50,81,22,,6618.90,15.5,198
,00:38:20,151,10.3,05:50,82,22,,6621.90,15.4,198
,00:38:21,151,10.3,05:51,82,22,,6624.90,15.5,198
,00:38:22,152,10.3,05:51,82,21,,6627.80,15.4,198
,00:38:23,152,10.2,05:52,83,21,,6630.90,15.5,198
,00:38:24,152,10.2,05:52,83,21,,6633.70,15.5,200
,00:38:25,151,10.2,05:53,83,21,,6636.50,15.5,200
,00:38:26,152,10.1,05:55,83,21,,6638.90,15.5,198
,00:38:27,152,10.1,05:56,83,21,,6641.50,15.5,198
,00:38:28,152,10.1,05:56,83,20,,6643.90,15.4,198
,00:38:29,152,10.1,05:57,83,20,,6646.40,15.5,196
,00:38:30,151,10.1,05:57,83,20,,6648.90,15.5,196
,00:38:31,152,10.1,05:57,83,20,,6651.60,15.4,194
,00:38:32,152,10.1,05:57,83,20,,6653.90,15.5,194
,00:38:33,151,10.1,05:58,83,20,,6656.50,15.5,194
,00:38:34,151,10.1,05:58,83,20,,6659.20,15.4,194
,00:38:35,152,10.1,05:58,83,20,,6662.10,15.5,194
,00:38:36,152,10.0,05:58,84,18,,6664.60,15.5,194
,00:38:37,152,10.0,05:59,83,18,,6667.20,15.7,194
,00:38:38,152,10.0,06:00,83,18,,6669.90,15.5,194
,00:38:39,152,10.0,06:01,83,18,,6672.30,15.5,194
,00:38:40,152,9.9,06:02,83,18,,6674.60,15.6,194
,00:38:41,152,9.9,06:03,83,18,,6677.50,15.6,194
,00:38:42,151,9.9,06:04,83,17,,6680.50,15.6,194
,00:38:43,151,9.9,06:04,85,17,,6683.20,15.6,196
,00:38:44,151,9.9,06:04,84,17,,6685.70,15.5,196
,00:38:45,151,9.9,06:04,83,17,,6688.20,15.5,196
,00:38:46,150,9.8,06:06,83,16,,6690.80,15.6,196
,00:38:47,150,9.8,06:08,83,16,,6693.40,15.5,196
,00:38:48,150,9.8,06:09,83,16,,6696.10,15.7,196
,00:38:49,150,9.7,06:10,83,16,,6698.80,15.6,196
,00:38:50,150,9.7,06:11,83,16,,6701.30,15.7,196
,00:38:51,150,9.7,06:12,83,16,,6703.40,15.6,196
,00:38:52,151,9.6,06:15,83,15,,6705.50,15.7,194
,00:38:53,151,9.4,06:22,83,15,,6707.50,15.5,190
,00:38:54,151,9.3,06:27,83,15,,6710.00,15.6,186
,00:38:55,151,9.3,06:28,83,15,,6712.40,15.7,186
,00:38:56,151,9.3,06:26,83,14,,6714.80,15.7,186
,00:38:57,151,9.4,06:24,83,14,,6717.30,15.5,186
,00:38:58,151,9.4,06:23,83,14,,6719.80,15.6,186
,00:38:59,151,9.4,06:22,82,14,,6722.30,15.6,184
,00:39:00,151,9.3,06:25,82,13,,6724.50,15.6,182
,00:39:01,151,9.1,06:36,82,13,,6726.40,15.7,178
,00:39:02,151,8.8,06:50,80,13,,6728.10,15.7,172
,00:39:03,151,7.3,08:15,78,13,,6729.50,15.7,140
,00:39:04,151,5.5,10:53,67,13,,6730.50,15.7,106
,00:39:05,151,5.1,11:46,67,13,,6731.70,15.7,94
,00:39:06,151,5.2,11:34,70,13,,6732.70,15.7,94
,00:39:07,151,5.8,10:23,78,13,,6734.10,15.7,104
,00:39:08,152,6.6,09:07,79,13,,6735.70,15.7,118
,00:39:09,152,7.0,08:37,80,13,,6737.90,15.7,126
,00:39:10,153,7.2,08:21,81,13,,6740.60,15.6,132
,00:39:11,153,7.4,08:08,82,13,,6743.30,15.7,140
,00:39:12,153,7.6,07:53,82,13,,6745.90,15.7,150
,00:39:13,153,7.9,07:36,82,13,,6748.80,15.6,160
,00:39:14,153,8.1,07:24,82,13,,6751.70,15.7,170
,00:39:15,153,8.2,07:17,82,13,,6754.20,15.7,178
,00:39:16,154,8.1,07:22,82,13,,6756.40,15.6,180
,00:39:17,153,8.0,07:31,81,13,,6758.10,15.7,178
,00:39:18,153,7.9,07:38,82,13,,6759.80,15.8,178
,00:39:19,153,7.7,07:45,82,13,,6761.30,15.7,176
,00:39:20,154,7.8,07:44,82,13,,6763.50,15.7,176
,00:39:21,154,7.9,07:36,82,13,,6765.90,15.7,178
,00:39:22,154,8.1,07:26,82,12,,6768.90,15.7,182
,00:39:23,154,8.5,07:06,82,12,,6772.00,15.8,188
,00:39:24,154,8.9,06:44,82,12,,6775.80,15.7,196
,00:39:25,154,9.3,06:27,82,12,,6779.70,15.7,202
,00:39:26,154,9.6,06:15,82,11,,6784.10,15.7,208
,00:39:27,154,9.9,06:04,82,11,,6788.00,15.7,214
,00:39:28,155,10.1,05:57,82,11,,6792.30,15.8,218
,00:39:29,154,10.2,05:54,82,11,,6795.80,15.8,222
,00:39:30,154,10.1,05:55,82,11,,6799.10,15.7,222
,00:39:31,154,10.1,05:57,82,11,,6801.80,15.9,222
,00:39:32,154,10.0,05:59,82,11,,6804.80,15.8,222
,00:39:33,154,10.0,06:01,82,11,,6807.20,15.7,220
,00:39:34,153,9.8,06:06,82,11,,6809.00,15.7,218
,00:39:35,153,9.6,06:16,82,11,,6810.70,15.8,212
,00:39:36,153,9.1,06:37,82,11,,6812.30,15.8,198
,00:39:37,153,9.1,06:37,82,11,,6814.80,15.8,194
,00:39:38,153,10.8,05:33,82,9,,6817.80,15.8,204
,00:39:39,153,10.8,05:33,82,9,,6817.80,15.9,210
,00:39:40,153,9.9,06:05,82,9,,6817.80,15.9,210
,00:39:41,153,9.7,06:11,82,9,,6817.80,15.7,206
,00:39:42,154,9.6,06:16,82,9,,6817.80,15.8,206
,00:39:43,154,9.4,06:25,82,9,,6817.80,15.9,202
,00:39:44,153,9.5,06:18,84,9,,6819.70,15.8,208
,00:39:45,154,9.9,06:04,85,9,,6823.50,15.8,218
,00:39:46,154,9.9,06:03,84,9,,6827.40,15.8,224
,00:39:47,154,9.6,06:13,85,9,,6831.20,15.8,222
,00:39:48,154,9.5,06:19,83,9,,6834.90,15.9,222
,00:39:49,154,9.6,06:15,83,9,,6838.90,15.9,230
,00:39:50,154,9.8,06:07,83,9,,6845.60,15.9,242
,00:39:51,154,10.1,05:58,83,9,,6849.00,15.9,254
,00:39:52,154,10.3,05:51,83,9,,6852.10,15.8,266
,00:39:53,154,10.4,05:46,83,9,,6854.30,15.9,274
,00:39:54,153,10.5,05:44,83,9,,6856.70,15.9,282
,00:39:55,153,10.5,05:42,84,9,,6859.70,15.8,286
,00:39:56,153,10.6,05:41,83,9,,6862.40,15.7,290
,00:39:57,153,10.7,05:37,83,9,,6865.30,15.8,296
,00:39:58,153,11.0,05:27,83,9,,6869.20,15.8,308
,00:39:59,153,10.8,05:34,83,9,,6873.60,15.8,302
,00:40:00,153,10.1,05:55,83,9,,6878.60,15.8,284
,00:40:01,154,10.0,06:01,83,9,,6883.70,15.8,280
,00:40:02,154,10.1,05:56,83,9,,6888.60,15.8,284
,00:40:03,154,10.3,05:50,83,9,,6894.00,15.8,288
,00:40:04,154,10.4,05:46,84,9,,6899.40,15.8,290
,00:40:05,154,10.5,05:43,83,9,,6905.30,15.8,290
,00:40:06,154,10.5,05:41,82,9,,6910.90,15.9,288
,00:40:07,154,10.9,05:29,81,9,,6915.50,15.8,296
,00:40:08,154,11.4,05:15,81,9,,6919.20,15.8,304
,00:40:09,154,11.4,05:15,81,9,,6922.10,15.9,300
,00:40:10,153,11.4,05:17,80,9,,6924.70,15.8,294
,00:40:11,153,11.1,05:23,80,9,,6927.00,15.7,284
,00:40:12,153,10.8,05:34,79,8,,6928.40,15.7,272
,00:40:13,153,10.3,05:50,80,8,,6929.20,15.7,256
,00:40:14,153,9.8,06:08,81,8,,6929.30,15.7,240
,00:40:15,153,9.3,06:26,82,8,,6929.60,15.9,228
,00:40:16,153,9.1,06:37,82,8,,6930.90,15.9,220
,00:40:17,154,9.1,06:35,82,8,,6932.40,15.8,218
,00:40:18,154,9.3,06:26,82,8,,6934.50,15.8,218
,00:40:19,154,9.5,06:19,82,8,,6937.20,15.8,216
,00:40:20,154,9.8,06:06,82,7,,6940.80,15.8,218
,00:40:21,154,10.4,05:45,82,7,,6945.00,15.9,222
,00:40:22,154,10.9,05:29,82,6,,6950.00,15.9,224
,00:40:23,154,11.2,05:22,82,6,,6954.60,15.8,222
,00:40:24,154,11.4,05:17,82,5,,6958.90,15.9,218
,00:40:25,153,11.4,05:15,82,5,,6962.80,15.9,214
,00:40:26,153,11.3,05:17,82,5,,6966.70,15.8,210
,00:40:27,153,11.2,05:21,82,5,,6970.20,15.9,206
,00:40:28,153,11.1,05:24,82,4,,6973.50,16.0,202
,00:40:29,153,11.0,05:26,82,4,,6976.40,15.9,200
,00:40:30,153,11.0,05:28,82,4,,6979.40,15.9,200
,00:40:31,153,11.1,05:26,82,4,,6982.20,16.0,202
,00:40:32,152,11.3,05:20,82,4,,6985.50,16.0,206
,00:40:33,153,11.5,05:14,82,4,,6988.90,15.9,214
,00:40:34,153,11.7,05:09,82,4,,6992.30,15.9,220
,00:40:35,153,11.8,05:05,82,4,,6996.20,16.0,224
,00:40:36,152,11.8,05:05,84,4,,6999.70,15.9,228
,00:40:37,153,11.7,05:08,85,4,,7003.20,16.0,228
,00:40:38,153,11.6,05:10,84,2,,7006.90,15.9,230
,00:40:39,153,11.7,05:08,83,2,,7010.50,16.0,234
,00:40:40,153,11.8,05:04,83,2,,7014.20,16.1,240
,00:40:41,153,11.9,05:03,83,2,,7017.20,16.0,242
,00:40:42,153,11.8,05:05,83,2,,7020.20,16.1,242
,00:40:43,153,11.6,05:10,83,2,,7023.00,15.9,240
,00:40:44,154,11.5,05:14,83,1,,7025.50,16.1,238
,00:40:45,153,11.4,05:17,83,1,,7028.40,16.1,238
,00:40:46,153,11.3,05:17,84,1,,7031.80,16.2,238
,00:40:47,153,11.6,05:10,85,1,,7035.40,16.1,244
,00:40:48,154,12.0,05:00,84,1,,7039.00,16.1,254
,00:40:49,154,12.2,04:56,83,1,,7041.50,16.1,258
,00:40:50,154,12.0,05:00,83,0,,7045.10,16.1,254
,00:40:51,153,11.8,05:06,83,0,,7048.30,16.1,250
,00:40:52,153,11.6,05:09,85,0,,7051.60,16.1,248
,00:40:53,153,11.6,05:09,85,0,,7054.80,16.1,248
,00:40:54,153,11.7,05:08,85,0,,7058.10,16.1,248
,00:40:55,153,11.7,05:08,85,0,,7061.00,16.2,250
,00:40:56,153,11.7,05:08,85,0,,7063.30,16.1,250
,00:40:57,153,11.7,05:07,84,0,,7065.70,16.2,250
,00:40:58,153,11.7,05:07,83,0,,7069.30,16.1,250
,00:40:59,153,11.7,05:07,83,0,,7072.80,16.1,250
,00:41:00,153,11.7,05:07,83,-1,,7076.30,16.1,250
,00:41:01,154,11.7,05:07,83,-1,,7079.70,16.1,250
,00:41:02,154,11.7,05:07,83,-1,,7083.10,16.1,250
,00:41:03,154,11.7,05:07,83,-1,,7086.20,16.1,252
,00:41:04,153,11.7,05:07,83,-2,,7089.20,16.1,252
,00:41:05,154,11.7,05:07,83,-2,,7092.50,16.2,252
,00:41:06,154,11.7,05:08,83,-2,,7095.40,16.2,250
,00:41:07,154,11.6,05:09,83,-2,,7098.30,16.2,250
,00:41:08,154,11.6,05:10,84,-2,,7101.10,16.2,250
,00:41:09,154,11.6,05:11,83,-2,,7103.90,16.2,252
,00:41:10,154,11.5,05:12,85,-3,,7106.60,16.2,254
,00:41:11,154,11.5,05:13,85,-3,,7109.50,16.1,256
,00:41:12,154,11.5,05:13,85,-3,,7112.50,16.1,262
,00:41:13,154,11.5,05:14,84,-3,,7115.40,16.3,266
,00:41:14,155,11.5,05:14,83,-3,,7118.50,16.2,272
,00:41:15,155,11.4,05:15,83,-3,,7121.60,16.3,278
,00:41:16,155,11.4,05:15,83,-3,,7124.60,16.3,282
,00:41:17,155,11.4,05:15,84,-3,,7127.50,16.3,290
,00:41:18,155,11.4,05:15,83,-3,,7130.40,16.2,294
,00:41:19,155,11.4,05:15,84,-3,,7133.50,16.3,298
,00:41:20,156,11.4,05:15,83,-3,,7136.50,16.1,302
,00:41:21,156,11.4,05:16,83,-3,,7139.60,16.3,304
,00:41:22,156,11.3,05:18,83,-3,,7142.80,16.2,306
,00:41:23,156,11.3,05:19,83,-3,,7145.80,16.3,308
,00:41:24,156,11.2,05:20,83,-3,,7149.10,16.3,310
,00:41:25,156,11.2,05:21,83,-3,,7152.40,16.3,312
,00:41:26,157,11.2,05:22,84,-2,,7155.70,16.4,318
,00:41:27,157,11.2,05:22,85,-2,,7159.20,16.3,322
,00:41:28,157,11.2,05:23,83,-2,,7162.50,16.3,328
,00:41:29,157,11.2,05:23,83,-2,,7165.90,16.2,336
,00:41:30,157,11.2,05:22,83,-1,,7169.10,16.2,342
,00:41:31,157,11.2,05:21,83,-1,,7172.60,16.2,346
,00:41:32,157,11.2,05:20,83,-1,,7175.90,16.2,352
,00:41:33,157,11.3,05:20,83,-1,,7179.20,16.4,356
,00:41:34,157,11.3,05:19,83,-1,,7182.70,16.4,364
,00:41:35,156,11.3,05:19,84,-1,,7186.30,16.2,378
,00:41:36,156,11.3,05:18,85,0,,7189.70,16.2,394
,00:41:37,157,11.3,05:18,85,0,,7193.00,16.2,412
,00:41:38,157,11.3,05:18,84,0,,7196.40,16.4,432
,00:41:39,157,11.3,05:18,83,0,,7199.70,16.3,452
,00:41:40,157,11.3,05:18,85,0,,7203.00,16.2,468
,00:41:41,157,11.3,05:18,84,0,,7206.50,16.2,478
,00:41:42,157,11.3,05:18,83,4,,7209.50,16.2,482
,00:41:43,157,11.3,05:18,83,4,,7212.30,16.3,480
,00:41:44,157,11.3,05:17,83,4,,7215.30,16.3,476
,00:41:45,157,11.3,05:17,83,4,,7218.60,16.3,466
,00:41:46,157,11.3,05:17,83,4,,7222.20,16.2,454
,00:41:47,156,11.4,05:17,83,4,,7225.60,16.4,440
,00:41:48,156,11.4,05:17,84,4,,7229.10,16.2,424
,00:41:49,156,11.4,05:17,85,4,,7232.50,16.3,410
,00:41:50,157,11.4,05:17,85,4,,7235.80,16.3,396
,00:41:51,157,11.4,05:17,83,4,,7239.70,16.2,382
,00:41:52,157,11.4,05:16,83,4,,7243.30,16.3,370
,00:41:53,157,11.4,05:16,83,4,,7246.70,16.3,358
,00:41:54,157,11.4,05:16,83,4,,7249.70,16.3,348
,00:41:55,157,11.4,05:16,83,4,,7252.70,16.3,336
,00:41:56,158,11.4,05:16,85,4,,7255.70,16.3,326
,00:41:57,158,11.4,05:16,84,4,,7258.70,16.2,316
,00:41:58,157,11.4,05:15,85,4,,7261.90,16.3,308
,00:41:59,157,11.4,05:15,84,4,,7264.90,16.3,302
,00:42:00,157,11.4,05:15,83,2,,7268.00,16.3,298
,00:42:01,157,11.4,05:15,83,2,,7271.10,16.3,294
,00:42:02,157,11.4,05:15,83,2,,7274.20,16.4,290
,00:42:03,157,11.4,05:15,83,2,,7278.10,16.4,288
,00:42:04,157,11.4,05:15,83,2,,7281.60,16.4,288
,00:42:05,157,11.4,05:15,83,2,,7284.90,16.3,286
,00:42:06,157,11.5,05:14,83,2,,7288.10,16.2,286
,00:42:07,156,11.5,05:14,83,2,,7291.20,16.3,286
,00:42:08,156,11.5,05:14,83,2,,7294.00,16.3,284
,00:42:09,156,11.4,05:15,83,2,,7296.80,16.4,284
,00:42:10,157,11.3,05:18,83,2,,7299.80,16.3,280
,00:42:11,157,11.3,05:19,83,2,,7303.20,16.4,280
,00:42:12,156,11.3,05:18,83,2,,7305.80,16.5,282
,00:42:13,156,11.4,05:17,83,2,,7308.60,16.5,284
,00:42:14,156,11.4,05:16,83,1,,7311.80,16.4,284
,00:42:15,157,11.4,05:15,83,1,,7314.80,16.3,284
,00:42:16,157,11.4,05:14,83,1,,7318.00,16.4,282
,00:42:17,157,11.5,05:14,83,1,,7321.30,16.3,282
,00:42:18,157,11.5,05:14,83,1,,7324.80,16.4,280
,00:42:19,157,11.5,05:13,83,1,,7328.10,16.4,278
,00:42:20,157,11.5,05:13,83,0,,7331.10,16.4,274
,00:42:21,157,11.5,05:13,84,0,,7334.20,16.4,272
,00:42:22,158,11.5,05:13,83,0,,7337.40,16.4,268
,00:42:23,158,11.5,05:13,83,0,,7340.80,16.4,266
,00:42:24,159,11.5,05:12,83,0,,7343.90,16.4,266
,00:42:25,158,11.5,05:12,83,0,,7346.80,16.5,264
,00:42:26,158,11.5,05:12,83,-1,,7349.80,16.4,262
,00:42:27,157,11.5,05:12,82,-1,,7352.70,16.4,260
,00:42:28,157,11.5,05:14,81,-1,,7355.50,16.5,260
,00:42:29,157,11.3,05:19,81,-1,,7357.90,16.5,256
,00:42:30,158,11.0,05:28,81,-1,,7360.40,16.5,248
,00:42:31,157,10.6,05:40,81,-1,,7362.90,16.5,240
,00:42:32,157,10.3,05:51,82,-1,,7365.10,16.5,232
,00:42:33,157,10.0,06:00,82,-1,,7367.30,16.6,226
,00:42:34,156,9.8,06:06,82,-2,,7369.60,16.5,222
,00:42:35,156,9.9,06:05,82,-2,,7372.40,16.6,222
,00:42:36,155,10.1,05:57,82,-2,,7375.20,16.5,226
,00:42:37,154,10.3,05:48,82,-2,,7377.90,16.4,232
,00:42:38,154,10.4,05:45,82,-2,,7380.50,16.6,234
,00:42:39,154,10.4,05:48,82,-2,,7383.40,16.6,232
,00:42:40,153,10.2,05:52,82,-2,,7386.20,16.6,230
,00:42:41,152,10.1,05:56,81,-2,,7389.20,16.6,228
,00:42:42,152,10.1,05:57,82,-2,,7392.00,16.6,226
,00:42:43,151,10.1,05:56,82,-2,,7394.70,16.6,224
,00:42:44,151,10.1,05:55,82,-3,,7397.30,16.7,222
,00:42:45,150,10.1,05:55,82,-3,,7399.80,16.7,218
,00:42:46,150,10.2,05:53,82,-3,,7402.40,16.6,216
,00:42:47,149,10.3,05:50,82,-3,,7405.30,16.7,216
,00:42:48,149,10.4,05:45,82,-4,,7408.00,16.6,218
,00:42:49,149,10.5,05:42,82,-4,,7410.90,16.7,220
,00:42:50,149,10.6,05:41,82,-4,,7413.80,16.7,220
,00:42:51,149,10.6,05:40,82,-4,,7416.80,16.7,222
,00:42:52,149,10.6,05:39,82,-4,,7419.80,16.7,222
,00:42:53,149,10.6,05:39,82,-4,,7422.80,16.7,222
,00:42:54,149,10.6,05:39,82,-5,,7425.80,16.6,222
,00:42:55,150,10.6,05:40,82,-5,,7428.80,16.7,222
,00:42:56,150,10.6,05:41,82,-5,,7431.40,16.7,222
,00:42:57,150,10.5,05:41,82,-5,,7434.60,16.8,222
,00:42:58,150,10.5,05:42,82,-5,,7437.50,16.7,220
,00:42:59,151,10.5,05:42,82,-5,,7440.30,16.7,220
,00:43:00,151,10.5,05:43,82,-5,,7443.00,16.8,220
,00:43:01,152,10.5,05:43,82,-5,,7445.40,16.8,220
,00:43:02,152,10.5,05:44,82,-5,,7448.60,16.8,220
,00:43:03,152,10.4,05:45,84,-5,,7451.40,16.7,220
,00:43:04,153,10.4,05:46,83,-5,,7454.20,16.7,222
,00:43:05,153,10.4,05:46,83,-5,,7457.40,16.7,222
,00:43:06,153,10.4,05:47,83,-7,,7460.00,16.8,222
,00:43:07,153,10.4,05:47,83,-7,,7463.00,16.7,222
,00:43:08,154,10.4,05:47,83,-7,,7465.90,16.9,224
,00:43:09,154,10.4,05:48,83,-7,,7468.80,16.9,224
,00:43:10,154,10.4,05:48,83,-7,,7472.30,16.8,224
,00:43:11,154,10.4,05:48,83,-7,,7475.00,16.9,226
,00:43:12,154,10.4,05:48,83,-7,,7477.90,16.8,226
,00:43:13,154,10.4,05:48,83,-7,,7480.90,16.7,226
,00:43:14,154,10.4,05:48,83,-7,,7483.90,16.8,228
,00:43:15,154,10.4,05:48,83,-7,,7486.70,16.8,226
,00:43:16,154,10.4,05:48,83,-7,,7489.60,16.7,226
,00:43:17,154,10.4,05:48,83,-7,,7492.70,16.9,224
,00:43:18,154,10.4,05:48,83,-8,,7495.60,16.9,224
,00:43:19,154,10.4,05:48,83,-8,,7498.40,16.8,222
,00:43:20,154,10.4,05:48,83,-8,,7501.30,16.8,220
,00:43:21,153,10.4,05:48,83,-8,,7504.10,16.8,218
,00:43:22,154,10.4,05:48,83,-9,,7507.10,16.9,216
,00:43:23,154,10.3,05:48,84,-9,,7510.00,16.9,216
,00:43:24,154,10.3,05:48,83,-9,,7513.00,16.9,214
,00:43:25,154,10.3,05:48,83,-9,,7516.00,16.9,212
,00:43:26,153,10.3,05:48,83,-10,,7518.90,16.9,212
,00:43:27,154,10.3,05:48,83,-10,,7522.00,16.9,212
,00:43:28,154,10.3,05:48,83,-10,,7524.90,16.9,212
,00:43:29,154,10.3,05:48,83,-10,,7527.70,16.9,214
,00:43:30,154,10.3,05:48,83,-10,,7531.10,16.9,214
,00:43:31,154,10.3,05:48,84,-10,,7533.60,16.9,216
,00:43:32,154,10.4,05:47,83,-11,,7536.50,17.0,216
,00:43:33,154,10.4,05:47,84,-11,,7539.50,17.1,216
,00:43:34,154,10.4,05:47,84,-11,,7542.20,16.9,218
,00:43:35,154,10.4,05:47,83,-11,,7545.00,17.0,218
,00:43:36,154,10.4,05:47,83,-11,,7547.70,17.0,218
,00:43:37,155,10.4,05:47,83,-11,,7550.50,17.0,218
,00:43:38,155,10.4,05:47,83,-12,,7553.30,17.0,216
,00:43:39,155,10.4,05:47,83,-12,,7555.90,17.1,216
,00:43:40,154,10.4,05:47,83,-12,,7559.60,17.1,214
,00:43:41,154,10.4,05:47,84,-12,,7562.30,17.1,212
,00:43:42,154,10.4,05:47,85,-12,,7565.00,17.1,210
,00:43:43,155,10.4,05:47,85,-12,,7568.00,17.2,208
,00:43:44,154,10.4,05:47,85,-12,,7571.00,17.1,206
,00:43:45,154,10.4,05:47,85,-12,,7574.10,17.1,204
,00:43:46,154,10.4,05:45,84,-14,,7577.40,17.2,204
,00:43:47,154,10.6,05:41,83,-14,,7581.10,17.2,206
,00:43:48,154,10.6,05:40,83,-14,,7584.20,17.1,206
,00:43:49,154,10.6,05:41,83,-14,,7586.50,17.2,206
,00:43:50,154,10.5,05:41,83,-14,,7589.60,17.2,206
,00:43:51,154,10.5,05:42,83,-14,,7593.00,17.1,206
,00:43:52,154,10.5,05:43,83,-15,,7596.10,17.2,206
,00:43:53,154,10.5,05:43,83,-15,,7598.80,17.2,204
,00:43:54,154,10.5,05:44,84,-15,,7601.60,17.2,204
,00:43:55,154,10.5,05:44,84,-15,,7604.30,17.2,204
,00:43:56,154,10.4,05:45,83,-16,,7606.40,17.2,206
,00:43:57,154,10.4,05:45,83,-16,,7609.60,17.3,206
,00:43:58,154,10.4,05:45,83,-16,,7612.80,17.2,206
,00:43:59,153,10.4,05:46,83,-16,,7616.30,17.2,206
,00:44:00,153,10.4,05:46,83,-16,,7618.70,17.2,208
,00:44:01,154,10.4,05:46,83,-16,,7622.10,17.2,208
,00:44:02,153,10.4,05:46,83,-17,,7625.10,17.3,208
,00:44:03,153,10.4,05:46,83,-17,,7628.40,17.3,210
,00:44:04,153,10.4,05:45,83,-17,,7631.30,17.3,210
,00:44:05,154,10.4,05:45,83,-17,,7634.60,17.2,212
,00:44:06,154,10.4,05:45,83,-17,,7636.90,17.3,212
,00:44:07,154,10.4,05:45,83,-17,,7640.00,17.3,214
,00:44:08,153,10.4,05:45,84,-17,,7642.80,17.3,214
,00:44:09,154,10.5,05:44,83,-17,,7646.10,17.3,216
,00:44:10,154,10.5,05:44,83,-17,,7648.40,17.2,216
,00:44:11,154,10.5,05:44,83,-17,,7651.60,17.3,218
,00:44:12,154,10.5,05:44,82,-18,,7654.10,17.4,220
,00:44:13,153,10.5,05:44,82,-18,,7657.20,17.3,222
,00:44:14,153,10.5,05:44,81,-18,,7660.30,17.4,224
,00:44:15,153,10.5,05:44,81,-18,,7663.30,17.3,226
,00:44:16,154,10.4,05:45,81,-18,,7666.10,17.4,228
,00:44:17,153,10.4,05:45,81,-18,,7668.40,17.4,230
,00:44:18,153,10.4,05:45,82,-18,,7671.30,17.3,232
,00:44:19,153,10.4,05:45,82,-18,,7674.60,17.4,232
,00:44:20,153,10.4,05:45,82,-18,,7677.60,17.4,232
,00:44:21,153,10.4,05:45,82,-18,,7680.60,17.4,234
,00:44:22,153,10.5,05:43,82,-19,,7683.40,17.4,234
,00:44:23,153,10.5,05:42,82,-19,,7685.80,17.4,236
,00:44:24,153,10.6,05:41,82,-19,,7689.10,17.5,236
,00:44:25,153,10.6,05:40,82,-19,,7692.00,17.4,236
,00:44:26,153,10.6,05:40,82,-19,,7695.20,17.4,236
,00:44:27,153,10.6,05:39,82,-19,,7698.20,17.4,234
,00:44:28,153,10.6,05:39,82,-20,,7700.70,17.4,234
,00:44:29,152,10.4,05:45,82,-20,,7703.10,17.5,230
,00:44:30,153,10.1,05:57,82,-20,,7705.40,17.4,222
,00:44:31,153,9.8,06:08,82,-20,,7707.40,17.5,214
,00:44:32,152,9.6,06:14,82,-20,,7710.20,17.6,210
,00:44:33,152,9.7,06:12,82,-20,,7712.30,17.4,212
,00:44:34,152,9.8,06:07,82,-21,,7714.80,17.6,214
,00:44:35,152,9.9,06:03,82,-21,,7717.10,17.6,216
,00:44:36,153,10.0,06:00,82,-21,,7719.40,17.6,220
,00:44:37,153,10.1,05:58,82,-21,,7722.40,17.6,222
,00:44:38,153,10.1,05:56,82,-21,,7725.50,17.6,224
,00:44:39,153,10.2,05:54,82,-21,,7728.70,17.6,224
,00:44:40,154,10.2,05:53,82,-21,,7731.70,17.6,224
,00:44:41,154,10.2,05:52,82,-21,,7734.80,17.7,222
,00:44:42,153,10.3,05:51,82,-21,,7737.80,17.6,220
,00:44:43,153,10.3,05:50,82,-21,,7740.60,17.6,220
,00:44:44,153,10.3,05:50,82,-23,,7743.50,17.7,218
,00:44:45,153,10.3,05:49,82,-23,,7746.30,17.7,218
,00:44:46,153,10.3,05:49,82,-23,,7749.00,17.6,218
,00:44:47,153,10.3,05:49,82,-23,,7751.70,17.6,220
,00:44:48,153,10.3,05:49,82,-23,,7754.50,17.7,222
,00:44:49,153,10.3,05:49,82,-23,,7757.20,17.7,224
,00:44:50,153,10.3,05:49,82,-23,,7759.60,17.7,224
,00:44:51,153,10.3,05:48,82,-23,,7762.30,17.6,226
,00:44:52,153,10.3,05:48,82,-23,,7765.10,17.7,228
,00:44:53,153,10.3,05:48,82,-23,,7768.10,17.7,230
,00:44:54,153,10.3,05:48,82,-23,,7771.00,17.8,232
,00:44:55,153,10.4,05:48,82,-23,,7773.80,17.7,236
,00:44:56,153,10.4,05:48,82,-23,,7776.50,17.7,238
,00:44:57,153,10.2,05:52,82,-23,,7778.90,17.8,236
,00:44:58,153,10.0,06:00,82,-23,,7781.40,17.8,232
,00:44:59,153,9.7,06:10,82,-23,,7784.10,17.8,226
,00:45:00,153,9.5,06:20,82,-23,,7786.40,17.8,220
,00:45:01,153,9.4,06:21,82,-23,,7788.50,17.8,220
,00:45:02,153,9.6,06:17,84,-23,,7791.00,17.8,222
,00:45:03,153,9.8,06:08,85,-23,,7794.00,17.8,228
,00:45:04,153,10.1,05:57,84,-24,,7797.30,18.0,234
,00:45:05,153,10.4,05:46,83,-24,,7800.40,17.8,242
,00:45:06,153,10.8,05:34,83,-24,,7804.00,17.8,252
,00:45:07,153,11.0,05:27,83,-24,,7807.80,17.8,256
,00:45:08,153,11.1,05:24,83,-24,,7811.40,17.8,258
,00:45:09,153,11.2,05:22,83,-24,,7815.10,17.8,260
,00:45:10,153,11.1,05:23,83,-24,,7818.70,17.9,262
,00:45:11,153,11.0,05:27,83,-24,,7821.80,17.9,260
,00:45:12,153,10.8,05:32,83,-25,,7824.30,17.8,256
,00:45:13,153,10.7,05:37,83,-25,,7827.40,17.9,252
,00:45:14,152,10.6,05:41,83,-25,,7830.30,17.9,250
,00:45:15,152,10.6,05:39,83,-25,,7833.10,17.9,250
,00:45:16,152,10.7,05:36,83,-25,,7836.10,17.9,254
,00:45:17,152,10.8,05:35,83,-25,,7839.20,17.8,256
,00:45:18,152,10.9,05:31,83,-25,,7842.00,17.9,258
,00:45:19,152,10.9,05:30,82,-25,,7845.10,18.0,260
,00:45:20,152,10.8,05:34,84,-25,,7848.40,17.9,258
,00:45:21,152,10.7,05:38,83,-25,,7851.70,17.9,256
,00:45:22,152,10.5,05:41,83,-26,,7854.30,17.9,252
,00:45:23,152,10.5,05:44,83,-26,,7857.10,17.9,250
,00:45:24,152,10.4,05:47,83,-26,,7859.90,17.9,248
,00:45:25,152,10.3,05:49,83,-26,,7862.40,18.0,246
,00:45:26,152,10.3,05:51,83,-26,,7864.90,18.0,244
,00:45:27,152,10.2,05:52,83,-26,,7867.90,18.1,242
,00:45:28,152,10.2,05:53,83,-26,,7870.70,17.9,240
,00:45:29,152,10.2,05:54,82,-26,,7873.40,17.9,240
,00:45:30,151,10.1,05:55,81,-27,,7876.60,18.0,238
,00:45:31,152,10.1,05:56,81,-27,,7879.60,18.0,238
,00:45:32,152,10.1,05:56,82,-27,,7882.40,18.0,236
,00:45:33,152,10.1,05:57,82,-27,,7885.20,18.0,234
,00:45:34,152,10.1,05:57,82,-27,,7887.80,18.0,234
,00:45:35,152,10.1,05:57,82,-27,,7890.50,18.0,232
,00:45:36,152,10.1,05:57,82,-27,,7893.20,18.1,232
,00:45:37,152,10.1,05:58,82,-27,,7895.50,18.0,230
,00:45:38,151,10.0,06:01,82,-27,,7897.70,18.1,228
,00:45:39,151,9.7,06:11,82,-27,,7899.80,18.1,222
,00:45:40,151,9.3,06:25,82,-27,,7901.80,18.0,214
,00:45:41,151,9.3,06:29,82,-27,,7904.40,18.1,212
,00:45:42,151,9.4,06:23,82,-27,,7907.00,18.1,216
,00:45:43,151,9.5,06:18,82,-27,,7910.00,18.1,220
,00:45:44,151,9.6,06:15,82,-27,,7912.70,18.1,224
,00:45:45,151,9.7,06:12,82,-27,,7915.60,18.1,228
,00:45:46,151,9.8,06:09,82,-27,,7918.60,18.1,232
,00:45:47,151,9.8,06:06,82,-27,,7921.90,18.1,236
,00:45:48,151,9.9,06:02,82,-27,,7925.10,18.1,240
,00:45:49,152,10.0,06:00,82,-27,,7928.40,18.1,244
,00:45:50,152,10.1,05:57,82,-27,,7931.40,18.1,248
,00:45:51,152,10.1,05:56,82,-27,,7934.50,18.0,252
,00:45:52,152,10.2,05:54,82,-27,,7937.70,18.1,254
,00:45:53,151,10.2,05:53,82,-27,,7940.60,18.1,256
,00:45:54,151,10.2,05:52,82,-28,,7943.70,18.0,256
,00:45:55,152,10.3,05:51,82,-28,,7946.60,18.1,258
,00:45:56,151,10.3,05:50,82,-28,,7949.50,18.1,258
,00:45:57,151,10.3,05:50,82,-28,,7952.40,18.1,260
,00:45:58,151,10.3,05:49,82,-28,,7955.40,18.1,260
,00:45:59,151,10.3,05:49,82,-28,,7958.50,18.1,260
,00:46:00,151,10.4,05:48,82,-28,,7961.30,18.1,260
,00:46:01,150,10.4,05:46,84,-28,,7964.00,18.2,260
,00:46:02,151,10.5,05:44,83,-28,,7966.80,18.1,260
,00:46:03,151,10.5,05:43,83,-28,,7969.90,18.1,260
,00:46:04,150,10.5,05:43,83,-28,,7972.80,18.2,260
,00:46:05,150,10.5,05:43,83,-28,,7976.00,18.1,258
,00:46:06,150,10.5,05:44,83,-28,,7979.10,18.1,258
,00:46:07,150,10.5,05:44,83,-28,,7982.00,18.2,256
,00:46:08,150,10.4,05:45,83,-28,,7984.60,18.2,256
,00:46:09,150,10.4,05:45,83,-28,,7987.40,18.3,254
,00:46:10,151,10.4,05:46,83,-28,,7990.50,18.1,254
,00:46:11,151,10.4,05:46,83,-28,,7993.60,18.1,252
,00:46:12,150,10.4,05:46,83,-28,,7996.30,18.1,252
,00:46:13,150,10.4,05:46,83,-28,,7999.30,18.2,250
,00:46:14,150,10.4,05:46,83,-30,,8002.20,18.2,248
,00:46:15,150,10.4,05:46,83,-30,,8005.00,18.1,248
,00:46:16,149,10.4,05:46,83,-30,,8008.00,18.1,248
,00:46:17,150,10.4,05:47,83,-30,,8011.10,18.2,248
,00:46:18,150,10.4,05:47,83,-30,,8014.30,18.3,248
,00:46:19,149,10.4,05:47,83,-30,,8017.00,18.2,246
,00:46:20,150,10.4,05:47,83,-30,,8020.00,18.2,246
,00:46:21,150,10.4,05:47,83,-30,,8022.70,18.2,246
,00:46:22,150,10.4,05:47,83,-30,,8025.90,18.1,246
,00:46:23,150,10.4,05:47,83,-30,,8028.70,18.2,246
,00:46:24,150,10.4,05:47,83,-30,,8031.80,18.2,246
,00:46:25,150,10.4,05:47,83,-30,,8034.80,18.3,246
,00:46:26,150,10.4,05:47,83,-30,,8037.80,18.3,244
,00:46:27,150,10.4,05:47,83,-30,,8040.90,18.3,244
,00:46:28,150,10.4,05:46,83,-30,,8043.90,18.3,244
,00:46:29,151,10.5,05:44,83,-30,,8046.90,18.2,244
,00:46:30,150,10.5,05:43,83,-31,,8049.90,18.3,242
,00:46:31,150,10.5,05:44,83,-31,,8052.80,18.3,240
,00:46:32,150,10.5,05:44,83,-31,,8055.90,18.3,238
,00:46:33,150,10.4,05:45,83,-31,,8058.90,18.3,238
,00:46:34,150,10.4,05:45,83,-31,,8061.80,18.3,236
,00:46:35,150,10.5,05:44,83,-31,,8064.70,18.3,236
,00:46:36,150,10.5,05:43,83,-32,,8067.50,18.4,238
,00:46:37,151,10.5,05:42,83,-32,,8070.50,18.4,238
,00:46:38,150,10.6,05:41,83,-32,,8073.20,18.5,236
,00:46:39,151,10.6,05:40,83,-32,,8076.10,18.3,236
,00:46:40,151,10.6,05:39,83,-32,,8079.10,18.4,238
,00:46:41,151,10.6,05:39,83,-32,,8082.20,18.3,240
,00:46:42,150,10.6,05:39,83,-32,,8085.00,18.4,240
,00:46:43,150,10.6,05:38,83,-32,,8088.20,18.5,242
,00:46:44,151,10.6,05:38,83,-33,,8091.40,18.3,244
,00:46:45,151,10.7,05:38,84,-33,,8094.50,18.4,246
,00:46:46,151,10.7,05:38,84,-33,,8097.40,18.4,246
,00:46:47,151,10.7,05:37,84,-33,,8100.60,18.3,248
,00:46:48,151,10.7,05:37,84,-33,,8103.60,18.3,250
,00:46:49,150,10.7,05:37,85,-33,,8106.50,18.5,252
,00:46:50,150,10.7,05:37,84,-33,,8109.30,18.5,254
,00:46:51,150,10.7,05:37,84,-33,,8112.20,18.4,254
,00:46:52,151,10.7,05:37,84,-33,,8115.20,18.4,256
,00:46:53,150,10.7,05:37,84,-33,,8118.00,18.5,258
,00:46:54,150,10.7,05:37,84,-33,,8121.00,18.4,260
,00:46:55,151,10.7,05:37,84,-33,,8124.00,18.4,260
,00:46:56,151,10.7,05:37,84,-33,,8127.10,18.4,262
,00:46:57,151,10.7,05:37,84,-33,,8130.20,18.4,262
,00:46:58,151,10.7,05:37,84,-34,,8133.50,18.5,262
,00:46:59,151,10.7,05:37,84,-34,,8136.60,18.4,262
,00:47:00,151,10.7,05:37,84,-34,,8139.60,18.4,262
,00:47:01,151,10.7,05:37,84,-34,,8142.40,18.5,262
,00:47:02,152,10.7,05:37,84,-34,,8145.20,18.4,260
,00:47:03,152,10.7,05:37,84,-34,,8148.20,18.5,258
,00:47:04,152,10.7,05:37,84,-34,,8151.00,18.5,258
,00:47:05,152,10.7,05:37,84,-34,,8153.80,18.5,258
,00:47:06,152,10.7,05:37,84,-34,,8156.60,18.5,256
,00:47:07,152,10.7,05:37,84,-34,,8159.20,18.6,256
,00:47:08,153,10.7,05:37,84,-34,,8162.00,18.4,254
,00:47:09,153,10.7,05:37,84,-34,,8164.50,18.4,254
,00:47:10,153,10.7,05:37,84,-34,,8167.30,18.4,252
,00:47:11,153,10.7,05:37,82,-34,,8170.20,18.5,252
,00:47:12,153,10.7,05:37,82,-35,,8173.00,18.5,252
,00:47:13,153,10.7,05:37,82,-35,,8175.90,18.5,250
,00:47:14,154,10.7,05:37,81,-35,,8179.00,18.5,250
,00:47:15,154,10.7,05:37,82,-35,,8182.00,18.5,250
,00:47:16,154,10.7,05:37,82,-35,,8184.90,18.5,250
,00:47:17,153,10.7,05:37,82,-35,,8187.70,18.5,250
,00:47:18,154,10.7,05:37,82,-35,,8190.70,18.5,250
,00:47:19,154,10.7,05:37,81,-35,,8193.60,18.5,250
,00:47:20,154,10.7,05:37,82,-36,,8196.40,18.5,250
,00:47:21,154,10.6,05:39,83,-36,,8199.20,18.6,250
,00:47:22,154,10.6,05:40,83,-36,,8201.70,18.5,248
,00:47:23,154,10.6,05:41,83,-36,,8203.90,18.6,248
,00:47:24,154,10.5,05:42,83,-36,,8206.30,18.6,248
,00:47:25,154,10.5,05:43,83,-36,,8209.20,18.6,246
,00:47:26,153,10.5,05:44,83,-36,,8211.90,18.6,246
,00:47:27,153,10.5,05:44,83,-36,,8214.00,18.5,246
,00:47:28,153,10.4,05:45,83,-36,,8217.00,18.6,246
,00:47:29,153,10.4,05:45,84,-36,,8219.90,18.6,246
,00:47:30,153,10.4,05:45,84,-37,,8222.80,18.6,246
,00:47:31,153,10.4,05:46,84,-37,,8225.60,18.6,246
,00:47:32,152,10.4,05:46,84,-37,,8228.90,18.6,246
,00:47:33,152,10.4,05:46,84,-37,,8231.90,18.6,246
,00:47:34,152,10.4,05:46,84,-37,,8234.60,18.6,246
,00:47:35,152,10.4,05:46,84,-37,,8237.60,18.6,246
,00:47:36,152,10.4,05:46,84,-37,,8240.80,18.6,244
,00:47:37,152,10.4,05:46,84,-37,,8243.70,18.6,244
,00:47:38,152,10.4,05:46,84,-37,,8246.60,18.5,244
,00:47:39,152,10.4,05:46,84,-37,,8249.30,18.6,244
,00:47:40,152,10.4,05:46,84,-37,,8252.20,18.6,244
,00:47:41,152,10.4,05:46,84,-37,,8254.90,18.7,242
,00:47:42,152,10.4,05:46,84,-37,,8257.50,18.6,242
,00:47:43,152,10.4,05:46,84,-37,,8260.20,18.6,242
,00:47:44,152,10.4,05:46,84,-37,,8262.90,18.6,242
,00:47:45,152,10.4,05:46,84,-37,,8265.70,18.7,240
,00:47:46,152,10.4,05:47,84,-37,,8268.30,18.6,240
,00:47:47,152,10.3,05:48,84,-37,,8271.10,18.6,238
,00:47:48,152,10.3,05:49,84,-37,,8274.20,18.6,238
,00:47:49,151,10.3,05:49,84,-37,,8277.20,18.7,238
,00:47:50,152,10.3,05:49,84,-37,,8280.50,18.6,238
,00:47:51,152,10.3,05:49,84,-37,,8283.80,18.7,238
,00:47:52,152,10.3,05:48,84,-37,,8286.80,18.7,238
,00:47:53,152,10.3,05:48,84,-37,,8290.20,18.6,238
,00:47:54,152,10.4,05:48,84,-39,,8293.20,18.6,238
,00:47:55,152,10.4,05:48,84,-39,,8296.30,18.7,238
,00:47:56,153,10.4,05:48,84,-39,,8299.10,18.7,240
,00:47:57,153,10.4,05:47,84,-39,,8301.60,18.7,240
,00:47:58,152,10.4,05:48,84,-39,,8304.30,18.8,240
,00:47:59,152,10.3,05:49,84,-39,,8307.00,18.7,240
,00:48:00,153,10.3,05:50,84,-39,,8309.80,18.7,240
,00:48:01,152,10.3,05:50,84,-39,,8312.60,18.7,240
,00:48:02,152,10.2,05:51,84,-40,,8315.00,18.8,240
,00:48:03,152,10.2,05:52,84,-40,,8317.60,18.7,240
,00:48:04,152,10.2,05:53,84,-40,,8320.40,18.7,238
,00:48:05,152,10.2,05:54,84,-40,,8323.20,18.8,238
,00:48:06,152,10.1,05:55,84,-40,,8325.80,18.7,238
,00:48:07,151,10.1,05:55,84,-40,,8328.60,18.7,238
,00:48:08,151,10.1,05:56,84,-40,,8331.30,18.8,238
,00:48:09,151,10.1,05:56,84,-40,,8333.90,18.7,238
,00:48:10,152,10.1,05:56,84,-40,,8336.70,18.9,238
,00:48:11,151,10.1,05:56,84,-40,,8339.70,18.8,238
,00:48:12,151,10.1,05:57,84,-41,,8342.50,18.9,238
,00:48:13,152,10.1,05:57,84,-41,,8345.30,18.9,236
,00:48:14,152,10.1,05:57,82,-41,,8348.10,18.8,236
,00:48:15,152,10.1,05:57,82,-41,,8351.00,18.8,236
,00:48:16,152,10.1,05:57,83,-41,,8354.10,18.8,236
,00:48:17,152,10.1,05:58,83,-41,,8356.80,18.8,236
,00:48:18,152,10.1,05:58,84,-41,,8359.70,18.9,238
,00:48:19,152,10.1,05:58,84,-41,,8362.50,18.9,238
,00:48:20,152,10.1,05:58,84,-41,,8365.30,18.8,240
,00:48:21,152,10.1,05:58,84,-41,,8368.30,18.9,240
,00:48:22,152,10.1,05:58,84,-41,,8370.80,18.9,242
,00:48:23,153,10.1,05:58,84,-41,,8374.30,18.8,242
,00:48:24,152,10.1,05:58,84,-41,,8377.30,18.9,244
,00:48:25,152,10.1,05:58,84,-41,,8380.00,18.8,244
,00:48:26,153,10.1,05:58,84,-41,,8382.90,18.9,244
,00:48:27,153,10.1,05:57,84,-41,,8385.70,18.9,244
,00:48:28,152,10.1,05:57,84,-41,,8388.90,18.8,244
,00:48:29,152,10.1,05:56,84,-41,,8391.80,18.9,242
,00:48:30,152,10.2,05:55,84,-42,,8394.70,18.9,242
,00:48:31,152,10.2,05:54,84,-42,,8397.80,18.9,242
,00:48:32,152,10.2,05:55,84,-42,,8400.10,18.9,240
,00:48:33,151,10.1,05:55,84,-42,,8402.90,18.9,238
,00:48:34,151,10.1,05:56,85,-42,,8405.70,18.9,238
,00:48:35,152,10.1,05:56,84,-42,,8408.40,18.9,236
,00:48:36,151,10.1,05:56,84,-42,,8411.20,18.9,236
,00:48:37,151,10.1,05:57,84,-42,,8413.90,18.9,234
,00:48:38,151,10.1,05:57,84,-43,,8416.40,18.9,234
,00:48:39,151,10.1,05:57,84,-43,,8419.20,18.9,234
,00:48:40,150,10.1,05:57,84,-43,,8422.00,18.9,234
,00:48:41,150,10.1,05:58,84,-43,,8424.80,19.0,234
,00:48:42,150,10.1,05:58,84,-43,,8427.40,19.0,234
,00:48:43,150,10.1,05:58,84,-43,,8430.20,18.8,234
,00:48:44,150,10.1,05:58,84,-43,,8433.10,18.9,234
,00:48:45,150,10.1,05:58,84,-43,,8435.90,18.9,234
,00:48:46,150,10.1,05:58,84,-43,,8438.60,19.0,236
,00:48:47,150,10.1,05:58,84,-43,,8441.60,19.1,236
,00:48:48,150,10.1,05:58,84,-44,,8444.40,19.0,236
,00:48:49,150,10.1,05:58,84,-44,,8447.20,19.0,236
,00:48:50,150,10.1,05:58,84,-44,,8449.90,18.9,236
,00:48:51,150,10.0,05:59,84,-44,,8452.50,18.9,236
,00:48:52,150,10.0,05:59,84,-44,,8455.40,19.0,236
,00:48:53,150,10.0,05:59,84,-44,,8458.10,19.0,236
,00:48:54,150,10.0,05:59,84,-44,,8460.90,19.0,236
,00:48:55,150,10.0,05:59,84,-44,,8463.80,19.0,236
,00:48:56,150,10.0,05:59,84,-44,,8466.40,19.0,236
,00:48:57,150,10.0,05:59,84,-44,,8469.10,19.1,236
,00:48:58,150,10.0,05:59,84,-44,,8471.90,19.0,236
,00:48:59,150,10.0,05:59,84,-44,,8474.80,19.0,236
,00:49:00,150,10.0,05:59,84,-44,,8478.00,19.0,236
,00:49:01,150,10.0,05:59,84,-44,,8480.80,19.0,238
,00:49:02,151,10.0,05:59,84,-44,,8483.60,19.0,238
,00:49:03,151,10.0,05:59,85,-44,,8486.40,19.0,238
,00:49:04,150,10.0,05:59,85,-44,,8489.00,19.0,238
,00:49:05,151,10.0,05:59,84,-44,,8491.70,19.1,238
,00:49:06,151,10.0,05:59,84,-45,,8494.70,19.1,236
,00:49:07,151,10.0,05:59,84,-45,,8497.40,19.0,236
,00:49:08,151,10.0,05:59,84,-45,,8500.20,19.0,236
,00:49:09,150,10.0,05:59,84,-45,,8502.80,19.1,236
,00:49:10,150,10.0,05:59,84,-45,,8505.70,19.0,236
,00:49:11,150,10.0,05:59,84,-45,,8509.30,19.1,236
,00:49:12,150,10.0,05:59,84,-45,,8512.40,19.1,238
,00:49:13,149,10.0,05:59,84,-45,,8515.40,19.1,238
,00:49:14,149,10.0,05:59,84,-45,,8518.40,19.1,238
,00:49:15,150,10.0,05:59,84,-45,,8521.50,19.0,240
,00:49:16,149,10.0,05:59,84,-46,,8524.50,19.1,240
,00:49:17,149,10.0,05:59,84,-46,,8527.50,19.1,242
,00:49:18,149,10.0,05:59,84,-46,,8530.40,19.2,244
,00:49:19,149,10.0,05:59,84,-46,,8533.10,19.1,244
,00:49:20,148,10.0,05:59,84,-46,,8535.30,19.1,246
,00:49:21,148,10.0,05:59,84,-46,,8537.90,19.1,248
,00:49:22,148,10.0,05:59,84,-46,,8540.70,19.0,248
,00:49:23,148,10.0,05:59,84,-46,,8543.40,19.1,250
,00:49:24,147,10.0,05:59,84,-46,,8546.00,19.1,250
,00:49:25,147,10.0,05:59,84,-46,,8548.80,19.1,250
,00:49:26,146,10.0,05:59,84,-46,,8551.60,19.1,250
,00:49:27,146,10.0,05:59,85,-46,,8554.50,19.0,250
,00:49:28,146,10.0,05:59,84,-46,,8556.70,19.1,250
,00:49:29,145,10.0,05:59,84,-46,,8559.60,19.1,250
,00:49:30,145,10.0,05:59,84,-47,,8562.30,19.2,248
,00:49:31,146,10.0,05:59,84,-47,,8565.20,19.3,248
,00:49:32,146,10.0,05:59,84,-47,,8568.00,19.1,248
,00:49:33,146,10.0,05:59,84,-47,,8570.90,19.1,246
,00:49:34,146,10.0,05:59,84,-47,,8573.80,19.1,246
,00:49:35,146,10.0,05:59,82,-47,,8576.50,19.2,246
,00:49:36,146,10.0,05:59,83,-47,,8579.30,19.1,246
,00:49:37,147,10.0,05:59,83,-47,,8582.50,19.1,246
,00:49:38,147,10.0,05:59,83,-47,,8585.20,19.2,246
,00:49:39,147,10.0,05:59,83,-47,,8588.00,19.2,246
,00:49:40,147,10.0,05:59,83,-47,,8590.70,19.2,246
,00:49:41,148,10.0,05:59,83,-47,,8593.40,19.2,246
,00:49:42,148,10.0,05:59,83,-48,,8596.00,19.1,244
,00:49:43,147,10.0,05:59,83,-48,,8598.60,19.1,244
,00:49:44,148,10.0,05:59,83,-48,,8601.50,19.1,242
,00:49:45,148,10.0,05:59,83,-48,,8604.50,19.2,240
,00:49:46,148,10.0,05:59,83,-48,,8607.20,19.2,240
,00:49:47,148,10.0,05:59,83,-48,,8609.70,19.2,238
,00:49:48,148,10.0,05:59,83,-48,,8612.60,19.2,236
,00:49:49,148,10.0,05:59,83,-48,,8615.70,19.1,234
,00:49:50,148,10.0,05:59,83,-48,,8618.40,19.2,234
,00:49:51,148,10.0,05:59,83,-48,,8621.20,19.3,232
,00:49:52,148,10.0,05:59,83,-48,,8624.00,19.3,232
,00:49:53,149,10.0,05:59,83,-48,,8626.60,19.2,232
,00:49:54,148,10.0,05:59,83,-48,,8629.10,19.3,232
,00:49:55,148,10.0,05:59,83,-48,,8631.90,19.2,232
,00:49:56,148,10.0,05:59,83,-49,,8634.80,19.2,232
,00:49:57,148,10.0,05:59,83,-49,,8637.40,19.2,232
,00:49:58,148,10.0,05:59,83,-49,,8640.00,19.2,234
,00:49:59,148,10.0,05:59,83,-49,,8642.80,19.3,234
,00:50:00,148,10.0,05:59,83,-49,,8645.30,19.2,234
,00:50:01,148,10.0,05:59,83,-49,,8648.30,19.4,234
,00:50:02,147,10.0,05:59,83,-49,,8651.20,19.2,236
,00:50:03,148,10.0,05:59,83,-49,,8654.10,19.2,238
,00:50:04,148,10.0,05:59,83,-49,,8656.90,19.3,238
,00:50:05,148,10.0,05:59,83,-49,,8659.60,19.3,240
,00:50:06,148,10.0,05:59,83,-49,,8662.40,19.3,240
,00:50:07,148,10.0,05:59,83,-49,,8665.00,19.3,240
,00:50:08,148,10.0,05:59,83,-50,,8667.60,19.2,242
,00:50:09,148,10.0,05:59,84,-50,,8670.40,19.3,242
,00:50:10,149,10.0,05:59,85,-50,,8673.00,19.2,244
,00:50:11,149,10.0,05:59,84,-50,,8675.70,19.2,244
,00:50:12,148,10.0,05:59,84,-50,,8678.30,19.3,246
,00:50:13,149,10.0,05:59,84,-50,,8681.10,19.1,246
,00:50:14,149,10.0,05:59,84,-50,,8683.90,19.3,248
,00:50:15,149,10.0,05:59,81,-50,,8686.90,19.3,248
,00:50:16,149,10.0,05:59,81,-50,,8689.90,19.2,248
,00:50:17,149,10.0,05:59,81,-50,,8692.80,19.3,250
,00:50:18,149,10.0,05:59,81,-50,,8695.70,19.2,252
,00:50:19,149,10.0,05:59,82,-50,,8698.40,19.3,252
,00:50:20,149,10.0,05:59,83,-50,,8701.40,19.3,250
,00:50:21,149,10.0,05:59,83,-50,,8704.30,19.3,250
,00:50:22,149,10.0,05:59,83,-50,,8707.20,19.4,250
,00:50:23,149,10.0,05:59,83,-50,,8710.10,19.2,250
,00:50:24,149,10.0,05:59,83,-51,,8713.10,19.2,250
,00:50:25,149,10.0,05:59,83,-51,,8716.00,19.3,250
,00:50:26,149,10.0,05:59,83,-51,,8718.90,19.4,250
,00:50:27,149,10.0,05:59,83,-51,,8722.10,19.4,250
,00:50:28,149,10.0,05:59,83,-51,,8725.30,19.3,250
,00:50:29,149,10.0,05:59,83,-51,,8728.20,19.3,252
,00:50:30,149,10.0,05:59,83,-51,,8730.70,19.3,250
,00:50:31,149,10.0,05:59,83,-51,,8733.60,19.2,250
,00:50:32,149,10.0,05:58,83,-51,,8736.50,19.2,252
,00:50:33,149,10.0,05:58,83,-51,,8739.30,19.3,252
,00:50:34,149,10.1,05:58,83,-51,,8742.00,19.2,252
,00:50:35,148,10.1,05:58,83,-51,,8744.80,19.2,252
,00:50:36,148,10.1,05:58,83,-51,,8747.40,19.4,252
,00:50:37,148,10.1,05:58,83,-51,,8750.00,19.4,252
,00:50:38,148,10.1,05:58,83,-51,,8752.80,19.2,252
,00:50:39,148,10.1,05:58,83,-51,,8756.00,19.4,252
,00:50:40,148,10.1,05:58,83,-51,,8758.90,19.3,252
,00:50:41,148,10.1,05:58,83,-51,,8761.90,19.3,252
,00:50:42,148,10.1,05:58,83,-51,,8764.90,19.3,252
,00:50:43,148,10.1,05:58,83,-51,,8767.90,19.4,254
,00:50:44,149,10.1,05:58,83,-51,,8770.70,19.3,254
,00:50:45,148,10.1,05:58,83,-51,,8773.60,19.2,256
,00:50:46,148,10.1,05:58,83,-51,,8776.40,19.3,258
,00:50:47,148,10.1,05:58,83,-51,,8779.30,19.4,262
,00:50:48,148,10.1,05:58,83,-51,,8782.00,19.3,264
,00:50:49,148,10.1,05:58,83,-51,,8784.70,19.4,266
,00:50:50,148,10.1,05:58,83,-51,,8787.40,19.3,268
,00:50:51,148,10.1,05:58,83,-51,,8790.10,19.2,268
,00:50:52,147,10.1,05:58,83,-51,,8793.00,19.2,268
,00:50:53,147,10.1,05:58,83,-51,,8796.00,19.2,268
,00:50:54,148,10.1,05:58,83,-51,,8799.10,19.4,266
,00:50:55,147,10.1,05:58,83,-51,,8802.10,19.3,266
,00:50:56,147,10.1,05:57,83,-51,,8805.00,19.2,266
,00:50:57,148,10.1,05:57,83,-51,,8808.00,19.3,264
,00:50:58,148,10.1,05:57,83,-51,,8810.90,19.3,264
,00:50:59,148,10.1,05:57,83,-51,,8813.80,19.2,264
,00:51:00,149,10.1,05:56,83,-51,,8816.80,19.3,266
,00:51:01,149,10.2,05:54,83,-51,,8819.60,19.2,266
,00:51:02,149,10.2,05:53,83,-51,,8822.50,19.2,268
,00:51:03,149,10.2,05:53,83,-51,,8825.00,19.3,270
,00:51:04,150,10.2,05:53,83,-51,,8827.70,19.2,272
,00:51:05,150,10.1,05:55,83,-51,,8830.30,19.2,270
,00:51:06,150,10.1,05:57,83,-51,,8832.60,19.2,270
,00:51:07,150,9.9,06:04,83,-51,,8834.70,19.2,264
,00:51:08,150,9.6,06:15,83,-51,,8836.60,19.3,258
,00:51:09,151,9.4,06:25,83,-51,,8838.60,19.2,252
,00:51:10,150,9.3,06:25,83,-51,,8841.10,19.3,250
,00:51:11,150,9.5,06:19,83,-51,,8843.80,19.3,256
,00:51:12,151,9.7,06:13,83,-51,,8847.10,19.4,260
,00:51:13,151,9.8,06:08,83,-51,,8850.20,19.4,262
,00:51:14,151,9.9,06:04,83,-51,,8853.20,19.2,264
,00:51:15,150,10.0,06:01,83,-51,,8856.50,19.3,266
,00:51:16,151,10.0,05:58,83,-51,,8860.00,19.3,268
,00:51:17,151,10.1,05:56,83,-51,,8863.40,19.3,268
,00:51:18,150,10.1,05:55,83,-51,,8866.50,19.3,268
,00:51:19,150,10.2,05:53,83,-51,,8869.40,19.2,270
,00:51:20,150,10.2,05:52,83,-51,,8872.40,19.2,270
,00:51:21,150,10.2,05:51,83,-51,,8875.20,19.3,270
,00:51:22,150,10.3,05:51,83,-51,,8878.00,19.2,272
,00:51:23,150,10.3,05:50,83,-51,,8880.90,19.4,272
,00:51:24,150,10.3,05:49,83,-51,,8883.90,19.3,274
,00:51:25,150,10.3,05:49,83,-51,,8886.90,19.2,274
,00:51:26,150,10.3,05:49,83,-51,,8890.00,19.3,274
,00:51:27,150,10.3,05:49,83,-51,,8893.20,19.3,274
,00:51:28,150,10.3,05:48,84,-52,,8896.10,19.3,274
,00:51:29,150,10.3,05:48,84,-52,,8898.80,19.4,272
,00:51:30,149,10.3,05:48,85,-52,,8901.70,19.3,272
,00:51:31,149,10.4,05:48,84,-52,,8904.60,19.4,272
,00:51:32,149,10.4,05:48,84,-52,,8907.50,19.4,270
,00:51:33,149,10.4,05:48,84,-52,,8910.20,19.4,270
,00:51:34,149,10.4,05:48,84,-52,,8912.90,19.4,268
,00:51:35,149,10.4,05:48,84,-52,,8915.60,19.3,268
,00:51:36,149,10.4,05:48,84,-52,,8918.20,19.4,268
,00:51:37,149,10.4,05:48,84,-52,,8921.00,19.4,266
,00:51:38,149,10.4,05:48,84,-52,,8924.00,19.4,266
,00:51:39,149,10.4,05:47,84,-52,,8927.00,19.4,266
,00:51:40,149,10.4,05:47,84,-52,,8930.30,19.4,266
,00:51:41,149,10.4,05:47,84,-52,,8933.30,19.4,266
,00:51:42,149,10.4,05:47,84,-52,,8935.70,19.4,266
,00:51:43,149,10.4,05:47,84,-52,,8938.40,19.4,266
,00:51:44,149,10.4,05:47,82,-53,,8941.30,19.4,266
,00:51:45,149,10.4,05:47,82,-53,,8944.20,19.4,268
,00:51:46,150,10.4,05:47,83,-53,,8946.70,19.4,268
,00:51:47,150,10.4,05:47,83,-53,,8949.50,19.3,268
,00:51:48,150,10.4,05:47,83,-53,,8952.40,19.4,266
,00:51:49,150,10.4,05:47,83,-53,,8955.00,19.4,264
,00:51:50,150,10.4,05:47,82,-53,,8957.90,19.4,262
,00:51:51,150,10.4,05:47,83,-53,,8961.10,19.4,260
,00:51:52,150,10.4,05:47,83,-53,,8964.30,19.4,258
,00:51:53,150,10.4,05:47,83,-53,,8967.20,19.4,258
,00:51:54,150,10.4,05:47,83,-53,,8970.10,19.4,258
,00:51:55,150,10.4,05:47,83,-53,,8972.90,19.4,258
,00:51:56,150,10.4,05:47,83,-53,,8975.60,19.5,260
,00:51:57,149,10.4,05:47,83,-53,,8978.00,19.4,260
,00:51:58,149,10.4,05:47,83,-53,,8980.80,19.4,260
,00:51:59,149,10.4,05:47,83,-53,,8983.50,19.4,260
,00:52:00,149,10.4,05:47,83,-53,,8986.30,19.5,260
,00:52:01,148,10.4,05:47,83,-53,,8989.10,19.4,262
,00:52:02,149,10.4,05:47,83,-53,,8992.00,19.4,264
,00:52:03,149,10.4,05:47,83,-53,,8995.00,19.4,266
,00:52:04,149,10.4,05:47,83,-53,,8998.00,19.5,268
,00:52:05,149,10.4,05:47,83,-53,,9000.80,19.4,270
,00:52:06,149,10.4,05:47,82,-53,,9003.50,19.4,270
,00:52:07,149,10.4,05:47,83,-53,,9006.40,19.4,272
,00:52:08,149,10.4,05:47,83,-53,,9009.20,19.4,272
,00:52:09,149,10.4,05:47,83,-53,,9011.90,19.5,272
,00:52:10,149,10.4,05:47,82,-53,,9014.70,19.4,272
,00:52:11,149,10.4,05:47,81,-53,,9017.10,19.4,274
,00:52:12,149,10.4,05:47,81,-53,,9019.50,19.4,274
,00:52:13,149,10.4,05:47,81,-53,,9022.10,19.4,274
,00:52:14,149,10.2,05:53,81,-53,,9024.30,19.5,270
,00:52:15,149,9.7,06:12,82,-53,,9026.20,19.4,258
,00:52:16,149,7.9,07:35,82,-53,,9027.70,19.5,210
,00:52:17,149,5.8,10:25,82,-53,,9028.80,19.4,152
,00:52:18,149,4.6,13:02,83,-53,,9029.50,19.4,122
,00:52:19,149,3.8,15:50,83,-53,,9029.80,19.3,100
,00:52:20,150,3.2,18:33,83,-53,,9029.80,19.4,84
,00:52:21,150,3.0,20:03,83,-53,,9029.80,19.4,78
,00:52:22,150,3.3,18:25,82,-53,,9029.80,19.4,86
,00:52:23,151,3.7,16:19,82,-53,,9029.80,19.4,100
,00:52:24,151,4.4,13:43,83,-53,,9030.40,19.5,118
,00:52:25,151,5.3,11:22,83,-53,,9031.50,19.6,144
,00:52:26,151,5.8,10:16,83,-53,,9033.30,19.4,158
,00:52:27,151,6.2,09:36,83,-53,,9036.50,19.4,170
,00:52:28,150,6.6,09:09,83,-53,,9040.00,19.4,178
,00:52:29,150,7.0,08:32,83,-53,,9043.60,19.5,192
,00:52:30,149,7.5,08:03,83,-53,,9046.80,19.5,206
,00:52:31,149,7.7,07:49,83,-53,,9049.70,19.5,212
,00:52:32,148,8.0,07:31,83,-53,,9053.00,19.5,218
,00:52:33,148,8.5,07:05,83,-53,,9056.30,19.4,232
,00:52:34,147,9.1,06:37,83,-53,,9059.70,19.5,246
,00:52:35,147,9.6,06:14,83,-53,,9063.10,19.5,260
,00:52:36,146,10.0,06:01,83,-53,,9066.20,19.5,272
,00:52:37,146,10.1,05:57,83,-53,,9069.50,19.5,278
,00:52:38,145,10.0,05:59,83,-53,,9072.50,19.5,282
,00:52:39,145,10.0,06:01,83,-53,,9075.50,19.5,288
,00:52:40,145,9.9,06:05,83,-53,,9078.20,19.5,290
,00:52:41,145,9.7,06:12,83,-53,,9080.40,19.5,292
,00:52:42,145,9.6,06:17,83,-53,,9082.40,19.5,296
,00:52:43,145,9.5,06:20,83,-53,,9084.40,19.4,304
,00:52:44,145,9.4,06:24,83,-53,,9086.00,19.5,318
,00:52:45,145,9.2,06:30,83,-53,,9087.90,19.4,328
,00:52:46,145,9.0,06:38,83,-53,,9089.90,19.4,340
,00:52:47,145,9.0,06:40,83,-53,,9092.60,19.4,356
,00:52:48,145,9.1,06:36,83,-49,,9095.20,19.4,380
,00:52:49,145,9.2,06:33,83,-49,,9098.60,19.4,400
,00:52:50,145,9.2,06:31,83,-48,,9101.20,19.3,418
,00:52:51,145,9.2,06:29,83,-48,,9103.80,19.4,434
,00:52:52,146,9.3,06:28,83,-47,,9106.60,19.4,448
,00:52:53,146,9.3,06:28,83,-47,,9109.70,19.4,458
,00:52:54,146,9.3,06:27,83,-47,,9112.80,19.5,468
,00:52:55,146,9.3,06:27,83,-47,,9115.70,19.3,478
,00:52:56,146,9.4,06:22,83,-46,,9118.30,19.3,496
,00:52:57,146,9.5,06:19,83,-46,,9121.50,19.4,516
,00:52:58,146,9.5,06:20,83,-46,,9123.70,19.3,530
,00:52:59,146,9.5,06:21,83,-46,,9126.70,19.4,538
,00:53:00,145,9.4,06:21,83,-46,,9129.50,19.3,548
,00:53:01,145,9.4,06:22,83,-46,,9132.20,19.2,554
,00:53:02,145,9.4,06:22,83,-42,,9134.90,19.3,558
,00:53:03,144,9.4,06:22,83,-42,,9137.30,19.3,560
,00:53:04,144,9.4,06:23,83,-42,,9139.80,19.3,560
,00:53:05,144,9.4,06:24,83,-42,,9142.20,19.2,562
,00:53:06,144,9.4,06:25,83,-41,,9144.40,19.2,556
,00:53:07,144,9.3,06:26,83,-41,,9146.70,19.2,550
,00:53:08,145,9.3,06:28,83,-41,,9149.20,19.3,546
,00:53:09,145,9.2,06:30,83,-41,,9151.90,19.2,540
,00:53:10,145,9.2,06:31,83,-39,,9154.50,19.2,532
,00:53:11,145,9.2,06:32,83,-39,,9157.10,19.2,522
,00:53:12,146,9.2,06:33,83,-39,,9159.20,19.2,510
,00:53:13,146,9.1,06:34,83,-39,,9161.70,19.2,496
,00:53:14,146,9.1,06:35,83,-39,,9164.40,19.3,478
,00:53:15,146,9.1,06:35,83,-39,,9167.20,19.2,462
,00:53:16,146,9.2,06:33,83,-39,,9170.30,19.2,450
,00:53:17,145,9.3,06:27,83,-39,,9172.90,19.0,442
,00:53:18,145,9.4,06:23,83,-39,,9175.60,19.1,434
,00:53:19,146,9.3,06:25,83,-39,,9178.00,19.2,418
,00:53:20,145,9.3,06:27,83,-39,,9180.50,19.1,406
,00:53:21,145,9.3,06:29,83,-39,,9183.30,19.1,396
,00:53:22,145,9.2,06:30,83,-37,,9186.30,19.1,390
,00:53:23,145,9.2,06:31,83,-37,,9188.60,19.1,386
,00:53:24,145,9.2,06:31,83,-37,,9191.00,19.2,384
,00:53:25,146,9.3,06:29,83,-37,,9193.40,19.1,388
,00:53:26,146,9.3,06:27,83,-37,,9196.70,19.1,394
,00:53:27,146,9.3,06:26,83,-37,,9199.50,19.0,400
,00:53:28,147,9.3,06:25,83,-36,,9202.60,19.1,404
,00:53:29,147,9.4,06:24,83,-36,,9205.50,19.1,404
,00:53:30,146,9.4,06:24,83,-36,,9208.60,19.0,410
,00:53:31,146,9.4,06:24,83,-36,,9211.40,19.0,428
,00:53:32,146,9.4,06:23,83,-34,,9214.40,19.0,474
,00:53:33,146,9.4,06:23,83,-34,,9216.90,18.9,538
,00:53:34,146,9.4,06:23,83,-28,,9219.10,19.0,606
,00:53:35,145,9.4,06:22,83,-28,,9221.30,19.0,674
,00:53:36,145,9.4,06:23,83,-27,,9223.00,19.0,728
,00:53:37,145,9.4,06:24,83,-27,,9225.30,19.0,770
,00:53:38,145,9.4,06:25,83,-25,,9227.30,18.9,794
,00:53:39,145,9.3,06:25,83,-25,,9229.30,18.9,802
,00:53:40,145,9.3,06:26,83,-25,,9231.60,18.9,794
,00:53:41,146,9.3,06:27,83,-25,,9234.10,19.0,774
,00:53:42,146,9.3,06:29,83,-25,,9236.60,19.0,744
,00:53:43,147,9.2,06:31,83,-25,,9239.20,18.9,706
,00:53:44,147,9.1,06:34,83,-25,,9241.60,18.9,666
,00:53:45,147,9.1,06:34,83,-25,,9244.10,18.9,630
,00:53:46,148,9.1,06:34,83,-25,,9246.80,18.9,596
,00:53:47,148,9.2,06:33,83,-25,,9249.40,18.9,560
,00:53:48,148,9.2,06:33,83,-25,,9251.90,18.9,528
,00:53:49,147,9.1,06:34,83,-25,,9254.30,18.8,496
,00:53:50,147,9.1,06:37,83,-25,,9256.70,18.8,464
,00:53:51,147,9.0,06:40,83,-25,,9259.10,18.9,438
,00:53:52,147,9.0,06:42,83,-25,,9261.60,18.8,422
,00:53:53,147,9.0,06:42,83,-25,,9264.30,18.8,412
,00:53:54,147,9.0,06:42,83,-24,,9267.40,18.8,404
,00:53:55,147,9.0,06:41,83,-24,,9270.20,18.8,398
,00:53:56,147,9.0,06:40,83,-24,,9272.80,18.8,390
,00:53:57,148,9.0,06:39,83,-24,,9275.60,18.8,380
,00:53:58,148,9.0,06:39,83,-24,,9278.50,18.7,374
,00:53:59,148,9.1,06:37,83,-24,,9281.10,18.7,366
,00:54:00,148,9.2,06:33,83,-24,,9283.70,18.7,364
,00:54:01,148,9.2,06:29,83,-24,,9286.10,18.7,362
,00:54:02,148,9.3,06:27,83,-23,,9288.20,18.7,360
,00:54:03,148,9.4,06:24,83,-23,,9290.60,18.7,356
,00:54:04,149,9.4,06:22,83,-23,,9292.80,18.7,354
,00:54:05,149,9.4,06:21,83,-23,,9295.20,18.7,344
,00:54:06,149,9.4,06:22,83,-23,,9297.60,18.7,334
,00:54:07,149,9.4,06:23,83,-23,,9300.10,18.6,326
,00:54:08,149,9.4,06:23,83,-23,,9302.80,18.7,318
,00:54:09,149,9.4,06:22,83,-23,,9305.30,18.6,316
,00:54:10,149,9.4,06:23,83,-23,,9308.00,18.6,312
,00:54:11,149,9.4,06:23,83,-23,,9310.70,18.6,310
,00:54:12,149,9.4,06:24,83,-23,,9313.20,18.7,314
,00:54:13,149,9.3,06:25,83,-23,,9315.60,18.6,318
,00:54:14,149,9.3,06:27,83,-23,,9318.10,18.6,322
,00:54:15,149,9.3,06:28,83,-23,,9320.40,18.5,334
,00:54:16,150,9.2,06:30,83,-23,,9322.80,18.5,346
,00:54:17,150,9.2,06:31,83,-23,,9325.20,18.6,360
,00:54:18,150,9.2,06:33,82,-19,,9328.00,18.6,372
,00:54:19,150,9.2,06:33,83,-19,,9330.80,18.6,380
,00:54:20,150,9.1,06:34,83,-19,,9333.50,18.5,386
,00:54:21,150,9.1,06:35,83,-19,,9336.20,18.5,392
,00:54:22,150,9.1,06:35,83,-18,,9338.80,18.5,398
,00:54:23,150,9.1,06:35,83,-18,,9341.50,18.6,404
,00:54:24,151,9.1,06:34,83,-18,,9344.20,18.5,410
,00:54:25,151,9.2,06:32,83,-18,,9347.00,18.6,414
,00:54:26,151,9.2,06:30,83,-18,,9349.60,18.6,412
,00:54:27,151,9.3,06:29,83,-18,,9352.00,18.5,410
,00:54:28,151,9.3,06:29,83,-18,,9354.50,18.5,410
,00:54:29,151,9.3,06:29,83,-18,,9356.90,18.5,408
,00:54:30,151,9.2,06:30,83,-18,,9359.30,18.4,408
,00:54:31,151,9.2,06:31,83,-18,,9362.10,18.4,414
,00:54:32,151,9.2,06:31,83,-18,,9364.30,18.4,428
,00:54:33,151,9.2,06:31,83,-18,,9367.20,18.4,452
,00:54:34,151,9.2,06:30,83,-12,,9369.90,18.3,478
,00:54:35,151,9.2,06:30,83,-12,,9373.20,18.4,504
,00:54:36,151,9.2,06:30,83,-12,,9376.40,18.3,528
,00:54:37,151,9.3,06:29,83,-12,,9379.50,18.3,552
,00:54:38,151,9.3,06:26,83,-10,,9382.70,18.4,576
,00:54:39,151,9.4,06:22,83,-10,,9385.90,18.3,600
,00:54:40,151,9.5,06:19,83,-9,,9388.80,18.3,618
,00:54:41,152,9.6,06:15,83,-9,,9391.80,18.3,634
,00:54:42,152,9.7,06:10,83,-8,,9394.60,18.4,646
,00:54:43,152,9.8,06:08,83,-8,,9397.70,18.4,656
,00:54:44,152,9.8,06:06,83,-7,,9399.50,18.4,666
,00:54:45,152,9.8,06:06,83,-7,,9402.10,18.3,664
,00:54:46,152,9.8,06:06,83,-5,,9404.70,18.3,650
,00:54:47,153,9.8,06:06,83,-5,,9407.90,18.3,628
,00:54:48,153,9.8,06:06,83,-5,,9410.50,18.3,600
,00:54:49,153,9.8,06:08,83,-5,,9413.30,18.3,564
,00:54:50,153,9.7,06:10,83,-7,,9416.30,18.4,520
,00:54:51,153,9.7,06:12,83,-7,,9419.10,18.2,482
,00:54:52,153,9.6,06:14,82,-7,,9421.30,18.2,446
,00:54:53,153,9.6,06:16,83,-7,,9424.10,18.1,410
,00:54:54,152,9.5,06:18,83,-8,,9426.50,18.3,376
,00:54:55,152,9.5,06:20,83,-8,,9429.20,18.1,346
,00:54:56,152,9.4,06:22,83,-9,,9431.00,18.2,320
,00:54:57,152,9.4,06:23,82,-9,,9433.90,18.3,300
,00:54:58,152,9.4,06:24,81,-9,,9436.30,18.2,288
,00:54:59,151,9.3,06:26,82,-9,,9438.40,18.2,284
,00:55:00,151,9.3,06:27,83,-8,,9440.80,18.3,282
,00:55:01,151,9.3,06:27,83,-8,,9443.50,18.2,282
,00:55:02,152,9.3,06:29,83,-8,,9445.90,18.2,280
,00:55:03,152,9.2,06:31,81,-8,,9448.50,18.1,280
,00:55:04,151,9.1,06:34,82,-8,,9450.40,18.2,282
,00:55:05,151,9.1,06:36,83,-8,,9452.90,18.2,286
,00:55:06,152,9.0,06:38,83,-7,,9455.10,18.1,290
,00:55:07,151,9.0,06:39,83,-7,,9457.60,18.1,300
,00:55:08,151,9.0,06:40,84,-5,,9460.70,18.2,312
,00:55:09,151,9.0,06:41,84,-5,,9463.10,18.0,322
,00:55:10,151,9.0,06:41,84,-5,,9466.00,18.2,330
,00:55:11,152,9.0,06:40,84,-5,,9469.20,18.1,332
,00:55:12,152,9.0,06:39,84,-5,,9471.90,18.1,334
,00:55:13,152,9.1,06:36,84,-5,,9475.30,18.1,336
,00:55:14,152,9.2,06:31,84,-5,,9478.50,18.1,336
,00:55:15,152,9.3,06:28,84,-5,,9481.50,18.1,334
,00:55:16,152,9.3,06:25,84,-5,,9484.00,18.1,336
,00:55:17,152,9.4,06:23,84,-5,,9486.40,18.1,338
,00:55:18,152,9.4,06:22,84,-5,,9489.20,18.1,342
,00:55:19,152,9.5,06:21,84,-5,,9491.20,18.2,344
,00:55:20,152,9.4,06:23,83,-5,,9493.40,18.1,340
,00:55:21,152,9.3,06:28,83,-5,,9496.00,18.1,330
,00:55:22,152,9.1,06:35,83,-5,,9497.90,18.1,318
,00:55:23,152,9.0,06:41,83,-5,,9500.10,18.0,300
,00:55:24,152,8.9,06:46,83,-5,,9502.40,18.1,282
,00:55:25,152,8.8,06:51,83,-5,,9505.40,18.1,272
,00:55:26,152,8.7,06:55,83,-5,,9508.00,18.1,266
,00:55:27,152,8.6,06:57,83,-5,,9510.50,18.1,274
,00:55:28,152,8.6,06:57,83,-4,,9513.20,18.0,290
,00:55:29,152,8.6,06:57,83,-4,,9515.90,18.0,310
,00:55:30,152,8.6,06:57,83,-4,,9518.40,18.0,332
,00:55:31,152,8.7,06:56,83,-4,,9521.10,18.1,354
,00:55:32,152,8.7,06:53,83,-4,,9523.90,17.9,378
,00:55:33,152,8.8,06:49,83,-4,,9526.80,18.0,408
,00:55:34,152,8.9,06:45,81,1,,9529.50,17.9,442
,00:55:35,152,8.9,06:43,82,1,,9532.50,18.1,470
,00:55:36,152,9.0,06:42,83,2,,9535.20,18.0,492
,00:55:37,152,9.0,06:40,83,2,,9538.10,17.9,508
,00:55:38,152,9.0,06:39,83,2,,9540.80,18.0,518
,00:55:39,152,9.0,06:39,83,2,,9543.60,18.0,526
,00:55:40,152,9.0,06:38,83,4,,9546.30,18.0,534
,00:55:41,152,9.0,06:38,82,4,,9548.90,17.8,540
,00:55:42,152,9.0,06:38,83,4,,9551.20,17.9,542
,00:55:43,152,9.0,06:40,83,4,,9553.80,17.9,542
,00:55:44,152,9.0,06:41,83,4,,9556.20,17.9,538
,00:55:45,152,9.0,06:41,83,4,,9558.70,18.0,532
,00:55:46,152,9.0,06:42,83,5,,9561.40,17.9,524
,00:55:47,152,9.0,06:42,83,5,,9564.00,18.0,516
,00:55:48,152,9.0,06:41,83,5,,9566.60,17.9,510
,00:55:49,152,9.0,06:40,82,5,,9569.10,18.0,500
,00:55:50,152,9.0,06:40,82,6,,9572.20,17.8,486
,00:55:51,151,9.0,06:39,81,6,,9575.10,17.8,466
,00:55:52,151,9.0,06:39,81,6,,9578.10,17.8,444
,00:55:53,151,9.0,06:38,83,6,,9580.50,17.8,420
,00:55:54,151,9.0,06:38,83,6,,9583.40,17.9,398
,00:55:55,151,9.0,06:38,83,6,,9585.90,17.9,378
,00:55:56,151,9.0,06:38,83,6,,9588.60,17.9,358
,00:55:57,151,9.0,06:38,83,6,,9591.10,17.8,342
,00:55:58,151,9.1,06:37,83,6,,9593.80,18.0,328
,00:55:59,151,9.1,06:37,83,6,,9595.80,17.7,314
,00:56:00,151,9.1,06:37,83,6,,9598.40,17.8,302
,00:56:01,151,9.1,06:37,83,6,,9600.70,17.8,292
,00:56:02,151,9.1,06:36,83,6,,9603.70,17.7,282
,00:56:03,151,9.1,06:34,83,6,,9606.10,17.9,272
,00:56:04,151,9.2,06:31,83,6,,9609.20,17.8,260
,00:56:05,151,9.3,06:28,83,6,,9612.10,17.9,248
,00:56:06,151,9.3,06:25,83,6,,9614.80,17.8,236
,00:56:07,151,9.4,06:23,83,6,,9617.10,17.8,226
,00:56:08,152,9.4,06:21,83,4,,9619.90,17.8,216
,00:56:09,152,9.5,06:20,83,4,,9622.50,17.9,206
,00:56:10,152,9.5,06:20,83,2,,9625.00,17.8,196
,00:56:11,152,9.5,06:21,83,2,,9627.20,17.8,188
,00:56:12,152,9.4,06:23,83,1,,9629.50,17.8,178
,00:56:13,152,9.3,06:28,83,1,,9631.20,17.8,170
,00:56:14,152,9.2,06:32,83,0,,9633.30,17.9,162
,00:56:15,151,9.1,06:36,83,0,,9635.50,17.8,154
,00:56:16,151,9.0,06:39,83,-1,,9638.10,17.8,150
,00:56:17,151,9.0,06:42,83,-1,,9640.70,17.9,146
,00:56:18,151,8.9,06:44,83,-2,,9643.40,17.8,142
,00:56:19,151,8.9,06:44,83,-2,,9646.10,17.8,140
,00:56:20,151,9.0,06:41,83,-2,,9648.70,17.8,140
,00:56:21,150,9.0,06:38,83,-2,,9651.70,17.8,142
,00:56:22,150,9.1,06:36,83,-2,,9654.70,17.8,144
,00:56:23,149,9.2,06:33,83,-2,,9657.70,17.9,148
,00:56:24,149,9.2,06:30,83,-2,,9660.60,17.9,154
,00:56:25,148,9.3,06:26,83,-2,,9663.70,17.8,162
,00:56:26,148,9.4,06:23,83,-2,,9666.10,17.8,170
,00:56:27,147,9.5,06:20,83,-2,,9668.70,17.8,178
,00:56:28,147,9.5,06:17,83,-2,,9671.20,17.8,184
,00:56:29,147,9.6,06:16,83,-2,,9674.20,17.8,186
,00:56:30,147,9.6,06:16,83,-2,,9676.50,17.8,188
,00:56:31,146,9.5,06:17,83,-2,,9678.70,17.9,186
,00:56:32,146,9.5,06:18,83,-3,,9681.10,17.8,182
,00:56:33,145,9.5,06:18,83,-3,,9683.50,17.8,178
,00:56:34,144,9.5,06:19,83,-3,,9685.80,17.8,174
,00:56:35,144,9.5,06:20,83,-3,,9688.30,17.7,170
,00:56:36,144,9.5,06:21,83,-3,,9690.70,17.9,166
,00:56:37,144,9.4,06:22,83,-3,,9693.10,17.8,164
,00:56:38,145,9.4,06:22,83,-5,,9695.40,17.8,164
,00:56:39,145,9.4,06:23,83,-5,,9698.10,17.8,162
,00:56:40,145,9.4,06:23,83,-5,,9700.60,17.8,160
,00:56:41,146,9.4,06:23,83,-5,,9703.10,17.8,160
,00:56:42,146,9.4,06:23,83,-5,,9705.80,18.0,160
,00:56:43,147,9.4,06:24,83,-5,,9708.20,17.9,162
,00:56:44,147,9.4,06:24,83,-7,,9710.90,17.8,162
,00:56:45,148,9.4,06:24,83,-7,,9713.60,17.8,162
,00:56:46,148,9.5,06:20,83,-7,,9717.00,17.9,166
,00:56:47,148,9.6,06:14,83,-7,,9720.40,17.8,170
,00:56:48,148,9.8,06:07,83,-8,,9723.30,17.9,174
,00:56:49,149,9.9,06:04,83,-8,,9726.50,17.9,178
,00:56:50,149,9.8,06:07,83,-8,,9729.60,17.9,180
,00:56:51,150,9.7,06:10,83,-8,,9732.40,17.8,184
,00:56:52,150,9.7,06:12,83,-8,,9735.40,17.8,190
,00:56:53,150,9.6,06:14,83,-8,,9738.10,17.8,200
,00:56:54,150,9.6,06:16,83,-7,,9740.70,17.9,214
,00:56:55,151,9.5,06:18,83,-7,,9742.90,17.9,226
,00:56:56,151,9.5,06:19,83,-5,,9745.00,17.9,240
,00:56:57,151,9.5,06:20,84,-5,,9747.60,17.9,256
,00:56:58,151,9.5,06:20,84,-5,,9750.30,17.8,270
,00:56:59,151,9.6,06:15,84,-5,,9753.20,17.9,286
,00:57:00,151,9.8,06:06,84,-5,,9756.10,17.8,304
,00:57:01,151,9.9,06:03,84,-5,,9759.00,17.8,314
,00:57:02,151,9.9,06:05,84,-5,,9762.00,17.8,316
,00:57:03,151,9.8,06:09,84,-5,,9764.80,17.8,316
,00:57:04,151,9.7,06:11,84,-5,,9767.50,17.8,318
,00:57:05,152,9.6,06:13,84,-5,,9770.10,17.8,316
,00:57:06,151,9.6,06:15,84,-5,,9772.60,17.9,314
,00:57:07,151,9.5,06:17,84,-5,,9774.80,17.8,310
,00:57:08,152,9.5,06:18,84,-5,,9777.20,17.8,302
,00:57:09,152,9.6,06:16,84,-5,,9779.80,17.8,298
,00:57:10,152,9.7,06:10,84,-5,,9782.90,17.8,292
,00:57:11,152,9.9,06:04,84,-5,,9785.70,17.8,286
,00:57:12,152,10.2,05:54,84,-5,,9788.90,17.7,280
,00:57:13,152,10.3,05:48,84,-5,,9792.50,17.8,272
,00:57:14,152,10.3,05:50,84,-5,,9795.60,17.8,260
,00:57:15,152,10.2,05:53,84,-5,,9798.70,17.8,244
,00:57:16,152,10.1,05:57,84,-7,,9801.50,17.8,232
,00:57:17,152,10.0,06:00,84,-7,,9804.10,17.8,220
,00:57:18,152,9.9,06:02,84,-8,,9806.40,17.9,210
,00:57:19,152,9.9,06:05,84,-8,,9808.50,17.9,204
,00:57:20,152,9.7,06:09,84,-8,,9810.80,17.8,196
,00:57:21,152,9.6,06:14,84,-8,,9812.60,17.8,190
,00:57:22,152,9.6,06:17,84,-9,,9814.40,17.8,186
,00:57:23,152,9.5,06:20,84,-9,,9816.60,17.8,188
,00:57:24,152,9.4,06:21,84,-9,,9818.90,17.8,190
,00:57:25,152,9.4,06:22,84,-9,,9821.30,17.8,194
,00:57:26,152,9.4,06:22,84,-9,,9823.80,17.8,198
,00:57:27,151,9.4,06:23,84,-9,,9826.40,18.0,202
,00:57:28,151,9.4,06:23,84,-9,,9828.80,17.8,206
,00:57:29,151,9.4,06:24,84,-9,,9831.30,17.7,210
,00:57:30,151,9.3,06:27,84,-9,,9833.90,17.8,218
,00:57:31,151,9.3,06:29,84,-9,,9836.50,17.8,228
,00:57:32,151,9.2,06:30,84,-8,,9839.00,17.7,242
,00:57:33,151,9.2,06:32,84,-8,,9841.60,17.7,260
,00:57:34,151,9.2,06:33,84,-8,,9844.10,17.7,282
,00:57:35,151,9.1,06:34,84,-8,,9846.70,17.7,304
,00:57:36,150,9.1,06:34,84,-8,,9849.50,17.8,324
,00:57:37,150,9.2,06:32,84,-8,,9852.30,17.7,344
,00:57:38,150,9.3,06:27,84,-4,,9855.30,17.6,368
,00:57:39,150,9.5,06:19,84,-4,,9858.60,17.6,396
,00:57:40,150,9.6,06:13,85,-3,,9861.70,17.7,424
,00:57:41,150,9.7,06:12,84,-3,,9864.80,17.7,446
,00:57:42,150,9.6,06:14,84,-2,,9867.70,17.6,464
,00:57:43,149,9.6,06:15,84,-2,,9870.50,17.6,484
,00:57:44,149,9.6,06:16,84,-1,,9873.10,17.8,502
,00:57:45,149,9.5,06:18,84,-1,,9875.80,17.7,514
,00:57:46,149,9.5,06:19,84,0,,9878.40,17.6,524
,00:57:47,149,9.5,06:20,84,0,,9880.80,17.7,532
,00:57:48,149,9.5,06:21,84,1,,9883.30,17.6,538
,00:57:49,149,9.4,06:21,85,1,,9885.80,17.6,540
,00:57:50,149,9.4,06:22,84,1,,9888.80,17.6,538
,00:57:51,150,9.4,06:22,84,1,,9891.50,17.6,538
,00:57:52,150,9.4,06:22,84,2,,9894.30,17.7,538
,00:57:53,150,9.4,06:23,84,2,,9897.10,17.6,532
,00:57:54,150,9.4,06:23,84,2,,9900.20,17.6,526
,00:57:55,150,9.4,06:23,84,2,,9902.90,17.5,518
,00:57:56,150,9.4,06:23,84,4,,9905.40,17.6,508
,00:57:57,150,9.4,06:23,84,4,,9907.60,17.6,494
,00:57:58,150,9.4,06:23,85,4,,9910.10,17.6,476
,00:57:59,151,9.4,06:24,84,4,,9912.20,17.6,454
,00:58:00,151,9.4,06:24,85,4,,9914.80,17.6,430
,00:58:01,151,9.4,06:24,84,4,,9918.10,17.5,408
,00:58:02,151,9.4,06:24,84,4,,9920.50,17.6,384
,00:58:03,151,9.4,06:24,84,4,,9922.80,17.5,358
,00:58:04,151,9.4,06:25,84,2,,9925.70,17.5,340
,00:58:05,151,9.3,06:29,84,2,,9928.00,17.4,324
,00:58:06,151,9.0,06:39,84,2,,9930.40,17.5,308
,00:58:07,151,8.7,06:52,84,2,,9932.50,17.4,294
,00:58:08,151,8.6,07:00,84,4,,9935.10,17.6,282
,00:58:09,151,8.6,07:00,84,4,,9937.10,17.5,276
,00:58:10,151,8.6,06:58,84,4,,9938.60,17.5,276
,00:58:11,151,8.6,06:58,84,4,,9941.30,17.4,276
,00:58:12,151,8.5,07:06,84,4,,9943.30,17.5,276
,00:58:13,151,8.4,07:07,84,4,,9945.30,17.5,280
,00:58:14,151,8.5,07:02,84,4,,9948.30,17.5,290
,00:58:15,151,8.6,06:57,84,4,,9951.20,17.5,296
,00:58:16,152,8.8,06:49,84,4,,9954.00,17.5,300
,00:58:17,151,8.9,06:43,84,4,,9956.90,17.5,302
,00:58:18,151,8.9,06:42,84,4,,9959.50,17.5,296
,00:58:19,152,9.0,06:42,85,4,,9962.40,17.4,288
,00:58:20,152,9.0,06:41,84,4,,9964.80,17.5,280
,00:58:21,151,9.0,06:40,84,4,,9967.90,17.4,274
,00:58:22,152,9.0,06:40,84,4,,9970.90,17.5,268
,00:58:23,151,9.0,06:39,84,4,,9972.80,17.4,266
,00:58:24,151,9.1,06:38,84,4,,9975.50,17.5,262
,00:58:25,151,8.9,06:44,84,4,,9977.50,17.4,258
,00:58:26,151,8.8,06:49,84,4,,9979.60,17.4,252
,00:58:27,152,8.7,06:53,84,4,,9982.10,17.4,250
,00:58:28,152,8.6,06:59,84,4,,9984.20,17.4,248
,00:58:29,152,8.6,06:56,84,4,,9986.30,17.4,248
,00:58:30,152,8.7,06:52,84,4,,9988.70,17.4,250
,00:58:31,152,8.8,06:48,84,4,,9991.00,17.4,252
,00:58:32,152,8.9,06:45,84,4,,9993.70,17.4,252
,00:58:33,152,9.0,06:42,84,4,,9996.20,17.3,254
,00:58:34,152,9.0,06:38,84,4,,9999.30,17.3,254
,00:58:35,152,9.1,06:36,85,4,,10002.40,17.4,256
,00:58:36,152,9.1,06:34,85,4,,10005.00,17.4,260
,00:58:37,152,9.3,06:26,85,4,,10008.30,17.4,266
,00:58:38,152,9.5,06:20,85,4,,10011.90,17.4,272
,00:58:39,152,9.5,06:18,85,4,,10015.60,17.4,282
,00:58:40,152,9.6,06:16,85,4,,10018.30,17.4,290
,00:58:41,152,9.6,06:14,85,4,,10021.50,17.3,302
,00:58:42,151,9.7,06:13,85,4,,10024.30,17.3,316
,00:58:43,152,9.7,06:12,84,4,,10027.30,17.3,338
,00:58:44,152,9.7,06:12,84,7,,10029.30,17.3,360
,00:58:45,152,9.6,06:14,84,7,,10032.20,17.4,378
,00:58:46,151,9.6,06:16,84,8,,10034.80,17.3,396
,00:58:47,151,9.5,06:17,84,8,,10036.80,17.3,412
,00:58:48,151,9.5,06:19,84,9,,10038.50,17.3,424
,00:58:49,151,9.5,06:20,84,9,,10041.20,17.3,430
,00:58:50,151,9.5,06:21,85,9,,10043.70,17.3,430
,00:58:51,151,9.4,06:21,85,9,,10046.50,17.3,422
,00:58:52,151,9.4,06:23,85,9,,10048.80,17.2,406
,00:58:53,151,9.4,06:24,85,9,,10051.80,17.3,386
,00:58:54,151,9.3,06:26,84,8,,10054.40,17.2,360
,00:58:55,151,9.3,06:29,84,8,,10056.70,17.3,332
,00:58:56,151,9.2,06:30,84,7,,10059.30,17.3,306
,00:58:57,152,9.2,06:31,84,7,,10062.00,17.3,288
,00:58:58,151,9.2,06:31,84,7,,10065.10,17.3,272
,00:58:59,151,9.2,06:30,84,7,,10067.70,17.2,262
,00:59:00,151,9.3,06:29,84,7,,10070.00,17.4,252
,00:59:01,151,9.3,06:28,84,7,,10073.00,17.4,248
,00:59:02,150,9.3,06:27,84,7,,10075.90,17.2,242
,00:59:03,150,9.3,06:27,84,7,,10078.30,17.1,240
,00:59:04,150,9.3,06:27,84,7,,10081.30,17.2,236
,00:59:05,150,9.3,06:26,84,7,,10083.90,17.2,232
,00:59:06,150,9.3,06:26,84,6,,10086.60,17.3,228
,00:59:07,150,9.3,06:26,84,6,,10088.60,17.2,222
,00:59:08,151,9.3,06:26,84,6,,10091.00,17.3,216
,00:59:09,151,9.2,06:30,84,6,,10093.20,17.2,206
,00:59:10,150,9.1,06:37,84,5,,10095.40,17.2,196
,00:59:11,150,9.0,06:38,84,5,,10097.80,17.3,192
,00:59:12,150,9.1,06:36,84,5,,10100.20,17.3,192
,00:59:13,150,9.1,06:34,84,5,,10102.70,17.1,190
,00:59:14,149,9.2,06:32,84,5,,10104.90,17.2,190
,00:59:15,149,9.2,06:31,84,5,,10107.50,17.2,192
,00:59:16,149,9.2,06:30,84,5,,10110.10,17.1,198
,00:59:17,149,9.3,06:29,84,5,,10112.90,17.2,204
,00:59:18,149,9.3,06:28,84,5,,10115.60,17.3,208
,00:59:19,149,9.3,06:27,84,5,,10118.30,17.2,212
,00:59:20,149,9.3,06:27,84,5,,10120.90,17.2,216
,00:59:21,149,9.3,06:27,84,5,,10123.50,17.2,218
,00:59:22,149,9.3,06:26,84,5,,10126.10,17.1,218
,00:59:23,149,9.3,06:26,84,5,,10128.80,17.1,220
,00:59:24,149,9.3,06:26,84,5,,10131.40,17.1,222
,00:59:25,149,9.3,06:26,84,5,,10134.00,17.2,222
,00:59:26,149,9.3,06:26,84,5,,10136.40,17.1,220
,00:59:27,150,9.3,06:25,84,5,,10138.90,17.1,216
,00:59:28,150,9.3,06:26,84,5,,10141.30,17.1,216
,00:59:29,150,9.3,06:27,84,5,,10143.50,17.2,216
,00:59:30,150,9.3,06:27,85,5,,10145.80,17.1,216
,00:59:31,150,9.3,06:27,85,5,,10148.40,17.1,220
,00:59:32,150,9.3,06:27,85,4,,10150.90,17.0,222
,00:59:33,150,9.3,06:27,84,4,,10153.20,17.1,228
,00:59:34,150,9.3,06:26,85,4,,10155.80,17.0,238
,00:59:35,149,9.3,06:26,84,4,,10158.50,17.0,248
,00:59:36,149,9.3,06:26,84,5,,10160.90,17.0,266
,00:59:37,149,9.3,06:25,84,5,,10163.70,17.1,290
,00:59:38,149,9.3,06:25,84,7,,10166.40,17.1,316
,00:59:39,149,9.3,06:25,84,7,,10168.90,17.0,346
,00:59:40,149,9.3,06:25,84,8,,10170.90,17.0,376
,00:59:41,149,9.3,06:25,84,8,,10173.30,17.0,406
,00:59:42,149,9.3,06:25,84,8,,10176.40,17.0,426
,00:59:43,149,9.3,06:25,84,8,,10178.90,16.9,444
,00:59:44,149,9.4,06:25,84,8,,10181.30,17.0,452
,00:59:45,149,9.4,06:25,84,8,,10184.30,17.0,456
,00:59:46,148,9.4,06:25,84,11,,10186.90,16.9,462
,00:59:47,149,9.4,06:25,84,11,,10189.80,16.9,468
,00:59:48,149,9.4,06:25,84,11,,10192.90,16.9,478
,00:59:49,149,9.4,06:25,84,11,,10196.10,16.9,484
,00:59:50,150,9.4,06:25,84,12,,10199.00,16.9,488
,00:59:51,150,9.4,06:25,84,12,,10200.90,16.9,486
,00:59:52,150,9.3,06:28,84,12,,10203.30,16.8,472
,00:59:53,150,9.1,06:35,84,12,,10205.90,17.0,450
,00:59:54,150,9.1,06:37,84,12,,10208.40,17.0,428
,00:59:55,151,9.1,06:35,84,12,,10210.80,16.9,408
,00:59:56,151,9.2,06:33,84,12,,10212.80,16.9,404
,00:59:57,151,9.2,06:32,84,12,,10214.70,16.9,408
,00:59:58,151,9.2,06:30,84,12,,10217.20,16.8,422
,00:59:59,151,9.2,06:29,84,12,,10219.90,16.9,440
,01:00:00,151,9.3,06:29,84,12,,10222.60,16.8,460
,01:00:01,151,9.3,06:26,84,13,,10225.30,16.8,478
,01:00:02,151,9.4,06:25,84,13,,10228.40,16.9,494
,01:00:03,151,9.4,06:25,84,13,,10230.90,16.8,500
,01:00:04,151,9.4,06:25,84,14,,10233.10,16.7,508
,01:00:05,151,9.4,06:25,84,14,,10236.00,16.8,508
,01:00:06,151,9.4,06:25,84,14,,10238.60,16.7,508
,01:00:07,151,9.4,06:25,84,14,,10241.30,16.8,508
,01:00:08,151,9.4,06:25,84,15,,10243.20,16.7,504
,01:00:09,151,9.4,06:25,84,15,,10245.80,16.7,498
,01:00:10,151,9.4,06:25,84,15,,10248.20,16.7,496
,01:00:11,151,9.4,06:25,84,15,,10250.40,16.7,490
,01:00:12,152,9.4,06:25,84,15,,10252.90,16.7,488
,01:00:13,152,9.4,06:25,84,16,,10255.80,16.7,482
,01:00:14,151,9.4,06:25,84,16,,10258.50,16.6,478
,01:00:15,152,9.4,06:25,84,16,,10261.20,16.6,472
,01:00:16,152,9.4,06:25,84,16,,10263.60,16.6,468
,01:00:17,152,9.4,06:25,84,16,,10266.40,16.6,466
,01:00:18,151,9.4,06:25,84,16,,10269.10,16.7,464
,01:00:19,151,9.4,06:25,85,16,,10271.80,16.6,460
,01:00:20,152,9.4,06:25,85,16,,10274.70,16.6,456
,01:00:21,152,9.4,06:25,85,16,,10277.40,16.6,452
,01:00:22,152,9.4,06:25,84,16,,10279.70,16.6,448
,01:00:23,152,9.4,06:25,84,16,,10282.60,16.5,440
,01:00:24,152,9.3,06:26,84,17,,10285.30,16.6,426
,01:00:25,152,9.3,06:27,84,17,,10287.60,16.5,408
,01:00:26,152,9.3,06:29,84,18,,10290.10,16.5,390
,01:00:27,152,9.2,06:30,84,18,,10292.50,16.5,370
,01:00:28,152,9.2,06:31,84,20,,10295.00,16.5,354
,01:00:29,152,9.2,06:32,84,20,,10297.20,16.5,342
,01:00:30,152,9.2,06:33,84,20,,10299.60,16.5,330
,01:00:31,152,9.1,06:34,84,20,,10302.20,16.5,322
,01:00:32,152,9.1,06:34,84,20,,10304.40,16.4,316
,01:00:33,152,9.1,06:34,84,21,,10307.10,16.6,314
,01:00:34,152,9.2,06:32,84,21,,10310.00,16.5,314
,01:00:35,152,9.2,06:32,85,21,,10312.40,16.4,312
,01:00:36,152,9.2,06:33,85,22,,10315.20,16.4,312
,01:00:37,153,9.2,06:33,84,22,,10317.70,16.5,314
,01:00:38,153,9.2,06:33,84,22,,10320.40,16.5,318
,01:00:39,152,9.2,06:31,84,22,,10322.90,16.4,320
,01:00:40,153,9.2,06:30,85,22,,10325.80,16.4,322
,01:00:41,153,9.2,06:29,84,22,,10328.10,16.4,326
,01:00:42,153,9.3,06:28,85,22,,10330.70,16.4,332
,01:00:43,153,9.3,06:28,85,23,,10333.10,16.5,338
,01:00:44,153,9.4,06:24,84,23,,10336.10,16.4,346
,01:00:45,153,9.5,06:20,85,23,,10338.90,16.3,352
,01:00:46,153,9.4,06:21,85,23,,10341.30,16.4,354
,01:00:47,153,9.4,06:22,85,24,,10343.80,16.3,354
,01:00:48,153,9.4,06:22,84,24,,10346.70,16.4,352
,01:00:49,153,9.4,06:23,84,24,,10349.70,16.4,350
,01:00:50,153,9.4,06:23,84,25,,10352.90,16.3,350
,01:00:51,153,9.4,06:22,84,25,,10355.40,16.3,354
,01:00:52,153,9.5,06:19,84,25,,10358.60,16.3,358
,01:00:53,153,9.5,06:19,84,25,,10361.80,16.2,360
,01:00:54,153,9.5,06:20,84,26,,10363.90,16.2,356
,01:00:55,153,9.5,06:21,84,26,,10367.00,16.4,350
,01:00:56,153,9.4,06:22,84,26,,10369.80,16.4,344
,01:00:57,153,9.4,06:22,84,26,,10373.00,16.3,336
,01:00:58,153,9.4,06:23,84,26,,10375.00,16.3,324
,01:00:59,153,9.4,06:23,84,26,,10377.30,16.3,314
,01:01:00,152,9.4,06:23,84,26,,10379.80,16.3,304
,01:01:01,152,9.4,06:23,84,26,,10382.20,16.2,296
,01:01:02,153,9.4,06:24,84,26,,10384.30,16.4,292
,01:01:03,153,9.4,06:24,84,26,,10387.30,16.2,286
,01:01:04,152,9.4,06:24,84,26,,10390.10,16.1,280
,01:01:05,152,9.4,06:24,85,26,,10392.50,16.2,274
,01:01:06,152,9.4,06:24,85,26,,10394.60,16.2,270
,01:01:07,152,9.4,06:24,85,26,,10397.70,16.3,262
,01:01:08,152,9.4,06:24,84,25,,10400.70,16.2,258
,01:01:09,152,9.4,06:24,84,25,,10403.90,16.2,262
,01:01:10,152,9.4,06:24,84,26,,10406.50,16.3,266
,01:01:11,152,9.4,06:24,84,26,,10409.30,16.2,272
,01:01:12,152,9.4,06:24,84,26,,10411.80,16.2,276
,01:01:13,152,9.4,06:24,84,26,,10414.20,16.1,280
,01:01:14,152,9.4,06:24,84,26,,10416.70,16.2,284
,01:01:15,152,9.4,06:24,85,26,,10419.50,16.2,284
,01:01:16,153,9.4,06:24,84,26,,10422.00,16.1,280
,01:01:17,152,9.4,06:24,84,26,,10424.40,16.1,272
,01:01:18,153,9.4,06:24,84,25,,10426.70,16.1,262
,01:01:19,153,9.4,06:24,84,25,,10429.80,16.2,258
,01:01:20,154,9.4,06:24,84,25,,10432.60,16.1,256
,01:01:21,154,9.4,06:23,85,25,,10435.50,16.2,254
,01:01:22,153,9.4,06:23,85,25,,10438.50,16.1,254
,01:01:23,154,9.4,06:23,85,25,,10441.30,16.1,252
,01:01:24,154,9.4,06:23,85,25,,10443.80,16.1,252
,01:01:25,154,9.4,06:23,85,25,,10446.60,16.2,252
,01:01:26,154,9.4,06:23,84,25,,10449.50,16.2,250
,01:01:27,154,9.4,06:23,84,25,,10452.40,16.2,252
,01:01:28,154,9.4,06:23,84,25,,10454.90,16.2,252
,01:01:29,154,9.4,06:23,84,25,,10457.50,16.2,258
,01:01:30,154,9.4,06:23,84,26,,10460.20,16.2,264
,01:01:31,154,9.4,06:23,84,26,,10462.90,16.2,270
,01:01:32,154,9.4,06:22,84,26,,10465.70,16.1,274
,01:01:33,154,9.5,06:20,84,26,,10468.50,16.1,280
,01:01:34,155,9.5,06:19,84,26,,10471.30,16.1,284
,01:01:35,154,9.5,06:17,84,26,,10474.10,16.1,292
,01:01:36,154,9.6,06:16,84,27,,10476.50,16.1,298
,01:01:37,154,9.6,06:15,84,27,,10479.20,16.2,304
,01:01:38,154,9.6,06:15,84,27,,10481.80,16.1,310
,01:01:39,154,9.6,06:14,84,27,,10484.60,16.2,314
,01:01:40,154,9.6,06:14,84,28,,10487.10,16.1,318
,01:01:41,154,9.6,06:14,84,28,,10489.80,16.1,320
,01:01:42,154,9.7,06:13,84,28,,10492.30,16.1,320
,01:01:43,154,9.7,06:13,84,28,,10494.70,16.1,318
,01:01:44,154,9.7,06:13,84,28,,10497.30,16.1,310
,01:01:45,154,9.7,06:13,84,28,,10499.80,16.1,304
,01:01:46,154,9.7,06:13,84,28,,10502.50,16.2,298
,01:01:47,154,9.7,06:12,84,28,,10505.30,16.2,290
,01:01:48,154,9.7,06:12,84,27,,10507.60,16.1,282
,01:01:49,154,9.7,06:12,84,27,,10509.80,16.1,278
,01:01:50,154,9.7,06:12,84,27,,10512.20,16.1,274
,01:01:51,154,9.7,06:12,84,27,,10514.80,16.1,270
,01:01:52,154,9.7,06:12,84,27,,10517.40,16.1,266
,01:01:53,153,9.7,06:12,84,27,,10519.70,16.1,268
,01:01:54,154,9.7,06:13,84,27,,10522.50,16.2,268
,01:01:55,153,9.6,06:15,84,27,,10525.00,16.1,270
,01:01:56,153,9.6,06:16,84,27,,10527.40,16.1,270
,01:01:57,153,9.5,06:18,84,27,,10530.10,16.1,270
,01:01:58,153,9.5,06:19,84,27,,10533.10,16.1,268
,01:01:59,153,9.5,06:20,84,27,,10535.70,16.1,268
,01:02:00,153,9.5,06:20,84,27,,10538.40,16.2,268
,01:02:01,152,9.5,06:21,84,27,,10541.00,16.2,268
,01:02:02,152,9.5,06:21,84,27,,10543.50,16.1,268
,01:02:03,152,9.4,06:21,84,27,,10546.20,16.2,272
,01:02:04,152,9.4,06:21,84,28,,10548.80,16.1,278
,01:02:05,152,9.4,06:22,84,28,,10551.40,16.1,284
,01:02:06,152,9.4,06:22,84,28,,10554.00,16.1,292
,01:02:07,152,9.4,06:23,84,28,,10556.60,16.1,300
,01:02:08,153,9.4,06:23,84,29,,10559.20,16.1,308
,01:02:09,153,9.4,06:23,84,29,,10562.00,16.1,314
,01:02:10,153,9.4,06:23,84,29,,10564.70,16.0,316
,01:02:11,153,9.4,06:23,84,29,,10567.60,16.1,316
,01:02:12,153,9.4,06:23,84,29,,10570.30,16.1,314
,01:02:13,153,9.4,06:22,84,29,,10573.10,16.1,312
,01:02:14,153,9.4,06:21,84,29,,10576.10,16.1,310
,01:02:15,152,9.5,06:20,84,29,,10579.40,15.9,306
,01:02:16,152,9.5,06:19,84,29,,10581.90,16.1,304
,01:02:17,152,9.5,06:18,84,29,,10584.80,16.1,302
,01:02:18,153,9.5,06:18,84,29,,10587.60,16.2,300
,01:02:19,153,9.6,06:17,84,29,,10590.60,16.0,298
,01:02:20,152,9.6,06:16,84,29,,10593.00,16.0,296
,01:02:21,152,9.7,06:12,84,29,,10596.00,16.0,298
,01:02:22,152,9.8,06:08,84,29,,10599.30,16.0,300
,01:02:23,153,9.8,06:09,84,29,,10602.00,16.1,300
,01:02:24,152,9.7,06:09,83,29,,10604.80,16.1,298
,01:02:25,152,9.7,06:10,83,29,,10608.10,15.9,298
,01:02:26,152,9.7,06:10,83,29,,10611.00,16.0,294
,01:02:27,152,9.7,06:10,84,29,,10613.80,16.2,290
,01:02:28,152,9.7,06:10,84,29,,10616.20,16.0,284
,01:02:29,152,9.7,06:12,85,29,,10619.00,16.0,280
,01:02:30,151,9.6,06:13,85,29,,10621.70,15.9,274
,01:02:31,151,9.6,06:15,84,29,,10623.90,16.0,266
,01:02:32,151,9.6,06:16,84,29,,10626.50,15.9,262
,01:02:33,151,9.5,06:18,84,29,,10629.10,16.1,256
,01:02:34,151,9.5,06:19,84,29,,10631.80,15.9,250
,01:02:35,152,9.5,06:19,84,29,,10634.50,16.1,244
,01:02:36,152,9.5,06:20,84,28,,10637.50,15.9,236
,01:02:37,152,9.5,06:21,84,28,,10640.40,16.1,228
,01:02:38,152,9.5,06:21,84,27,,10643.20,15.9,220
,01:02:39,152,9.5,06:21,84,27,,10646.10,15.9,214
,01:02:40,152,9.5,06:21,84,27,,10648.90,16.0,210
,01:02:41,152,9.5,06:21,84,27,,10651.70,15.9,206
,01:02:42,152,9.5,06:21,84,27,,10654.40,16.1,202
,01:02:43,152,9.5,06:20,84,27,,10657.00,15.9,198
,01:02:44,153,9.5,06:20,84,27,,10660.00,15.9,198
,01:02:45,153,9.5,06:20,84,27,,10662.30,15.9,198
,01:02:46,153,9.6,06:17,84,27,,10665.10,15.9,200
,01:02:47,153,9.6,06:14,84,27,,10668.10,15.9,206
,01:02:48,153,9.6,06:15,84,27,,10670.50,16.1,210
,01:02:49,153,9.6,06:15,84,27,,10673.50,15.9,218
,01:02:50,153,9.6,06:14,84,27,,10676.20,15.9,228
,01:02:51,154,9.6,06:13,84,27,,10679.30,16.0,238
,01:02:52,154,9.7,06:12,84,27,,10682.00,15.9,246
,01:02:53,154,9.7,06:12,84,27,,10684.60,15.9,250
,01:02:54,154,9.7,06:11,84,27,,10687.50,15.9,250
,01:02:55,155,9.7,06:10,84,27,,10690.20,15.9,246
,01:02:56,155,9.7,06:10,84,26,,10692.70,15.9,240
,01:02:57,155,9.7,06:10,84,26,,10695.60,15.9,230
,01:02:58,155,9.7,06:09,82,25,,10698.10,15.9,218
,01:02:59,155,9.7,06:09,83,25,,10700.40,16.0,206
,01:03:00,155,9.8,06:09,83,24,,10702.90,15.9,194
,01:03:01,155,9.6,06:14,83,24,,10705.90,15.9,184
,01:03:02,155,9.5,06:17,83,23,,10708.20,16.0,178
,01:03:03,155,9.6,06:16,83,23,,10710.80,15.9,176
,01:03:04,155,9.6,06:14,83,23,,10713.20,15.9,178
,01:03:05,155,9.6,06:13,83,23,,10715.70,16.0,182
,01:03:06,155,9.7,06:12,83,23,,10718.30,15.9,188
,01:03:07,155,9.7,06:11,83,23,,10720.80,16.0,192
,01:03:08,156,9.7,06:11,83,24,,10723.70,15.8,200
,01:03:09,155,9.7,06:10,83,24,,10726.40,15.9,208
,01:03:10,155,9.7,06:10,83,24,,10728.80,15.9,220
,01:03:11,155,9.7,06:10,83,24,,10731.50,16.0,232
,01:03:12,155,9.7,06:10,83,25,,10734.00,15.7,244
,01:03:13,155,9.7,06:10,83,25,,10736.70,15.9,262
,01:03:14,155,9.7,06:10,83,26,,10739.40,15.8,278
,01:03:15,155,9.7,06:10,83,26,,10741.80,15.9,294
,01:03:16,154,9.7,06:10,83,26,,10744.40,15.9,308
,01:03:17,154,9.7,06:10,83,26,,10747.00,15.9,320
,01:03:18,154,9.7,06:10,83,27,,10749.70,15.9,328
,01:03:19,154,9.7,06:11,83,27,,10752.60,15.9,338
,01:03:20,154,9.7,06:11,83,27,,10755.60,15.8,348
,01:03:21,153,9.7,06:11,83,27,,10758.60,15.9,352
,01:03:22,154,9.7,06:11,83,27,,10761.60,15.8,350
,01:03:23,154,9.7,06:11,83,27,,10764.50,15.9,344
,01:03:24,155,9.7,06:11,83,27,,10767.40,15.8,336
,01:03:25,155,9.7,06:12,83,27,,10770.20,15.9,326
,01:03:26,155,9.7,06:12,83,27,,10773.10,15.9,314
,01:03:27,154,9.7,06:12,83,27,,10775.90,15.8,302
,01:03:28,154,9.7,06:12,83,27,,10778.60,15.8,294
,01:03:29,155,9.7,06:12,83,27,,10781.30,15.8,288
,01:03:30,155,9.7,06:12,83,27,,10784.00,15.8,282
,01:03:31,155,9.7,06:12,83,27,,10786.70,15.9,278
,01:03:32,155,9.7,06:11,83,27,,10789.40,15.8,272
,01:03:33,155,9.7,06:11,83,27,,10792.20,15.8,268
,01:03:34,155,9.7,06:11,83,27,,10794.90,15.9,262
,01:03:35,155,9.7,06:11,83,27,,10797.30,15.8,256
,01:03:36,155,9.7,06:11,83,27,,10800.00,15.9,250
,01:03:37,155,9.7,06:12,83,27,,10802.80,15.8,248
,01:03:38,155,9.7,06:12,83,27,,10805.20,15.8,244
,01:03:39,155,9.7,06:13,83,27,,10807.90,15.8,244
,01:03:40,155,9.7,06:13,83,25,,10810.40,15.7,242
,01:03:41,155,9.7,06:13,83,25,,10813.30,15.8,240
,01:03:42,155,9.7,06:13,83,25,,10815.70,15.8,238
,01:03:43,155,9.7,06:13,83,25,,10818.40,15.8,238
,01:03:44,155,9.7,06:13,83,25,,10821.50,15.8,242
,01:03:45,154,9.7,06:13,83,25,,10824.20,15.7,242
,01:03:46,155,9.7,06:13,83,25,,10826.50,15.8,240
,01:03:47,155,9.7,06:13,83,25,,10829.50,15.7,240
,01:03:48,155,9.7,06:13,83,25,,10832.30,15.7,242
,01:03:49,155,9.7,06:13,83,25,,10835.00,15.8,244
,01:03:50,155,9.7,06:13,83,25,,10837.40,15.9,246
,01:03:51,155,9.7,06:12,83,25,,10840.50,15.8,246
,01:03:52,155,9.7,06:12,83,25,,10843.20,15.8,246
,01:03:53,155,9.7,06:13,83,25,,10845.40,15.7,246
,01:03:54,155,9.7,06:13,83,25,,10848.00,15.7,250
,01:03:55,154,9.7,06:13,83,25,,10850.70,15.7,252
,01:03:56,154,9.6,06:14,83,25,,10853.00,15.7,256
,01:03:57,154,9.6,06:16,83,25,,10855.50,15.7,256
,01:03:58,154,9.6,06:16,83,25,,10857.90,15.7,256
,01:03:59,154,9.6,06:16,83,25,,10860.40,15.7,254
,01:04:00,154,9.6,06:16,83,25,,10862.80,15.8,254
,01:04:01,153,9.6,06:16,83,25,,10865.30,15.7,250
,01:04:02,153,9.6,06:16,83,25,,10868.00,15.7,242
,01:04:03,153,9.6,06:15,83,25,,10870.50,15.7,232
,01:04:04,153,9.6,06:15,83,25,,10873.20,15.8,222
,01:04:05,153,9.6,06:15,84,25,,10875.90,15.7,216
,01:04:06,153,9.6,06:15,84,25,,10878.60,15.8,212
,01:04:07,152,9.6,06:15,84,25,,10881.30,15.7,212
,01:04:08,152,9.6,06:15,84,23,,10884.00,15.8,212
,01:04:09,153,9.6,06:14,84,23,,10886.80,15.8,214
,01:04:10,152,9.6,06:14,84,23,,10889.60,15.7,218
,01:04:11,152,9.6,06:14,84,23,,10892.40,15.7,222
,01:04:12,152,9.6,06:14,84,23,,10895.20,15.8,228
,01:04:13,152,9.6,06:14,84,23,,10898.00,15.7,236
,01:04:14,152,9.6,06:14,84,23,,10900.90,15.7,240
,01:04:15,152,9.6,06:13,85,23,,10903.80,15.7,242
,01:04:16,152,9.6,06:13,84,23,,10906.50,15.8,240
,01:04:17,152,9.7,06:13,84,23,,10909.30,15.8,238
,01:04:18,152,9.7,06:13,84,23,,10912.10,15.7,238
,01:04:19,152,9.7,06:13,84,23,,10914.60,15.6,240
,01:04:20,152,9.7,06:13,84,23,,10917.10,15.6,242
,01:04:21,152,9.7,06:12,84,23,,10919.60,15.7,240
,01:04:22,153,9.7,06:12,84,23,,10922.40,15.7,238
,01:04:23,153,9.7,06:12,84,23,,10924.80,15.7,234
,01:04:24,153,9.6,06:15,84,22,,10927.20,15.7,232
,01:04:25,153,9.5,06:19,82,22,,10929.60,15.7,226
,01:04:26,153,9.4,06:22,84,22,,10932.20,15.7,218
,01:04:27,153,9.4,06:23,84,22,,10934.30,15.7,214
,01:04:28,153,9.5,06:21,84,22,,10936.80,15.6,216
,01:04:29,153,9.5,06:20,84,22,,10939.40,15.7,224
,01:04:30,153,9.5,06:19,84,23,,10941.80,15.7,232
,01:04:31,153,9.5,06:18,84,23,,10944.30,15.7,242
,01:04:32,153,9.5,06:18,84,23,,10947.00,15.7,256
,01:04:33,153,9.5,06:17,84,23,,10949.90,15.7,270
,01:04:34,153,9.5,06:17,84,24,,10952.90,15.7,284
,01:04:35,153,9.6,06:17,84,24,,10955.40,15.7,296
,01:04:36,154,9.6,06:17,84,24,,10958.60,15.7,304
,01:04:37,154,9.6,06:16,84,24,,10961.50,15.6,308
,01:04:38,154,9.6,06:16,84,24,,10964.30,15.7,310
,01:04:39,154,9.6,06:16,84,24,,10967.10,15.7,308
,01:04:40,154,9.6,06:15,84,24,,10970.00,15.7,304
,01:04:41,154,9.6,06:15,84,24,,10972.80,15.6,298
,01:04:42,154,9.6,06:15,84,24,,10975.60,15.6,292
,01:04:43,154,9.6,06:15,84,24,,10978.30,15.5,288
,01:04:44,154,9.6,06:15,84,24,,10981.20,15.6,284
,01:04:45,155,9.6,06:15,84,24,,10984.10,15.6,280
,01:04:46,155,9.6,06:14,84,24,,10986.90,15.6,274
,01:04:47,155,9.6,06:14,84,24,,10989.80,15.6,274
,01:04:48,155,9.6,06:14,84,24,,10992.70,15.6,272
,01:04:49,155,9.6,06:14,84,24,,10995.50,15.6,268
,01:04:50,155,9.6,06:14,85,24,,10998.30,15.7,266
,01:04:51,155,9.6,06:14,84,24,,11001.00,15.6,260
,01:04:52,155,9.6,06:14,84,23,,11003.80,15.5,250
,01:04:53,155,9.6,06:14,85,23,,11006.50,15.5,240
,01:04:54,155,9.6,06:13,84,22,,11009.10,15.5,230
,01:04:55,155,9.6,06:13,84,22,,11011.80,15.6,220
,01:04:56,155,9.7,06:13,84,22,,11014.50,15.6,214
,01:04:57,155,9.7,06:13,84,22,,11017.00,15.5,208
,01:04:58,155,9.7,06:13,84,22,,11019.60,15.5,206
,01:04:59,155,9.7,06:12,84,22,,11022.30,15.6,204
,01:05:00,155,9.7,06:12,84,22,,11025.00,15.6,206
,01:05:01,155,9.7,06:12,84,22,,11027.70,15.5,208
,01:05:02,155,9.7,06:12,84,22,,11030.30,15.5,212
,01:05:03,155,9.7,06:11,84,22,,11033.10,15.5,214
,01:05:04,155,9.7,06:11,84,22,,11036.00,15.6,216
,01:05:05,155,9.7,06:11,84,22,,11038.70,15.5,218
,01:05:06,154,9.7,06:10,84,22,,11041.60,15.5,220
,01:05:07,155,9.7,06:10,84,22,,11044.30,15.5,222
,01:05:08,155,9.7,06:10,84,22,,11047.00,15.6,228
,01:05:09,155,9.8,06:09,84,22,,11049.60,15.5,234
,01:05:10,155,9.8,06:09,84,22,,11052.40,15.5,242
,01:05:11,155,9.8,06:09,84,22,,11055.00,15.5,248
,01:05:12,155,9.8,06:09,84,22,,11057.80,15.5,252
,01:05:13,155,9.8,06:09,84,22,,11060.30,15.5,254
,01:05:14,155,9.8,06:09,84,22,,11063.10,15.6,256
,01:05:15,155,9.8,06:09,84,22,,11065.80,15.6,258
,01:05:16,156,9.8,06:09,84,22,,11068.50,15.5,256
,01:05:17,155,9.8,06:09,84,22,,11071.40,15.5,254
,01:05:18,155,9.8,06:09,84,22,,11074.30,15.5,254
,01:05:19,155,9.8,06:09,84,22,,11077.10,15.6,252
,01:05:20,155,9.8,06:09,84,22,,11080.00,15.5,248
,01:05:21,156,9.8,06:09,84,22,,11082.80,15.5,242
,01:05:22,155,9.8,06:08,81,22,,11085.70,15.5,236
,01:05:23,156,9.8,06:08,82,22,,11088.50,15.5,230
,01:05:24,155,9.8,06:08,83,22,,11091.00,15.6,224
,01:05:25,155,9.8,06:07,83,22,,11093.30,15.6,216
,01:05:26,155,9.8,06:07,83,20,,11095.80,15.5,208
,01:05:27,155,9.8,06:07,83,20,,11098.30,15.7,198
,01:05:28,155,9.8,06:07,81,18,,11100.90,15.6,192
,01:05:29,155,9.8,06:07,81,18,,11103.50,15.5,184
,01:05:30,155,9.8,06:07,81,17,,11106.00,15.6,178
,01:05:31,156,9.8,06:07,83,17,,11108.80,15.5,176
,01:05:32,155,9.8,06:07,83,17,,11111.70,15.6,176
,01:05:33,155,9.8,06:06,83,17,,11114.60,15.6,180
,01:05:34,155,9.8,06:06,83,17,,11117.60,15.5,186
,01:05:35,155,9.9,06:05,83,17,,11120.30,15.5,192
,01:05:36,156,9.7,06:11,83,17,,11122.70,15.5,196
,01:05:37,155,9.3,06:28,83,17,,11124.50,15.5,196
,01:05:38,155,8.7,06:54,83,18,,11126.00,15.6,192
,01:05:39,155,7.3,08:14,83,18,,11127.50,15.6,170
,01:05:40,155,5.8,10:17,83,20,,11128.50,15.5,144
,01:05:41,155,5.5,10:49,83,20,,11129.50,15.4,144
,01:05:42,155,5.7,10:33,83,20,,11130.70,15.6,156
,01:05:43,156,6.3,09:35,83,20,,11132.10,15.5,180
,01:05:44,156,7.0,08:35,83,20,,11133.80,15.5,206
,01:05:45,156,7.4,08:04,83,20,,11136.20,15.5,222
,01:05:46,156,7.8,07:39,83,20,,11139.00,15.5,236
,01:05:47,157,8.2,07:21,83,20,,11142.00,15.5,248
,01:05:48,157,8.4,07:06,83,20,,11145.20,15.5,260
,01:05:49,158,8.7,06:55,83,20,,11148.40,15.5,270
,01:05:50,158,8.8,06:47,83,20,,11151.60,15.5,278
,01:05:51,158,9.0,06:40,83,20,,11154.60,15.5,284
,01:05:52,159,9.1,06:35,83,20,,11157.60,15.5,288
,01:05:53,159,9.2,06:31,83,20,,11160.50,15.5,292
,01:05:54,159,9.3,06:27,83,20,,11163.00,15.5,294
,01:05:55,159,9.4,06:25,83,20,,11165.60,15.5,294
,01:05:56,159,9.4,06:22,83,20,,11168.50,15.5,292
,01:05:57,159,9.5,06:21,83,20,,11171.40,15.5,292
,01:05:58,160,9.5,06:19,83,20,,11174.30,15.5,290
,01:05:59,160,9.5,06:18,83,20,,11177.10,15.5,290
,01:06:00,160,9.6,06:17,83,20,,11180.20,15.5,286
,01:06:01,160,9.6,06:16,83,20,,11183.10,15.6,282
,01:06:02,160,9.6,06:15,83,20,,11186.10,15.5,274
,01:06:03,160,9.6,06:15,82,20,,11189.00,15.6,268
,01:06:04,160,9.6,06:14,83,20,,11191.90,15.6,262
,01:06:05,159,9.6,06:14,83,20,,11194.60,15.6,258
,01:06:06,159,9.6,06:14,83,20,,11197.20,15.5,254
,01:06:07,159,9.6,06:14,83,20,,11199.90,15.5,250
,01:06:08,159,9.6,06:13,83,20,,11202.70,15.6,244
,01:06:09,158,9.6,06:13,83,20,,11205.30,15.5,242
,01:06:10,158,9.6,06:13,83,20,,11207.70,15.6,240
,01:06:11,159,9.6,06:14,83,20,,11210.20,15.7,238
,01:06:12,158,9.6,06:15,83,20,,11212.50,15.5,238
,01:06:13,158,9.6,06:13,82,20,,11214.80,15.6,238
,01:06:14,158,9.7,06:13,82,20,,11217.00,15.6,240
,01:06:15,157,9.7,06:13,83,20,,11219.10,15.6,238
,01:06:16,157,9.7,06:13,83,20,,11221.80,15.6,238
,01:06:17,157,10.6,05:40,83,20,,11224.70,15.6,238
,01:06:18,156,10.6,05:40,83,20,,11224.70,15.7,236
,01:06:19,156,10.6,05:39,83,20,,11224.70,15.6,234
,01:06:20,156,10.6,05:39,83,18,,11224.70,15.7,230
,01:06:21,156,10.6,05:39,83,18,,11227.60,15.7,226
,01:06:22,156,9.7,06:12,83,18,,11230.40,15.7,224
,01:06:23,155,9.7,06:10,83,18,,11230.50,15.7,222
,01:06:24,155,9.7,06:10,83,17,,11230.50,15.7,222
,01:06:25,154,9.8,06:08,81,17,,11230.50,15.7,218
,01:06:26,154,9.9,06:05,81,17,,11236.10,15.7,216
,01:06:27,154,10.0,06:01,82,17,,11241.90,15.7,216
,01:06:28,153,10.1,05:56,82,16,,11246.30,15.7,216
,01:06:29,153,10.2,05:54,82,16,,11251.20,15.7,218
,01:06:30,152,10.2,05:54,82,16,,11256.40,15.7,220
,01:06:31,152,10.2,05:54,82,16,,11260.90,15.7,222
,01:06:32,152,10.2,05:54,82,16,,11260.90,15.7,222
,01:06:33,151,10.2,05:54,82,16,,11260.90,15.7,222
,01:06:34,151,10.1,05:55,82,16,,11260.90,15.7,224
,01:06:35,151,10.0,05:59,82,16,,11262.90,15.7,228
,01:06:36,151,9.8,06:09,82,16,,11266.30,15.7,234
,01:06:37,151,9.4,06:24,82,16,,11267.80,15.6,240
,01:06:38,152,9.0,06:38,82,16,,11268.70,15.7,248
,01:06:39,152,8.8,06:49,81,16,,11269.70,15.7,258
,01:06:40,152,8.7,06:54,81,16,,11270.90,15.6,272
,01:06:41,153,8.6,06:56,81,16,,11271.90,15.6,284
,01:06:42,153,8.5,07:05,81,20,,11272.60,15.6,290
,01:06:43,153,8.2,07:21,81,20,,11273.90,15.6,286
,01:06:44,154,7.9,07:37,81,20,,11275.60,15.7,280
,01:06:45,154,7.8,07:42,81,20,,11277.20,15.5,280
,01:06:46,154,7.9,07:38,81,20,,11279.10,15.6,282
,01:06:47,154,7.9,07:34,81,20,,11280.90,15.6,280
,01:06:48,154,8.0,07:29,82,20,,11282.50,15.6,278
,01:06:49,154,8.1,07:24,82,20,,11284.50,15.6,276
,01:06:50,154,8.2,07:20,82,20,,11287.30,15.6,272
,01:06:51,155,8.3,07:16,82,20,,11289.70,15.6,270
,01:06:52,155,8.3,07:12,82,20,,11292.70,15.6,266
,01:06:53,155,8.4,07:08,82,20,,11295.60,15.7,262
,01:06:54,155,8.5,07:05,82,20,,11298.10,15.5,256
,01:06:55,155,8.6,07:00,82,20,,11301.10,15.5,250
,01:06:56,156,8.7,06:55,82,18,,11304.20,15.6,244
,01:06:57,156,8.8,06:49,81,18,,11307.20,15.6,240
,01:06:58,155,8.9,06:44,81,18,,11310.10,15.7,232
,01:06:59,155,9.0,06:38,81,18,,11313.10,15.6,226
,01:07:00,155,9.2,06:31,80,17,,11316.30,15.7,222
,01:07:01,156,9.4,06:23,80,17,,11319.00,15.5,220
,01:07:02,156,9.5,06:19,80,17,,11323.00,15.6,216
,01:07:03,156,9.7,06:12,80,17,,11326.10,15.7,214
,01:07:04,155,9.8,06:07,79,16,,11329.50,15.7,210
